  0
SECTION
  2
HEADER
  9
$ACADVER
  1
AC1014
  9
$ACADMAINTVER
 70
     9
  9
$DWGCODEPAGE
  3
ISO8859-1
  9
$INSBASE
 10
0.0
 20
0.0
 30
0.0
  9
$EXTMIN
 10
-1.000000000E+20
 20
-1.000000000E+20
 30
0.0
  9
$EXTMAX
 10
1.000000000E+20
 20
1.000000000E+20
 30
0.0
  9
$LIMMIN
 10
-311.274936816
 20
-183.454850111
  9
$LIMMAX
 10
122.547668367
 20
184.964300573
  9
$ORTHOMODE
 70
     0
  9
$REGENMODE
 70
     1
  9
$FILLMODE
 70
     1
  9
$QTEXTMODE
 70
     0
  9
$MIRRTEXT
 70
     1
  9
$DRAGMODE
 70
     2
  9
$LTSCALE
 40
108.455651296
  9
$OSMODE
 70
    37
  9
$ATTMODE
 70
     1
  9
$TEXTSIZE
 40
0.2
  9
$TRACEWID
 40
0.05
  9
$TEXTSTYLE
  7
STANDARD
  9
$CLAYER
  8
0
  9
$CELTYPE
  6
BYLAYER
  9
$CECOLOR
 62
   256
  9
$CELTSCALE
 40
1.0
  9
$DELOBJ
 70
     1
  9
$DISPSILH
 70
     0
  9
$DIMSCALE
 40
1.0
  9
$DIMASZ
 40
0.18
  9
$DIMEXO
 40
0.0625
  9
$DIMDLI
 40
0.38
  9
$DIMRND
 40
0.0
  9
$DIMDLE
 40
0.0
  9
$DIMEXE
 40
0.18
  9
$DIMTP
 40
0.0
  9
$DIMTM
 40
0.0
  9
$DIMTXT
 40
0.18
  9
$DIMCEN
 40
0.09
  9
$DIMTSZ
 40
0.0
  9
$DIMTOL
 70
     0
  9
$DIMLIM
 70
     0
  9
$DIMTIH
 70
     1
  9
$DIMTOH
 70
     1
  9
$DIMSE1
 70
     0
  9
$DIMSE2
 70
     0
  9
$DIMTAD
 70
     0
  9
$DIMZIN
 70
     0
  9
$DIMBLK
  1

  9
$DIMASO
 70
     1
  9
$DIMSHO
 70
     1
  9
$DIMPOST
  1

  9
$DIMAPOST
  1

  9
$DIMALT
 70
     0
  9
$DIMALTD
 70
     2
  9
$DIMALTF
 40
25.4
  9
$DIMLFAC
 40
1.0
  9
$DIMTOFL
 70
     0
  9
$DIMTVP
 40
0.0
  9
$DIMTIX
 70
     0
  9
$DIMSOXD
 70
     0
  9
$DIMSAH
 70
     0
  9
$DIMBLK1
  1

  9
$DIMBLK2
  1

  9
$DIMSTYLE
  2
STANDARD
  9
$DIMCLRD
 70
     0
  9
$DIMCLRE
 70
     0
  9
$DIMCLRT
 70
     0
  9
$DIMTFAC
 40
1.0
  9
$DIMGAP
 40
0.09
  9
$DIMJUST
 70
     0
  9
$DIMSD1
 70
     0
  9
$DIMSD2
 70
     0
  9
$DIMTOLJ
 70
     1
  9
$DIMTZIN
 70
     0
  9
$DIMALTZ
 70
     0
  9
$DIMALTTZ
 70
     0
  9
$DIMFIT
 70
     3
  9
$DIMUPT
 70
     0
  9
$DIMUNIT
 70
     4
  9
$DIMDEC
 70
     4
  9
$DIMTDEC
 70
     4
  9
$DIMALTU
 70
     2
  9
$DIMALTTD
 70
     2
  9
$DIMTXSTY
  7
STANDARD
  9
$DIMAUNIT
 70
     0
  9
$LUNITS
 70
     4
  9
$LUPREC
 70
     4
  9
$SKETCHINC
 40
0.1
  9
$FILLETRAD
 40
0.0
  9
$AUNITS
 70
     0
  9
$AUPREC
 70
     0
  9
$MENU
  1
.
  9
$ELEVATION
 40
0.0
  9
$PELEVATION
 40
0.0
  9
$THICKNESS
 40
0.0
  9
$LIMCHECK
 70
     0
  9
$CHAMFERA
 40
0.0
  9
$CHAMFERB
 40
0.0
  9
$CHAMFERC
 40
0.0
  9
$CHAMFERD
 40
0.0
  9
$SKPOLY
 70
     0
  9
$TDCREATE
 40
2461306.429759259
  9
$TDUPDATE
 40
2461306.429760116
  9
$TDINDWG
 40
0.0000000116
  9
$TDUSRTIMER
 40
0.0000000116
  9
$USRTIMER
 70
     1
  9
$ANGBASE
 50
0.0
  9
$ANGDIR
 70
     0
  9
$PDMODE
 70
     0
  9
$PDSIZE
 40
0.0
  9
$PLINEWID
 40
0.0
  9
$COORDS
 70
     1
  9
$SPLFRAME
 70
     0
  9
$SPLINETYPE
 70
     6
  9
$SPLINESEGS
 70
     8
  9
$ATTDIA
 70
     0
  9
$ATTREQ
 70
     1
  9
$HANDLING
 70
     1
  9
$HANDSEED
  5
FAE
  9
$SURFTAB1
 70
     6
  9
$SURFTAB2
 70
     6
  9
$SURFTYPE
 70
     6
  9
$SURFU
 70
     6
  9
$SURFV
 70
     6
  9
$UCSNAME
  2

  9
$UCSORG
 10
0.0
 20
0.0
 30
0.0
  9
$UCSXDIR
 10
1.0
 20
0.0
 30
0.0
  9
$UCSYDIR
 10
0.0
 20
1.0
 30
0.0
  9
$PUCSNAME
  2

  9
$PUCSORG
 10
0.0
 20
0.0
 30
0.0
  9
$PUCSXDIR
 10
1.0
 20
0.0
 30
0.0
  9
$PUCSYDIR
 10
0.0
 20
1.0
 30
0.0
  9
$USERI1
 70
     0
  9
$USERI2
 70
     0
  9
$USERI3
 70
     0
  9
$USERI4
 70
     0
  9
$USERI5
 70
     0
  9
$USERR1
 40
0.0
  9
$USERR2
 40
0.0
  9
$USERR3
 40
0.0
  9
$USERR4
 40
0.0
  9
$USERR5
 40
0.0
  9
$WORLDVIEW
 70
     1
  9
$SHADEDGE
 70
     3
  9
$SHADEDIF
 70
    70
  9
$TILEMODE
 70
     1
  9
$MAXACTVP
 70
    64
  9
$PINSBASE
 10
0.0
 20
0.0
 30
0.0
  9
$PLIMCHECK
 70
     0
  9
$PEXTMIN
 10
1.000000000E+20
 20
1.000000000E+20
 30
1.000000000E+20
  9
$PEXTMAX
 10
-1.000000000E+20
 20
-1.000000000E+20
 30
-1.000000000E+20
  9
$PLIMMIN
 10
0.0
 20
0.0
  9
$PLIMMAX
 10
12.0
 20
9.0
  9
$UNITMODE
 70
     0
  9
$VISRETAIN
 70
     1
  9
$PLINEGEN
 70
     0
  9
$PSLTSCALE
 70
     1
  9
$TREEDEPTH
 70
  3020
  9
$PICKSTYLE
 70
     1
  9
$CMLSTYLE
  2
STANDARD
  9
$CMLJUST
 70
     0
  9
$CMLSCALE
 40
1.0
  9
$PROXYGRAPHICS
 70
     1
  9
$MEASUREMENT
 70
     0
  0
ENDSEC
  0
SECTION
  2
CLASSES
  0
CLASS
  1
ACDBDICTIONARYWDFLT
  2
AcDbDictionaryWithDefault
  3
ObjectDBX Classes
 90
        0
280
     0
281
     0
  0
CLASS
  1
VISUALSTYLE
  2
AcDbVisualStyle
  3
ObjectDBX Classes
 90
     4095
280
     0
281
     0
  0
CLASS
  1
MATERIAL
  2
AcDbMaterial
  3
ObjectDBX Classes
 90
     1153
280
     0
281
     0
  0
CLASS
  1
SCALE
  2
AcDbScale
  3
ObjectDBX Classes
 90
     1153
280
     0
281
     0
  0
CLASS
  1
TABLESTYLE
  2
AcDbTableStyle
  3
ObjectDBX Classes
 90
     4095
280
     0
281
     0
  0
CLASS
  1
MLEADERSTYLE
  2
AcDbMLeaderStyle
  3
ACDB_MLEADERSTYLE_CLASS
 90
     4095
280
     0
281
     0
  0
CLASS
  1
SUN
  2
AcDbSun
  3
SCENEOE
 90
     1153
280
     0
281
     0
  0
CLASS
  1
DICTIONARYVAR
  2
AcDbDictionaryVar
  3
ObjectDBX Classes
 90
        0
280
     0
281
     0
  0
CLASS
  1
XRECORD
  2
AcDbXrecord
  3
ObjectDBX Classes
 90
        0
280
     0
281
     0
  0
CLASS
  1
LWPOLYLINE
  2
AcDbPolyline
  3
ObjectDBX Classes
 90
        0
280
     0
281
     1
  0
CLASS
  1
HATCH
  2
AcDbHatch
  3
ObjectDBX Classes
 90
        0
280
     0
281
     1
  0
CLASS
  1
ACDBPLACEHOLDER
  2
AcDbPlaceHolder
  3
ObjectDBX Classes
 90
        0
280
     0
281
     0
  0
CLASS
  1
LAYOUT
  2
AcDbLayout
  3
ObjectDBX Classes
 90
        0
280
     0
281
     0
  0
ENDSEC
  0
SECTION
  2
TABLES
  0
TABLE
  2
VPORT
  5
8
102
{ACAD_XDICTIONARY
360
FA3
102
}
330
0
100
AcDbSymbolTable
 70
     1
  0
VPORT
  5
29
330
8
100
AcDbSymbolTableRecord
100
AcDbViewportTableRecord
  2
*ACTIVE
 70
     0
 10
0.0
 20
0.0
 11
1.0
 21
1.0
 12
10.429906542
 22
4.5
 13
0.0
 23
0.0
 14
0.5
 24
0.5
 15
0.5
 25
0.5
 16
0.0
 26
0.0
 36
1.0
 17
0.0
 27
0.0
 37
0.0
 40
9.0
 41
1.972972973
 42
50.0
 43
0.0
 44
0.0
 50
0.0
 51
0.0
 71
     0
 72
   100
 73
     1
 74
     3
 75
     0
 76
     0
 77
     0
 78
     0
  0
ENDTAB
  0
TABLE
  2
LTYPE
  5
5
330
0
100
AcDbSymbolTable
 70
     7
  0
LTYPE
  5
14
330
5
100
AcDbSymbolTableRecord
100
AcDbLinetypeTableRecord
  2
BYBLOCK
 70
     0
  3

 72
    65
 73
     0
 40
0.0
  0
LTYPE
  5
15
330
5
100
AcDbSymbolTableRecord
100
AcDbLinetypeTableRecord
  2
BYLAYER
 70
     0
  3

 72
    65
 73
     0
 40
0.0
  0
LTYPE
  5
16
330
5
100
AcDbSymbolTableRecord
100
AcDbLinetypeTableRecord
  2
CONTINUOUS
 70
     0
  3
Solid line
 72
    65
 73
     0
 40
0.0
  0
LTYPE
  5
5E
330
5
100
AcDbSymbolTableRecord
100
AcDbLinetypeTableRecord
  2
SDS2_3
 70
     0
  3
. . . . . . . . . . . . . . . . . . . . . .
 72
    65
 73
     2
 40
0.05
 49
0.0
 74
     0
 49
-0.05
 74
     0
  0
LTYPE
  5
5F
330
5
100
AcDbSymbolTableRecord
100
AcDbLinetypeTableRecord
  2
SDS2_4
 70
     0
  3
...........................................
 72
    65
 73
     2
 40
0.025
 49
0.0
 74
     0
 49
-0.025
 74
     0
  0
LTYPE
  5
60
330
5
100
AcDbSymbolTableRecord
100
AcDbLinetypeTableRecord
  2
SDS2_5
 70
     0
  3
_ _ _ _ _ _ _ _ _ _ _ _ _
 72
    65
 73
     2
 40
0.04
 49
0.02
 74
     0
 49
-0.02
 74
     0
  0
LTYPE
  5
61
330
5
100
AcDbSymbolTableRecord
100
AcDbLinetypeTableRecord
  2
SDS2_6
 70
     0
  3
__ . __ . __ . __ . __ . __ . __ .
 72
    65
 73
     4
 40
0.2
 49
0.1
 74
     0
 49
-0.05
 74
     0
 49
0.0
 74
     0
 49
-0.05
 74
     0
  0
LTYPE
  5
62
330
5
100
AcDbSymbolTableRecord
100
AcDbLinetypeTableRecord
  2
SDS2_7
 70
     0
  3
___ _ ___ _ ___ _ ___ _
 72
    65
 73
     4
 40
0.175
 49
0.1
 74
     0
 49
-0.025
 74
     0
 49
0.025
 74
     0
 49
-0.025
 74
     0
  0
LTYPE
  5
63
330
5
100
AcDbSymbolTableRecord
100
AcDbLinetypeTableRecord
  2
SDS2_8
 70
     0
  3
___ _ _ ___ _ _ ___ _ _
 72
    65
 73
     6
 40
0.2
 49
0.1
 74
     0
 49
-0.02
 74
     0
 49
0.02
 74
     0
 49
-0.02
 74
     0
 49
0.02
 74
     0
 49
-0.02
 74
     0
  0
ENDTAB
  0
TABLE
  2
LAYER
  5
2
330
0
100
AcDbSymbolTable
 70
     7
  0
LAYER
  5
10
330
2
100
AcDbSymbolTableRecord
100
AcDbLayerTableRecord
  2
0
 70
     0
 62
     7
  6
CONTINUOUS
  0
LAYER
  5
64
330
2
100
AcDbSymbolTableRecord
100
AcDbLayerTableRecord
  2
OUTLINE
 70
     0
 62
     7
  6
CONTINUOUS
  0
LAYER
  5
65
330
2
100
AcDbSymbolTableRecord
100
AcDbLayerTableRecord
  2
SYSTEM_ANNOTATION
 70
     0
 62
     7
  6
CONTINUOUS
  0
LAYER
  5
66
330
2
100
AcDbSymbolTableRecord
100
AcDbLayerTableRecord
  2
USER_ANNOTATION
 70
     0
 62
     7
  6
CONTINUOUS
  0
LAYER
  5
67
330
2
100
AcDbSymbolTableRecord
100
AcDbLayerTableRecord
  2
REFERENCE_DIMENSION
 70
     0
 62
     7
  6
CONTINUOUS
  0
LAYER
  5
68
330
2
100
AcDbSymbolTableRecord
100
AcDbLayerTableRecord
  2
DETAIL_RULE_ANNOTATIONS
 70
     0
 62
     7
  6
CONTINUOUS
  0
LAYER
  5
69
330
2
100
AcDbSymbolTableRecord
100
AcDbLayerTableRecord
  2
USER_ADJUSTED
 70
     0
 62
     7
  6
CONTINUOUS
  0
ENDTAB
  0
TABLE
  2
STYLE
  5
3
330
0
100
AcDbSymbolTable
 70
     2
  0
STYLE
  5
11
330
3
100
AcDbSymbolTableRecord
100
AcDbTextStyleTableRecord
  2
STANDARD
 70
     0
 40
0.0
 41
1.0
 50
0.0
 71
     0
 42
0.2
  3
txt
  4

  0
STYLE
  5
936
330
3
100
AcDbSymbolTableRecord
100
AcDbTextStyleTableRecord
  2
ARIAL
 70
     0
 40
0.2
 41
0.8
 50
0.0
 71
     0
 42
0.2
  3
arial.ttf
  4

1001
ACAD
1000
Arial
1071
        0
  0
ENDTAB
  0
TABLE
  2
VIEW
  5
6
330
0
100
AcDbSymbolTable
 70
     0
  0
ENDTAB
  0
TABLE
  2
UCS
  5
7
330
0
100
AcDbSymbolTable
 70
     0
  0
ENDTAB
  0
TABLE
  2
APPID
  5
9
330
0
100
AcDbSymbolTable
 70
     2
  0
APPID
  5
12
330
9
100
AcDbSymbolTableRecord
100
AcDbRegAppTableRecord
  2
ACAD
 70
     0
  0
APPID
  5
FAD
330
9
100
AcDbSymbolTableRecord
100
AcDbRegAppTableRecord
  2
ACAD_MLEADERVER
 70
     0
  0
ENDTAB
  0
TABLE
  2
DIMSTYLE
  5
A
330
0
100
AcDbSymbolTable
 70
     1
  0
DIMSTYLE
105
27
330
A
100
AcDbSymbolTableRecord
100
AcDbDimStyleTableRecord
  2
STANDARD
 70
     0
  3

  4

  5

  6

  7

 40
1.0
 41
0.18
 42
0.0625
 43
0.38
 44
0.18
 45
0.0
 46
0.0
 47
0.0
 48
0.0
140
0.18
141
0.09
142
0.0
143
25.4
144
1.0
145
0.0
146
1.0
147
0.09
 71
     0
 72
     0
 73
     1
 74
     1
 75
     0
 76
     0
 77
     0
 78
     0
170
     0
171
     2
172
     0
173
     0
174
     0
175
     0
176
     0
177
     0
178
     0
270
     2
271
     4
272
     4
273
     2
274
     2
340
11
275
     0
280
     0
281
     0
282
     0
283
     1
284
     0
285
     0
286
     0
287
     3
288
     0
  0
ENDTAB
  0
TABLE
  2
BLOCK_RECORD
  5
1
330
0
100
AcDbSymbolTable
 70
     0
  0
BLOCK_RECORD
  5
1F
330
1
100
AcDbSymbolTableRecord
100
AcDbBlockTableRecord
  2
*MODEL_SPACE
  0
BLOCK_RECORD
  5
1B
330
1
100
AcDbSymbolTableRecord
100
AcDbBlockTableRecord
  2
*PAPER_SPACE
  0
ENDTAB
  0
ENDSEC
  0
SECTION
  2
BLOCKS
  0
BLOCK
  5
20
330
1F
100
AcDbEntity
  8
0
100
AcDbBlockBegin
  2
*MODEL_SPACE
 70
     0
 10
0.0
 20
0.0
 30
0.0
  3
*MODEL_SPACE
  1

  0
ENDBLK
  5
21
330
1F
100
AcDbEntity
  8
0
100
AcDbBlockEnd
  0
BLOCK
  5
1C
330
1B
100
AcDbEntity
 67
     1
  8
0
100
AcDbBlockBegin
  2
*PAPER_SPACE
 70
     0
 10
0.0
 20
0.0
 30
0.0
  3
*PAPER_SPACE
  1

  0
ENDBLK
  5
1D
330
1B
100
AcDbEntity
 67
     1
  8
0
100
AcDbBlockEnd
  0
ENDSEC
  0
SECTION
  2
ENTITIES
  0
LINE
  5
6B
330
1F
100
AcDbEntity
  8
OUTLINE
  6
SDS2_5
 62
     1
100
AcDbLine
 10
-176.116
 20
73.692527339
 30
0.0
 11
-176.115
 21
73.6875
 31
0.0
  0
LINE
  5
6C
330
1F
100
AcDbEntity
  8
OUTLINE
  6
SDS2_5
 62
     1
100
AcDbLine
 10
-176.115
 20
73.6875
 30
0.0
 11
-176.115
 21
68.64
 31
0.0
  0
LINE
  5
6D
330
1F
100
AcDbEntity
  8
OUTLINE
  6
SDS2_5
 62
     1
100
AcDbLine
 10
-176.115
 20
68.64
 30
0.0
 11
-175.885
 21
68.64
 31
0.0
  0
LINE
  5
6E
330
1F
100
AcDbEntity
  8
OUTLINE
  6
SDS2_5
 62
     1
100
AcDbLine
 10
-175.885
 20
68.64
 30
0.0
 11
-175.885
 21
73.6875
 31
0.0
  0
LINE
  5
6F
330
1F
100
AcDbEntity
  8
OUTLINE
  6
SDS2_5
 62
     1
100
AcDbLine
 10
-175.885
 20
73.6875
 30
0.0
 11
-175.884
 21
73.692527339
 31
0.0
  0
LINE
  5
70
330
1F
100
AcDbEntity
  8
OUTLINE
  6
SDS2_5
 62
     1
100
AcDbLine
 10
-175.884
 20
73.692527339
 30
0.0
 11
-175.884
 21
73.87
 31
0.0
  0
LINE
  5
71
330
1F
100
AcDbEntity
  8
OUTLINE
  6
SDS2_5
 62
     1
100
AcDbLine
 10
-175.884
 20
73.87
 30
0.0
 11
-176.116
 21
73.87
 31
0.0
  0
LINE
  5
72
330
1F
100
AcDbEntity
  8
OUTLINE
  6
SDS2_5
 62
     1
100
AcDbLine
 10
-176.116
 20
73.87
 30
0.0
 11
-176.116
 21
73.692527339
 31
0.0
  0
LINE
  5
73
330
1F
100
AcDbEntity
  8
OUTLINE
  6
SDS2_5
 62
     1
100
AcDbLine
 10
-176.116
 20
73.87
 30
0.0
 11
-176.154060234
 21
73.908060234
 31
0.0
  0
LINE
  5
74
330
1F
100
AcDbEntity
  8
OUTLINE
  6
SDS2_5
 62
     1
100
AcDbLine
 10
-175.845939766
 20
73.908060234
 30
0.0
 11
-175.884
 21
73.87
 31
0.0
  0
LINE
  5
75
330
1F
100
AcDbEntity
  8
OUTLINE
  6
SDS2_5
 62
     1
100
AcDbLine
 10
-175.845939766
 20
73.883869056
 30
0.0
 11
-175.884
 21
73.692527339
 31
0.0
  0
LINE
  5
76
330
1F
100
AcDbEntity
  8
OUTLINE
  6
SDS2_5
 62
     1
100
AcDbLine
 10
-176.116
 20
73.692527339
 30
0.0
 11
-176.154060234
 21
73.883869056
 31
0.0
  0
LINE
  5
77
330
1F
100
AcDbEntity
  8
OUTLINE
  6
SDS2_5
 62
     1
100
AcDbLine
 10
-176.154060234
 20
73.908060234
 30
0.0
 11
-176.160066973
 21
73.914066973
 31
0.0
  0
LINE
  5
78
330
1F
100
AcDbEntity
  8
OUTLINE
  6
SDS2_5
 62
     1
100
AcDbLine
 10
-176.160066973
 20
73.914066973
 30
0.0
 11
-176.166952219
 21
73.948681443
 31
0.0
  0
LINE
  5
79
330
1F
100
AcDbEntity
  8
OUTLINE
  6
SDS2_5
 62
     1
100
AcDbLine
 10
-176.166952219
 20
73.948681443
 30
0.0
 11
-176.212231456
 21
74.016446609
 31
0.0
  0
LINE
  5
7A
330
1F
100
AcDbEntity
  8
OUTLINE
  6
SDS2_5
 62
     1
100
AcDbLine
 10
-175.787768544
 20
74.016446609
 30
0.0
 11
-175.833047781
 21
73.948681443
 31
0.0
  0
LINE
  5
7B
330
1F
100
AcDbEntity
  8
OUTLINE
  6
SDS2_5
 62
     1
100
AcDbLine
 10
-175.833047781
 20
73.948681443
 30
0.0
 11
-175.839933027
 21
73.914066973
 31
0.0
  0
LINE
  5
7C
330
1F
100
AcDbEntity
  8
OUTLINE
  6
SDS2_5
 62
     1
100
AcDbLine
 10
-175.839933027
 20
73.914066973
 30
0.0
 11
-175.845939766
 21
73.908060234
 31
0.0
  0
LINE
  5
7D
330
1F
100
AcDbEntity
  8
OUTLINE
  6
SDS2_5
 62
     1
100
AcDbLine
 10
-175.715235487
 20
74.125
 30
0.0
 11
-175.787768544
 21
74.016446609
 31
0.0
  0
LINE
  5
7E
330
1F
100
AcDbEntity
  8
OUTLINE
  6
SDS2_5
 62
     1
100
AcDbLine
 10
-176.212231456
 20
74.016446609
 30
0.0
 11
-176.284764513
 21
74.125
 31
0.0
  0
LINE
  5
7F
330
1F
100
AcDbEntity
  8
OUTLINE
  6
SDS2_5
 62
     1
100
AcDbLine
 10
-176.284764513
 20
74.125
 30
0.0
 11
-176.314899622
 21
74.170100378
 31
0.0
  0
LINE
  5
80
330
1F
100
AcDbEntity
  8
OUTLINE
  6
SDS2_5
 62
     1
100
AcDbLine
 10
-176.314899622
 20
74.170100378
 30
0.0
 11
-176.327707433
 21
74.178658284
 31
0.0
  0
LINE
  5
81
330
1F
100
AcDbEntity
  8
OUTLINE
  6
SDS2_5
 62
     1
100
AcDbLine
 10
-175.672292567
 20
74.178658284
 30
0.0
 11
-175.685100378
 21
74.170100378
 31
0.0
  0
LINE
  5
82
330
1F
100
AcDbEntity
  8
OUTLINE
  6
SDS2_5
 62
     1
100
AcDbLine
 10
-175.685100378
 20
74.170100378
 30
0.0
 11
-175.715235487
 21
74.125
 31
0.0
  0
LINE
  5
83
330
1F
100
AcDbEntity
  8
OUTLINE
  6
SDS2_5
 62
     1
100
AcDbLine
 10
-176.570933027
 20
74.324933027
 30
0.0
 11
-176.616
 21
74.37
 31
0.0
  0
LINE
  5
84
330
1F
100
AcDbEntity
  8
OUTLINE
  6
SDS2_5
 62
     1
100
AcDbLine
 10
-175.384
 20
74.37
 30
0.0
 11
-175.429066973
 21
74.324933027
 31
0.0
  0
LINE
  5
85
330
1F
100
AcDbEntity
  8
OUTLINE
  6
SDS2_5
 62
     1
100
AcDbLine
 10
-175.429066973
 20
74.324933027
 30
0.0
 11
-175.463681443
 21
74.318047781
 31
0.0
  0
LINE
  5
86
330
1F
100
AcDbEntity
  8
OUTLINE
  6
SDS2_5
 62
     1
100
AcDbLine
 10
-175.463681443
 20
74.318047781
 30
0.0
 11
-175.672292567
 21
74.178658284
 31
0.0
  0
LINE
  5
87
330
1F
100
AcDbEntity
  8
OUTLINE
  6
SDS2_5
 62
     1
100
AcDbLine
 10
-176.327707433
 20
74.178658284
 30
0.0
 11
-176.536318557
 21
74.318047781
 31
0.0
  0
LINE
  5
88
330
1F
100
AcDbEntity
  8
OUTLINE
  6
SDS2_5
 62
     1
100
AcDbLine
 10
-176.536318557
 20
74.318047781
 30
0.0
 11
-176.570933027
 21
74.324933027
 31
0.0
  0
LINE
  5
89
330
1F
100
AcDbEntity
  8
OUTLINE
  6
SDS2_5
 62
     1
100
AcDbLine
 10
-175.2025
 20
74.37
 30
0.0
 11
-175.384
 21
74.333897405
 31
0.0
  0
LINE
  5
8A
330
1F
100
AcDbEntity
  8
OUTLINE
  6
SDS2_5
 62
     1
100
AcDbLine
 10
-176.616
 20
74.333897405
 30
0.0
 11
-176.7975
 21
74.37
 31
0.0
  0
LINE
  5
8B
330
1F
100
AcDbEntity
  8
OUTLINE
  6
SDS2_5
 62
     1
100
AcDbLine
 10
-176.7975
 20
74.37
 30
0.0
 11
-179.245
 21
74.37
 31
0.0
  0
LINE
  5
8C
330
1F
100
AcDbEntity
  8
OUTLINE
  6
SDS2_5
 62
     1
100
AcDbLine
 10
-179.245
 20
74.37
 30
0.0
 11
-179.245
 21
74.75
 31
0.0
  0
LINE
  5
8D
330
1F
100
AcDbEntity
  8
OUTLINE
  6
SDS2_5
 62
     1
100
AcDbLine
 10
-172.755
 20
74.75
 30
0.0
 11
-172.755
 21
74.37
 31
0.0
  0
LINE
  5
8E
330
1F
100
AcDbEntity
  8
OUTLINE
  6
SDS2_5
 62
     1
100
AcDbLine
 10
-172.755
 20
74.37
 30
0.0
 11
-175.2025
 21
74.37
 31
0.0
  0
LINE
  5
8F
330
1F
100
AcDbEntity
  8
OUTLINE
  6
SDS2_5
 62
     1
100
AcDbLine
 10
-175.384
 20
74.333897405
 30
0.0
 11
-175.429066973
 21
74.324933027
 31
0.0
  0
LINE
  5
90
330
1F
100
AcDbEntity
  8
OUTLINE
  6
SDS2_5
 62
     1
100
AcDbLine
 10
-175.839933027
 20
73.914066973
 30
0.0
 11
-175.845939766
 21
73.883869056
 31
0.0
  0
LINE
  5
91
330
1F
100
AcDbEntity
  8
OUTLINE
  6
SDS2_5
 62
     1
100
AcDbLine
 10
-176.154060234
 20
73.883869056
 30
0.0
 11
-176.160066973
 21
73.914066973
 31
0.0
  0
LINE
  5
92
330
1F
100
AcDbEntity
  8
OUTLINE
  6
SDS2_5
 62
     1
100
AcDbLine
 10
-176.570933027
 20
74.324933027
 30
0.0
 11
-176.616
 21
74.333897405
 31
0.0
  0
LINE
  5
93
330
1F
100
AcDbEntity
  8
OUTLINE
  6
CONTINUOUS
 62
     2
100
AcDbLine
 10
-168.5
 20
-8.12349988
 30
0.0
 11
-164.5
 21
-8.12349988
 31
0.0
  0
LINE
  5
94
330
1F
100
AcDbEntity
  8
OUTLINE
  6
CONTINUOUS
 62
     2
100
AcDbLine
 10
-164.5
 20
-8.12349988
 30
0.0
 11
-164.5
 21
11.60400012
 31
0.0
  0
LINE
  5
95
330
1F
100
AcDbEntity
  8
OUTLINE
  6
CONTINUOUS
 62
     2
100
AcDbLine
 10
-164.5
 20
11.60400012
 30
0.0
 11
-168.5
 21
11.60400012
 31
0.0
  0
LINE
  5
96
330
1F
100
AcDbEntity
  8
OUTLINE
  6
CONTINUOUS
 62
     2
100
AcDbLine
 10
-183.5
 20
11.60400012
 30
0.0
 11
-187.5
 21
11.60400012
 31
0.0
  0
LINE
  5
97
330
1F
100
AcDbEntity
  8
OUTLINE
  6
CONTINUOUS
 62
     2
100
AcDbLine
 10
-187.5
 20
11.60400012
 30
0.0
 11
-187.5
 21
-8.12349988
 31
0.0
  0
LINE
  5
98
330
1F
100
AcDbEntity
  8
OUTLINE
  6
CONTINUOUS
 62
     2
100
AcDbLine
 10
-187.5
 20
-8.12349988
 30
0.0
 11
-183.5
 21
-8.12349988
 31
0.0
  0
LINE
  5
99
330
1F
100
AcDbEntity
  8
OUTLINE
  6
CONTINUOUS
 62
     2
100
AcDbLine
 10
-187.5
 20
53.0625
 30
0.0
 11
-183.5
 21
53.0625
 31
0.0
  0
LINE
  5
9A
330
1F
100
AcDbEntity
  8
OUTLINE
  6
CONTINUOUS
 62
     2
100
AcDbLine
 10
-183.5
 20
72.79
 30
0.0
 11
-187.5
 21
72.79
 31
0.0
  0
LINE
  5
9B
330
1F
100
AcDbEntity
  8
OUTLINE
  6
CONTINUOUS
 62
     2
100
AcDbLine
 10
-187.5
 20
72.79
 30
0.0
 11
-187.5
 21
53.0625
 31
0.0
  0
LINE
  5
9C
330
1F
100
AcDbEntity
  8
OUTLINE
  6
CONTINUOUS
 62
     2
100
AcDbLine
 10
-164.5
 20
72.79
 30
0.0
 11
-168.5
 21
72.79
 31
0.0
  0
LINE
  5
9D
330
1F
100
AcDbEntity
  8
OUTLINE
  6
CONTINUOUS
 62
     2
100
AcDbLine
 10
-168.5
 20
53.0625
 30
0.0
 11
-164.5
 21
53.0625
 31
0.0
  0
LINE
  5
9E
330
1F
100
AcDbEntity
  8
OUTLINE
  6
CONTINUOUS
 62
     2
100
AcDbLine
 10
-164.5
 20
53.0625
 30
0.0
 11
-164.5
 21
72.79
 31
0.0
  0
LINE
  5
9F
330
1F
100
AcDbEntity
  8
OUTLINE
  6
CONTINUOUS
 62
     2
100
AcDbLine
 10
-183.5
 20
74.75
 30
0.0
 11
-183.5
 21
74.125
 31
0.0
  0
LINE
  5
A0
330
1F
100
AcDbEntity
  8
OUTLINE
  6
CONTINUOUS
 62
     2
100
AcDbLine
 10
-183.5
 20
74.125
 30
0.0
 11
-168.5
 21
74.125
 31
0.0
  0
LINE
  5
A1
330
1F
100
AcDbEntity
  8
OUTLINE
  6
CONTINUOUS
 62
     2
100
AcDbLine
 10
-168.5
 20
74.125
 30
0.0
 11
-168.5
 21
74.75
 31
0.0
  0
LINE
  5
A2
330
1F
100
AcDbEntity
  8
OUTLINE
  6
CONTINUOUS
 62
     2
100
AcDbLine
 10
-168.5
 20
74.75
 30
0.0
 11
-183.5
 21
74.75
 31
0.0
  0
LINE
  5
A3
330
1F
100
AcDbEntity
  8
OUTLINE
  6
CONTINUOUS
 62
     2
100
AcDbLine
 10
-182.31
 20
51.01
 30
0.0
 11
-169.69
 21
51.01
 31
0.0
  0
LINE
  5
A4
330
1F
100
AcDbEntity
  8
OUTLINE
  6
SDS2_5
 62
     1
100
AcDbLine
 10
-169.69
 20
51.01
 30
0.0
 11
-169.685
 21
51.01
 31
0.0
  0
LINE
  5
A5
330
1F
100
AcDbEntity
  8
OUTLINE
  6
SDS2_5
 62
     1
100
AcDbLine
 10
-169.685
 20
51.01
 30
0.0
 11
-169.685
 21
51.635
 31
0.0
  0
LINE
  5
A6
330
1F
100
AcDbEntity
  8
OUTLINE
  6
SDS2_5
 62
     1
100
AcDbLine
 10
-169.685
 20
51.635
 30
0.0
 11
-169.69
 21
51.635
 31
0.0
  0
LINE
  5
A7
330
1F
100
AcDbEntity
  8
OUTLINE
  6
CONTINUOUS
 62
     2
100
AcDbLine
 10
-169.69
 20
51.635
 30
0.0
 11
-182.31
 21
51.635
 31
0.0
  0
LINE
  5
A8
330
1F
100
AcDbEntity
  8
OUTLINE
  6
SDS2_5
 62
     1
100
AcDbLine
 10
-170.935
 20
51.635
 30
0.0
 11
-170.935
 21
51.01
 31
0.0
  0
LINE
  5
A9
330
1F
100
AcDbEntity
  8
OUTLINE
  6
SDS2_5
 62
     1
100
AcDbLine
 10
-181.06
 20
51.01
 30
0.0
 11
-181.06
 21
51.635
 31
0.0
  0
LINE
  5
AA
330
1F
100
AcDbEntity
  8
OUTLINE
  6
SDS2_5
 62
     1
100
AcDbLine
 10
-181.065
 20
51.635
 30
0.0
 11
-181.065
 21
51.01
 31
0.0
  0
LINE
  5
AB
330
1F
100
AcDbEntity
  8
OUTLINE
  6
SDS2_5
 62
     1
100
AcDbLine
 10
-170.94
 20
51.01
 30
0.0
 11
-170.94
 21
51.635
 31
0.0
  0
LINE
  5
AC
330
1F
100
AcDbEntity
  8
OUTLINE
  6
SDS2_5
 62
     1
100
AcDbLine
 10
-182.315
 20
51.635
 30
0.0
 11
-182.315
 21
51.01
 31
0.0
  0
LINE
  5
AD
330
1F
100
AcDbEntity
  8
OUTLINE
  6
SDS2_5
 62
     1
100
AcDbLine
 10
-182.315
 20
51.01
 30
0.0
 11
-182.31
 21
51.01
 31
0.0
  0
LINE
  5
AE
330
1F
100
AcDbEntity
  8
OUTLINE
  6
SDS2_5
 62
     1
100
AcDbLine
 10
-182.31
 20
51.635
 30
0.0
 11
-182.315
 21
51.635
 31
0.0
  0
LINE
  5
AF
330
1F
100
AcDbEntity
  8
OUTLINE
  6
CONTINUOUS
 62
     2
100
AcDbLine
 10
-182.31
 20
-10.35
 30
0.0
 11
-169.69
 21
-10.35
 31
0.0
  0
LINE
  5
B0
330
1F
100
AcDbEntity
  8
OUTLINE
  6
SDS2_5
 62
     1
100
AcDbLine
 10
-169.69
 20
-10.35
 30
0.0
 11
-169.685
 21
-10.35
 31
0.0
  0
LINE
  5
B1
330
1F
100
AcDbEntity
  8
OUTLINE
  6
SDS2_5
 62
     1
100
AcDbLine
 10
-169.685
 20
-10.35
 30
0.0
 11
-169.685
 21
-9.6
 31
0.0
  0
LINE
  5
B2
330
1F
100
AcDbEntity
  8
OUTLINE
  6
SDS2_5
 62
     1
100
AcDbLine
 10
-169.685
 20
-9.6
 30
0.0
 11
-169.69
 21
-9.6
 31
0.0
  0
LINE
  5
B3
330
1F
100
AcDbEntity
  8
OUTLINE
  6
CONTINUOUS
 62
     2
100
AcDbLine
 10
-169.69
 20
-9.6
 30
0.0
 11
-182.31
 21
-9.6
 31
0.0
  0
LINE
  5
B4
330
1F
100
AcDbEntity
  8
OUTLINE
  6
SDS2_5
 62
     1
100
AcDbLine
 10
-170.935
 20
-9.6
 30
0.0
 11
-170.935
 21
-10.35
 31
0.0
  0
LINE
  5
B5
330
1F
100
AcDbEntity
  8
OUTLINE
  6
SDS2_5
 62
     1
100
AcDbLine
 10
-181.06
 20
-10.35
 30
0.0
 11
-181.06
 21
-9.6
 31
0.0
  0
LINE
  5
B6
330
1F
100
AcDbEntity
  8
OUTLINE
  6
SDS2_5
 62
     1
100
AcDbLine
 10
-181.065
 20
-9.6
 30
0.0
 11
-181.065
 21
-10.35
 31
0.0
  0
LINE
  5
B7
330
1F
100
AcDbEntity
  8
OUTLINE
  6
SDS2_5
 62
     1
100
AcDbLine
 10
-170.94
 20
-10.35
 30
0.0
 11
-170.94
 21
-9.6
 31
0.0
  0
LINE
  5
B8
330
1F
100
AcDbEntity
  8
OUTLINE
  6
SDS2_5
 62
     1
100
AcDbLine
 10
-182.315
 20
-9.6
 30
0.0
 11
-182.315
 21
-10.35
 31
0.0
  0
LINE
  5
B9
330
1F
100
AcDbEntity
  8
OUTLINE
  6
SDS2_5
 62
     1
100
AcDbLine
 10
-182.315
 20
-10.35
 30
0.0
 11
-182.31
 21
-10.35
 31
0.0
  0
LINE
  5
BA
330
1F
100
AcDbEntity
  8
OUTLINE
  6
SDS2_5
 62
     1
100
AcDbLine
 10
-182.31
 20
-9.6
 30
0.0
 11
-182.315
 21
-9.6
 31
0.0
  0
LINE
  5
BB
330
1F
100
AcDbEntity
  8
OUTLINE
  6
CONTINUOUS
 62
     2
100
AcDbLine
 10
-182.31
 20
13.0
 30
0.0
 11
-169.69
 21
13.0
 31
0.0
  0
LINE
  5
BC
330
1F
100
AcDbEntity
  8
OUTLINE
  6
SDS2_5
 62
     1
100
AcDbLine
 10
-169.69
 20
13.0
 30
0.0
 11
-169.685
 21
13.0
 31
0.0
  0
LINE
  5
BD
330
1F
100
AcDbEntity
  8
OUTLINE
  6
SDS2_5
 62
     1
100
AcDbLine
 10
-169.685
 20
13.0
 30
0.0
 11
-169.685
 21
13.75
 31
0.0
  0
LINE
  5
BE
330
1F
100
AcDbEntity
  8
OUTLINE
  6
SDS2_5
 62
     1
100
AcDbLine
 10
-169.685
 20
13.75
 30
0.0
 11
-169.69
 21
13.75
 31
0.0
  0
LINE
  5
BF
330
1F
100
AcDbEntity
  8
OUTLINE
  6
CONTINUOUS
 62
     2
100
AcDbLine
 10
-169.69
 20
13.75
 30
0.0
 11
-182.31
 21
13.75
 31
0.0
  0
LINE
  5
C0
330
1F
100
AcDbEntity
  8
OUTLINE
  6
SDS2_5
 62
     1
100
AcDbLine
 10
-170.935
 20
13.75
 30
0.0
 11
-170.935
 21
13.0
 31
0.0
  0
LINE
  5
C1
330
1F
100
AcDbEntity
  8
OUTLINE
  6
SDS2_5
 62
     1
100
AcDbLine
 10
-181.06
 20
13.0
 30
0.0
 11
-181.06
 21
13.75
 31
0.0
  0
LINE
  5
C2
330
1F
100
AcDbEntity
  8
OUTLINE
  6
SDS2_5
 62
     1
100
AcDbLine
 10
-181.065
 20
13.75
 30
0.0
 11
-181.065
 21
13.0
 31
0.0
  0
LINE
  5
C3
330
1F
100
AcDbEntity
  8
OUTLINE
  6
SDS2_5
 62
     1
100
AcDbLine
 10
-170.94
 20
13.0
 30
0.0
 11
-170.94
 21
13.75
 31
0.0
  0
LINE
  5
C4
330
1F
100
AcDbEntity
  8
OUTLINE
  6
SDS2_5
 62
     1
100
AcDbLine
 10
-182.315
 20
13.75
 30
0.0
 11
-182.315
 21
13.0
 31
0.0
  0
LINE
  5
C5
330
1F
100
AcDbEntity
  8
OUTLINE
  6
SDS2_5
 62
     1
100
AcDbLine
 10
-182.315
 20
13.0
 30
0.0
 11
-182.31
 21
13.0
 31
0.0
  0
LINE
  5
C6
330
1F
100
AcDbEntity
  8
OUTLINE
  6
SDS2_5
 62
     1
100
AcDbLine
 10
-182.31
 20
13.75
 30
0.0
 11
-182.315
 21
13.75
 31
0.0
  0
LINE
  5
C7
330
1F
100
AcDbEntity
  8
OUTLINE
  6
SDS2_5
 62
     1
100
AcDbLine
 10
-176.115
 20
12.6875
 30
0.0
 11
-176.115
 21
7.64
 31
0.0
  0
LINE
  5
C8
330
1F
100
AcDbEntity
  8
OUTLINE
  6
SDS2_5
 62
     1
100
AcDbLine
 10
-176.115
 20
7.64
 30
0.0
 11
-175.885
 21
7.64
 31
0.0
  0
LINE
  5
C9
330
1F
100
AcDbEntity
  8
OUTLINE
  6
SDS2_5
 62
     1
100
AcDbLine
 10
-175.885
 20
7.64
 30
0.0
 11
-175.885
 21
12.6875
 31
0.0
  0
LINE
  5
CA
330
1F
100
AcDbEntity
  8
OUTLINE
  6
SDS2_5
 62
     1
100
AcDbLine
 10
-175.885
 20
12.6875
 30
0.0
 11
-175.884
 21
12.692527339
 31
0.0
  0
LINE
  5
CB
330
1F
100
AcDbEntity
  8
OUTLINE
  6
SDS2_5
 62
     1
100
AcDbLine
 10
-175.884
 20
12.692527339
 30
0.0
 11
-175.884
 21
12.87
 31
0.0
  0
LINE
  5
CC
330
1F
100
AcDbEntity
  8
OUTLINE
  6
SDS2_5
 62
     1
100
AcDbLine
 10
-175.884
 20
12.87
 30
0.0
 11
-176.116
 21
12.87
 31
0.0
  0
LINE
  5
CD
330
1F
100
AcDbEntity
  8
OUTLINE
  6
SDS2_5
 62
     1
100
AcDbLine
 10
-176.116
 20
12.87
 30
0.0
 11
-176.116
 21
12.692527339
 31
0.0
  0
LINE
  5
CE
330
1F
100
AcDbEntity
  8
OUTLINE
  6
SDS2_5
 62
     1
100
AcDbLine
 10
-176.116
 20
12.692527339
 30
0.0
 11
-176.115
 21
12.6875
 31
0.0
  0
LINE
  5
CF
330
1F
100
AcDbEntity
  8
OUTLINE
  6
SDS2_5
 62
     1
100
AcDbLine
 10
-176.116
 20
12.87
 30
0.0
 11
-176.154060234
 21
12.908060234
 31
0.0
  0
LINE
  5
D0
330
1F
100
AcDbEntity
  8
OUTLINE
  6
SDS2_5
 62
     1
100
AcDbLine
 10
-175.845939766
 20
12.908060234
 30
0.0
 11
-175.884
 21
12.87
 31
0.0
  0
LINE
  5
D1
330
1F
100
AcDbEntity
  8
OUTLINE
  6
SDS2_5
 62
     1
100
AcDbLine
 10
-175.845939766
 20
12.883869056
 30
0.0
 11
-175.884
 21
12.692527339
 31
0.0
  0
LINE
  5
D2
330
1F
100
AcDbEntity
  8
OUTLINE
  6
SDS2_5
 62
     1
100
AcDbLine
 10
-176.116
 20
12.692527339
 30
0.0
 11
-176.154060234
 21
12.883869056
 31
0.0
  0
LINE
  5
D3
330
1F
100
AcDbEntity
  8
OUTLINE
  6
SDS2_5
 62
     1
100
AcDbLine
 10
-175.798757817
 20
13.0
 30
0.0
 11
-175.833047781
 21
12.948681443
 31
0.0
  0
LINE
  5
D4
330
1F
100
AcDbEntity
  8
OUTLINE
  6
SDS2_5
 62
     1
100
AcDbLine
 10
-175.833047781
 20
12.948681443
 30
0.0
 11
-175.839933027
 21
12.914066973
 31
0.0
  0
LINE
  5
D5
330
1F
100
AcDbEntity
  8
OUTLINE
  6
SDS2_5
 62
     1
100
AcDbLine
 10
-175.839933027
 20
12.914066973
 30
0.0
 11
-175.845939766
 21
12.908060234
 31
0.0
  0
LINE
  5
D6
330
1F
100
AcDbEntity
  8
OUTLINE
  6
SDS2_5
 62
     1
100
AcDbLine
 10
-176.154060234
 20
12.908060234
 30
0.0
 11
-176.160066973
 21
12.914066973
 31
0.0
  0
LINE
  5
D7
330
1F
100
AcDbEntity
  8
OUTLINE
  6
SDS2_5
 62
     1
100
AcDbLine
 10
-176.160066973
 20
12.914066973
 30
0.0
 11
-176.166952219
 21
12.948681443
 31
0.0
  0
LINE
  5
D8
330
1F
100
AcDbEntity
  8
OUTLINE
  6
SDS2_5
 62
     1
100
AcDbLine
 10
-176.166952219
 20
12.948681443
 30
0.0
 11
-176.201242183
 21
13.0
 31
0.0
  0
LINE
  5
D9
330
1F
100
AcDbEntity
  8
OUTLINE
  6
SDS2_5
 62
     1
100
AcDbLine
 10
-175.787768544
 20
13.016446609
 30
0.0
 11
-175.798757817
 21
13.0
 31
0.0
  0
LINE
  5
DA
330
1F
100
AcDbEntity
  8
OUTLINE
  6
SDS2_5
 62
     1
100
AcDbLine
 10
-176.201242183
 20
13.0
 30
0.0
 11
-176.212231456
 21
13.016446609
 31
0.0
  0
LINE
  5
DB
330
1F
100
AcDbEntity
  8
OUTLINE
  6
SDS2_5
 62
     1
100
AcDbLine
 10
-176.212231456
 20
13.016446609
 30
0.0
 11
-176.314899622
 21
13.170100378
 31
0.0
  0
LINE
  5
DC
330
1F
100
AcDbEntity
  8
OUTLINE
  6
SDS2_5
 62
     1
100
AcDbLine
 10
-176.314899622
 20
13.170100378
 30
0.0
 11
-176.327707433
 21
13.178658284
 31
0.0
  0
LINE
  5
DD
330
1F
100
AcDbEntity
  8
OUTLINE
  6
SDS2_5
 62
     1
100
AcDbLine
 10
-175.672292567
 20
13.178658284
 30
0.0
 11
-175.685100378
 21
13.170100378
 31
0.0
  0
LINE
  5
DE
330
1F
100
AcDbEntity
  8
OUTLINE
  6
SDS2_5
 62
     1
100
AcDbLine
 10
-175.685100378
 20
13.170100378
 30
0.0
 11
-175.787768544
 21
13.016446609
 31
0.0
  0
LINE
  5
DF
330
1F
100
AcDbEntity
  8
OUTLINE
  6
SDS2_5
 62
     1
100
AcDbLine
 10
-175.384
 20
13.37
 30
0.0
 11
-175.429066973
 21
13.324933027
 31
0.0
  0
LINE
  5
E0
330
1F
100
AcDbEntity
  8
OUTLINE
  6
SDS2_5
 62
     1
100
AcDbLine
 10
-175.429066973
 20
13.324933027
 30
0.0
 11
-175.463681443
 21
13.318047781
 31
0.0
  0
LINE
  5
E1
330
1F
100
AcDbEntity
  8
OUTLINE
  6
SDS2_5
 62
     1
100
AcDbLine
 10
-175.463681443
 20
13.318047781
 30
0.0
 11
-175.672292567
 21
13.178658284
 31
0.0
  0
LINE
  5
E2
330
1F
100
AcDbEntity
  8
OUTLINE
  6
SDS2_5
 62
     1
100
AcDbLine
 10
-176.327707433
 20
13.178658284
 30
0.0
 11
-176.536318557
 21
13.318047781
 31
0.0
  0
LINE
  5
E3
330
1F
100
AcDbEntity
  8
OUTLINE
  6
SDS2_5
 62
     1
100
AcDbLine
 10
-176.536318557
 20
13.318047781
 30
0.0
 11
-176.570933027
 21
13.324933027
 31
0.0
  0
LINE
  5
E4
330
1F
100
AcDbEntity
  8
OUTLINE
  6
SDS2_5
 62
     1
100
AcDbLine
 10
-176.570933027
 20
13.324933027
 30
0.0
 11
-176.616
 21
13.37
 31
0.0
  0
LINE
  5
E5
330
1F
100
AcDbEntity
  8
OUTLINE
  6
SDS2_5
 62
     1
100
AcDbLine
 10
-175.2025
 20
13.37
 30
0.0
 11
-175.384
 21
13.333897405
 31
0.0
  0
LINE
  5
E6
330
1F
100
AcDbEntity
  8
OUTLINE
  6
SDS2_5
 62
     1
100
AcDbLine
 10
-176.616
 20
13.333897405
 30
0.0
 11
-176.7975
 21
13.37
 31
0.0
  0
LINE
  5
E7
330
1F
100
AcDbEntity
  8
OUTLINE
  6
SDS2_5
 62
     1
100
AcDbLine
 10
-172.755
 20
13.75
 30
0.0
 11
-172.755
 21
13.37
 31
0.0
  0
LINE
  5
E8
330
1F
100
AcDbEntity
  8
OUTLINE
  6
SDS2_5
 62
     1
100
AcDbLine
 10
-172.755
 20
13.37
 30
0.0
 11
-175.2025
 21
13.37
 31
0.0
  0
LINE
  5
E9
330
1F
100
AcDbEntity
  8
OUTLINE
  6
SDS2_5
 62
     1
100
AcDbLine
 10
-176.7975
 20
13.37
 30
0.0
 11
-179.245
 21
13.37
 31
0.0
  0
LINE
  5
EA
330
1F
100
AcDbEntity
  8
OUTLINE
  6
SDS2_5
 62
     1
100
AcDbLine
 10
-179.245
 20
13.37
 30
0.0
 11
-179.245
 21
13.75
 31
0.0
  0
LINE
  5
EB
330
1F
100
AcDbEntity
  8
OUTLINE
  6
SDS2_5
 62
     1
100
AcDbLine
 10
-175.384
 20
13.333897405
 30
0.0
 11
-175.429066973
 21
13.324933027
 31
0.0
  0
LINE
  5
EC
330
1F
100
AcDbEntity
  8
OUTLINE
  6
SDS2_5
 62
     1
100
AcDbLine
 10
-175.839933027
 20
12.914066973
 30
0.0
 11
-175.845939766
 21
12.883869056
 31
0.0
  0
LINE
  5
ED
330
1F
100
AcDbEntity
  8
OUTLINE
  6
SDS2_5
 62
     1
100
AcDbLine
 10
-176.154060234
 20
12.883869056
 30
0.0
 11
-176.160066973
 21
12.914066973
 31
0.0
  0
LINE
  5
EE
330
1F
100
AcDbEntity
  8
OUTLINE
  6
SDS2_5
 62
     1
100
AcDbLine
 10
-176.570933027
 20
13.324933027
 30
0.0
 11
-176.616
 21
13.333897405
 31
0.0
  0
LINE
  5
EF
330
1F
100
AcDbEntity
  8
OUTLINE
  6
CONTINUOUS
 62
     2
100
AcDbLine
 10
-182.31
 20
-30.5
 30
0.0
 11
-182.31
 21
74.125
 31
0.0
  0
LINE
  5
F0
330
1F
100
AcDbEntity
  8
OUTLINE
  6
CONTINUOUS
 62
     2
100
AcDbLine
 10
-182.31
 20
74.125
 30
0.0
 11
-183.5
 21
74.125
 31
0.0
  0
LINE
  5
F1
330
1F
100
AcDbEntity
  8
OUTLINE
  6
CONTINUOUS
 62
     2
100
AcDbLine
 10
-183.5
 20
74.125
 30
0.0
 11
-183.5
 21
-29.435
 31
0.0
  0
LINE
  5
F2
330
1F
100
AcDbEntity
  8
OUTLINE
  6
CONTINUOUS
 62
     2
100
AcDbLine
 10
-183.5
 20
-29.435
 30
0.0
 11
-182.434
 21
-30.5
 31
0.0
  0
LINE
  5
F3
330
1F
100
AcDbEntity
  8
OUTLINE
  6
CONTINUOUS
 62
     2
100
AcDbLine
 10
-168.5
 20
-29.435
 30
0.0
 11
-168.5
 21
74.125
 31
0.0
  0
LINE
  5
F4
330
1F
100
AcDbEntity
  8
OUTLINE
  6
CONTINUOUS
 62
     2
100
AcDbLine
 10
-168.5
 20
74.125
 30
0.0
 11
-169.69
 21
74.125
 31
0.0
  0
LINE
  5
F5
330
1F
100
AcDbEntity
  8
OUTLINE
  6
CONTINUOUS
 62
     2
100
AcDbLine
 10
-169.69
 20
74.125
 30
0.0
 11
-169.69
 21
-30.5
 31
0.0
  0
LINE
  5
F6
330
1F
100
AcDbEntity
  8
OUTLINE
  6
CONTINUOUS
 62
     2
100
AcDbLine
 10
-169.566
 20
-30.5
 30
0.0
 11
-168.5
 21
-29.435
 31
0.0
  0
LINE
  5
F7
330
1F
100
AcDbEntity
  8
OUTLINE
  6
CONTINUOUS
 62
     2
100
AcDbLine
 10
-169.691
 20
-29.5
 30
0.0
 11
-169.691
 21
-30.5
 31
0.0
  0
LINE
  5
F8
330
1F
100
AcDbEntity
  8
OUTLINE
  6
CONTINUOUS
 62
     2
100
AcDbLine
 10
-169.789717812
 20
-29.217892688
 30
0.0
 11
-169.729084161
 21
-29.308600528
 31
0.0
  0
LINE
  5
F9
330
1F
100
AcDbEntity
  8
OUTLINE
  6
CONTINUOUS
 62
     2
100
AcDbLine
 10
-169.729084161
 20
-29.308600528
 30
0.0
 11
-169.691
 21
-29.5
 31
0.0
  0
LINE
  5
FA
330
1F
100
AcDbEntity
  8
OUTLINE
  6
CONTINUOUS
 62
     2
100
AcDbLine
 10
-182.309
 20
-29.5
 30
0.0
 11
-182.270915839
 21
-29.308600528
 31
0.0
  0
LINE
  5
FB
330
1F
100
AcDbEntity
  8
OUTLINE
  6
CONTINUOUS
 62
     2
100
AcDbLine
 10
-182.270915839
 20
-29.308600528
 30
0.0
 11
-182.210282188
 21
-29.217892688
 31
0.0
  0
LINE
  5
FC
330
1F
100
AcDbEntity
  8
OUTLINE
  6
CONTINUOUS
 62
     2
100
AcDbLine
 10
-182.309
 20
-30.5
 30
0.0
 11
-182.309
 21
-29.5
 31
0.0
  0
LINE
  5
FD
330
1F
100
AcDbEntity
  8
OUTLINE
  6
CONTINUOUS
 62
     2
100
AcDbLine
 10
-169.837535031
 20
-29.14635821
 30
0.0
 11
-169.789717812
 21
-29.217892688
 31
0.0
  0
LINE
  5
FE
330
1F
100
AcDbEntity
  8
OUTLINE
  6
CONTINUOUS
 62
     2
100
AcDbLine
 10
-170.073690117
 20
-29.023330713
 30
0.0
 11
-169.999831568
 21
-29.037988495
 31
0.0
  0
LINE
  5
FF
330
1F
100
AcDbEntity
  8
OUTLINE
  6
CONTINUOUS
 62
     2
100
AcDbLine
 10
-169.999831568
 20
-29.037988495
 30
0.0
 11
-169.837535031
 21
-29.14635821
 31
0.0
  0
LINE
  5
100
330
1F
100
AcDbEntity
  8
OUTLINE
  6
CONTINUOUS
 62
     2
100
AcDbLine
 10
-182.000168432
 20
-29.037988495
 30
0.0
 11
-181.926309883
 21
-29.023330713
 31
0.0
  0
LINE
  5
101
330
1F
100
AcDbEntity
  8
OUTLINE
  6
CONTINUOUS
 62
     2
100
AcDbLine
 10
-182.210282188
 20
-29.217892688
 30
0.0
 11
-182.162464969
 21
-29.14635821
 31
0.0
  0
LINE
  5
102
330
1F
100
AcDbEntity
  8
OUTLINE
  6
CONTINUOUS
 62
     2
100
AcDbLine
 10
-182.162464969
 20
-29.14635821
 30
0.0
 11
-182.000168432
 21
-29.037988495
 31
0.0
  0
LINE
  5
103
330
1F
100
AcDbEntity
  8
OUTLINE
  6
CONTINUOUS
 62
     2
100
AcDbLine
 10
-170.191250062
 20
-29.000000063
 30
0.0
 11
-170.073690117
 21
-29.023330713
 31
0.0
  0
LINE
  5
104
330
1F
100
AcDbEntity
  8
OUTLINE
  6
CONTINUOUS
 62
     2
100
AcDbLine
 10
-170.498684704
 20
-29.115840398
 30
0.0
 11
-170.382630463
 21
-29.038179942
 31
0.0
  0
LINE
  5
105
330
1F
100
AcDbEntity
  8
OUTLINE
  6
CONTINUOUS
 62
     2
100
AcDbLine
 10
-170.382630463
 20
-29.038179942
 30
0.0
 11
-170.191250062
 21
-29.000000063
 31
0.0
  0
LINE
  5
106
330
1F
100
AcDbEntity
  8
OUTLINE
  6
CONTINUOUS
 62
     2
100
AcDbLine
 10
-181.617369537
 20
-29.038179942
 30
0.0
 11
-181.501315296
 21
-29.115840398
 31
0.0
  0
LINE
  5
107
330
1F
100
AcDbEntity
  8
OUTLINE
  6
CONTINUOUS
 62
     2
100
AcDbLine
 10
-181.926309883
 20
-29.023330713
 30
0.0
 11
-181.808749938
 21
-29.000000063
 31
0.0
  0
LINE
  5
108
330
1F
100
AcDbEntity
  8
OUTLINE
  6
CONTINUOUS
 62
     2
100
AcDbLine
 10
-181.808749938
 20
-29.000000063
 30
0.0
 11
-181.617369537
 21
-29.038179942
 31
0.0
  0
LINE
  5
109
330
1F
100
AcDbEntity
  8
OUTLINE
  6
CONTINUOUS
 62
     2
100
AcDbLine
 10
-181.501315296
 20
-29.115840398
 30
0.0
 11
-181.455181478
 21
-29.14671194
 31
0.0
  0
LINE
  5
10A
330
1F
100
AcDbEntity
  8
OUTLINE
  6
CONTINUOUS
 62
     2
100
AcDbLine
 10
-181.455181478
 20
-29.14671194
 30
0.0
 11
-181.346892945
 21
-29.309062655
 31
0.0
  0
LINE
  5
10B
330
1F
100
AcDbEntity
  8
OUTLINE
  6
CONTINUOUS
 62
     2
100
AcDbLine
 10
-181.346892945
 20
-29.309062655
 30
0.0
 11
-181.30900025
 21
-29.500500125
 31
0.0
  0
LINE
  5
10C
330
1F
100
AcDbEntity
  8
OUTLINE
  6
CONTINUOUS
 62
     2
100
AcDbLine
 10
-181.30900025
 20
-29.500500125
 30
0.0
 11
-181.309193296
 21
-29.69349763
 31
0.0
  0
LINE
  5
10D
330
1F
100
AcDbEntity
  8
OUTLINE
  6
CONTINUOUS
 62
     2
100
AcDbLine
 10
-181.309193296
 20
-29.69349763
 30
0.0
 11
-181.0
 21
-29.755
 31
0.0
  0
LINE
  5
10E
330
1F
100
AcDbEntity
  8
OUTLINE
  6
CONTINUOUS
 62
     2
100
AcDbLine
 10
-170.690806704
 20
-29.69349763
 30
0.0
 11
-170.69099975
 21
-29.500500125
 31
0.0
  0
LINE
  5
10F
330
1F
100
AcDbEntity
  8
OUTLINE
  6
CONTINUOUS
 62
     2
100
AcDbLine
 10
-170.69099975
 20
-29.500500125
 30
0.0
 11
-170.653107055
 21
-29.309062655
 31
0.0
  0
LINE
  5
110
330
1F
100
AcDbEntity
  8
OUTLINE
  6
CONTINUOUS
 62
     2
100
AcDbLine
 10
-170.653107055
 20
-29.309062655
 30
0.0
 11
-170.544818522
 21
-29.14671194
 31
0.0
  0
LINE
  5
111
330
1F
100
AcDbEntity
  8
OUTLINE
  6
CONTINUOUS
 62
     2
100
AcDbLine
 10
-170.544818522
 20
-29.14671194
 30
0.0
 11
-170.498684704
 21
-29.115840398
 31
0.0
  0
LINE
  5
112
330
1F
100
AcDbEntity
  8
OUTLINE
  6
CONTINUOUS
 62
     2
100
AcDbLine
 10
-171.0
 20
-29.755
 30
0.0
 11
-170.690806704
 21
-29.69349763
 31
0.0
  0
LINE
  5
113
330
1F
100
AcDbEntity
  8
OUTLINE
  6
CONTINUOUS
 62
     2
100
AcDbLine
 10
-170.69
 20
-30.5
 30
0.0
 11
-170.690806704
 21
-29.69349763
 31
0.0
  0
LINE
  5
114
330
1F
100
AcDbEntity
  8
OUTLINE
  6
CONTINUOUS
 62
     2
100
AcDbLine
 10
-181.309193296
 20
-29.69349763
 30
0.0
 11
-181.31
 21
-30.5
 31
0.0
  0
LINE
  5
115
330
1F
100
AcDbEntity
  8
OUTLINE
  6
CONTINUOUS
 62
     2
100
AcDbLine
 10
-181.0
 20
-29.755
 30
0.0
 11
-171.0
 21
-29.755
 31
0.0
  0
LINE
  5
116
330
1F
100
AcDbEntity
  8
OUTLINE
  6
CONTINUOUS
 62
     2
100
AcDbLine
 10
-192.0
 20
-30.5
 30
0.0
 11
-192.0
 21
-33.0
 31
0.0
  0
LINE
  5
117
330
1F
100
AcDbEntity
  8
OUTLINE
  6
CONTINUOUS
 62
     2
100
AcDbLine
 10
-192.0
 20
-33.0
 30
0.0
 11
-160.0
 21
-33.0
 31
0.0
  0
LINE
  5
118
330
1F
100
AcDbEntity
  8
OUTLINE
  6
CONTINUOUS
 62
     2
100
AcDbLine
 10
-160.0
 20
-33.0
 30
0.0
 11
-160.0
 21
-30.5
 31
0.0
  0
LINE
  5
119
330
1F
100
AcDbEntity
  8
OUTLINE
  6
CONTINUOUS
 62
     2
100
AcDbLine
 10
-160.0
 20
-30.5
 30
0.0
 11
-192.0
 21
-30.5
 31
0.0
  0
LINE
  5
11A
330
1F
100
AcDbEntity
  8
OUTLINE
  6
CONTINUOUS
 62
     2
100
AcDbLine
 10
-230.500286426
 20
74.75
 30
0.0
 11
-242.127786426
 21
74.75
 31
0.0
  0
LINE
  5
11B
330
1F
100
AcDbEntity
  8
OUTLINE
  6
CONTINUOUS
 62
     2
100
AcDbLine
 10
-242.127786426
 20
74.75
 30
0.0
 11
-242.127786426
 21
74.37
 31
0.0
  0
LINE
  5
11C
330
1F
100
AcDbEntity
  8
OUTLINE
  6
CONTINUOUS
 62
     2
100
AcDbLine
 10
-242.127786426
 20
74.37
 30
0.0
 11
-230.500286426
 21
74.37
 31
0.0
  0
LINE
  5
11D
330
1F
100
AcDbEntity
  8
OUTLINE
  6
CONTINUOUS
 62
     2
100
AcDbLine
 10
-230.500286426
 20
74.37
 30
0.0
 11
-230.500286426
 21
74.75
 31
0.0
  0
LINE
  5
11E
330
1F
100
AcDbEntity
  8
OUTLINE
  6
CONTINUOUS
 62
     2
100
AcDbLine
 10
-242.127786426
 20
74.37
 30
0.0
 11
-242.127786426
 21
74.318047781
 31
0.0
  0
LINE
  5
11F
330
1F
100
AcDbEntity
  8
OUTLINE
  6
CONTINUOUS
 62
     2
100
AcDbLine
 10
-230.489952487
 20
74.318047781
 30
0.0
 11
-230.491322047
 21
74.324933027
 31
0.0
  0
LINE
  5
120
330
1F
100
AcDbEntity
  8
OUTLINE
  6
CONTINUOUS
 62
     2
100
AcDbLine
 10
-230.491322047
 20
74.324933027
 30
0.0
 11
-230.500286426
 21
74.333897405
 31
0.0
  0
LINE
  5
121
330
1F
100
AcDbEntity
  8
OUTLINE
  6
CONTINUOUS
 62
     2
100
AcDbLine
 10
-230.500286426
 20
74.333897405
 30
0.0
 11
-230.500286426
 21
74.37
 31
0.0
  0
LINE
  5
122
330
1F
100
AcDbEntity
  8
OUTLINE
  6
CONTINUOUS
 62
     2
100
AcDbLine
 10
-230.491322047
 20
74.324933027
 30
0.0
 11
-230.500286426
 21
74.37
 31
0.0
  0
LINE
  5
123
330
1F
100
AcDbEntity
  8
OUTLINE
  6
CONTINUOUS
 62
     2
100
AcDbLine
 10
-242.127786426
 20
74.318047781
 30
0.0
 11
-242.127786426
 21
74.170100378
 31
0.0
  0
LINE
  5
124
330
1F
100
AcDbEntity
  8
OUTLINE
  6
CONTINUOUS
 62
     2
100
AcDbLine
 10
-230.456507982
 20
74.170100378
 30
0.0
 11
-230.462226192
 21
74.178658284
 31
0.0
  0
LINE
  5
125
330
1F
100
AcDbEntity
  8
OUTLINE
  6
CONTINUOUS
 62
     2
100
AcDbLine
 10
-230.462226192
 20
74.178658284
 30
0.0
 11
-230.489952487
 21
74.318047781
 31
0.0
  0
LINE
  5
126
330
1F
100
AcDbEntity
  8
OUTLINE
  6
CONTINUOUS
 62
     2
100
AcDbLine
 10
-242.127786426
 20
74.170100378
 30
0.0
 11
-242.127786426
 21
73.948681443
 31
0.0
  0
LINE
  5
127
330
1F
100
AcDbEntity
  8
OUTLINE
  6
SDS2_5
 62
     1
100
AcDbLine
 10
-230.252422077
 20
73.948681443
 30
0.0
 11
-230.353839816
 21
74.016446609
 31
0.0
  0
LINE
  5
128
330
1F
100
AcDbEntity
  8
OUTLINE
  6
SDS2_5
 62
     1
100
AcDbLine
 10
-230.353839816
 20
74.016446609
 30
0.0
 11
-230.42778645
 21
74.127115567
 31
0.0
  0
LINE
  5
129
330
1F
100
AcDbEntity
  8
OUTLINE
  6
CONTINUOUS
 62
     2
100
AcDbLine
 10
-230.42778645
 20
74.127115567
 30
0.0
 11
-230.456507982
 21
74.170100378
 31
0.0
  0
LINE
  5
12A
330
1F
100
AcDbEntity
  8
OUTLINE
  6
SDS2_5
 62
     1
100
AcDbLine
 10
-230.191628142
 20
73.883869056
 30
0.0
 11
-230.200617862
 21
73.914066973
 31
0.0
  0
LINE
  5
12B
330
1F
100
AcDbEntity
  8
OUTLINE
  6
SDS2_5
 62
     1
100
AcDbLine
 10
-230.200617862
 20
73.914066973
 30
0.0
 11
-230.252422077
 21
73.948681443
 31
0.0
  0
LINE
  5
12C
330
1F
100
AcDbEntity
  8
OUTLINE
  6
CONTINUOUS
 62
     2
100
AcDbLine
 10
-242.127786426
 20
73.948681443
 30
0.0
 11
-242.127786426
 21
73.6875
 31
0.0
  0
LINE
  5
12D
330
1F
100
AcDbEntity
  8
OUTLINE
  6
SDS2_5
 62
     1
100
AcDbLine
 10
-223.000286426
 20
73.692527339
 30
0.0
 11
-230.000286426
 21
73.692527339
 31
0.0
  0
LINE
  5
12E
330
1F
100
AcDbEntity
  8
OUTLINE
  6
SDS2_5
 62
     1
100
AcDbLine
 10
-230.000286426
 20
73.692527339
 30
0.0
 11
-230.191628142
 21
73.883869056
 31
0.0
  0
LINE
  5
12F
330
1F
100
AcDbEntity
  8
OUTLINE
  6
SDS2_5
 62
     1
100
AcDbLine
 10
-230.191628142
 20
73.908060234
 30
0.0
 11
-230.000286426
 21
73.87
 31
0.0
  0
LINE
  5
130
330
1F
100
AcDbEntity
  8
OUTLINE
  6
SDS2_5
 62
     1
100
AcDbLine
 10
-230.000286426
 20
73.87
 30
0.0
 11
-223.000286426
 21
73.87
 31
0.0
  0
LINE
  5
131
330
1F
100
AcDbEntity
  8
OUTLINE
  6
CONTINUOUS
 62
     2
100
AcDbLine
 10
-242.127786426
 20
68.64
 30
0.0
 11
-230.427786426
 21
68.64
 31
0.0
  0
LINE
  5
132
330
1F
100
AcDbEntity
  8
OUTLINE
  6
SDS2_5
 62
     1
100
AcDbLine
 10
-230.427786426
 20
68.64
 30
0.0
 11
-223.000286426
 21
68.64
 31
0.0
  0
LINE
  5
133
330
1F
100
AcDbEntity
  8
OUTLINE
  6
CONTINUOUS
 62
     2
100
AcDbLine
 10
-242.127786426
 20
73.6875
 30
0.0
 11
-242.127786426
 21
68.64
 31
0.0
  0
LINE
  5
134
330
1F
100
AcDbEntity
  8
OUTLINE
  6
CONTINUOUS
 62
     2
100
AcDbLine
 10
-222.392786426
 20
-8.12349988
 30
0.0
 11
-222.017786426
 21
-8.12349988
 31
0.0
  0
LINE
  5
135
330
1F
100
AcDbEntity
  8
OUTLINE
  6
CONTINUOUS
 62
     2
100
AcDbLine
 10
-222.017786426
 20
-8.12349988
 30
0.0
 11
-222.017786426
 21
11.60400012
 31
0.0
  0
LINE
  5
136
330
1F
100
AcDbEntity
  8
OUTLINE
  6
CONTINUOUS
 62
     2
100
AcDbLine
 10
-222.017786426
 20
11.60400012
 30
0.0
 11
-222.392786426
 21
11.60400012
 31
0.0
  0
LINE
  5
137
330
1F
100
AcDbEntity
  8
OUTLINE
  6
CONTINUOUS
 62
     2
100
AcDbLine
 10
-222.392786426
 20
11.60400012
 30
0.0
 11
-222.392786426
 21
-8.12349988
 31
0.0
  0
LINE
  5
138
330
1F
100
AcDbEntity
  8
OUTLINE
  6
CONTINUOUS
 62
     2
100
AcDbLine
 10
-222.017786426
 20
72.79
 30
0.0
 11
-222.392786426
 21
72.79
 31
0.0
  0
LINE
  5
139
330
1F
100
AcDbEntity
  8
OUTLINE
  6
CONTINUOUS
 62
     2
100
AcDbLine
 10
-222.392786426
 20
72.79
 30
0.0
 11
-222.392786426
 21
53.0625
 31
0.0
  0
LINE
  5
13A
330
1F
100
AcDbEntity
  8
OUTLINE
  6
CONTINUOUS
 62
     2
100
AcDbLine
 10
-222.392786426
 20
53.0625
 30
0.0
 11
-222.017786426
 21
53.0625
 31
0.0
  0
LINE
  5
13B
330
1F
100
AcDbEntity
  8
OUTLINE
  6
CONTINUOUS
 62
     2
100
AcDbLine
 10
-222.017786426
 20
53.0625
 30
0.0
 11
-222.017786426
 21
72.79
 31
0.0
  0
LINE
  5
13C
330
1F
100
AcDbEntity
  8
OUTLINE
  6
CONTINUOUS
 62
     2
100
AcDbLine
 10
-230.42778645
 20
74.75
 30
0.0
 11
-230.42778645
 21
74.125
 31
0.0
  0
LINE
  5
13D
330
1F
100
AcDbEntity
  8
OUTLINE
  6
CONTINUOUS
 62
     2
100
AcDbLine
 10
-230.42778645
 20
74.125
 30
0.0
 11
-214.827786426
 21
74.125
 31
0.0
  0
LINE
  5
13E
330
1F
100
AcDbEntity
  8
OUTLINE
  6
CONTINUOUS
 62
     2
100
AcDbLine
 10
-214.827786426
 20
74.125
 30
0.0
 11
-214.827786426
 21
74.75
 31
0.0
  0
LINE
  5
13F
330
1F
100
AcDbEntity
  8
OUTLINE
  6
CONTINUOUS
 62
     2
100
AcDbLine
 10
-214.827786426
 20
74.75
 30
0.0
 11
-230.42778645
 21
74.75
 31
0.0
  0
LINE
  5
140
330
1F
100
AcDbEntity
  8
OUTLINE
  6
SDS2_5
 62
     1
100
AcDbLine
 10
-221.005286426
 20
51.635
 30
0.0
 11
-221.005286426
 21
51.01
 31
0.0
  0
LINE
  5
141
330
1F
100
AcDbEntity
  8
OUTLINE
  6
SDS2_5
 62
     1
100
AcDbLine
 10
-221.005286426
 20
51.01
 30
0.0
 11
-214.880286426
 21
51.01
 31
0.0
  0
LINE
  5
142
330
1F
100
AcDbEntity
  8
OUTLINE
  6
SDS2_5
 62
     1
100
AcDbLine
 10
-214.880286426
 20
51.01
 30
0.0
 11
-214.880286426
 21
51.635
 31
0.0
  0
LINE
  5
143
330
1F
100
AcDbEntity
  8
OUTLINE
  6
SDS2_5
 62
     1
100
AcDbLine
 10
-214.880286426
 20
51.635
 30
0.0
 11
-221.005286426
 21
51.635
 31
0.0
  0
LINE
  5
144
330
1F
100
AcDbEntity
  8
OUTLINE
  6
SDS2_5
 62
     1
100
AcDbLine
 10
-222.255286426
 20
51.635
 30
0.0
 11
-222.255286426
 21
51.01
 31
0.0
  0
LINE
  5
145
330
1F
100
AcDbEntity
  8
OUTLINE
  6
SDS2_5
 62
     1
100
AcDbLine
 10
-222.255286426
 20
51.01
 30
0.0
 11
-221.005286426
 21
51.01
 31
0.0
  0
LINE
  5
146
330
1F
100
AcDbEntity
  8
OUTLINE
  6
SDS2_5
 62
     1
100
AcDbLine
 10
-221.005286426
 20
51.635
 30
0.0
 11
-222.255286426
 21
51.635
 31
0.0
  0
LINE
  5
147
330
1F
100
AcDbEntity
  8
OUTLINE
  6
SDS2_5
 62
     1
100
AcDbLine
 10
-230.375286426
 20
51.635
 30
0.0
 11
-230.375286426
 21
51.01
 31
0.0
  0
LINE
  5
148
330
1F
100
AcDbEntity
  8
OUTLINE
  6
SDS2_5
 62
     1
100
AcDbLine
 10
-230.375286426
 20
51.01
 30
0.0
 11
-224.250286426
 21
51.01
 31
0.0
  0
LINE
  5
149
330
1F
100
AcDbEntity
  8
OUTLINE
  6
SDS2_5
 62
     1
100
AcDbLine
 10
-224.250286426
 20
51.01
 30
0.0
 11
-224.250286426
 21
51.635
 31
0.0
  0
LINE
  5
14A
330
1F
100
AcDbEntity
  8
OUTLINE
  6
SDS2_5
 62
     1
100
AcDbLine
 10
-224.250286426
 20
51.635
 30
0.0
 11
-230.375286426
 21
51.635
 31
0.0
  0
LINE
  5
14B
330
1F
100
AcDbEntity
  8
OUTLINE
  6
SDS2_5
 62
     1
100
AcDbLine
 10
-224.250286426
 20
51.01
 30
0.0
 11
-223.000286426
 21
51.01
 31
0.0
  0
LINE
  5
14C
330
1F
100
AcDbEntity
  8
OUTLINE
  6
SDS2_5
 62
     1
100
AcDbLine
 10
-223.000286426
 20
51.01
 30
0.0
 11
-223.000286426
 21
51.635
 31
0.0
  0
LINE
  5
14D
330
1F
100
AcDbEntity
  8
OUTLINE
  6
SDS2_5
 62
     1
100
AcDbLine
 10
-223.000286426
 20
51.635
 30
0.0
 11
-224.250286426
 21
51.635
 31
0.0
  0
LINE
  5
14E
330
1F
100
AcDbEntity
  8
OUTLINE
  6
SDS2_5
 62
     1
100
AcDbLine
 10
-221.005286426
 20
-9.6
 30
0.0
 11
-221.005286426
 21
-10.35
 31
0.0
  0
LINE
  5
14F
330
1F
100
AcDbEntity
  8
OUTLINE
  6
SDS2_5
 62
     1
100
AcDbLine
 10
-221.005286426
 20
-10.35
 30
0.0
 11
-214.880286426
 21
-10.35
 31
0.0
  0
LINE
  5
150
330
1F
100
AcDbEntity
  8
OUTLINE
  6
SDS2_5
 62
     1
100
AcDbLine
 10
-214.880286426
 20
-10.35
 30
0.0
 11
-214.880286426
 21
-9.6
 31
0.0
  0
LINE
  5
151
330
1F
100
AcDbEntity
  8
OUTLINE
  6
SDS2_5
 62
     1
100
AcDbLine
 10
-214.880286426
 20
-9.6
 30
0.0
 11
-221.005286426
 21
-9.6
 31
0.0
  0
LINE
  5
152
330
1F
100
AcDbEntity
  8
OUTLINE
  6
SDS2_5
 62
     1
100
AcDbLine
 10
-222.255286426
 20
-9.6
 30
0.0
 11
-222.255286426
 21
-10.35
 31
0.0
  0
LINE
  5
153
330
1F
100
AcDbEntity
  8
OUTLINE
  6
SDS2_5
 62
     1
100
AcDbLine
 10
-222.255286426
 20
-10.35
 30
0.0
 11
-221.005286426
 21
-10.35
 31
0.0
  0
LINE
  5
154
330
1F
100
AcDbEntity
  8
OUTLINE
  6
SDS2_5
 62
     1
100
AcDbLine
 10
-221.005286426
 20
-9.6
 30
0.0
 11
-222.255286426
 21
-9.6
 31
0.0
  0
LINE
  5
155
330
1F
100
AcDbEntity
  8
OUTLINE
  6
SDS2_5
 62
     1
100
AcDbLine
 10
-230.375286426
 20
-9.6
 30
0.0
 11
-230.375286426
 21
-10.35
 31
0.0
  0
LINE
  5
156
330
1F
100
AcDbEntity
  8
OUTLINE
  6
SDS2_5
 62
     1
100
AcDbLine
 10
-230.375286426
 20
-10.35
 30
0.0
 11
-224.250286426
 21
-10.35
 31
0.0
  0
LINE
  5
157
330
1F
100
AcDbEntity
  8
OUTLINE
  6
SDS2_5
 62
     1
100
AcDbLine
 10
-224.250286426
 20
-10.35
 30
0.0
 11
-224.250286426
 21
-9.6
 31
0.0
  0
LINE
  5
158
330
1F
100
AcDbEntity
  8
OUTLINE
  6
SDS2_5
 62
     1
100
AcDbLine
 10
-224.250286426
 20
-9.6
 30
0.0
 11
-230.375286426
 21
-9.6
 31
0.0
  0
LINE
  5
159
330
1F
100
AcDbEntity
  8
OUTLINE
  6
SDS2_5
 62
     1
100
AcDbLine
 10
-224.250286426
 20
-10.35
 30
0.0
 11
-223.000286426
 21
-10.35
 31
0.0
  0
LINE
  5
15A
330
1F
100
AcDbEntity
  8
OUTLINE
  6
SDS2_5
 62
     1
100
AcDbLine
 10
-223.000286426
 20
-10.35
 30
0.0
 11
-223.000286426
 21
-9.6
 31
0.0
  0
LINE
  5
15B
330
1F
100
AcDbEntity
  8
OUTLINE
  6
SDS2_5
 62
     1
100
AcDbLine
 10
-223.000286426
 20
-9.6
 30
0.0
 11
-224.250286426
 21
-9.6
 31
0.0
  0
LINE
  5
15C
330
1F
100
AcDbEntity
  8
OUTLINE
  6
SDS2_5
 62
     1
100
AcDbLine
 10
-221.005286426
 20
13.75
 30
0.0
 11
-221.005286426
 21
13.0
 31
0.0
  0
LINE
  5
15D
330
1F
100
AcDbEntity
  8
OUTLINE
  6
SDS2_5
 62
     1
100
AcDbLine
 10
-221.005286426
 20
13.0
 30
0.0
 11
-214.880286426
 21
13.0
 31
0.0
  0
LINE
  5
15E
330
1F
100
AcDbEntity
  8
OUTLINE
  6
SDS2_5
 62
     1
100
AcDbLine
 10
-214.880286426
 20
13.0
 30
0.0
 11
-214.880286426
 21
13.75
 31
0.0
  0
LINE
  5
15F
330
1F
100
AcDbEntity
  8
OUTLINE
  6
SDS2_5
 62
     1
100
AcDbLine
 10
-214.880286426
 20
13.75
 30
0.0
 11
-221.005286426
 21
13.75
 31
0.0
  0
LINE
  5
160
330
1F
100
AcDbEntity
  8
OUTLINE
  6
SDS2_5
 62
     1
100
AcDbLine
 10
-222.255286426
 20
13.75
 30
0.0
 11
-222.255286426
 21
13.0
 31
0.0
  0
LINE
  5
161
330
1F
100
AcDbEntity
  8
OUTLINE
  6
SDS2_5
 62
     1
100
AcDbLine
 10
-222.255286426
 20
13.0
 30
0.0
 11
-221.005286426
 21
13.0
 31
0.0
  0
LINE
  5
162
330
1F
100
AcDbEntity
  8
OUTLINE
  6
SDS2_5
 62
     1
100
AcDbLine
 10
-221.005286426
 20
13.75
 30
0.0
 11
-222.255286426
 21
13.75
 31
0.0
  0
LINE
  5
163
330
1F
100
AcDbEntity
  8
OUTLINE
  6
SDS2_5
 62
     1
100
AcDbLine
 10
-230.375286426
 20
13.75
 30
0.0
 11
-230.375286426
 21
13.0
 31
0.0
  0
LINE
  5
164
330
1F
100
AcDbEntity
  8
OUTLINE
  6
SDS2_5
 62
     1
100
AcDbLine
 10
-230.375286426
 20
13.0
 30
0.0
 11
-224.250286426
 21
13.0
 31
0.0
  0
LINE
  5
165
330
1F
100
AcDbEntity
  8
OUTLINE
  6
SDS2_5
 62
     1
100
AcDbLine
 10
-224.250286426
 20
13.0
 30
0.0
 11
-224.250286426
 21
13.75
 31
0.0
  0
LINE
  5
166
330
1F
100
AcDbEntity
  8
OUTLINE
  6
SDS2_5
 62
     1
100
AcDbLine
 10
-224.250286426
 20
13.75
 30
0.0
 11
-230.375286426
 21
13.75
 31
0.0
  0
LINE
  5
167
330
1F
100
AcDbEntity
  8
OUTLINE
  6
SDS2_5
 62
     1
100
AcDbLine
 10
-224.250286426
 20
13.0
 30
0.0
 11
-223.000286426
 21
13.0
 31
0.0
  0
LINE
  5
168
330
1F
100
AcDbEntity
  8
OUTLINE
  6
SDS2_5
 62
     1
100
AcDbLine
 10
-223.000286426
 20
13.0
 30
0.0
 11
-223.000286426
 21
13.75
 31
0.0
  0
LINE
  5
169
330
1F
100
AcDbEntity
  8
OUTLINE
  6
SDS2_5
 62
     1
100
AcDbLine
 10
-223.000286426
 20
13.75
 30
0.0
 11
-224.250286426
 21
13.75
 31
0.0
  0
LINE
  5
16A
330
1F
100
AcDbEntity
  8
OUTLINE
  6
CONTINUOUS
 62
     2
100
AcDbLine
 10
-230.500286426
 20
13.75
 30
0.0
 11
-253.825286426
 21
13.75
 31
0.0
  0
LINE
  5
16B
330
1F
100
AcDbEntity
  8
OUTLINE
  6
CONTINUOUS
 62
     2
100
AcDbLine
 10
-253.825286426
 20
13.75
 30
0.0
 11
-253.825286426
 21
13.37
 31
0.0
  0
LINE
  5
16C
330
1F
100
AcDbEntity
  8
OUTLINE
  6
CONTINUOUS
 62
     2
100
AcDbLine
 10
-253.825286426
 20
13.37
 30
0.0
 11
-230.500286426
 21
13.37
 31
0.0
  0
LINE
  5
16D
330
1F
100
AcDbEntity
  8
OUTLINE
  6
CONTINUOUS
 62
     2
100
AcDbLine
 10
-230.500286426
 20
13.37
 30
0.0
 11
-230.500286426
 21
13.75
 31
0.0
  0
LINE
  5
16E
330
1F
100
AcDbEntity
  8
OUTLINE
  6
CONTINUOUS
 62
     2
100
AcDbLine
 10
-253.825286426
 20
13.37
 30
0.0
 11
-253.825286426
 21
13.318047781
 31
0.0
  0
LINE
  5
16F
330
1F
100
AcDbEntity
  8
OUTLINE
  6
CONTINUOUS
 62
     2
100
AcDbLine
 10
-230.489952487
 20
13.318047781
 30
0.0
 11
-230.491322047
 21
13.324933027
 31
0.0
  0
LINE
  5
170
330
1F
100
AcDbEntity
  8
OUTLINE
  6
CONTINUOUS
 62
     2
100
AcDbLine
 10
-230.491322047
 20
13.324933027
 30
0.0
 11
-230.500286426
 21
13.333897405
 31
0.0
  0
LINE
  5
171
330
1F
100
AcDbEntity
  8
OUTLINE
  6
CONTINUOUS
 62
     2
100
AcDbLine
 10
-230.500286426
 20
13.333897405
 30
0.0
 11
-230.500286426
 21
13.37
 31
0.0
  0
LINE
  5
172
330
1F
100
AcDbEntity
  8
OUTLINE
  6
CONTINUOUS
 62
     2
100
AcDbLine
 10
-230.491322047
 20
13.324933027
 30
0.0
 11
-230.500286426
 21
13.37
 31
0.0
  0
LINE
  5
173
330
1F
100
AcDbEntity
  8
OUTLINE
  6
CONTINUOUS
 62
     2
100
AcDbLine
 10
-253.825286426
 20
13.318047781
 30
0.0
 11
-253.825286426
 21
13.170100378
 31
0.0
  0
LINE
  5
174
330
1F
100
AcDbEntity
  8
OUTLINE
  6
CONTINUOUS
 62
     2
100
AcDbLine
 10
-230.456507982
 20
13.170100378
 30
0.0
 11
-230.462226192
 21
13.178658284
 31
0.0
  0
LINE
  5
175
330
1F
100
AcDbEntity
  8
OUTLINE
  6
CONTINUOUS
 62
     2
100
AcDbLine
 10
-230.462226192
 20
13.178658284
 30
0.0
 11
-230.489952487
 21
13.318047781
 31
0.0
  0
LINE
  5
176
330
1F
100
AcDbEntity
  8
OUTLINE
  6
CONTINUOUS
 62
     2
100
AcDbLine
 10
-253.825286426
 20
13.170100378
 30
0.0
 11
-253.825286426
 21
12.948681443
 31
0.0
  0
LINE
  5
177
330
1F
100
AcDbEntity
  8
OUTLINE
  6
SDS2_5
 62
     1
100
AcDbLine
 10
-230.252422077
 20
12.948681443
 30
0.0
 11
-230.353839816
 21
13.016446609
 31
0.0
  0
LINE
  5
178
330
1F
100
AcDbEntity
  8
OUTLINE
  6
SDS2_5
 62
     1
100
AcDbLine
 10
-230.353839816
 20
13.016446609
 30
0.0
 11
-230.427786426
 21
13.127115531
 31
0.0
  0
LINE
  5
179
330
1F
100
AcDbEntity
  8
OUTLINE
  6
CONTINUOUS
 62
     2
100
AcDbLine
 10
-230.427786426
 20
13.127115531
 30
0.0
 11
-230.456507982
 21
13.170100378
 31
0.0
  0
LINE
  5
17A
330
1F
100
AcDbEntity
  8
OUTLINE
  6
SDS2_5
 62
     1
100
AcDbLine
 10
-230.200617862
 20
12.914066973
 30
0.0
 11
-230.252422077
 21
12.948681443
 31
0.0
  0
LINE
  5
17B
330
1F
100
AcDbEntity
  8
OUTLINE
  6
CONTINUOUS
 62
     2
100
AcDbLine
 10
-253.825286426
 20
12.948681443
 30
0.0
 11
-253.825286426
 21
12.6875
 31
0.0
  0
LINE
  5
17C
330
1F
100
AcDbEntity
  8
OUTLINE
  6
SDS2_5
 62
     1
100
AcDbLine
 10
-223.000286426
 20
12.692527339
 30
0.0
 11
-230.000286426
 21
12.692527339
 31
0.0
  0
LINE
  5
17D
330
1F
100
AcDbEntity
  8
OUTLINE
  6
SDS2_5
 62
     1
100
AcDbLine
 10
-230.000286426
 20
12.692527339
 30
0.0
 11
-230.191628142
 21
12.883869056
 31
0.0
  0
LINE
  5
17E
330
1F
100
AcDbEntity
  8
OUTLINE
  6
SDS2_5
 62
     1
100
AcDbLine
 10
-230.191628142
 20
12.883869056
 30
0.0
 11
-230.200617862
 21
12.914066973
 31
0.0
  0
LINE
  5
17F
330
1F
100
AcDbEntity
  8
OUTLINE
  6
SDS2_5
 62
     1
100
AcDbLine
 10
-230.191628142
 20
12.908060234
 30
0.0
 11
-230.000286426
 21
12.87
 31
0.0
  0
LINE
  5
180
330
1F
100
AcDbEntity
  8
OUTLINE
  6
SDS2_5
 62
     1
100
AcDbLine
 10
-230.000286426
 20
12.87
 30
0.0
 11
-223.000286426
 21
12.87
 31
0.0
  0
LINE
  5
181
330
1F
100
AcDbEntity
  8
OUTLINE
  6
CONTINUOUS
 62
     2
100
AcDbLine
 10
-253.825286426
 20
12.6875
 30
0.0
 11
-253.825286426
 21
7.64
 31
0.0
  0
LINE
  5
182
330
1F
100
AcDbEntity
  8
OUTLINE
  6
CONTINUOUS
 62
     2
100
AcDbLine
 10
-253.825286426
 20
7.64
 30
0.0
 11
-230.427786426
 21
7.64
 31
0.0
  0
LINE
  5
183
330
1F
100
AcDbEntity
  8
OUTLINE
  6
SDS2_5
 62
     1
100
AcDbLine
 10
-230.427786426
 20
7.64
 30
0.0
 11
-223.000286426
 21
7.64
 31
0.0
  0
LINE
  5
184
330
1F
100
AcDbEntity
  8
OUTLINE
  6
CONTINUOUS
 62
     2
100
AcDbLine
 10
-214.827786426
 20
-30.5
 30
0.0
 11
-214.827786426
 21
-29.435
 31
0.0
  0
LINE
  5
185
330
1F
100
AcDbEntity
  8
OUTLINE
  6
CONTINUOUS
 62
     2
100
AcDbLine
 10
-230.427786426
 20
-29.435
 30
0.0
 11
-230.427786426
 21
-30.5
 31
0.0
  0
LINE
  5
186
330
1F
100
AcDbEntity
  8
OUTLINE
  6
CONTINUOUS
 62
     2
100
AcDbLine
 10
-214.827786426
 20
-29.435
 30
0.0
 11
-214.827786426
 21
74.125
 31
0.0
  0
LINE
  5
187
330
1F
100
AcDbEntity
  8
OUTLINE
  6
CONTINUOUS
 62
     2
100
AcDbLine
 10
-214.827786426
 20
74.125
 30
0.0
 11
-230.427786426
 21
74.125
 31
0.0
  0
LINE
  5
188
330
1F
100
AcDbEntity
  8
OUTLINE
  6
CONTINUOUS
 62
     2
100
AcDbLine
 10
-230.427786426
 20
74.125
 30
0.0
 11
-230.427786426
 21
-29.435
 31
0.0
  0
LINE
  5
189
330
1F
100
AcDbEntity
  8
OUTLINE
  6
CONTINUOUS
 62
     2
100
AcDbLine
 10
-230.427786426
 20
-29.435
 30
0.0
 11
-214.827786426
 21
-29.435
 31
0.0
  0
LINE
  5
18A
330
1F
100
AcDbEntity
  8
OUTLINE
  6
SDS2_5
 62
     1
100
AcDbLine
 10
-220.950313765
 20
-29.5
 30
0.0
 11
-221.141775772
 21
-29.308600528
 31
0.0
  0
LINE
  5
18B
330
1F
100
AcDbEntity
  8
OUTLINE
  6
SDS2_5
 62
     1
100
AcDbLine
 10
-221.141775772
 20
-29.308600528
 30
0.0
 11
-221.446601722
 21
-29.217892688
 31
0.0
  0
LINE
  5
18C
330
1F
100
AcDbEntity
  8
OUTLINE
  6
SDS2_5
 62
     1
100
AcDbLine
 10
-220.950313765
 20
-30.5
 30
0.0
 11
-220.950313765
 21
-29.5
 31
0.0
  0
LINE
  5
18D
330
1F
100
AcDbEntity
  8
OUTLINE
  6
SDS2_5
 62
     1
100
AcDbLine
 10
-224.305259086
 20
-29.5
 30
0.0
 11
-224.305259086
 21
-30.5
 31
0.0
  0
LINE
  5
18E
330
1F
100
AcDbEntity
  8
OUTLINE
  6
SDS2_5
 62
     1
100
AcDbLine
 10
-223.808971129
 20
-29.217892688
 30
0.0
 11
-224.113797079
 21
-29.308600528
 31
0.0
  0
LINE
  5
18F
330
1F
100
AcDbEntity
  8
OUTLINE
  6
SDS2_5
 62
     1
100
AcDbLine
 10
-224.113797079
 20
-29.308600528
 30
0.0
 11
-224.305259086
 21
-29.5
 31
0.0
  0
LINE
  5
190
330
1F
100
AcDbEntity
  8
OUTLINE
  6
SDS2_5
 62
     1
100
AcDbLine
 10
-221.76105918
 20
-29.037988495
 30
0.0
 11
-221.871596309
 21
-29.023330713
 31
0.0
  0
LINE
  5
191
330
1F
100
AcDbEntity
  8
OUTLINE
  6
SDS2_5
 62
     1
100
AcDbLine
 10
-221.446601722
 20
-29.217892688
 30
0.0
 11
-221.518165247
 21
-29.14635821
 31
0.0
  0
LINE
  5
192
330
1F
100
AcDbEntity
  8
OUTLINE
  6
SDS2_5
 62
     1
100
AcDbLine
 10
-221.518165247
 20
-29.14635821
 30
0.0
 11
-221.76105918
 21
-29.037988495
 31
0.0
  0
LINE
  5
193
330
1F
100
AcDbEntity
  8
OUTLINE
  6
SDS2_5
 62
     1
100
AcDbLine
 10
-223.737407605
 20
-29.14635821
 30
0.0
 11
-223.808971129
 21
-29.217892688
 31
0.0
  0
LINE
  5
194
330
1F
100
AcDbEntity
  8
OUTLINE
  6
SDS2_5
 62
     1
100
AcDbLine
 10
-223.383976542
 20
-29.023330713
 30
0.0
 11
-223.494513672
 21
-29.037988495
 31
0.0
  0
LINE
  5
195
330
1F
100
AcDbEntity
  8
OUTLINE
  6
SDS2_5
 62
     1
100
AcDbLine
 10
-223.494513672
 20
-29.037988495
 30
0.0
 11
-223.737407605
 21
-29.14635821
 31
0.0
  0
LINE
  5
196
330
1F
100
AcDbEntity
  8
OUTLINE
  6
SDS2_5
 62
     1
100
AcDbLine
 10
-221.871596309
 20
-29.023330713
 30
0.0
 11
-221.950147354
 21
-29.000000063
 31
0.0
  0
LINE
  5
197
330
1F
100
AcDbEntity
  8
OUTLINE
  6
SDS2_5
 62
     1
100
AcDbLine
 10
-223.305425498
 20
-29.000000063
 30
0.0
 11
-223.383976542
 21
-29.023330713
 31
0.0
  0
LINE
  5
198
330
1F
100
AcDbEntity
  8
OUTLINE
  6
SDS2_5
 62
     1
100
AcDbLine
 10
-221.950147354
 20
-29.000000063
 30
0.0
 11
-222.078023649
 21
-29.038179942
 31
0.0
  0
LINE
  5
199
330
1F
100
AcDbEntity
  8
OUTLINE
  6
SDS2_5
 62
     1
100
AcDbLine
 10
-223.177549202
 20
-29.038179942
 30
0.0
 11
-223.305425498
 21
-29.000000063
 31
0.0
  0
LINE
  5
19A
330
1F
100
AcDbEntity
  8
OUTLINE
  6
SDS2_5
 62
     1
100
AcDbLine
 10
-223.305425498
 20
-29.000000063
 30
0.0
 11
-221.950147354
 21
-29.000000063
 31
0.0
  0
LINE
  5
19B
330
1F
100
AcDbEntity
  8
OUTLINE
  6
SDS2_5
 62
     1
100
AcDbLine
 10
-222.078023649
 20
-29.038179942
 30
0.0
 11
-222.155568613
 21
-29.115840398
 31
0.0
  0
LINE
  5
19C
330
1F
100
AcDbEntity
  8
OUTLINE
  6
SDS2_5
 62
     1
100
AcDbLine
 10
-222.155568613
 20
-29.115840398
 30
0.0
 11
-222.1647452
 21
-29.14671194
 31
0.0
  0
LINE
  5
19D
330
1F
100
AcDbEntity
  8
OUTLINE
  6
SDS2_5
 62
     1
100
AcDbLine
 10
-223.090827651
 20
-29.14671194
 30
0.0
 11
-223.100004238
 21
-29.115840398
 31
0.0
  0
LINE
  5
19E
330
1F
100
AcDbEntity
  8
OUTLINE
  6
SDS2_5
 62
     1
100
AcDbLine
 10
-223.100004238
 20
-29.115840398
 30
0.0
 11
-223.177549202
 21
-29.038179942
 31
0.0
  0
LINE
  5
19F
330
1F
100
AcDbEntity
  8
OUTLINE
  6
SDS2_5
 62
     1
100
AcDbLine
 10
-222.255286426
 20
-29.755
 30
0.0
 11
-222.255286426
 21
-23.053929199
 31
0.0
  0
LINE
  5
1A0
330
1F
100
AcDbEntity
  8
OUTLINE
  6
SDS2_5
 62
     1
100
AcDbLine
 10
-222.255286426
 20
-18.946070801
 30
0.0
 11
-222.255286426
 21
-10.35
 31
0.0
  0
LINE
  5
1A1
330
1F
100
AcDbEntity
  8
OUTLINE
  6
SDS2_5
 62
     1
100
AcDbLine
 10
-222.255286426
 20
-9.6
 30
0.0
 11
-222.255286426
 21
13.0
 31
0.0
  0
LINE
  5
1A2
330
1F
100
AcDbEntity
  8
OUTLINE
  6
SDS2_5
 62
     1
100
AcDbLine
 10
-222.255286426
 20
13.75
 30
0.0
 11
-222.255286426
 21
51.01
 31
0.0
  0
LINE
  5
1A3
330
1F
100
AcDbEntity
  8
OUTLINE
  6
SDS2_5
 62
     1
100
AcDbLine
 10
-222.255286426
 20
51.635
 30
0.0
 11
-222.255286426
 21
74.125
 31
0.0
  0
LINE
  5
1A4
330
1F
100
AcDbEntity
  8
OUTLINE
  6
SDS2_5
 62
     1
100
AcDbLine
 10
-223.000286426
 20
74.125
 30
0.0
 11
-223.000286426
 21
51.635
 31
0.0
  0
LINE
  5
1A5
330
1F
100
AcDbEntity
  8
OUTLINE
  6
SDS2_5
 62
     1
100
AcDbLine
 10
-223.000286426
 20
51.01
 30
0.0
 11
-223.000286426
 21
13.75
 31
0.0
  0
LINE
  5
1A6
330
1F
100
AcDbEntity
  8
OUTLINE
  6
SDS2_5
 62
     1
100
AcDbLine
 10
-223.000286426
 20
13.0
 30
0.0
 11
-223.000286426
 21
-9.6
 31
0.0
  0
LINE
  5
1A7
330
1F
100
AcDbEntity
  8
OUTLINE
  6
SDS2_5
 62
     1
100
AcDbLine
 10
-223.000286426
 20
-10.35
 30
0.0
 11
-223.000286426
 21
-18.946070801
 31
0.0
  0
LINE
  5
1A8
330
1F
100
AcDbEntity
  8
OUTLINE
  6
SDS2_5
 62
     1
100
AcDbLine
 10
-223.000286426
 20
-23.053929199
 30
0.0
 11
-223.000286426
 21
-30.5
 31
0.0
  0
LINE
  5
1A9
330
1F
100
AcDbEntity
  8
OUTLINE
  6
SDS2_5
 62
     1
100
AcDbLine
 10
-222.1647452
 20
-29.14671194
 30
0.0
 11
-222.186285129
 21
-29.309062655
 31
0.0
  0
LINE
  5
1AA
330
1F
100
AcDbEntity
  8
OUTLINE
  6
SDS2_5
 62
     1
100
AcDbLine
 10
-223.069287723
 20
-29.309062655
 30
0.0
 11
-223.090827651
 21
-29.14671194
 31
0.0
  0
LINE
  5
1AB
330
1F
100
AcDbEntity
  8
OUTLINE
  6
SDS2_5
 62
     1
100
AcDbLine
 10
-222.191243567
 20
-29.435
 30
0.0
 11
-222.193822455
 21
-29.500500125
 31
0.0
  0
LINE
  5
1AC
330
1F
100
AcDbEntity
  8
OUTLINE
  6
SDS2_5
 62
     1
100
AcDbLine
 10
-223.061750397
 20
-29.500500125
 30
0.0
 11
-223.064329285
 21
-29.435
 31
0.0
  0
LINE
  5
1AD
330
1F
100
AcDbEntity
  8
OUTLINE
  6
SDS2_5
 62
     1
100
AcDbLine
 10
-223.064329285
 20
-29.435
 30
0.0
 11
-223.069287723
 21
-29.309062655
 31
0.0
  0
LINE
  5
1AE
330
1F
100
AcDbEntity
  8
OUTLINE
  6
SDS2_5
 62
     1
100
AcDbLine
 10
-222.186285129
 20
-29.309062655
 30
0.0
 11
-222.191243567
 21
-29.435
 31
0.0
  0
LINE
  5
1AF
330
1F
100
AcDbEntity
  8
OUTLINE
  6
SDS2_5
 62
     1
100
AcDbLine
 10
-222.995286426
 20
-30.495
 30
0.0
 11
-223.000286426
 21
-30.5
 31
0.0
  0
LINE
  5
1B0
330
1F
100
AcDbEntity
  8
OUTLINE
  6
SDS2_5
 62
     1
100
AcDbLine
 10
-223.06194926
 20
-30.5
 30
0.0
 11
-223.061948265
 21
-30.495
 31
0.0
  0
LINE
  5
1B1
330
1F
100
AcDbEntity
  8
OUTLINE
  6
SDS2_5
 62
     1
100
AcDbLine
 10
-223.061948265
 20
-30.495
 30
0.0
 11
-223.061750397
 21
-29.500500125
 31
0.0
  0
LINE
  5
1B2
330
1F
100
AcDbEntity
  8
OUTLINE
  6
SDS2_5
 62
     1
100
AcDbLine
 10
-222.193822455
 20
-29.500500125
 30
0.0
 11
-222.193784055
 21
-29.69349763
 31
0.0
  0
LINE
  5
1B3
330
1F
100
AcDbEntity
  8
OUTLINE
  6
SDS2_5
 62
     1
100
AcDbLine
 10
-222.193784055
 20
-29.69349763
 30
0.0
 11
-222.995286426
 21
-30.495
 31
0.0
  0
LINE
  5
1B4
330
1F
100
AcDbEntity
  8
OUTLINE
  6
CONTINUOUS
 62
     2
100
AcDbLine
 10
-236.627786426
 20
-30.5
 30
0.0
 11
-236.627786426
 21
-33.0
 31
0.0
  0
LINE
  5
1B5
330
1F
100
AcDbEntity
  8
OUTLINE
  6
CONTINUOUS
 62
     2
100
AcDbLine
 10
-236.627786426
 20
-33.0
 30
0.0
 11
-208.627786426
 21
-33.0
 31
0.0
  0
LINE
  5
1B6
330
1F
100
AcDbEntity
  8
OUTLINE
  6
CONTINUOUS
 62
     2
100
AcDbLine
 10
-208.627786426
 20
-33.0
 30
0.0
 11
-208.627786426
 21
-30.5
 31
0.0
  0
LINE
  5
1B7
330
1F
100
AcDbEntity
  8
OUTLINE
  6
CONTINUOUS
 62
     2
100
AcDbLine
 10
-208.627786426
 20
-30.5
 30
0.0
 11
-236.627786426
 21
-30.5
 31
0.0
  0
LINE
  5
1B8
330
1F
100
AcDbEntity
  8
OUTLINE
  6
CONTINUOUS
 62
     2
100
AcDbLine
 10
-113.388927734
 20
74.37
 30
0.0
 11
-101.761427734
 21
74.37
 31
0.0
  0
LINE
  5
1B9
330
1F
100
AcDbEntity
  8
OUTLINE
  6
CONTINUOUS
 62
     2
100
AcDbLine
 10
-101.761427734
 20
74.37
 30
0.0
 11
-101.761427734
 21
74.75
 31
0.0
  0
LINE
  5
1BA
330
1F
100
AcDbEntity
  8
OUTLINE
  6
CONTINUOUS
 62
     2
100
AcDbLine
 10
-101.761427734
 20
74.75
 30
0.0
 11
-113.388927734
 21
74.75
 31
0.0
  0
LINE
  5
1BB
330
1F
100
AcDbEntity
  8
OUTLINE
  6
CONTINUOUS
 62
     2
100
AcDbLine
 10
-113.388927734
 20
74.75
 30
0.0
 11
-113.388927734
 21
74.37
 31
0.0
  0
LINE
  5
1BC
330
1F
100
AcDbEntity
  8
OUTLINE
  6
CONTINUOUS
 62
     2
100
AcDbLine
 10
-113.397892113
 20
74.324933027
 30
0.0
 11
-113.399261673
 21
74.318047781
 31
0.0
  0
LINE
  5
1BD
330
1F
100
AcDbEntity
  8
OUTLINE
  6
CONTINUOUS
 62
     2
100
AcDbLine
 10
-101.761427734
 20
74.318047781
 30
0.0
 11
-101.761427734
 21
74.37
 31
0.0
  0
LINE
  5
1BE
330
1F
100
AcDbEntity
  8
OUTLINE
  6
CONTINUOUS
 62
     2
100
AcDbLine
 10
-113.388927734
 20
74.37
 30
0.0
 11
-113.388927734
 21
74.333897405
 31
0.0
  0
LINE
  5
1BF
330
1F
100
AcDbEntity
  8
OUTLINE
  6
CONTINUOUS
 62
     2
100
AcDbLine
 10
-113.388927734
 20
74.333897405
 30
0.0
 11
-113.397892113
 21
74.324933027
 31
0.0
  0
LINE
  5
1C0
330
1F
100
AcDbEntity
  8
OUTLINE
  6
CONTINUOUS
 62
     2
100
AcDbLine
 10
-113.388927734
 20
74.37
 30
0.0
 11
-113.397892113
 21
74.324933027
 31
0.0
  0
LINE
  5
1C1
330
1F
100
AcDbEntity
  8
OUTLINE
  6
CONTINUOUS
 62
     2
100
AcDbLine
 10
-101.761427734
 20
74.170100378
 30
0.0
 11
-101.761427734
 21
74.318047781
 31
0.0
  0
LINE
  5
1C2
330
1F
100
AcDbEntity
  8
OUTLINE
  6
CONTINUOUS
 62
     2
100
AcDbLine
 10
-113.399261673
 20
74.318047781
 30
0.0
 11
-113.426987968
 21
74.178658284
 31
0.0
  0
LINE
  5
1C3
330
1F
100
AcDbEntity
  8
OUTLINE
  6
CONTINUOUS
 62
     2
100
AcDbLine
 10
-113.426987968
 20
74.178658284
 30
0.0
 11
-113.432706178
 21
74.170100378
 31
0.0
  0
LINE
  5
1C4
330
1F
100
AcDbEntity
  8
OUTLINE
  6
CONTINUOUS
 62
     2
100
AcDbLine
 10
-101.761427734
 20
73.948681443
 30
0.0
 11
-101.761427734
 21
74.170100378
 31
0.0
  0
LINE
  5
1C5
330
1F
100
AcDbEntity
  8
OUTLINE
  6
CONTINUOUS
 62
     2
100
AcDbLine
 10
-113.432706178
 20
74.170100378
 30
0.0
 11
-113.461427711
 21
74.127115567
 31
0.0
  0
LINE
  5
1C6
330
1F
100
AcDbEntity
  8
OUTLINE
  6
SDS2_5
 62
     1
100
AcDbLine
 10
-113.461427711
 20
74.127115567
 30
0.0
 11
-113.535374344
 21
74.016446609
 31
0.0
  0
LINE
  5
1C7
330
1F
100
AcDbEntity
  8
OUTLINE
  6
SDS2_5
 62
     1
100
AcDbLine
 10
-113.535374344
 20
74.016446609
 30
0.0
 11
-113.636792083
 21
73.948681443
 31
0.0
  0
LINE
  5
1C8
330
1F
100
AcDbEntity
  8
OUTLINE
  6
SDS2_5
 62
     1
100
AcDbLine
 10
-113.888927734
 20
73.692527339
 30
0.0
 11
-120.888927734
 21
73.692527339
 31
0.0
  0
LINE
  5
1C9
330
1F
100
AcDbEntity
  8
OUTLINE
  6
CONTINUOUS
 62
     2
100
AcDbLine
 10
-101.761427734
 20
73.6875
 30
0.0
 11
-101.761427734
 21
73.948681443
 31
0.0
  0
LINE
  5
1CA
330
1F
100
AcDbEntity
  8
OUTLINE
  6
SDS2_5
 62
     1
100
AcDbLine
 10
-113.636792083
 20
73.948681443
 30
0.0
 11
-113.688596298
 21
73.914066973
 31
0.0
  0
LINE
  5
1CB
330
1F
100
AcDbEntity
  8
OUTLINE
  6
SDS2_5
 62
     1
100
AcDbLine
 10
-113.688596298
 20
73.914066973
 30
0.0
 11
-113.697586018
 21
73.883869056
 31
0.0
  0
LINE
  5
1CC
330
1F
100
AcDbEntity
  8
OUTLINE
  6
SDS2_5
 62
     1
100
AcDbLine
 10
-113.697586018
 20
73.883869056
 30
0.0
 11
-113.888927734
 21
73.692527339
 31
0.0
  0
LINE
  5
1CD
330
1F
100
AcDbEntity
  8
OUTLINE
  6
SDS2_5
 62
     1
100
AcDbLine
 10
-113.888927734
 20
73.87
 30
0.0
 11
-113.697586018
 21
73.908060234
 31
0.0
  0
LINE
  5
1CE
330
1F
100
AcDbEntity
  8
OUTLINE
  6
SDS2_5
 62
     1
100
AcDbLine
 10
-120.888927734
 20
73.87
 30
0.0
 11
-113.888927734
 21
73.87
 31
0.0
  0
LINE
  5
1CF
330
1F
100
AcDbEntity
  8
OUTLINE
  6
SDS2_5
 62
     1
100
AcDbLine
 10
-120.888927734
 20
68.64
 30
0.0
 11
-113.461427734
 21
68.64
 31
0.0
  0
LINE
  5
1D0
330
1F
100
AcDbEntity
  8
OUTLINE
  6
CONTINUOUS
 62
     2
100
AcDbLine
 10
-113.461427734
 20
68.64
 30
0.0
 11
-101.761427734
 21
68.64
 31
0.0
  0
LINE
  5
1D1
330
1F
100
AcDbEntity
  8
OUTLINE
  6
CONTINUOUS
 62
     2
100
AcDbLine
 10
-101.761427734
 20
68.64
 30
0.0
 11
-101.761427734
 21
73.6875
 31
0.0
  0
LINE
  5
1D2
330
1F
100
AcDbEntity
  8
OUTLINE
  6
CONTINUOUS
 62
     2
100
AcDbLine
 10
-121.496427734
 20
11.60400012
 30
0.0
 11
-121.871427734
 21
11.60400012
 31
0.0
  0
LINE
  5
1D3
330
1F
100
AcDbEntity
  8
OUTLINE
  6
CONTINUOUS
 62
     2
100
AcDbLine
 10
-121.871427734
 20
11.60400012
 30
0.0
 11
-121.871427734
 21
-8.12349988
 31
0.0
  0
LINE
  5
1D4
330
1F
100
AcDbEntity
  8
OUTLINE
  6
CONTINUOUS
 62
     2
100
AcDbLine
 10
-121.871427734
 20
-8.12349988
 30
0.0
 11
-121.496427734
 21
-8.12349988
 31
0.0
  0
LINE
  5
1D5
330
1F
100
AcDbEntity
  8
OUTLINE
  6
CONTINUOUS
 62
     2
100
AcDbLine
 10
-121.496427734
 20
-8.12349988
 30
0.0
 11
-121.496427734
 21
11.60400012
 31
0.0
  0
LINE
  5
1D6
330
1F
100
AcDbEntity
  8
OUTLINE
  6
CONTINUOUS
 62
     2
100
AcDbLine
 10
-121.871427734
 20
53.0625
 30
0.0
 11
-121.496427734
 21
53.0625
 31
0.0
  0
LINE
  5
1D7
330
1F
100
AcDbEntity
  8
OUTLINE
  6
CONTINUOUS
 62
     2
100
AcDbLine
 10
-121.496427734
 20
53.0625
 30
0.0
 11
-121.496427734
 21
72.79
 31
0.0
  0
LINE
  5
1D8
330
1F
100
AcDbEntity
  8
OUTLINE
  6
CONTINUOUS
 62
     2
100
AcDbLine
 10
-121.496427734
 20
72.79
 30
0.0
 11
-121.871427734
 21
72.79
 31
0.0
  0
LINE
  5
1D9
330
1F
100
AcDbEntity
  8
OUTLINE
  6
CONTINUOUS
 62
     2
100
AcDbLine
 10
-121.871427734
 20
72.79
 30
0.0
 11
-121.871427734
 21
53.0625
 31
0.0
  0
LINE
  5
1DA
330
1F
100
AcDbEntity
  8
OUTLINE
  6
CONTINUOUS
 62
     2
100
AcDbLine
 10
-129.061427734
 20
74.75
 30
0.0
 11
-129.061427734
 21
74.125
 31
0.0
  0
LINE
  5
1DB
330
1F
100
AcDbEntity
  8
OUTLINE
  6
CONTINUOUS
 62
     2
100
AcDbLine
 10
-129.061427734
 20
74.125
 30
0.0
 11
-113.461427711
 21
74.125
 31
0.0
  0
LINE
  5
1DC
330
1F
100
AcDbEntity
  8
OUTLINE
  6
CONTINUOUS
 62
     2
100
AcDbLine
 10
-113.461427711
 20
74.125
 30
0.0
 11
-113.461427711
 21
74.75
 31
0.0
  0
LINE
  5
1DD
330
1F
100
AcDbEntity
  8
OUTLINE
  6
CONTINUOUS
 62
     2
100
AcDbLine
 10
-113.461427711
 20
74.75
 30
0.0
 11
-129.061427734
 21
74.75
 31
0.0
  0
LINE
  5
1DE
330
1F
100
AcDbEntity
  8
OUTLINE
  6
SDS2_5
 62
     1
100
AcDbLine
 10
-129.008927734
 20
51.635
 30
0.0
 11
-129.008927734
 21
51.01
 31
0.0
  0
LINE
  5
1DF
330
1F
100
AcDbEntity
  8
OUTLINE
  6
SDS2_5
 62
     1
100
AcDbLine
 10
-129.008927734
 20
51.01
 30
0.0
 11
-122.883927734
 21
51.01
 31
0.0
  0
LINE
  5
1E0
330
1F
100
AcDbEntity
  8
OUTLINE
  6
SDS2_5
 62
     1
100
AcDbLine
 10
-122.883927734
 20
51.01
 30
0.0
 11
-122.883927734
 21
51.635
 31
0.0
  0
LINE
  5
1E1
330
1F
100
AcDbEntity
  8
OUTLINE
  6
SDS2_5
 62
     1
100
AcDbLine
 10
-122.883927734
 20
51.635
 30
0.0
 11
-129.008927734
 21
51.635
 31
0.0
  0
LINE
  5
1E2
330
1F
100
AcDbEntity
  8
OUTLINE
  6
SDS2_5
 62
     1
100
AcDbLine
 10
-122.883927734
 20
51.01
 30
0.0
 11
-121.633927734
 21
51.01
 31
0.0
  0
LINE
  5
1E3
330
1F
100
AcDbEntity
  8
OUTLINE
  6
SDS2_5
 62
     1
100
AcDbLine
 10
-121.633927734
 20
51.01
 30
0.0
 11
-121.633927734
 21
51.635
 31
0.0
  0
LINE
  5
1E4
330
1F
100
AcDbEntity
  8
OUTLINE
  6
SDS2_5
 62
     1
100
AcDbLine
 10
-121.633927734
 20
51.635
 30
0.0
 11
-122.883927734
 21
51.635
 31
0.0
  0
LINE
  5
1E5
330
1F
100
AcDbEntity
  8
OUTLINE
  6
SDS2_5
 62
     1
100
AcDbLine
 10
-119.638927734
 20
51.635
 30
0.0
 11
-119.638927734
 21
51.01
 31
0.0
  0
LINE
  5
1E6
330
1F
100
AcDbEntity
  8
OUTLINE
  6
SDS2_5
 62
     1
100
AcDbLine
 10
-119.638927734
 20
51.01
 30
0.0
 11
-113.513927734
 21
51.01
 31
0.0
  0
LINE
  5
1E7
330
1F
100
AcDbEntity
  8
OUTLINE
  6
SDS2_5
 62
     1
100
AcDbLine
 10
-113.513927734
 20
51.01
 30
0.0
 11
-113.513927734
 21
51.635
 31
0.0
  0
LINE
  5
1E8
330
1F
100
AcDbEntity
  8
OUTLINE
  6
SDS2_5
 62
     1
100
AcDbLine
 10
-113.513927734
 20
51.635
 30
0.0
 11
-119.638927734
 21
51.635
 31
0.0
  0
LINE
  5
1E9
330
1F
100
AcDbEntity
  8
OUTLINE
  6
SDS2_5
 62
     1
100
AcDbLine
 10
-120.888927734
 20
51.635
 30
0.0
 11
-120.888927734
 21
51.01
 31
0.0
  0
LINE
  5
1EA
330
1F
100
AcDbEntity
  8
OUTLINE
  6
SDS2_5
 62
     1
100
AcDbLine
 10
-120.888927734
 20
51.01
 30
0.0
 11
-119.638927734
 21
51.01
 31
0.0
  0
LINE
  5
1EB
330
1F
100
AcDbEntity
  8
OUTLINE
  6
SDS2_5
 62
     1
100
AcDbLine
 10
-119.638927734
 20
51.635
 30
0.0
 11
-120.888927734
 21
51.635
 31
0.0
  0
LINE
  5
1EC
330
1F
100
AcDbEntity
  8
OUTLINE
  6
SDS2_5
 62
     1
100
AcDbLine
 10
-129.008927734
 20
-9.6
 30
0.0
 11
-129.008927734
 21
-10.35
 31
0.0
  0
LINE
  5
1ED
330
1F
100
AcDbEntity
  8
OUTLINE
  6
SDS2_5
 62
     1
100
AcDbLine
 10
-129.008927734
 20
-10.35
 30
0.0
 11
-122.883927734
 21
-10.35
 31
0.0
  0
LINE
  5
1EE
330
1F
100
AcDbEntity
  8
OUTLINE
  6
SDS2_5
 62
     1
100
AcDbLine
 10
-122.883927734
 20
-10.35
 30
0.0
 11
-122.883927734
 21
-9.6
 31
0.0
  0
LINE
  5
1EF
330
1F
100
AcDbEntity
  8
OUTLINE
  6
SDS2_5
 62
     1
100
AcDbLine
 10
-122.883927734
 20
-9.6
 30
0.0
 11
-129.008927734
 21
-9.6
 31
0.0
  0
LINE
  5
1F0
330
1F
100
AcDbEntity
  8
OUTLINE
  6
SDS2_5
 62
     1
100
AcDbLine
 10
-122.883927734
 20
-10.35
 30
0.0
 11
-121.633927734
 21
-10.35
 31
0.0
  0
LINE
  5
1F1
330
1F
100
AcDbEntity
  8
OUTLINE
  6
SDS2_5
 62
     1
100
AcDbLine
 10
-121.633927734
 20
-10.35
 30
0.0
 11
-121.633927734
 21
-9.6
 31
0.0
  0
LINE
  5
1F2
330
1F
100
AcDbEntity
  8
OUTLINE
  6
SDS2_5
 62
     1
100
AcDbLine
 10
-121.633927734
 20
-9.6
 30
0.0
 11
-122.883927734
 21
-9.6
 31
0.0
  0
LINE
  5
1F3
330
1F
100
AcDbEntity
  8
OUTLINE
  6
SDS2_5
 62
     1
100
AcDbLine
 10
-119.638927734
 20
-9.6
 30
0.0
 11
-119.638927734
 21
-10.35
 31
0.0
  0
LINE
  5
1F4
330
1F
100
AcDbEntity
  8
OUTLINE
  6
SDS2_5
 62
     1
100
AcDbLine
 10
-119.638927734
 20
-10.35
 30
0.0
 11
-113.513927734
 21
-10.35
 31
0.0
  0
LINE
  5
1F5
330
1F
100
AcDbEntity
  8
OUTLINE
  6
SDS2_5
 62
     1
100
AcDbLine
 10
-113.513927734
 20
-10.35
 30
0.0
 11
-113.513927734
 21
-9.6
 31
0.0
  0
LINE
  5
1F6
330
1F
100
AcDbEntity
  8
OUTLINE
  6
SDS2_5
 62
     1
100
AcDbLine
 10
-113.513927734
 20
-9.6
 30
0.0
 11
-119.638927734
 21
-9.6
 31
0.0
  0
LINE
  5
1F7
330
1F
100
AcDbEntity
  8
OUTLINE
  6
SDS2_5
 62
     1
100
AcDbLine
 10
-120.888927734
 20
-9.6
 30
0.0
 11
-120.888927734
 21
-10.35
 31
0.0
  0
LINE
  5
1F8
330
1F
100
AcDbEntity
  8
OUTLINE
  6
SDS2_5
 62
     1
100
AcDbLine
 10
-120.888927734
 20
-10.35
 30
0.0
 11
-119.638927734
 21
-10.35
 31
0.0
  0
LINE
  5
1F9
330
1F
100
AcDbEntity
  8
OUTLINE
  6
SDS2_5
 62
     1
100
AcDbLine
 10
-119.638927734
 20
-9.6
 30
0.0
 11
-120.888927734
 21
-9.6
 31
0.0
  0
LINE
  5
1FA
330
1F
100
AcDbEntity
  8
OUTLINE
  6
SDS2_5
 62
     1
100
AcDbLine
 10
-129.008927734
 20
13.75
 30
0.0
 11
-129.008927734
 21
13.0
 31
0.0
  0
LINE
  5
1FB
330
1F
100
AcDbEntity
  8
OUTLINE
  6
SDS2_5
 62
     1
100
AcDbLine
 10
-129.008927734
 20
13.0
 30
0.0
 11
-122.883927734
 21
13.0
 31
0.0
  0
LINE
  5
1FC
330
1F
100
AcDbEntity
  8
OUTLINE
  6
SDS2_5
 62
     1
100
AcDbLine
 10
-122.883927734
 20
13.0
 30
0.0
 11
-122.883927734
 21
13.75
 31
0.0
  0
LINE
  5
1FD
330
1F
100
AcDbEntity
  8
OUTLINE
  6
SDS2_5
 62
     1
100
AcDbLine
 10
-122.883927734
 20
13.75
 30
0.0
 11
-129.008927734
 21
13.75
 31
0.0
  0
LINE
  5
1FE
330
1F
100
AcDbEntity
  8
OUTLINE
  6
SDS2_5
 62
     1
100
AcDbLine
 10
-122.883927734
 20
13.0
 30
0.0
 11
-121.633927734
 21
13.0
 31
0.0
  0
LINE
  5
1FF
330
1F
100
AcDbEntity
  8
OUTLINE
  6
SDS2_5
 62
     1
100
AcDbLine
 10
-121.633927734
 20
13.0
 30
0.0
 11
-121.633927734
 21
13.75
 31
0.0
  0
LINE
  5
200
330
1F
100
AcDbEntity
  8
OUTLINE
  6
SDS2_5
 62
     1
100
AcDbLine
 10
-121.633927734
 20
13.75
 30
0.0
 11
-122.883927734
 21
13.75
 31
0.0
  0
LINE
  5
201
330
1F
100
AcDbEntity
  8
OUTLINE
  6
SDS2_5
 62
     1
100
AcDbLine
 10
-119.638927734
 20
13.75
 30
0.0
 11
-119.638927734
 21
13.0
 31
0.0
  0
LINE
  5
202
330
1F
100
AcDbEntity
  8
OUTLINE
  6
SDS2_5
 62
     1
100
AcDbLine
 10
-119.638927734
 20
13.0
 30
0.0
 11
-113.513927734
 21
13.0
 31
0.0
  0
LINE
  5
203
330
1F
100
AcDbEntity
  8
OUTLINE
  6
SDS2_5
 62
     1
100
AcDbLine
 10
-113.513927734
 20
13.0
 30
0.0
 11
-113.513927734
 21
13.75
 31
0.0
  0
LINE
  5
204
330
1F
100
AcDbEntity
  8
OUTLINE
  6
SDS2_5
 62
     1
100
AcDbLine
 10
-113.513927734
 20
13.75
 30
0.0
 11
-119.638927734
 21
13.75
 31
0.0
  0
LINE
  5
205
330
1F
100
AcDbEntity
  8
OUTLINE
  6
SDS2_5
 62
     1
100
AcDbLine
 10
-120.888927734
 20
13.75
 30
0.0
 11
-120.888927734
 21
13.0
 31
0.0
  0
LINE
  5
206
330
1F
100
AcDbEntity
  8
OUTLINE
  6
SDS2_5
 62
     1
100
AcDbLine
 10
-120.888927734
 20
13.0
 30
0.0
 11
-119.638927734
 21
13.0
 31
0.0
  0
LINE
  5
207
330
1F
100
AcDbEntity
  8
OUTLINE
  6
SDS2_5
 62
     1
100
AcDbLine
 10
-119.638927734
 20
13.75
 30
0.0
 11
-120.888927734
 21
13.75
 31
0.0
  0
LINE
  5
208
330
1F
100
AcDbEntity
  8
OUTLINE
  6
CONTINUOUS
 62
     2
100
AcDbLine
 10
-113.388927734
 20
13.37
 30
0.0
 11
-88.063927734
 21
13.37
 31
0.0
  0
LINE
  5
209
330
1F
100
AcDbEntity
  8
OUTLINE
  6
CONTINUOUS
 62
     2
100
AcDbLine
 10
-88.063927734
 20
13.37
 30
0.0
 11
-88.063927734
 21
13.75
 31
0.0
  0
LINE
  5
20A
330
1F
100
AcDbEntity
  8
OUTLINE
  6
CONTINUOUS
 62
     2
100
AcDbLine
 10
-88.063927734
 20
13.75
 30
0.0
 11
-113.388927734
 21
13.75
 31
0.0
  0
LINE
  5
20B
330
1F
100
AcDbEntity
  8
OUTLINE
  6
CONTINUOUS
 62
     2
100
AcDbLine
 10
-113.388927734
 20
13.75
 30
0.0
 11
-113.388927734
 21
13.37
 31
0.0
  0
LINE
  5
20C
330
1F
100
AcDbEntity
  8
OUTLINE
  6
CONTINUOUS
 62
     2
100
AcDbLine
 10
-113.397892113
 20
13.324933027
 30
0.0
 11
-113.399261673
 21
13.318047781
 31
0.0
  0
LINE
  5
20D
330
1F
100
AcDbEntity
  8
OUTLINE
  6
CONTINUOUS
 62
     2
100
AcDbLine
 10
-88.063927734
 20
13.318047781
 30
0.0
 11
-88.063927734
 21
13.37
 31
0.0
  0
LINE
  5
20E
330
1F
100
AcDbEntity
  8
OUTLINE
  6
CONTINUOUS
 62
     2
100
AcDbLine
 10
-113.388927734
 20
13.37
 30
0.0
 11
-113.388927734
 21
13.333897405
 31
0.0
  0
LINE
  5
20F
330
1F
100
AcDbEntity
  8
OUTLINE
  6
CONTINUOUS
 62
     2
100
AcDbLine
 10
-113.388927734
 20
13.333897405
 30
0.0
 11
-113.397892113
 21
13.324933027
 31
0.0
  0
LINE
  5
210
330
1F
100
AcDbEntity
  8
OUTLINE
  6
CONTINUOUS
 62
     2
100
AcDbLine
 10
-113.388927734
 20
13.37
 30
0.0
 11
-113.397892113
 21
13.324933027
 31
0.0
  0
LINE
  5
211
330
1F
100
AcDbEntity
  8
OUTLINE
  6
CONTINUOUS
 62
     2
100
AcDbLine
 10
-88.063927734
 20
13.170100378
 30
0.0
 11
-88.063927734
 21
13.318047781
 31
0.0
  0
LINE
  5
212
330
1F
100
AcDbEntity
  8
OUTLINE
  6
CONTINUOUS
 62
     2
100
AcDbLine
 10
-113.399261673
 20
13.318047781
 30
0.0
 11
-113.426987968
 21
13.178658284
 31
0.0
  0
LINE
  5
213
330
1F
100
AcDbEntity
  8
OUTLINE
  6
CONTINUOUS
 62
     2
100
AcDbLine
 10
-113.426987968
 20
13.178658284
 30
0.0
 11
-113.432706178
 21
13.170100378
 31
0.0
  0
LINE
  5
214
330
1F
100
AcDbEntity
  8
OUTLINE
  6
CONTINUOUS
 62
     2
100
AcDbLine
 10
-88.063927734
 20
12.948681443
 30
0.0
 11
-88.063927734
 21
13.170100378
 31
0.0
  0
LINE
  5
215
330
1F
100
AcDbEntity
  8
OUTLINE
  6
CONTINUOUS
 62
     2
100
AcDbLine
 10
-113.432706178
 20
13.170100378
 30
0.0
 11
-113.461427734
 21
13.127115531
 31
0.0
  0
LINE
  5
216
330
1F
100
AcDbEntity
  8
OUTLINE
  6
SDS2_5
 62
     1
100
AcDbLine
 10
-113.461427734
 20
13.127115531
 30
0.0
 11
-113.535374344
 21
13.016446609
 31
0.0
  0
LINE
  5
217
330
1F
100
AcDbEntity
  8
OUTLINE
  6
SDS2_5
 62
     1
100
AcDbLine
 10
-113.535374344
 20
13.016446609
 30
0.0
 11
-113.636792083
 21
12.948681443
 31
0.0
  0
LINE
  5
218
330
1F
100
AcDbEntity
  8
OUTLINE
  6
CONTINUOUS
 62
     2
100
AcDbLine
 10
-88.063927734
 20
12.6875
 30
0.0
 11
-88.063927734
 21
12.948681443
 31
0.0
  0
LINE
  5
219
330
1F
100
AcDbEntity
  8
OUTLINE
  6
SDS2_5
 62
     1
100
AcDbLine
 10
-113.636792083
 20
12.948681443
 30
0.0
 11
-113.688596298
 21
12.914066973
 31
0.0
  0
LINE
  5
21A
330
1F
100
AcDbEntity
  8
OUTLINE
  6
SDS2_5
 62
     1
100
AcDbLine
 10
-113.688596298
 20
12.914066973
 30
0.0
 11
-113.697586018
 21
12.883869056
 31
0.0
  0
LINE
  5
21B
330
1F
100
AcDbEntity
  8
OUTLINE
  6
SDS2_5
 62
     1
100
AcDbLine
 10
-113.697586018
 20
12.883869056
 30
0.0
 11
-113.888927734
 21
12.692527339
 31
0.0
  0
LINE
  5
21C
330
1F
100
AcDbEntity
  8
OUTLINE
  6
SDS2_5
 62
     1
100
AcDbLine
 10
-113.888927734
 20
12.692527339
 30
0.0
 11
-120.888927734
 21
12.692527339
 31
0.0
  0
LINE
  5
21D
330
1F
100
AcDbEntity
  8
OUTLINE
  6
SDS2_5
 62
     1
100
AcDbLine
 10
-113.888927734
 20
12.87
 30
0.0
 11
-113.697586018
 21
12.908060234
 31
0.0
  0
LINE
  5
21E
330
1F
100
AcDbEntity
  8
OUTLINE
  6
SDS2_5
 62
     1
100
AcDbLine
 10
-120.888927734
 20
12.87
 30
0.0
 11
-113.888927734
 21
12.87
 31
0.0
  0
LINE
  5
21F
330
1F
100
AcDbEntity
  8
OUTLINE
  6
SDS2_5
 62
     1
100
AcDbLine
 10
-120.888927734
 20
7.64
 30
0.0
 11
-113.461427734
 21
7.64
 31
0.0
  0
LINE
  5
220
330
1F
100
AcDbEntity
  8
OUTLINE
  6
CONTINUOUS
 62
     2
100
AcDbLine
 10
-113.461427734
 20
7.64
 30
0.0
 11
-88.063927734
 21
7.64
 31
0.0
  0
LINE
  5
221
330
1F
100
AcDbEntity
  8
OUTLINE
  6
CONTINUOUS
 62
     2
100
AcDbLine
 10
-88.063927734
 20
7.64
 30
0.0
 11
-88.063927734
 21
12.6875
 31
0.0
  0
LINE
  5
222
330
1F
100
AcDbEntity
  8
OUTLINE
  6
CONTINUOUS
 62
     2
100
AcDbLine
 10
-113.461427734
 20
-29.435
 30
0.0
 11
-113.461427734
 21
74.125
 31
0.0
  0
LINE
  5
223
330
1F
100
AcDbEntity
  8
OUTLINE
  6
CONTINUOUS
 62
     2
100
AcDbLine
 10
-113.461427734
 20
74.125
 30
0.0
 11
-129.061427734
 21
74.125
 31
0.0
  0
LINE
  5
224
330
1F
100
AcDbEntity
  8
OUTLINE
  6
CONTINUOUS
 62
     2
100
AcDbLine
 10
-129.061427734
 20
74.125
 30
0.0
 11
-129.061427734
 21
-29.435
 31
0.0
  0
LINE
  5
225
330
1F
100
AcDbEntity
  8
OUTLINE
  6
CONTINUOUS
 62
     2
100
AcDbLine
 10
-129.061427734
 20
-29.435
 30
0.0
 11
-113.461427734
 21
-29.435
 31
0.0
  0
LINE
  5
226
330
1F
100
AcDbEntity
  8
OUTLINE
  6
CONTINUOUS
 62
     2
100
AcDbLine
 10
-113.461427734
 20
-30.5
 30
0.0
 11
-113.461427734
 21
-29.435
 31
0.0
  0
LINE
  5
227
330
1F
100
AcDbEntity
  8
OUTLINE
  6
CONTINUOUS
 62
     2
100
AcDbLine
 10
-129.061427734
 20
-29.435
 30
0.0
 11
-129.061427734
 21
-30.5
 31
0.0
  0
LINE
  5
228
330
1F
100
AcDbEntity
  8
OUTLINE
  6
SDS2_5
 62
     1
100
AcDbLine
 10
-122.938900395
 20
-29.5
 30
0.0
 11
-122.938900395
 21
-30.5
 31
0.0
  0
LINE
  5
229
330
1F
100
AcDbEntity
  8
OUTLINE
  6
SDS2_5
 62
     1
100
AcDbLine
 10
-122.442612438
 20
-29.217892688
 30
0.0
 11
-122.747438388
 21
-29.308600528
 31
0.0
  0
LINE
  5
22A
330
1F
100
AcDbEntity
  8
OUTLINE
  6
SDS2_5
 62
     1
100
AcDbLine
 10
-122.747438388
 20
-29.308600528
 30
0.0
 11
-122.938900395
 21
-29.5
 31
0.0
  0
LINE
  5
22B
330
1F
100
AcDbEntity
  8
OUTLINE
  6
SDS2_5
 62
     1
100
AcDbLine
 10
-119.583955074
 20
-29.5
 30
0.0
 11
-119.775417081
 21
-29.308600528
 31
0.0
  0
LINE
  5
22C
330
1F
100
AcDbEntity
  8
OUTLINE
  6
SDS2_5
 62
     1
100
AcDbLine
 10
-119.775417081
 20
-29.308600528
 30
0.0
 11
-120.080243031
 21
-29.217892688
 31
0.0
  0
LINE
  5
22D
330
1F
100
AcDbEntity
  8
OUTLINE
  6
SDS2_5
 62
     1
100
AcDbLine
 10
-119.583955074
 20
-30.5
 30
0.0
 11
-119.583955074
 21
-29.5
 31
0.0
  0
LINE
  5
22E
330
1F
100
AcDbEntity
  8
OUTLINE
  6
SDS2_5
 62
     1
100
AcDbLine
 10
-120.394700488
 20
-29.037988495
 30
0.0
 11
-120.505237618
 21
-29.023330713
 31
0.0
  0
LINE
  5
22F
330
1F
100
AcDbEntity
  8
OUTLINE
  6
SDS2_5
 62
     1
100
AcDbLine
 10
-120.080243031
 20
-29.217892688
 30
0.0
 11
-120.151806555
 21
-29.14635821
 31
0.0
  0
LINE
  5
230
330
1F
100
AcDbEntity
  8
OUTLINE
  6
SDS2_5
 62
     1
100
AcDbLine
 10
-120.151806555
 20
-29.14635821
 30
0.0
 11
-120.394700488
 21
-29.037988495
 31
0.0
  0
LINE
  5
231
330
1F
100
AcDbEntity
  8
OUTLINE
  6
SDS2_5
 62
     1
100
AcDbLine
 10
-122.371048913
 20
-29.14635821
 30
0.0
 11
-122.442612438
 21
-29.217892688
 31
0.0
  0
LINE
  5
232
330
1F
100
AcDbEntity
  8
OUTLINE
  6
SDS2_5
 62
     1
100
AcDbLine
 10
-122.017617851
 20
-29.023330713
 30
0.0
 11
-122.128154981
 21
-29.037988495
 31
0.0
  0
LINE
  5
233
330
1F
100
AcDbEntity
  8
OUTLINE
  6
SDS2_5
 62
     1
100
AcDbLine
 10
-122.128154981
 20
-29.037988495
 30
0.0
 11
-122.371048913
 21
-29.14635821
 31
0.0
  0
LINE
  5
234
330
1F
100
AcDbEntity
  8
OUTLINE
  6
SDS2_5
 62
     1
100
AcDbLine
 10
-120.505237618
 20
-29.023330713
 30
0.0
 11
-120.583788662
 21
-29.000000063
 31
0.0
  0
LINE
  5
235
330
1F
100
AcDbEntity
  8
OUTLINE
  6
SDS2_5
 62
     1
100
AcDbLine
 10
-121.939066807
 20
-29.000000063
 30
0.0
 11
-122.017617851
 21
-29.023330713
 31
0.0
  0
LINE
  5
236
330
1F
100
AcDbEntity
  8
OUTLINE
  6
SDS2_5
 62
     1
100
AcDbLine
 10
-120.583788662
 20
-29.000000063
 30
0.0
 11
-120.711664958
 21
-29.038179942
 31
0.0
  0
LINE
  5
237
330
1F
100
AcDbEntity
  8
OUTLINE
  6
SDS2_5
 62
     1
100
AcDbLine
 10
-121.811190511
 20
-29.038179942
 30
0.0
 11
-121.939066807
 21
-29.000000063
 31
0.0
  0
LINE
  5
238
330
1F
100
AcDbEntity
  8
OUTLINE
  6
SDS2_5
 62
     1
100
AcDbLine
 10
-121.939066807
 20
-29.000000063
 30
0.0
 11
-120.583788662
 21
-29.000000063
 31
0.0
  0
LINE
  5
239
330
1F
100
AcDbEntity
  8
OUTLINE
  6
SDS2_5
 62
     1
100
AcDbLine
 10
-120.711664958
 20
-29.038179942
 30
0.0
 11
-120.789209922
 21
-29.115840398
 31
0.0
  0
LINE
  5
23A
330
1F
100
AcDbEntity
  8
OUTLINE
  6
SDS2_5
 62
     1
100
AcDbLine
 10
-120.789209922
 20
-29.115840398
 30
0.0
 11
-120.798386509
 21
-29.14671194
 31
0.0
  0
LINE
  5
23B
330
1F
100
AcDbEntity
  8
OUTLINE
  6
SDS2_5
 62
     1
100
AcDbLine
 10
-121.72446896
 20
-29.14671194
 30
0.0
 11
-121.733645547
 21
-29.115840398
 31
0.0
  0
LINE
  5
23C
330
1F
100
AcDbEntity
  8
OUTLINE
  6
SDS2_5
 62
     1
100
AcDbLine
 10
-121.733645547
 20
-29.115840398
 30
0.0
 11
-121.811190511
 21
-29.038179942
 31
0.0
  0
LINE
  5
23D
330
1F
100
AcDbEntity
  8
OUTLINE
  6
SDS2_5
 62
     1
100
AcDbLine
 10
-121.633927734
 20
74.125
 30
0.0
 11
-121.633927734
 21
51.635
 31
0.0
  0
LINE
  5
23E
330
1F
100
AcDbEntity
  8
OUTLINE
  6
SDS2_5
 62
     1
100
AcDbLine
 10
-121.633927734
 20
51.01
 30
0.0
 11
-121.633927734
 21
13.75
 31
0.0
  0
LINE
  5
23F
330
1F
100
AcDbEntity
  8
OUTLINE
  6
SDS2_5
 62
     1
100
AcDbLine
 10
-121.633927734
 20
13.0
 30
0.0
 11
-121.633927734
 21
-9.6
 31
0.0
  0
LINE
  5
240
330
1F
100
AcDbEntity
  8
OUTLINE
  6
SDS2_5
 62
     1
100
AcDbLine
 10
-121.633927734
 20
-10.35
 30
0.0
 11
-121.633927734
 21
-18.946070801
 31
0.0
  0
LINE
  5
241
330
1F
100
AcDbEntity
  8
OUTLINE
  6
SDS2_5
 62
     1
100
AcDbLine
 10
-121.633927734
 20
-23.053929199
 30
0.0
 11
-121.633927734
 21
-29.755
 31
0.0
  0
LINE
  5
242
330
1F
100
AcDbEntity
  8
OUTLINE
  6
SDS2_5
 62
     1
100
AcDbLine
 10
-120.888927734
 20
-30.5
 30
0.0
 11
-120.888927734
 21
-23.053929199
 31
0.0
  0
LINE
  5
243
330
1F
100
AcDbEntity
  8
OUTLINE
  6
SDS2_5
 62
     1
100
AcDbLine
 10
-120.888927734
 20
-18.946070801
 30
0.0
 11
-120.888927734
 21
-10.35
 31
0.0
  0
LINE
  5
244
330
1F
100
AcDbEntity
  8
OUTLINE
  6
SDS2_5
 62
     1
100
AcDbLine
 10
-120.888927734
 20
-9.6
 30
0.0
 11
-120.888927734
 21
13.0
 31
0.0
  0
LINE
  5
245
330
1F
100
AcDbEntity
  8
OUTLINE
  6
SDS2_5
 62
     1
100
AcDbLine
 10
-120.888927734
 20
13.75
 30
0.0
 11
-120.888927734
 21
51.01
 31
0.0
  0
LINE
  5
246
330
1F
100
AcDbEntity
  8
OUTLINE
  6
SDS2_5
 62
     1
100
AcDbLine
 10
-120.888927734
 20
51.635
 30
0.0
 11
-120.888927734
 21
74.125
 31
0.0
  0
LINE
  5
247
330
1F
100
AcDbEntity
  8
OUTLINE
  6
SDS2_5
 62
     1
100
AcDbLine
 10
-120.798386509
 20
-29.14671194
 30
0.0
 11
-120.819926437
 21
-29.309062655
 31
0.0
  0
LINE
  5
248
330
1F
100
AcDbEntity
  8
OUTLINE
  6
SDS2_5
 62
     1
100
AcDbLine
 10
-121.702929031
 20
-29.309062655
 30
0.0
 11
-121.72446896
 21
-29.14671194
 31
0.0
  0
LINE
  5
249
330
1F
100
AcDbEntity
  8
OUTLINE
  6
SDS2_5
 62
     1
100
AcDbLine
 10
-121.697970594
 20
-29.435
 30
0.0
 11
-121.702929031
 21
-29.309062655
 31
0.0
  0
LINE
  5
24A
330
1F
100
AcDbEntity
  8
OUTLINE
  6
SDS2_5
 62
     1
100
AcDbLine
 10
-120.819926437
 20
-29.309062655
 30
0.0
 11
-120.824884875
 21
-29.435
 31
0.0
  0
LINE
  5
24B
330
1F
100
AcDbEntity
  8
OUTLINE
  6
SDS2_5
 62
     1
100
AcDbLine
 10
-120.824884875
 20
-29.435
 30
0.0
 11
-120.827463763
 21
-29.500500125
 31
0.0
  0
LINE
  5
24C
330
1F
100
AcDbEntity
  8
OUTLINE
  6
SDS2_5
 62
     1
100
AcDbLine
 10
-121.695391706
 20
-29.500500125
 30
0.0
 11
-121.697970594
 21
-29.435
 31
0.0
  0
LINE
  5
24D
330
1F
100
AcDbEntity
  8
OUTLINE
  6
SDS2_5
 62
     1
100
AcDbLine
 10
-120.893927734
 20
-30.495
 30
0.0
 11
-121.695430105
 21
-29.69349763
 31
0.0
  0
LINE
  5
24E
330
1F
100
AcDbEntity
  8
OUTLINE
  6
SDS2_5
 62
     1
100
AcDbLine
 10
-121.695430105
 20
-29.69349763
 30
0.0
 11
-121.695391706
 21
-29.500500125
 31
0.0
  0
LINE
  5
24F
330
1F
100
AcDbEntity
  8
OUTLINE
  6
SDS2_5
 62
     1
100
AcDbLine
 10
-120.827463763
 20
-29.500500125
 30
0.0
 11
-120.827265895
 21
-30.495
 31
0.0
  0
LINE
  5
250
330
1F
100
AcDbEntity
  8
OUTLINE
  6
SDS2_5
 62
     1
100
AcDbLine
 10
-120.827265895
 20
-30.495
 30
0.0
 11
-120.8272649
 21
-30.5
 31
0.0
  0
LINE
  5
251
330
1F
100
AcDbEntity
  8
OUTLINE
  6
SDS2_5
 62
     1
100
AcDbLine
 10
-120.888927734
 20
-30.5
 30
0.0
 11
-120.893927734
 21
-30.495
 31
0.0
  0
LINE
  5
252
330
1F
100
AcDbEntity
  8
OUTLINE
  6
CONTINUOUS
 62
     2
100
AcDbLine
 10
-135.261427734
 20
-30.5
 30
0.0
 11
-135.261427734
 21
-33.0
 31
0.0
  0
LINE
  5
253
330
1F
100
AcDbEntity
  8
OUTLINE
  6
CONTINUOUS
 62
     2
100
AcDbLine
 10
-135.261427734
 20
-33.0
 30
0.0
 11
-107.261427734
 21
-33.0
 31
0.0
  0
LINE
  5
254
330
1F
100
AcDbEntity
  8
OUTLINE
  6
CONTINUOUS
 62
     2
100
AcDbLine
 10
-107.261427734
 20
-33.0
 30
0.0
 11
-107.261427734
 21
-30.5
 31
0.0
  0
LINE
  5
255
330
1F
100
AcDbEntity
  8
OUTLINE
  6
CONTINUOUS
 62
     2
100
AcDbLine
 10
-107.261427734
 20
-30.5
 30
0.0
 11
-135.261427734
 21
-30.5
 31
0.0
  0
LINE
  5
256
330
1F
100
AcDbEntity
  8
OUTLINE
  6
CONTINUOUS
 62
     2
100
AcDbLine
 10
-53.388927734
 20
74.37
 30
0.0
 11
-41.761427734
 21
74.37
 31
0.0
  0
LINE
  5
257
330
1F
100
AcDbEntity
  8
OUTLINE
  6
CONTINUOUS
 62
     2
100
AcDbLine
 10
-41.761427734
 20
74.37
 30
0.0
 11
-41.761427734
 21
74.75
 31
0.0
  0
LINE
  5
258
330
1F
100
AcDbEntity
  8
OUTLINE
  6
CONTINUOUS
 62
     2
100
AcDbLine
 10
-41.761427734
 20
74.75
 30
0.0
 11
-53.388927734
 21
74.75
 31
0.0
  0
LINE
  5
259
330
1F
100
AcDbEntity
  8
OUTLINE
  6
CONTINUOUS
 62
     2
100
AcDbLine
 10
-53.388927734
 20
74.75
 30
0.0
 11
-53.388927734
 21
74.37
 31
0.0
  0
LINE
  5
25A
330
1F
100
AcDbEntity
  8
OUTLINE
  6
CONTINUOUS
 62
     2
100
AcDbLine
 10
-53.397892113
 20
74.324933027
 30
0.0
 11
-53.399261673
 21
74.318047781
 31
0.0
  0
LINE
  5
25B
330
1F
100
AcDbEntity
  8
OUTLINE
  6
CONTINUOUS
 62
     2
100
AcDbLine
 10
-41.761427734
 20
74.318047781
 30
0.0
 11
-41.761427734
 21
74.37
 31
0.0
  0
LINE
  5
25C
330
1F
100
AcDbEntity
  8
OUTLINE
  6
CONTINUOUS
 62
     2
100
AcDbLine
 10
-53.388927734
 20
74.37
 30
0.0
 11
-53.388927734
 21
74.333897405
 31
0.0
  0
LINE
  5
25D
330
1F
100
AcDbEntity
  8
OUTLINE
  6
CONTINUOUS
 62
     2
100
AcDbLine
 10
-53.388927734
 20
74.333897405
 30
0.0
 11
-53.397892113
 21
74.324933027
 31
0.0
  0
LINE
  5
25E
330
1F
100
AcDbEntity
  8
OUTLINE
  6
CONTINUOUS
 62
     2
100
AcDbLine
 10
-53.388927734
 20
74.37
 30
0.0
 11
-53.397892113
 21
74.324933027
 31
0.0
  0
LINE
  5
25F
330
1F
100
AcDbEntity
  8
OUTLINE
  6
CONTINUOUS
 62
     2
100
AcDbLine
 10
-41.761427734
 20
74.170100378
 30
0.0
 11
-41.761427734
 21
74.318047781
 31
0.0
  0
LINE
  5
260
330
1F
100
AcDbEntity
  8
OUTLINE
  6
CONTINUOUS
 62
     2
100
AcDbLine
 10
-53.399261673
 20
74.318047781
 30
0.0
 11
-53.426987968
 21
74.178658284
 31
0.0
  0
LINE
  5
261
330
1F
100
AcDbEntity
  8
OUTLINE
  6
CONTINUOUS
 62
     2
100
AcDbLine
 10
-53.426987968
 20
74.178658284
 30
0.0
 11
-53.432706178
 21
74.170100378
 31
0.0
  0
LINE
  5
262
330
1F
100
AcDbEntity
  8
OUTLINE
  6
CONTINUOUS
 62
     2
100
AcDbLine
 10
-41.761427734
 20
73.948681443
 30
0.0
 11
-41.761427734
 21
74.170100378
 31
0.0
  0
LINE
  5
263
330
1F
100
AcDbEntity
  8
OUTLINE
  6
CONTINUOUS
 62
     2
100
AcDbLine
 10
-53.432706178
 20
74.170100378
 30
0.0
 11
-53.461427711
 21
74.127115567
 31
0.0
  0
LINE
  5
264
330
1F
100
AcDbEntity
  8
OUTLINE
  6
SDS2_5
 62
     1
100
AcDbLine
 10
-53.461427711
 20
74.127115567
 30
0.0
 11
-53.462841287
 21
74.125
 31
0.0
  0
LINE
  5
265
330
1F
100
AcDbEntity
  8
OUTLINE
  6
CONTINUOUS
 62
     2
100
AcDbLine
 10
-53.462841287
 20
74.125
 30
0.0
 11
-53.535374344
 21
74.016446609
 31
0.0
  0
LINE
  5
266
330
1F
100
AcDbEntity
  8
OUTLINE
  6
CONTINUOUS
 62
     2
100
AcDbLine
 10
-53.535374344
 20
74.016446609
 30
0.0
 11
-53.636792083
 21
73.948681443
 31
0.0
  0
LINE
  5
267
330
1F
100
AcDbEntity
  8
OUTLINE
  6
CONTINUOUS
 62
     2
100
AcDbLine
 10
-53.888927734
 20
73.692527339
 30
0.0
 11
-60.888927734
 21
73.692527339
 31
0.0
  0
LINE
  5
268
330
1F
100
AcDbEntity
  8
OUTLINE
  6
CONTINUOUS
 62
     2
100
AcDbLine
 10
-41.761427734
 20
73.6875
 30
0.0
 11
-41.761427734
 21
73.948681443
 31
0.0
  0
LINE
  5
269
330
1F
100
AcDbEntity
  8
OUTLINE
  6
CONTINUOUS
 62
     2
100
AcDbLine
 10
-53.636792083
 20
73.948681443
 30
0.0
 11
-53.688596298
 21
73.914066973
 31
0.0
  0
LINE
  5
26A
330
1F
100
AcDbEntity
  8
OUTLINE
  6
CONTINUOUS
 62
     2
100
AcDbLine
 10
-53.688596298
 20
73.914066973
 30
0.0
 11
-53.697586018
 21
73.883869056
 31
0.0
  0
LINE
  5
26B
330
1F
100
AcDbEntity
  8
OUTLINE
  6
CONTINUOUS
 62
     2
100
AcDbLine
 10
-53.697586018
 20
73.883869056
 30
0.0
 11
-53.888927734
 21
73.692527339
 31
0.0
  0
LINE
  5
26C
330
1F
100
AcDbEntity
  8
OUTLINE
  6
CONTINUOUS
 62
     2
100
AcDbLine
 10
-53.697586018
 20
73.908060234
 30
0.0
 11
-53.888927734
 21
73.87
 31
0.0
  0
LINE
  5
26D
330
1F
100
AcDbEntity
  8
OUTLINE
  6
CONTINUOUS
 62
     2
100
AcDbLine
 10
-53.888927734
 20
73.87
 30
0.0
 11
-60.888927734
 21
73.87
 31
0.0
  0
LINE
  5
26E
330
1F
100
AcDbEntity
  8
OUTLINE
  6
CONTINUOUS
 62
     2
100
AcDbLine
 10
-60.888927734
 20
68.64
 30
0.0
 11
-41.761427734
 21
68.64
 31
0.0
  0
LINE
  5
26F
330
1F
100
AcDbEntity
  8
OUTLINE
  6
CONTINUOUS
 62
     2
100
AcDbLine
 10
-41.761427734
 20
68.64
 30
0.0
 11
-41.761427734
 21
73.6875
 31
0.0
  0
LINE
  5
270
330
1F
100
AcDbEntity
  8
OUTLINE
  6
CONTINUOUS
 62
     2
100
AcDbLine
 10
-69.061427734
 20
74.75
 30
0.0
 11
-69.061427734
 21
74.125
 31
0.0
  0
LINE
  5
271
330
1F
100
AcDbEntity
  8
OUTLINE
  6
CONTINUOUS
 62
     2
100
AcDbLine
 10
-69.061427734
 20
74.125
 30
0.0
 11
-53.461427711
 21
74.125
 31
0.0
  0
LINE
  5
272
330
1F
100
AcDbEntity
  8
OUTLINE
  6
CONTINUOUS
 62
     2
100
AcDbLine
 10
-53.461427711
 20
74.125
 30
0.0
 11
-53.461427711
 21
74.75
 31
0.0
  0
LINE
  5
273
330
1F
100
AcDbEntity
  8
OUTLINE
  6
CONTINUOUS
 62
     2
100
AcDbLine
 10
-53.461427711
 20
74.75
 30
0.0
 11
-69.061427734
 21
74.75
 31
0.0
  0
LINE
  5
274
330
1F
100
AcDbEntity
  8
OUTLINE
  6
CONTINUOUS
 62
     2
100
AcDbLine
 10
-69.008927734
 20
51.635
 30
0.0
 11
-69.008927734
 21
51.01
 31
0.0
  0
LINE
  5
275
330
1F
100
AcDbEntity
  8
OUTLINE
  6
CONTINUOUS
 62
     2
100
AcDbLine
 10
-69.008927734
 20
51.01
 30
0.0
 11
-61.633927734
 21
51.01
 31
0.0
  0
LINE
  5
276
330
1F
100
AcDbEntity
  8
OUTLINE
  6
CONTINUOUS
 62
     2
100
AcDbLine
 10
-61.633927734
 20
51.01
 30
0.0
 11
-61.633927734
 21
51.635
 31
0.0
  0
LINE
  5
277
330
1F
100
AcDbEntity
  8
OUTLINE
  6
CONTINUOUS
 62
     2
100
AcDbLine
 10
-61.633927734
 20
51.635
 30
0.0
 11
-69.008927734
 21
51.635
 31
0.0
  0
LINE
  5
278
330
1F
100
AcDbEntity
  8
OUTLINE
  6
CONTINUOUS
 62
     2
100
AcDbLine
 10
-60.888927734
 20
51.635
 30
0.0
 11
-60.888927734
 21
51.01
 31
0.0
  0
LINE
  5
279
330
1F
100
AcDbEntity
  8
OUTLINE
  6
CONTINUOUS
 62
     2
100
AcDbLine
 10
-60.888927734
 20
51.01
 30
0.0
 11
-53.513927734
 21
51.01
 31
0.0
  0
LINE
  5
27A
330
1F
100
AcDbEntity
  8
OUTLINE
  6
CONTINUOUS
 62
     2
100
AcDbLine
 10
-53.513927734
 20
51.01
 30
0.0
 11
-53.513927734
 21
51.635
 31
0.0
  0
LINE
  5
27B
330
1F
100
AcDbEntity
  8
OUTLINE
  6
CONTINUOUS
 62
     2
100
AcDbLine
 10
-53.513927734
 20
51.635
 30
0.0
 11
-60.888927734
 21
51.635
 31
0.0
  0
LINE
  5
27C
330
1F
100
AcDbEntity
  8
OUTLINE
  6
CONTINUOUS
 62
     2
100
AcDbLine
 10
-69.008927734
 20
-9.6
 30
0.0
 11
-69.008927734
 21
-10.35
 31
0.0
  0
LINE
  5
27D
330
1F
100
AcDbEntity
  8
OUTLINE
  6
CONTINUOUS
 62
     2
100
AcDbLine
 10
-69.008927734
 20
-10.35
 30
0.0
 11
-61.633927734
 21
-10.35
 31
0.0
  0
LINE
  5
27E
330
1F
100
AcDbEntity
  8
OUTLINE
  6
CONTINUOUS
 62
     2
100
AcDbLine
 10
-61.633927734
 20
-10.35
 30
0.0
 11
-61.633927734
 21
-9.6
 31
0.0
  0
LINE
  5
27F
330
1F
100
AcDbEntity
  8
OUTLINE
  6
CONTINUOUS
 62
     2
100
AcDbLine
 10
-61.633927734
 20
-9.6
 30
0.0
 11
-69.008927734
 21
-9.6
 31
0.0
  0
LINE
  5
280
330
1F
100
AcDbEntity
  8
OUTLINE
  6
CONTINUOUS
 62
     2
100
AcDbLine
 10
-60.888927734
 20
-9.6
 30
0.0
 11
-60.888927734
 21
-10.35
 31
0.0
  0
LINE
  5
281
330
1F
100
AcDbEntity
  8
OUTLINE
  6
CONTINUOUS
 62
     2
100
AcDbLine
 10
-60.888927734
 20
-10.35
 30
0.0
 11
-53.513927734
 21
-10.35
 31
0.0
  0
LINE
  5
282
330
1F
100
AcDbEntity
  8
OUTLINE
  6
CONTINUOUS
 62
     2
100
AcDbLine
 10
-53.513927734
 20
-10.35
 30
0.0
 11
-53.513927734
 21
-9.6
 31
0.0
  0
LINE
  5
283
330
1F
100
AcDbEntity
  8
OUTLINE
  6
CONTINUOUS
 62
     2
100
AcDbLine
 10
-53.513927734
 20
-9.6
 30
0.0
 11
-60.888927734
 21
-9.6
 31
0.0
  0
LINE
  5
284
330
1F
100
AcDbEntity
  8
OUTLINE
  6
CONTINUOUS
 62
     2
100
AcDbLine
 10
-69.008927734
 20
13.75
 30
0.0
 11
-69.008927734
 21
13.0
 31
0.0
  0
LINE
  5
285
330
1F
100
AcDbEntity
  8
OUTLINE
  6
CONTINUOUS
 62
     2
100
AcDbLine
 10
-69.008927734
 20
13.0
 30
0.0
 11
-61.633927734
 21
13.0
 31
0.0
  0
LINE
  5
286
330
1F
100
AcDbEntity
  8
OUTLINE
  6
CONTINUOUS
 62
     2
100
AcDbLine
 10
-61.633927734
 20
13.0
 30
0.0
 11
-61.633927734
 21
13.75
 31
0.0
  0
LINE
  5
287
330
1F
100
AcDbEntity
  8
OUTLINE
  6
CONTINUOUS
 62
     2
100
AcDbLine
 10
-61.633927734
 20
13.75
 30
0.0
 11
-69.008927734
 21
13.75
 31
0.0
  0
LINE
  5
288
330
1F
100
AcDbEntity
  8
OUTLINE
  6
CONTINUOUS
 62
     2
100
AcDbLine
 10
-60.888927734
 20
13.75
 30
0.0
 11
-60.888927734
 21
13.0
 31
0.0
  0
LINE
  5
289
330
1F
100
AcDbEntity
  8
OUTLINE
  6
CONTINUOUS
 62
     2
100
AcDbLine
 10
-60.888927734
 20
13.0
 30
0.0
 11
-53.513927734
 21
13.0
 31
0.0
  0
LINE
  5
28A
330
1F
100
AcDbEntity
  8
OUTLINE
  6
CONTINUOUS
 62
     2
100
AcDbLine
 10
-53.513927734
 20
13.0
 30
0.0
 11
-53.513927734
 21
13.75
 31
0.0
  0
LINE
  5
28B
330
1F
100
AcDbEntity
  8
OUTLINE
  6
CONTINUOUS
 62
     2
100
AcDbLine
 10
-53.513927734
 20
13.75
 30
0.0
 11
-60.888927734
 21
13.75
 31
0.0
  0
LINE
  5
28C
330
1F
100
AcDbEntity
  8
OUTLINE
  6
CONTINUOUS
 62
     2
100
AcDbLine
 10
-53.388927734
 20
13.37
 30
0.0
 11
-32.063927734
 21
13.37
 31
0.0
  0
LINE
  5
28D
330
1F
100
AcDbEntity
  8
OUTLINE
  6
CONTINUOUS
 62
     2
100
AcDbLine
 10
-32.063927734
 20
13.37
 30
0.0
 11
-32.063927734
 21
13.75
 31
0.0
  0
LINE
  5
28E
330
1F
100
AcDbEntity
  8
OUTLINE
  6
CONTINUOUS
 62
     2
100
AcDbLine
 10
-32.063927734
 20
13.75
 30
0.0
 11
-53.388927734
 21
13.75
 31
0.0
  0
LINE
  5
28F
330
1F
100
AcDbEntity
  8
OUTLINE
  6
CONTINUOUS
 62
     2
100
AcDbLine
 10
-53.388927734
 20
13.75
 30
0.0
 11
-53.388927734
 21
13.37
 31
0.0
  0
LINE
  5
290
330
1F
100
AcDbEntity
  8
OUTLINE
  6
CONTINUOUS
 62
     2
100
AcDbLine
 10
-53.397892113
 20
13.324933027
 30
0.0
 11
-53.399261673
 21
13.318047781
 31
0.0
  0
LINE
  5
291
330
1F
100
AcDbEntity
  8
OUTLINE
  6
CONTINUOUS
 62
     2
100
AcDbLine
 10
-32.063927734
 20
13.318047781
 30
0.0
 11
-32.063927734
 21
13.37
 31
0.0
  0
LINE
  5
292
330
1F
100
AcDbEntity
  8
OUTLINE
  6
CONTINUOUS
 62
     2
100
AcDbLine
 10
-53.388927734
 20
13.37
 30
0.0
 11
-53.388927734
 21
13.333897405
 31
0.0
  0
LINE
  5
293
330
1F
100
AcDbEntity
  8
OUTLINE
  6
CONTINUOUS
 62
     2
100
AcDbLine
 10
-53.388927734
 20
13.333897405
 30
0.0
 11
-53.397892113
 21
13.324933027
 31
0.0
  0
LINE
  5
294
330
1F
100
AcDbEntity
  8
OUTLINE
  6
CONTINUOUS
 62
     2
100
AcDbLine
 10
-53.388927734
 20
13.37
 30
0.0
 11
-53.397892113
 21
13.324933027
 31
0.0
  0
LINE
  5
295
330
1F
100
AcDbEntity
  8
OUTLINE
  6
CONTINUOUS
 62
     2
100
AcDbLine
 10
-32.063927734
 20
13.170100378
 30
0.0
 11
-32.063927734
 21
13.318047781
 31
0.0
  0
LINE
  5
296
330
1F
100
AcDbEntity
  8
OUTLINE
  6
CONTINUOUS
 62
     2
100
AcDbLine
 10
-53.399261673
 20
13.318047781
 30
0.0
 11
-53.426987968
 21
13.178658284
 31
0.0
  0
LINE
  5
297
330
1F
100
AcDbEntity
  8
OUTLINE
  6
CONTINUOUS
 62
     2
100
AcDbLine
 10
-53.426987968
 20
13.178658284
 30
0.0
 11
-53.432706178
 21
13.170100378
 31
0.0
  0
LINE
  5
298
330
1F
100
AcDbEntity
  8
OUTLINE
  6
CONTINUOUS
 62
     2
100
AcDbLine
 10
-32.063927734
 20
12.948681443
 30
0.0
 11
-32.063927734
 21
13.170100378
 31
0.0
  0
LINE
  5
299
330
1F
100
AcDbEntity
  8
OUTLINE
  6
CONTINUOUS
 62
     2
100
AcDbLine
 10
-53.432706178
 20
13.170100378
 30
0.0
 11
-53.513927734
 21
13.048543729
 31
0.0
  0
LINE
  5
29A
330
1F
100
AcDbEntity
  8
OUTLINE
  6
SDS2_5
 62
     1
100
AcDbLine
 10
-53.513927734
 20
13.048543729
 30
0.0
 11
-53.535374344
 21
13.016446609
 31
0.0
  0
LINE
  5
29B
330
1F
100
AcDbEntity
  8
OUTLINE
  6
SDS2_5
 62
     1
100
AcDbLine
 10
-53.535374344
 20
13.016446609
 30
0.0
 11
-53.559988434
 21
13.0
 31
0.0
  0
LINE
  5
29C
330
1F
100
AcDbEntity
  8
OUTLINE
  6
CONTINUOUS
 62
     2
100
AcDbLine
 10
-53.559988434
 20
13.0
 30
0.0
 11
-53.636792083
 21
12.948681443
 31
0.0
  0
LINE
  5
29D
330
1F
100
AcDbEntity
  8
OUTLINE
  6
CONTINUOUS
 62
     2
100
AcDbLine
 10
-32.063927734
 20
12.6875
 30
0.0
 11
-32.063927734
 21
12.948681443
 31
0.0
  0
LINE
  5
29E
330
1F
100
AcDbEntity
  8
OUTLINE
  6
CONTINUOUS
 62
     2
100
AcDbLine
 10
-53.636792083
 20
12.948681443
 30
0.0
 11
-53.688596298
 21
12.914066973
 31
0.0
  0
LINE
  5
29F
330
1F
100
AcDbEntity
  8
OUTLINE
  6
CONTINUOUS
 62
     2
100
AcDbLine
 10
-53.688596298
 20
12.914066973
 30
0.0
 11
-53.697586018
 21
12.883869056
 31
0.0
  0
LINE
  5
2A0
330
1F
100
AcDbEntity
  8
OUTLINE
  6
CONTINUOUS
 62
     2
100
AcDbLine
 10
-53.697586018
 20
12.883869056
 30
0.0
 11
-53.888927734
 21
12.692527339
 31
0.0
  0
LINE
  5
2A1
330
1F
100
AcDbEntity
  8
OUTLINE
  6
CONTINUOUS
 62
     2
100
AcDbLine
 10
-53.888927734
 20
12.692527339
 30
0.0
 11
-60.888927734
 21
12.692527339
 31
0.0
  0
LINE
  5
2A2
330
1F
100
AcDbEntity
  8
OUTLINE
  6
CONTINUOUS
 62
     2
100
AcDbLine
 10
-53.697586018
 20
12.908060234
 30
0.0
 11
-53.888927734
 21
12.87
 31
0.0
  0
LINE
  5
2A3
330
1F
100
AcDbEntity
  8
OUTLINE
  6
CONTINUOUS
 62
     2
100
AcDbLine
 10
-53.888927734
 20
12.87
 30
0.0
 11
-60.888927734
 21
12.87
 31
0.0
  0
LINE
  5
2A4
330
1F
100
AcDbEntity
  8
OUTLINE
  6
CONTINUOUS
 62
     2
100
AcDbLine
 10
-60.888927734
 20
7.64
 30
0.0
 11
-32.063927734
 21
7.64
 31
0.0
  0
LINE
  5
2A5
330
1F
100
AcDbEntity
  8
OUTLINE
  6
CONTINUOUS
 62
     2
100
AcDbLine
 10
-32.063927734
 20
7.64
 30
0.0
 11
-32.063927734
 21
12.6875
 31
0.0
  0
LINE
  5
2A6
330
1F
100
AcDbEntity
  8
OUTLINE
  6
CONTINUOUS
 62
     2
100
AcDbLine
 10
-60.888927734
 20
74.125
 30
0.0
 11
-61.633927734
 21
74.125
 31
0.0
  0
LINE
  5
2A7
330
1F
100
AcDbEntity
  8
OUTLINE
  6
CONTINUOUS
 62
     2
100
AcDbLine
 10
-61.633927734
 20
74.125
 30
0.0
 11
-61.633927734
 21
-29.755
 31
0.0
  0
LINE
  5
2A8
330
1F
100
AcDbEntity
  8
OUTLINE
  6
CONTINUOUS
 62
     2
100
AcDbLine
 10
-61.633927734
 20
-29.755
 30
0.0
 11
-60.888927734
 21
-30.5
 31
0.0
  0
LINE
  5
2A9
330
1F
100
AcDbEntity
  8
OUTLINE
  6
CONTINUOUS
 62
     2
100
AcDbLine
 10
-60.888927734
 20
-30.5
 30
0.0
 11
-60.888927734
 21
74.125
 31
0.0
  0
LINE
  5
2AA
330
1F
100
AcDbEntity
  8
OUTLINE
  6
CONTINUOUS
 62
     2
100
AcDbLine
 10
-75.261427734
 20
-30.5
 30
0.0
 11
-75.261427734
 21
-33.0
 31
0.0
  0
LINE
  5
2AB
330
1F
100
AcDbEntity
  8
OUTLINE
  6
CONTINUOUS
 62
     2
100
AcDbLine
 10
-75.261427734
 20
-33.0
 30
0.0
 11
-47.261427734
 21
-33.0
 31
0.0
  0
LINE
  5
2AC
330
1F
100
AcDbEntity
  8
OUTLINE
  6
CONTINUOUS
 62
     2
100
AcDbLine
 10
-47.261427734
 20
-33.0
 30
0.0
 11
-47.261427734
 21
-30.5
 31
0.0
  0
LINE
  5
2AD
330
1F
100
AcDbEntity
  8
OUTLINE
  6
CONTINUOUS
 62
     2
100
AcDbLine
 10
-47.261427734
 20
-30.5
 30
0.0
 11
-75.261427734
 21
-30.5
 31
0.0
  0
LINE
  5
2AE
330
1F
100
AcDbEntity
  8
OUTLINE
  6
CONTINUOUS
 62
     2
100
AcDbLine
 10
-170.073690117
 20
-74.131834479
 30
0.0
 11
-169.789717812
 21
-74.556829066
 31
0.0
  0
LINE
  5
2AF
330
1F
100
AcDbEntity
  8
OUTLINE
  6
CONTINUOUS
 62
     2
100
AcDbLine
 10
-169.789717812
 20
-74.556829066
 30
0.0
 11
-169.69
 21
-75.058144362
 31
0.0
  0
LINE
  5
2B0
330
1F
100
AcDbEntity
  8
OUTLINE
  6
CONTINUOUS
 62
     2
100
AcDbLine
 10
-169.69
 20
-75.058144362
 30
0.0
 11
-169.69
 21
-81.175644362
 31
0.0
  0
LINE
  5
2B1
330
1F
100
AcDbEntity
  8
OUTLINE
  6
CONTINUOUS
 62
     2
100
AcDbLine
 10
-169.69
 20
-81.175644362
 30
0.0
 11
-168.5
 21
-81.175644362
 31
0.0
  0
LINE
  5
2B2
330
1F
100
AcDbEntity
  8
OUTLINE
  6
CONTINUOUS
 62
     2
100
AcDbLine
 10
-168.5
 20
-81.175644362
 30
0.0
 11
-168.5
 21
-65.575644362
 31
0.0
  0
LINE
  5
2B3
330
1F
100
AcDbEntity
  8
OUTLINE
  6
CONTINUOUS
 62
     2
100
AcDbLine
 10
-168.5
 20
-65.575644362
 30
0.0
 11
-169.69
 21
-65.575644362
 31
0.0
  0
LINE
  5
2B4
330
1F
100
AcDbEntity
  8
OUTLINE
  6
CONTINUOUS
 62
     2
100
AcDbLine
 10
-169.69
 20
-65.575644362
 30
0.0
 11
-169.69
 21
-71.693144362
 31
0.0
  0
LINE
  5
2B5
330
1F
100
AcDbEntity
  8
OUTLINE
  6
CONTINUOUS
 62
     2
100
AcDbLine
 10
-169.69
 20
-71.693144362
 30
0.0
 11
-169.789717812
 21
-72.194459658
 31
0.0
  0
LINE
  5
2B6
330
1F
100
AcDbEntity
  8
OUTLINE
  6
CONTINUOUS
 62
     2
100
AcDbLine
 10
-169.789717812
 20
-72.194459658
 30
0.0
 11
-170.073690117
 21
-72.619454245
 31
0.0
  0
LINE
  5
2B7
330
1F
100
AcDbEntity
  8
OUTLINE
  6
CONTINUOUS
 62
     2
100
AcDbLine
 10
-170.073690117
 20
-72.619454245
 30
0.0
 11
-170.498684704
 21
-72.90342655
 31
0.0
  0
LINE
  5
2B8
330
1F
100
AcDbEntity
  8
OUTLINE
  6
CONTINUOUS
 62
     2
100
AcDbLine
 10
-170.498684704
 20
-72.90342655
 30
0.0
 11
-171.0
 21
-73.003144362
 31
0.0
  0
LINE
  5
2B9
330
1F
100
AcDbEntity
  8
OUTLINE
  6
CONTINUOUS
 62
     2
100
AcDbLine
 10
-171.0
 20
-73.003144362
 30
0.0
 11
-181.0
 21
-73.003144362
 31
0.0
  0
LINE
  5
2BA
330
1F
100
AcDbEntity
  8
OUTLINE
  6
CONTINUOUS
 62
     2
100
AcDbLine
 10
-181.0
 20
-73.003144362
 30
0.0
 11
-181.501315296
 21
-72.90342655
 31
0.0
  0
LINE
  5
2BB
330
1F
100
AcDbEntity
  8
OUTLINE
  6
CONTINUOUS
 62
     2
100
AcDbLine
 10
-181.501315296
 20
-72.90342655
 30
0.0
 11
-181.926309883
 21
-72.619454245
 31
0.0
  0
LINE
  5
2BC
330
1F
100
AcDbEntity
  8
OUTLINE
  6
CONTINUOUS
 62
     2
100
AcDbLine
 10
-181.926309883
 20
-72.619454245
 30
0.0
 11
-182.210282188
 21
-72.194459658
 31
0.0
  0
LINE
  5
2BD
330
1F
100
AcDbEntity
  8
OUTLINE
  6
CONTINUOUS
 62
     2
100
AcDbLine
 10
-182.210282188
 20
-72.194459658
 30
0.0
 11
-182.31
 21
-71.693144362
 31
0.0
  0
LINE
  5
2BE
330
1F
100
AcDbEntity
  8
OUTLINE
  6
CONTINUOUS
 62
     2
100
AcDbLine
 10
-182.31
 20
-71.693144362
 30
0.0
 11
-182.31
 21
-65.575644362
 31
0.0
  0
LINE
  5
2BF
330
1F
100
AcDbEntity
  8
OUTLINE
  6
CONTINUOUS
 62
     2
100
AcDbLine
 10
-182.31
 20
-65.575644362
 30
0.0
 11
-183.5
 21
-65.575644362
 31
0.0
  0
LINE
  5
2C0
330
1F
100
AcDbEntity
  8
OUTLINE
  6
CONTINUOUS
 62
     2
100
AcDbLine
 10
-183.5
 20
-65.575644362
 30
0.0
 11
-183.5
 21
-81.175644362
 31
0.0
  0
LINE
  5
2C1
330
1F
100
AcDbEntity
  8
OUTLINE
  6
CONTINUOUS
 62
     2
100
AcDbLine
 10
-183.5
 20
-81.175644362
 30
0.0
 11
-182.31
 21
-81.175644362
 31
0.0
  0
LINE
  5
2C2
330
1F
100
AcDbEntity
  8
OUTLINE
  6
CONTINUOUS
 62
     2
100
AcDbLine
 10
-182.31
 20
-81.175644362
 30
0.0
 11
-182.31
 21
-75.058144362
 31
0.0
  0
LINE
  5
2C3
330
1F
100
AcDbEntity
  8
OUTLINE
  6
CONTINUOUS
 62
     2
100
AcDbLine
 10
-182.31
 20
-75.058144362
 30
0.0
 11
-182.210282188
 21
-74.556829066
 31
0.0
  0
LINE
  5
2C4
330
1F
100
AcDbEntity
  8
OUTLINE
  6
CONTINUOUS
 62
     2
100
AcDbLine
 10
-182.210282188
 20
-74.556829066
 30
0.0
 11
-181.926309883
 21
-74.131834479
 31
0.0
  0
LINE
  5
2C5
330
1F
100
AcDbEntity
  8
OUTLINE
  6
CONTINUOUS
 62
     2
100
AcDbLine
 10
-181.926309883
 20
-74.131834479
 30
0.0
 11
-181.501315296
 21
-73.847862174
 31
0.0
  0
LINE
  5
2C6
330
1F
100
AcDbEntity
  8
OUTLINE
  6
CONTINUOUS
 62
     2
100
AcDbLine
 10
-181.501315296
 20
-73.847862174
 30
0.0
 11
-181.0
 21
-73.748144362
 31
0.0
  0
LINE
  5
2C7
330
1F
100
AcDbEntity
  8
OUTLINE
  6
CONTINUOUS
 62
     2
100
AcDbLine
 10
-181.0
 20
-73.748144362
 30
0.0
 11
-171.0
 21
-73.748144362
 31
0.0
  0
LINE
  5
2C8
330
1F
100
AcDbEntity
  8
OUTLINE
  6
CONTINUOUS
 62
     2
100
AcDbLine
 10
-171.0
 20
-73.748144362
 30
0.0
 11
-170.498684704
 21
-73.847862174
 31
0.0
  0
LINE
  5
2C9
330
1F
100
AcDbEntity
  8
OUTLINE
  6
CONTINUOUS
 62
     2
100
AcDbLine
 10
-170.498684704
 20
-73.847862174
 30
0.0
 11
-170.073690117
 21
-74.131834479
 31
0.0
  0
LINE
  5
2CA
330
1F
100
AcDbEntity
  8
OUTLINE
  6
SDS2_5
 62
     1
100
AcDbLine
 10
-182.309
 20
-75.053117022
 30
0.0
 11
-182.309
 21
-71.698171701
 31
0.0
  0
LINE
  5
2CB
330
1F
100
AcDbEntity
  8
OUTLINE
  6
SDS2_5
 62
     1
100
AcDbLine
 10
-169.691
 20
-71.698171701
 30
0.0
 11
-169.691
 21
-75.053117022
 31
0.0
  0
LINE
  5
2CC
330
1F
100
AcDbEntity
  8
OUTLINE
  6
SDS2_5
 62
     1
100
AcDbLine
 10
-181.30900025
 20
-72.941680391
 30
0.0
 11
-181.30900025
 21
-73.809608333
 31
0.0
  0
LINE
  5
2CD
330
1F
100
AcDbEntity
  8
OUTLINE
  6
SDS2_5
 62
     1
100
AcDbLine
 10
-170.69099975
 20
-73.809608333
 30
0.0
 11
-170.69099975
 21
-72.941680391
 31
0.0
  0
LINE
  5
2CE
330
1F
100
AcDbEntity
  8
OUTLINE
  6
SDS2_5
 62
     1
100
AcDbLine
 10
-169.566
 20
-81.175644362
 30
0.0
 11
-169.566
 21
-65.575644362
 31
0.0
  0
LINE
  5
2CF
330
1F
100
AcDbEntity
  8
OUTLINE
  6
SDS2_5
 62
     1
100
AcDbLine
 10
-182.434
 20
-65.575644362
 30
0.0
 11
-182.434
 21
-81.175644362
 31
0.0
  0
LINE
  5
2D0
330
1F
100
AcDbEntity
  8
OUTLINE
  6
SDS2_5
 62
     1
100
AcDbLine
 10
-181.309193296
 20
-73.809646732
 30
0.0
 11
-181.31
 21
-73.003144362
 31
0.0
  0
LINE
  5
2D1
330
1F
100
AcDbEntity
  8
OUTLINE
  6
SDS2_5
 62
     1
100
AcDbLine
 10
-181.31
 20
-73.003144362
 30
0.0
 11
-181.0
 21
-73.003144362
 31
0.0
  0
LINE
  5
2D2
330
1F
100
AcDbEntity
  8
OUTLINE
  6
SDS2_5
 62
     1
100
AcDbLine
 10
-171.0
 20
-73.003144362
 30
0.0
 11
-170.69
 21
-73.003144362
 31
0.0
  0
LINE
  5
2D3
330
1F
100
AcDbEntity
  8
OUTLINE
  6
SDS2_5
 62
     1
100
AcDbLine
 10
-170.69
 20
-73.003144362
 30
0.0
 11
-170.690806704
 21
-73.809646732
 31
0.0
  0
LINE
  5
2D4
330
1F
100
AcDbEntity
  8
OUTLINE
  6
SDS2_5
 62
     1
100
AcDbLine
 10
-181.31
 20
-73.003144362
 30
0.0
 11
-181.31
 21
-72.941481528
 31
0.0
  0
LINE
  5
2D5
330
1F
100
AcDbEntity
  8
OUTLINE
  6
SDS2_5
 62
     1
100
AcDbLine
 10
-170.69
 20
-72.941481528
 30
0.0
 11
-170.69
 21
-73.003144362
 31
0.0
  0
LINE
  5
2D6
330
1F
100
AcDbEntity
  8
OUTLINE
  6
CONTINUOUS
 62
     2
100
AcDbLine
 10
-160.0
 20
-59.375644362
 30
0.0
 11
-192.0
 21
-59.375644362
 31
0.0
  0
LINE
  5
2D7
330
1F
100
AcDbEntity
  8
OUTLINE
  6
CONTINUOUS
 62
     2
100
AcDbLine
 10
-192.0
 20
-59.375644362
 30
0.0
 11
-192.0
 21
-87.375644362
 31
0.0
  0
LINE
  5
2D8
330
1F
100
AcDbEntity
  8
OUTLINE
  6
CONTINUOUS
 62
     2
100
AcDbLine
 10
-192.0
 20
-87.375644362
 30
0.0
 11
-160.0
 21
-87.375644362
 31
0.0
  0
LINE
  5
2D9
330
1F
100
AcDbEntity
  8
OUTLINE
  6
CONTINUOUS
 62
     2
100
AcDbLine
 10
-160.0
 20
-87.375644362
 30
0.0
 11
-160.0
 21
-59.375644362
 31
0.0
  0
LINE
  5
2DA
330
1F
100
AcDbEntity
  8
OUTLINE
  6
CONTINUOUS
 62
     2
100
AcDbLine
 10
-176.616
 20
112.321405092
 30
0.0
 11
-175.384
 21
112.321405092
 31
0.0
  0
LINE
  5
2DB
330
1F
100
AcDbEntity
  8
OUTLINE
  6
CONTINUOUS
 62
     2
100
AcDbLine
 10
-175.384
 20
112.321405092
 30
0.0
 11
-172.755
 21
112.321405092
 31
0.0
  0
LINE
  5
2DC
330
1F
100
AcDbEntity
  8
OUTLINE
  6
CONTINUOUS
 62
     2
100
AcDbLine
 10
-172.755
 20
112.321405092
 30
0.0
 11
-172.755
 21
117.948905092
 31
0.0
  0
LINE
  5
2DD
330
1F
100
AcDbEntity
  8
OUTLINE
  6
CONTINUOUS
 62
     2
100
AcDbLine
 10
-172.755
 20
117.948905092
 30
0.0
 11
-179.245
 21
117.948905092
 31
0.0
  0
LINE
  5
2DE
330
1F
100
AcDbEntity
  8
OUTLINE
  6
CONTINUOUS
 62
     2
100
AcDbLine
 10
-179.245
 20
117.948905092
 30
0.0
 11
-179.245
 21
112.321405092
 31
0.0
  0
LINE
  5
2DF
330
1F
100
AcDbEntity
  8
OUTLINE
  6
CONTINUOUS
 62
     2
100
AcDbLine
 10
-179.245
 20
112.321405092
 30
0.0
 11
-176.616
 21
112.321405092
 31
0.0
  0
LINE
  5
2E0
330
1F
100
AcDbEntity
  8
OUTLINE
  6
CONTINUOUS
 62
     2
100
AcDbLine
 10
-176.570933027
 20
112.312440713
 30
0.0
 11
-176.536318557
 21
112.311071153
 31
0.0
  0
LINE
  5
2E1
330
1F
100
AcDbEntity
  8
OUTLINE
  6
CONTINUOUS
 62
     2
100
AcDbLine
 10
-176.536318557
 20
112.311071153
 30
0.0
 11
-176.327707433
 21
112.283344858
 31
0.0
  0
LINE
  5
2E2
330
1F
100
AcDbEntity
  8
OUTLINE
  6
CONTINUOUS
 62
     2
100
AcDbLine
 10
-175.672292567
 20
112.283344858
 30
0.0
 11
-175.463681443
 21
112.311071153
 31
0.0
  0
LINE
  5
2E3
330
1F
100
AcDbEntity
  8
OUTLINE
  6
CONTINUOUS
 62
     2
100
AcDbLine
 10
-175.463681443
 20
112.311071153
 30
0.0
 11
-175.429066973
 21
112.312440713
 31
0.0
  0
LINE
  5
2E4
330
1F
100
AcDbEntity
  8
OUTLINE
  6
CONTINUOUS
 62
     2
100
AcDbLine
 10
-175.429066973
 20
112.312440713
 30
0.0
 11
-175.384
 21
112.321405092
 31
0.0
  0
LINE
  5
2E5
330
1F
100
AcDbEntity
  8
OUTLINE
  6
CONTINUOUS
 62
     2
100
AcDbLine
 10
-176.616
 20
112.321405092
 30
0.0
 11
-176.570933027
 21
112.312440713
 31
0.0
  0
LINE
  5
2E6
330
1F
100
AcDbEntity
  8
OUTLINE
  6
CONTINUOUS
 62
     2
100
AcDbLine
 10
-175.713821911
 20
112.248905115
 30
0.0
 11
-175.685100378
 21
112.277626648
 31
0.0
  0
LINE
  5
2E7
330
1F
100
AcDbEntity
  8
OUTLINE
  6
CONTINUOUS
 62
     2
100
AcDbLine
 10
-175.685100378
 20
112.277626648
 30
0.0
 11
-175.672292567
 21
112.283344858
 31
0.0
  0
LINE
  5
2E8
330
1F
100
AcDbEntity
  8
OUTLINE
  6
CONTINUOUS
 62
     2
100
AcDbLine
 10
-176.327707433
 20
112.283344858
 30
0.0
 11
-176.314899622
 21
112.277626648
 31
0.0
  0
LINE
  5
2E9
330
1F
100
AcDbEntity
  8
OUTLINE
  6
CONTINUOUS
 62
     2
100
AcDbLine
 10
-176.314899622
 20
112.277626648
 30
0.0
 11
-176.286178089
 21
112.248905115
 31
0.0
  0
LINE
  5
2EA
330
1F
100
AcDbEntity
  8
OUTLINE
  6
SDS2_5
 62
     1
100
AcDbLine
 10
-175.713821911
 20
112.248905115
 30
0.0
 11
-175.787768544
 21
112.174958482
 31
0.0
  0
LINE
  5
2EB
330
1F
100
AcDbEntity
  8
OUTLINE
  6
SDS2_5
 62
     1
100
AcDbLine
 10
-176.212231456
 20
112.174958482
 30
0.0
 11
-176.286178089
 21
112.248905115
 31
0.0
  0
LINE
  5
2EC
330
1F
100
AcDbEntity
  8
OUTLINE
  6
SDS2_5
 62
     1
100
AcDbLine
 10
-176.154060234
 20
112.012746808
 30
0.0
 11
-176.160066973
 21
112.021736528
 31
0.0
  0
LINE
  5
2ED
330
1F
100
AcDbEntity
  8
OUTLINE
  6
SDS2_5
 62
     1
100
AcDbLine
 10
-176.160066973
 20
112.021736528
 30
0.0
 11
-176.166952219
 21
112.073540743
 31
0.0
  0
LINE
  5
2EE
330
1F
100
AcDbEntity
  8
OUTLINE
  6
SDS2_5
 62
     1
100
AcDbLine
 10
-176.166952219
 20
112.073540743
 30
0.0
 11
-176.212231456
 21
112.174958482
 31
0.0
  0
LINE
  5
2EF
330
1F
100
AcDbEntity
  8
OUTLINE
  6
SDS2_5
 62
     1
100
AcDbLine
 10
-175.787768544
 20
112.174958482
 30
0.0
 11
-175.833047781
 21
112.073540743
 31
0.0
  0
LINE
  5
2F0
330
1F
100
AcDbEntity
  8
OUTLINE
  6
SDS2_5
 62
     1
100
AcDbLine
 10
-175.833047781
 20
112.073540743
 30
0.0
 11
-175.839933027
 21
112.021736528
 31
0.0
  0
LINE
  5
2F1
330
1F
100
AcDbEntity
  8
OUTLINE
  6
SDS2_5
 62
     1
100
AcDbLine
 10
-175.839933027
 20
112.021736528
 30
0.0
 11
-175.845939766
 21
112.012746808
 31
0.0
  0
LINE
  5
2F2
330
1F
100
AcDbEntity
  8
OUTLINE
  6
SDS2_5
 62
     1
100
AcDbLine
 10
-176.115
 20
117.948905092
 30
0.0
 11
-176.115
 21
104.821405092
 31
0.0
  0
LINE
  5
2F3
330
1F
100
AcDbEntity
  8
OUTLINE
  6
SDS2_5
 62
     1
100
AcDbLine
 10
-175.885
 20
104.821405092
 30
0.0
 11
-175.885
 21
117.948905092
 31
0.0
  0
LINE
  5
2F4
330
1F
100
AcDbEntity
  8
OUTLINE
  6
SDS2_5
 62
     1
100
AcDbLine
 10
-176.116
 20
111.821405092
 30
0.0
 11
-176.154060234
 21
112.012746808
 31
0.0
  0
LINE
  5
2F5
330
1F
100
AcDbEntity
  8
OUTLINE
  6
SDS2_5
 62
     1
100
AcDbLine
 10
-175.845939766
 20
112.012746808
 30
0.0
 11
-175.884
 21
111.821405092
 31
0.0
  0
LINE
  5
2F6
330
1F
100
AcDbEntity
  8
OUTLINE
  6
SDS2_5
 62
     1
100
AcDbLine
 10
-176.116
 20
104.821405092
 30
0.0
 11
-176.116
 21
111.821405092
 31
0.0
  0
LINE
  5
2F7
330
1F
100
AcDbEntity
  8
OUTLINE
  6
SDS2_5
 62
     1
100
AcDbLine
 10
-175.884
 20
111.821405092
 30
0.0
 11
-175.884
 21
104.821405092
 31
0.0
  0
LINE
  5
2F8
330
1F
100
AcDbEntity
  8
OUTLINE
  6
CONTINUOUS
 62
     2
100
AcDbLine
 10
-183.5
 20
104.213905092
 30
0.0
 11
-187.5
 21
104.213905092
 31
0.0
  0
LINE
  5
2F9
330
1F
100
AcDbEntity
  8
OUTLINE
  6
CONTINUOUS
 62
     2
100
AcDbLine
 10
-187.5
 20
104.213905092
 30
0.0
 11
-187.5
 21
103.838905092
 31
0.0
  0
LINE
  5
2FA
330
1F
100
AcDbEntity
  8
OUTLINE
  6
CONTINUOUS
 62
     2
100
AcDbLine
 10
-187.5
 20
103.838905092
 30
0.0
 11
-183.5
 21
103.838905092
 31
0.0
  0
LINE
  5
2FB
330
1F
100
AcDbEntity
  8
OUTLINE
  6
CONTINUOUS
 62
     2
100
AcDbLine
 10
-164.5
 20
103.838905092
 30
0.0
 11
-164.5
 21
104.213905092
 31
0.0
  0
LINE
  5
2FC
330
1F
100
AcDbEntity
  8
OUTLINE
  6
CONTINUOUS
 62
     2
100
AcDbLine
 10
-164.5
 20
104.213905092
 30
0.0
 11
-168.5
 21
104.213905092
 31
0.0
  0
LINE
  5
2FD
330
1F
100
AcDbEntity
  8
OUTLINE
  6
CONTINUOUS
 62
     2
100
AcDbLine
 10
-168.5
 20
103.838905092
 30
0.0
 11
-164.5
 21
103.838905092
 31
0.0
  0
LINE
  5
2FE
330
1F
100
AcDbEntity
  8
OUTLINE
  6
CONTINUOUS
 62
     2
100
AcDbLine
 10
-183.5
 20
96.648905092
 30
0.0
 11
-168.5
 21
96.648905092
 31
0.0
  0
LINE
  5
2FF
330
1F
100
AcDbEntity
  8
OUTLINE
  6
CONTINUOUS
 62
     2
100
AcDbLine
 10
-168.5
 20
96.648905092
 30
0.0
 11
-168.5
 21
112.248905115
 31
0.0
  0
LINE
  5
300
330
1F
100
AcDbEntity
  8
OUTLINE
  6
CONTINUOUS
 62
     2
100
AcDbLine
 10
-168.5
 20
112.248905115
 30
0.0
 11
-183.5
 21
112.248905115
 31
0.0
  0
LINE
  5
301
330
1F
100
AcDbEntity
  8
OUTLINE
  6
CONTINUOUS
 62
     2
100
AcDbLine
 10
-183.5
 20
112.248905115
 30
0.0
 11
-183.5
 21
96.648905092
 31
0.0
  0
LINE
  5
302
330
1F
100
AcDbEntity
  8
OUTLINE
  6
SDS2_5
 62
     1
100
AcDbLine
 10
-182.31
 20
96.648905092
 30
0.0
 11
-182.31
 21
102.766405092
 31
0.0
  0
LINE
  5
303
330
1F
100
AcDbEntity
  8
OUTLINE
  6
SDS2_5
 62
     1
100
AcDbLine
 10
-182.31
 20
102.766405092
 30
0.0
 11
-182.210282188
 21
103.267720388
 31
0.0
  0
LINE
  5
304
330
1F
100
AcDbEntity
  8
OUTLINE
  6
SDS2_5
 62
     1
100
AcDbLine
 10
-182.210282188
 20
103.267720388
 30
0.0
 11
-181.926309883
 21
103.692714975
 31
0.0
  0
LINE
  5
305
330
1F
100
AcDbEntity
  8
OUTLINE
  6
SDS2_5
 62
     1
100
AcDbLine
 10
-181.926309883
 20
103.692714975
 30
0.0
 11
-181.501315296
 21
103.976687279
 31
0.0
  0
LINE
  5
306
330
1F
100
AcDbEntity
  8
OUTLINE
  6
SDS2_5
 62
     1
100
AcDbLine
 10
-181.501315296
 20
103.976687279
 30
0.0
 11
-181.0
 21
104.076405092
 31
0.0
  0
LINE
  5
307
330
1F
100
AcDbEntity
  8
OUTLINE
  6
SDS2_5
 62
     1
100
AcDbLine
 10
-181.0
 20
104.076405092
 30
0.0
 11
-171.0
 21
104.076405092
 31
0.0
  0
LINE
  5
308
330
1F
100
AcDbEntity
  8
OUTLINE
  6
SDS2_5
 62
     1
100
AcDbLine
 10
-171.0
 20
104.076405092
 30
0.0
 11
-170.498684704
 21
103.976687279
 31
0.0
  0
LINE
  5
309
330
1F
100
AcDbEntity
  8
OUTLINE
  6
SDS2_5
 62
     1
100
AcDbLine
 10
-170.498684704
 20
103.976687279
 30
0.0
 11
-170.073690117
 21
103.692714975
 31
0.0
  0
LINE
  5
30A
330
1F
100
AcDbEntity
  8
OUTLINE
  6
SDS2_5
 62
     1
100
AcDbLine
 10
-170.073690117
 20
103.692714975
 30
0.0
 11
-169.789717812
 21
103.267720388
 31
0.0
  0
LINE
  5
30B
330
1F
100
AcDbEntity
  8
OUTLINE
  6
SDS2_5
 62
     1
100
AcDbLine
 10
-169.789717812
 20
103.267720388
 30
0.0
 11
-169.69
 21
102.766405092
 31
0.0
  0
LINE
  5
30C
330
1F
100
AcDbEntity
  8
OUTLINE
  6
SDS2_5
 62
     1
100
AcDbLine
 10
-169.69
 20
102.766405092
 30
0.0
 11
-169.69
 21
96.648905092
 31
0.0
  0
LINE
  5
30D
330
1F
100
AcDbEntity
  8
OUTLINE
  6
SDS2_5
 62
     1
100
AcDbLine
 10
-169.69
 20
112.248905092
 30
0.0
 11
-169.69
 21
106.131405092
 31
0.0
  0
LINE
  5
30E
330
1F
100
AcDbEntity
  8
OUTLINE
  6
SDS2_5
 62
     1
100
AcDbLine
 10
-169.69
 20
106.131405092
 30
0.0
 11
-169.789717812
 21
105.630089795
 31
0.0
  0
LINE
  5
30F
330
1F
100
AcDbEntity
  8
OUTLINE
  6
SDS2_5
 62
     1
100
AcDbLine
 10
-169.789717812
 20
105.630089795
 30
0.0
 11
-170.073690117
 21
105.205095208
 31
0.0
  0
LINE
  5
310
330
1F
100
AcDbEntity
  8
OUTLINE
  6
SDS2_5
 62
     1
100
AcDbLine
 10
-170.073690117
 20
105.205095208
 30
0.0
 11
-170.498684704
 21
104.921122904
 31
0.0
  0
LINE
  5
311
330
1F
100
AcDbEntity
  8
OUTLINE
  6
SDS2_5
 62
     1
100
AcDbLine
 10
-170.498684704
 20
104.921122904
 30
0.0
 11
-171.0
 21
104.821405092
 31
0.0
  0
LINE
  5
312
330
1F
100
AcDbEntity
  8
OUTLINE
  6
SDS2_5
 62
     1
100
AcDbLine
 10
-171.0
 20
104.821405092
 30
0.0
 11
-181.0
 21
104.821405092
 31
0.0
  0
LINE
  5
313
330
1F
100
AcDbEntity
  8
OUTLINE
  6
SDS2_5
 62
     1
100
AcDbLine
 10
-181.0
 20
104.821405092
 30
0.0
 11
-181.501315296
 21
104.921122904
 31
0.0
  0
LINE
  5
314
330
1F
100
AcDbEntity
  8
OUTLINE
  6
SDS2_5
 62
     1
100
AcDbLine
 10
-181.501315296
 20
104.921122904
 30
0.0
 11
-181.926309883
 21
105.205095208
 31
0.0
  0
LINE
  5
315
330
1F
100
AcDbEntity
  8
OUTLINE
  6
SDS2_5
 62
     1
100
AcDbLine
 10
-181.926309883
 20
105.205095208
 30
0.0
 11
-182.210282188
 21
105.630089795
 31
0.0
  0
LINE
  5
316
330
1F
100
AcDbEntity
  8
OUTLINE
  6
SDS2_5
 62
     1
100
AcDbLine
 10
-182.210282188
 20
105.630089795
 30
0.0
 11
-182.31
 21
106.131405092
 31
0.0
  0
LINE
  5
317
330
1F
100
AcDbEntity
  8
OUTLINE
  6
SDS2_5
 62
     1
100
AcDbLine
 10
-182.31
 20
106.131405092
 30
0.0
 11
-182.31
 21
112.248905092
 31
0.0
  0
LINE
  5
318
330
1F
100
AcDbEntity
  8
OUTLINE
  6
CONTINUOUS
 62
     2
100
AcDbLine
 10
30.112299797
 20
-48.025054667
 30
0.0
 11
30.112299797
 21
-48.400054667
 31
0.0
  0
LINE
  5
319
330
1F
100
AcDbEntity
  8
OUTLINE
  6
CONTINUOUS
 62
     2
100
AcDbLine
 10
30.112299797
 20
-48.400054667
 30
0.0
 11
34.112299797
 21
-48.400054667
 31
0.0
  0
LINE
  5
31A
330
1F
100
AcDbEntity
  8
OUTLINE
  6
CONTINUOUS
 62
     2
100
AcDbLine
 10
34.112299797
 20
-48.400054667
 30
0.0
 11
34.112299797
 21
-48.025054667
 31
0.0
  0
LINE
  5
31B
330
1F
100
AcDbEntity
  8
OUTLINE
  6
CONTINUOUS
 62
     2
100
AcDbLine
 10
34.112299797
 20
-48.025054667
 30
0.0
 11
30.112299797
 21
-48.025054667
 31
0.0
  0
LINE
  5
31C
330
1F
100
AcDbEntity
  8
OUTLINE
  6
CONTINUOUS
 62
     2
100
AcDbLine
 10
11.112299797
 20
-48.025054667
 30
0.0
 11
11.112299797
 21
-48.400054667
 31
0.0
  0
LINE
  5
31D
330
1F
100
AcDbEntity
  8
OUTLINE
  6
CONTINUOUS
 62
     2
100
AcDbLine
 10
11.112299797
 20
-48.400054667
 30
0.0
 11
15.112299797
 21
-48.400054667
 31
0.0
  0
LINE
  5
31E
330
1F
100
AcDbEntity
  8
OUTLINE
  6
CONTINUOUS
 62
     2
100
AcDbLine
 10
15.112299797
 20
-48.400054667
 30
0.0
 11
15.112299797
 21
-48.025054667
 31
0.0
  0
LINE
  5
31F
330
1F
100
AcDbEntity
  8
OUTLINE
  6
CONTINUOUS
 62
     2
100
AcDbLine
 10
15.112299797
 20
-48.025054667
 30
0.0
 11
11.112299797
 21
-48.025054667
 31
0.0
  0
LINE
  5
320
330
1F
100
AcDbEntity
  8
OUTLINE
  6
CONTINUOUS
 62
     2
100
AcDbLine
 10
16.302299797
 20
-55.537554667
 30
0.0
 11
28.922299797
 21
-55.537554667
 31
0.0
  0
LINE
  5
321
330
1F
100
AcDbEntity
  8
OUTLINE
  6
SDS2_5
 62
     1
100
AcDbLine
 10
28.922299797
 20
-55.537554667
 30
0.0
 11
28.927299797
 21
-55.537554667
 31
0.0
  0
LINE
  5
322
330
1F
100
AcDbEntity
  8
OUTLINE
  6
SDS2_5
 62
     1
100
AcDbLine
 10
28.927299797
 20
-55.537554667
 30
0.0
 11
28.927299797
 21
-49.412554667
 31
0.0
  0
LINE
  5
323
330
1F
100
AcDbEntity
  8
OUTLINE
  6
SDS2_5
 62
     1
100
AcDbLine
 10
28.927299797
 20
-49.412554667
 30
0.0
 11
28.90616011
 21
-49.39141498
 31
0.0
  0
LINE
  5
324
330
1F
100
AcDbEntity
  8
OUTLINE
  6
CONTINUOUS
 62
     2
100
AcDbLine
 10
28.90616011
 20
-49.39141498
 30
0.0
 11
27.693439484
 21
-48.178694354
 31
0.0
  0
LINE
  5
325
330
1F
100
AcDbEntity
  8
OUTLINE
  6
SDS2_5
 62
     1
100
AcDbLine
 10
27.693439484
 20
-48.178694354
 30
0.0
 11
27.677299797
 21
-48.162554667
 31
0.0
  0
LINE
  5
326
330
1F
100
AcDbEntity
  8
OUTLINE
  6
SDS2_5
 62
     1
100
AcDbLine
 10
27.677299797
 20
-48.162554667
 30
0.0
 11
27.612299797
 21
-48.162554667
 31
0.0
  0
LINE
  5
327
330
1F
100
AcDbEntity
  8
OUTLINE
  6
SDS2_5
 62
     1
100
AcDbLine
 10
17.612299797
 20
-48.162554667
 30
0.0
 11
17.552299797
 21
-48.162554667
 31
0.0
  0
LINE
  5
328
330
1F
100
AcDbEntity
  8
OUTLINE
  6
SDS2_5
 62
     1
100
AcDbLine
 10
17.552299797
 20
-48.162554667
 30
0.0
 11
17.537401624
 21
-48.17745284
 31
0.0
  0
LINE
  5
329
330
1F
100
AcDbEntity
  8
OUTLINE
  6
CONTINUOUS
 62
     2
100
AcDbLine
 10
17.537401624
 20
-48.17745284
 30
0.0
 11
16.31719797
 21
-49.397656494
 31
0.0
  0
LINE
  5
32A
330
1F
100
AcDbEntity
  8
OUTLINE
  6
SDS2_5
 62
     1
100
AcDbLine
 10
16.31719797
 20
-49.397656494
 30
0.0
 11
16.302299797
 21
-49.412554667
 31
0.0
  0
LINE
  5
32B
330
1F
100
AcDbEntity
  8
OUTLINE
  6
SDS2_5
 62
     1
100
AcDbLine
 10
16.302299797
 20
-49.412554667
 30
0.0
 11
16.302299797
 21
-49.472554667
 31
0.0
  0
LINE
  5
32C
330
1F
100
AcDbEntity
  8
OUTLINE
  6
CONTINUOUS
 62
     2
100
AcDbLine
 10
28.922299797
 20
-40.042554667
 30
0.0
 11
16.302299797
 21
-40.042554667
 31
0.0
  0
LINE
  5
32D
330
1F
100
AcDbEntity
  8
OUTLINE
  6
SDS2_5
 62
     1
100
AcDbLine
 10
16.302299797
 20
-40.042554667
 30
0.0
 11
16.297299797
 21
-40.042554667
 31
0.0
  0
LINE
  5
32E
330
1F
100
AcDbEntity
  8
OUTLINE
  6
SDS2_5
 62
     1
100
AcDbLine
 10
16.297299797
 20
-40.042554667
 30
0.0
 11
16.297299797
 21
-46.167554667
 31
0.0
  0
LINE
  5
32F
330
1F
100
AcDbEntity
  8
OUTLINE
  6
SDS2_5
 62
     1
100
AcDbLine
 10
16.297299797
 20
-46.167554667
 30
0.0
 11
16.318439484
 21
-46.188694354
 31
0.0
  0
LINE
  5
330
330
1F
100
AcDbEntity
  8
OUTLINE
  6
CONTINUOUS
 62
     2
100
AcDbLine
 10
16.318439484
 20
-46.188694354
 30
0.0
 11
17.53116011
 21
-47.40141498
 31
0.0
  0
LINE
  5
331
330
1F
100
AcDbEntity
  8
OUTLINE
  6
SDS2_5
 62
     1
100
AcDbLine
 10
17.53116011
 20
-47.40141498
 30
0.0
 11
17.547299797
 21
-47.417554667
 31
0.0
  0
LINE
  5
332
330
1F
100
AcDbEntity
  8
OUTLINE
  6
SDS2_5
 62
     1
100
AcDbLine
 10
17.547299797
 20
-47.417554667
 30
0.0
 11
17.612299797
 21
-47.417554667
 31
0.0
  0
LINE
  5
333
330
1F
100
AcDbEntity
  8
OUTLINE
  6
SDS2_5
 62
     1
100
AcDbLine
 10
27.612299797
 20
-47.417554667
 30
0.0
 11
27.672299797
 21
-47.417554667
 31
0.0
  0
LINE
  5
334
330
1F
100
AcDbEntity
  8
OUTLINE
  6
SDS2_5
 62
     1
100
AcDbLine
 10
27.672299797
 20
-47.417554667
 30
0.0
 11
27.68719797
 21
-47.402656494
 31
0.0
  0
LINE
  5
335
330
1F
100
AcDbEntity
  8
OUTLINE
  6
CONTINUOUS
 62
     2
100
AcDbLine
 10
27.68719797
 20
-47.402656494
 30
0.0
 11
28.907401624
 21
-46.18245284
 31
0.0
  0
LINE
  5
336
330
1F
100
AcDbEntity
  8
OUTLINE
  6
SDS2_5
 62
     1
100
AcDbLine
 10
28.907401624
 20
-46.18245284
 30
0.0
 11
28.922299797
 21
-46.167554667
 31
0.0
  0
LINE
  5
337
330
1F
100
AcDbEntity
  8
OUTLINE
  6
SDS2_5
 62
     1
100
AcDbLine
 10
28.922299797
 20
-46.167554667
 30
0.0
 11
28.922299797
 21
-46.107554667
 31
0.0
  0
LINE
  5
338
330
1F
100
AcDbEntity
  8
OUTLINE
  6
CONTINUOUS
 62
     2
100
AcDbLine
 10
17.1109845
 20
-48.262272479
 30
0.0
 11
17.612299797
 21
-48.162554667
 31
0.0
  0
LINE
  5
339
330
1F
100
AcDbEntity
  8
OUTLINE
  6
CONTINUOUS
 62
     2
100
AcDbLine
 10
17.612299797
 20
-48.162554667
 30
0.0
 11
27.612299797
 21
-48.162554667
 31
0.0
  0
LINE
  5
33A
330
1F
100
AcDbEntity
  8
OUTLINE
  6
CONTINUOUS
 62
     2
100
AcDbLine
 10
27.612299797
 20
-48.162554667
 30
0.0
 11
28.113615093
 21
-48.262272479
 31
0.0
  0
LINE
  5
33B
330
1F
100
AcDbEntity
  8
OUTLINE
  6
CONTINUOUS
 62
     2
100
AcDbLine
 10
28.113615093
 20
-48.262272479
 30
0.0
 11
28.53860968
 21
-48.546244784
 31
0.0
  0
LINE
  5
33C
330
1F
100
AcDbEntity
  8
OUTLINE
  6
CONTINUOUS
 62
     2
100
AcDbLine
 10
28.53860968
 20
-48.546244784
 30
0.0
 11
28.822581984
 21
-48.971239371
 31
0.0
  0
LINE
  5
33D
330
1F
100
AcDbEntity
  8
OUTLINE
  6
CONTINUOUS
 62
     2
100
AcDbLine
 10
28.822581984
 20
-48.971239371
 30
0.0
 11
28.922299797
 21
-49.472554667
 31
0.0
  0
LINE
  5
33E
330
1F
100
AcDbEntity
  8
OUTLINE
  6
CONTINUOUS
 62
     2
100
AcDbLine
 10
28.922299797
 20
-49.472554667
 30
0.0
 11
28.922299797
 21
-55.590054667
 31
0.0
  0
LINE
  5
33F
330
1F
100
AcDbEntity
  8
OUTLINE
  6
CONTINUOUS
 62
     2
100
AcDbLine
 10
28.922299797
 20
-55.590054667
 30
0.0
 11
30.112299797
 21
-55.590054667
 31
0.0
  0
LINE
  5
340
330
1F
100
AcDbEntity
  8
OUTLINE
  6
CONTINUOUS
 62
     2
100
AcDbLine
 10
30.112299797
 20
-55.590054667
 30
0.0
 11
30.112299797
 21
-39.990054667
 31
0.0
  0
LINE
  5
341
330
1F
100
AcDbEntity
  8
OUTLINE
  6
CONTINUOUS
 62
     2
100
AcDbLine
 10
30.112299797
 20
-39.990054667
 30
0.0
 11
28.922299797
 21
-39.990054667
 31
0.0
  0
LINE
  5
342
330
1F
100
AcDbEntity
  8
OUTLINE
  6
CONTINUOUS
 62
     2
100
AcDbLine
 10
28.922299797
 20
-39.990054667
 30
0.0
 11
28.922299797
 21
-46.107554667
 31
0.0
  0
LINE
  5
343
330
1F
100
AcDbEntity
  8
OUTLINE
  6
CONTINUOUS
 62
     2
100
AcDbLine
 10
28.922299797
 20
-46.107554667
 30
0.0
 11
28.822581984
 21
-46.608869963
 31
0.0
  0
LINE
  5
344
330
1F
100
AcDbEntity
  8
OUTLINE
  6
CONTINUOUS
 62
     2
100
AcDbLine
 10
28.822581984
 20
-46.608869963
 30
0.0
 11
28.53860968
 21
-47.03386455
 31
0.0
  0
LINE
  5
345
330
1F
100
AcDbEntity
  8
OUTLINE
  6
CONTINUOUS
 62
     2
100
AcDbLine
 10
28.53860968
 20
-47.03386455
 30
0.0
 11
28.113615093
 21
-47.317836855
 31
0.0
  0
LINE
  5
346
330
1F
100
AcDbEntity
  8
OUTLINE
  6
CONTINUOUS
 62
     2
100
AcDbLine
 10
28.113615093
 20
-47.317836855
 30
0.0
 11
27.612299797
 21
-47.417554667
 31
0.0
  0
LINE
  5
347
330
1F
100
AcDbEntity
  8
OUTLINE
  6
CONTINUOUS
 62
     2
100
AcDbLine
 10
27.612299797
 20
-47.417554667
 30
0.0
 11
17.612299797
 21
-47.417554667
 31
0.0
  0
LINE
  5
348
330
1F
100
AcDbEntity
  8
OUTLINE
  6
CONTINUOUS
 62
     2
100
AcDbLine
 10
17.612299797
 20
-47.417554667
 30
0.0
 11
17.1109845
 21
-47.317836855
 31
0.0
  0
LINE
  5
349
330
1F
100
AcDbEntity
  8
OUTLINE
  6
CONTINUOUS
 62
     2
100
AcDbLine
 10
17.1109845
 20
-47.317836855
 30
0.0
 11
16.685989914
 21
-47.03386455
 31
0.0
  0
LINE
  5
34A
330
1F
100
AcDbEntity
  8
OUTLINE
  6
CONTINUOUS
 62
     2
100
AcDbLine
 10
16.685989914
 20
-47.03386455
 30
0.0
 11
16.402017609
 21
-46.608869963
 31
0.0
  0
LINE
  5
34B
330
1F
100
AcDbEntity
  8
OUTLINE
  6
CONTINUOUS
 62
     2
100
AcDbLine
 10
16.402017609
 20
-46.608869963
 30
0.0
 11
16.302299797
 21
-46.107554667
 31
0.0
  0
LINE
  5
34C
330
1F
100
AcDbEntity
  8
OUTLINE
  6
CONTINUOUS
 62
     2
100
AcDbLine
 10
16.302299797
 20
-46.107554667
 30
0.0
 11
16.302299797
 21
-39.990054667
 31
0.0
  0
LINE
  5
34D
330
1F
100
AcDbEntity
  8
OUTLINE
  6
CONTINUOUS
 62
     2
100
AcDbLine
 10
16.302299797
 20
-39.990054667
 30
0.0
 11
15.112299797
 21
-39.990054667
 31
0.0
  0
LINE
  5
34E
330
1F
100
AcDbEntity
  8
OUTLINE
  6
CONTINUOUS
 62
     2
100
AcDbLine
 10
15.112299797
 20
-39.990054667
 30
0.0
 11
15.112299797
 21
-55.590054667
 31
0.0
  0
LINE
  5
34F
330
1F
100
AcDbEntity
  8
OUTLINE
  6
CONTINUOUS
 62
     2
100
AcDbLine
 10
15.112299797
 20
-55.590054667
 30
0.0
 11
16.302299797
 21
-55.590054667
 31
0.0
  0
LINE
  5
350
330
1F
100
AcDbEntity
  8
OUTLINE
  6
CONTINUOUS
 62
     2
100
AcDbLine
 10
16.302299797
 20
-55.590054667
 30
0.0
 11
16.302299797
 21
-49.472554667
 31
0.0
  0
LINE
  5
351
330
1F
100
AcDbEntity
  8
OUTLINE
  6
CONTINUOUS
 62
     2
100
AcDbLine
 10
16.302299797
 20
-49.472554667
 30
0.0
 11
16.402017609
 21
-48.971239371
 31
0.0
  0
LINE
  5
352
330
1F
100
AcDbEntity
  8
OUTLINE
  6
CONTINUOUS
 62
     2
100
AcDbLine
 10
16.402017609
 20
-48.971239371
 30
0.0
 11
16.685989914
 21
-48.546244784
 31
0.0
  0
LINE
  5
353
330
1F
100
AcDbEntity
  8
OUTLINE
  6
CONTINUOUS
 62
     2
100
AcDbLine
 10
16.685989914
 20
-48.546244784
 30
0.0
 11
17.1109845
 21
-48.262272479
 31
0.0
  0
LINE
  5
354
330
1F
100
AcDbEntity
  8
OUTLINE
  6
CONTINUOUS
 62
     2
100
AcDbLine
 10
30.112299797
 20
-12.980254667
 30
0.0
 11
30.112299797
 21
-13.355254667
 31
0.0
  0
LINE
  5
355
330
1F
100
AcDbEntity
  8
OUTLINE
  6
CONTINUOUS
 62
     2
100
AcDbLine
 10
30.112299797
 20
-13.355254667
 30
0.0
 11
34.112299797
 21
-13.355254667
 31
0.0
  0
LINE
  5
356
330
1F
100
AcDbEntity
  8
OUTLINE
  6
CONTINUOUS
 62
     2
100
AcDbLine
 10
34.112299797
 20
-13.355254667
 30
0.0
 11
34.112299797
 21
-12.980254667
 31
0.0
  0
LINE
  5
357
330
1F
100
AcDbEntity
  8
OUTLINE
  6
CONTINUOUS
 62
     2
100
AcDbLine
 10
34.112299797
 20
-12.980254667
 30
0.0
 11
30.112299797
 21
-12.980254667
 31
0.0
  0
LINE
  5
358
330
1F
100
AcDbEntity
  8
OUTLINE
  6
CONTINUOUS
 62
     2
100
AcDbLine
 10
11.112299797
 20
-12.980254667
 30
0.0
 11
11.112299797
 21
-13.355254667
 31
0.0
  0
LINE
  5
359
330
1F
100
AcDbEntity
  8
OUTLINE
  6
CONTINUOUS
 62
     2
100
AcDbLine
 10
11.112299797
 20
-13.355254667
 30
0.0
 11
15.112299797
 21
-13.355254667
 31
0.0
  0
LINE
  5
35A
330
1F
100
AcDbEntity
  8
OUTLINE
  6
CONTINUOUS
 62
     2
100
AcDbLine
 10
15.112299797
 20
-13.355254667
 30
0.0
 11
15.112299797
 21
-12.980254667
 31
0.0
  0
LINE
  5
35B
330
1F
100
AcDbEntity
  8
OUTLINE
  6
CONTINUOUS
 62
     2
100
AcDbLine
 10
15.112299797
 20
-12.980254667
 30
0.0
 11
11.112299797
 21
-12.980254667
 31
0.0
  0
LINE
  5
35C
330
1F
100
AcDbEntity
  8
OUTLINE
  6
CONTINUOUS
 62
     2
100
AcDbLine
 10
17.1109845
 20
-13.217472479
 30
0.0
 11
17.612299797
 21
-13.117754667
 31
0.0
  0
LINE
  5
35D
330
1F
100
AcDbEntity
  8
OUTLINE
  6
CONTINUOUS
 62
     2
100
AcDbLine
 10
17.612299797
 20
-13.117754667
 30
0.0
 11
27.612299797
 21
-13.117754667
 31
0.0
  0
LINE
  5
35E
330
1F
100
AcDbEntity
  8
OUTLINE
  6
CONTINUOUS
 62
     2
100
AcDbLine
 10
27.612299797
 20
-13.117754667
 30
0.0
 11
28.113615093
 21
-13.217472479
 31
0.0
  0
LINE
  5
35F
330
1F
100
AcDbEntity
  8
OUTLINE
  6
CONTINUOUS
 62
     2
100
AcDbLine
 10
28.113615093
 20
-13.217472479
 30
0.0
 11
28.53860968
 21
-13.501444784
 31
0.0
  0
LINE
  5
360
330
1F
100
AcDbEntity
  8
OUTLINE
  6
CONTINUOUS
 62
     2
100
AcDbLine
 10
28.53860968
 20
-13.501444784
 30
0.0
 11
28.822581984
 21
-13.926439371
 31
0.0
  0
LINE
  5
361
330
1F
100
AcDbEntity
  8
OUTLINE
  6
CONTINUOUS
 62
     2
100
AcDbLine
 10
28.822581984
 20
-13.926439371
 30
0.0
 11
28.922299797
 21
-14.427754667
 31
0.0
  0
LINE
  5
362
330
1F
100
AcDbEntity
  8
OUTLINE
  6
CONTINUOUS
 62
     2
100
AcDbLine
 10
28.922299797
 20
-14.427754667
 30
0.0
 11
28.922299797
 21
-20.545254667
 31
0.0
  0
LINE
  5
363
330
1F
100
AcDbEntity
  8
OUTLINE
  6
CONTINUOUS
 62
     2
100
AcDbLine
 10
28.922299797
 20
-20.545254667
 30
0.0
 11
30.112299797
 21
-20.545254667
 31
0.0
  0
LINE
  5
364
330
1F
100
AcDbEntity
  8
OUTLINE
  6
CONTINUOUS
 62
     2
100
AcDbLine
 10
30.112299797
 20
-20.545254667
 30
0.0
 11
30.112299797
 21
-4.945254667
 31
0.0
  0
LINE
  5
365
330
1F
100
AcDbEntity
  8
OUTLINE
  6
CONTINUOUS
 62
     2
100
AcDbLine
 10
30.112299797
 20
-4.945254667
 30
0.0
 11
28.922299797
 21
-4.945254667
 31
0.0
  0
LINE
  5
366
330
1F
100
AcDbEntity
  8
OUTLINE
  6
CONTINUOUS
 62
     2
100
AcDbLine
 10
28.922299797
 20
-4.945254667
 30
0.0
 11
28.922299797
 21
-11.062754667
 31
0.0
  0
LINE
  5
367
330
1F
100
AcDbEntity
  8
OUTLINE
  6
CONTINUOUS
 62
     2
100
AcDbLine
 10
28.922299797
 20
-11.062754667
 30
0.0
 11
28.822581984
 21
-11.564069963
 31
0.0
  0
LINE
  5
368
330
1F
100
AcDbEntity
  8
OUTLINE
  6
CONTINUOUS
 62
     2
100
AcDbLine
 10
28.822581984
 20
-11.564069963
 30
0.0
 11
28.53860968
 21
-11.98906455
 31
0.0
  0
LINE
  5
369
330
1F
100
AcDbEntity
  8
OUTLINE
  6
CONTINUOUS
 62
     2
100
AcDbLine
 10
28.53860968
 20
-11.98906455
 30
0.0
 11
28.113615093
 21
-12.273036855
 31
0.0
  0
LINE
  5
36A
330
1F
100
AcDbEntity
  8
OUTLINE
  6
CONTINUOUS
 62
     2
100
AcDbLine
 10
28.113615093
 20
-12.273036855
 30
0.0
 11
27.612299797
 21
-12.372754667
 31
0.0
  0
LINE
  5
36B
330
1F
100
AcDbEntity
  8
OUTLINE
  6
CONTINUOUS
 62
     2
100
AcDbLine
 10
27.612299797
 20
-12.372754667
 30
0.0
 11
17.612299797
 21
-12.372754667
 31
0.0
  0
LINE
  5
36C
330
1F
100
AcDbEntity
  8
OUTLINE
  6
CONTINUOUS
 62
     2
100
AcDbLine
 10
17.612299797
 20
-12.372754667
 30
0.0
 11
17.1109845
 21
-12.273036855
 31
0.0
  0
LINE
  5
36D
330
1F
100
AcDbEntity
  8
OUTLINE
  6
CONTINUOUS
 62
     2
100
AcDbLine
 10
17.1109845
 20
-12.273036855
 30
0.0
 11
16.685989914
 21
-11.98906455
 31
0.0
  0
LINE
  5
36E
330
1F
100
AcDbEntity
  8
OUTLINE
  6
CONTINUOUS
 62
     2
100
AcDbLine
 10
16.685989914
 20
-11.98906455
 30
0.0
 11
16.402017609
 21
-11.564069963
 31
0.0
  0
LINE
  5
36F
330
1F
100
AcDbEntity
  8
OUTLINE
  6
CONTINUOUS
 62
     2
100
AcDbLine
 10
16.402017609
 20
-11.564069963
 30
0.0
 11
16.302299797
 21
-11.062754667
 31
0.0
  0
LINE
  5
370
330
1F
100
AcDbEntity
  8
OUTLINE
  6
CONTINUOUS
 62
     2
100
AcDbLine
 10
16.302299797
 20
-11.062754667
 30
0.0
 11
16.302299797
 21
-4.945254667
 31
0.0
  0
LINE
  5
371
330
1F
100
AcDbEntity
  8
OUTLINE
  6
CONTINUOUS
 62
     2
100
AcDbLine
 10
16.302299797
 20
-4.945254667
 30
0.0
 11
15.112299797
 21
-4.945254667
 31
0.0
  0
LINE
  5
372
330
1F
100
AcDbEntity
  8
OUTLINE
  6
CONTINUOUS
 62
     2
100
AcDbLine
 10
15.112299797
 20
-4.945254667
 30
0.0
 11
15.112299797
 21
-20.545254667
 31
0.0
  0
LINE
  5
373
330
1F
100
AcDbEntity
  8
OUTLINE
  6
CONTINUOUS
 62
     2
100
AcDbLine
 10
15.112299797
 20
-20.545254667
 30
0.0
 11
16.302299797
 21
-20.545254667
 31
0.0
  0
LINE
  5
374
330
1F
100
AcDbEntity
  8
OUTLINE
  6
CONTINUOUS
 62
     2
100
AcDbLine
 10
16.302299797
 20
-20.545254667
 30
0.0
 11
16.302299797
 21
-14.427754667
 31
0.0
  0
LINE
  5
375
330
1F
100
AcDbEntity
  8
OUTLINE
  6
CONTINUOUS
 62
     2
100
AcDbLine
 10
16.302299797
 20
-14.427754667
 30
0.0
 11
16.402017609
 21
-13.926439371
 31
0.0
  0
LINE
  5
376
330
1F
100
AcDbEntity
  8
OUTLINE
  6
CONTINUOUS
 62
     2
100
AcDbLine
 10
16.402017609
 20
-13.926439371
 30
0.0
 11
16.685989914
 21
-13.501444784
 31
0.0
  0
LINE
  5
377
330
1F
100
AcDbEntity
  8
OUTLINE
  6
CONTINUOUS
 62
     2
100
AcDbLine
 10
16.685989914
 20
-13.501444784
 30
0.0
 11
17.1109845
 21
-13.217472479
 31
0.0
  0
LINE
  5
378
330
1F
100
AcDbEntity
  8
OUTLINE
  6
CONTINUOUS
 62
     2
100
AcDbLine
 10
30.112299797
 20
24.18719354
 30
0.0
 11
34.112299797
 21
24.18719354
 31
0.0
  0
LINE
  5
379
330
1F
100
AcDbEntity
  8
OUTLINE
  6
CONTINUOUS
 62
     2
100
AcDbLine
 10
34.112299797
 20
24.18719354
 30
0.0
 11
34.112299797
 21
24.56219354
 31
0.0
  0
LINE
  5
37A
330
1F
100
AcDbEntity
  8
OUTLINE
  6
CONTINUOUS
 62
     2
100
AcDbLine
 10
34.112299797
 20
24.56219354
 30
0.0
 11
30.112299797
 21
24.56219354
 31
0.0
  0
LINE
  5
37B
330
1F
100
AcDbEntity
  8
OUTLINE
  6
CONTINUOUS
 62
     2
100
AcDbLine
 10
11.112299797
 20
24.56219354
 30
0.0
 11
11.112299797
 21
24.18719354
 31
0.0
  0
LINE
  5
37C
330
1F
100
AcDbEntity
  8
OUTLINE
  6
CONTINUOUS
 62
     2
100
AcDbLine
 10
11.112299797
 20
24.18719354
 30
0.0
 11
15.112299797
 21
24.18719354
 31
0.0
  0
LINE
  5
37D
330
1F
100
AcDbEntity
  8
OUTLINE
  6
CONTINUOUS
 62
     2
100
AcDbLine
 10
15.112299797
 20
24.56219354
 30
0.0
 11
11.112299797
 21
24.56219354
 31
0.0
  0
LINE
  5
37E
330
1F
100
AcDbEntity
  8
OUTLINE
  6
CONTINUOUS
 62
     2
100
AcDbLine
 10
16.302299797
 20
17.04969354
 30
0.0
 11
28.922299797
 21
17.04969354
 31
0.0
  0
LINE
  5
37F
330
1F
100
AcDbEntity
  8
OUTLINE
  6
SDS2_5
 62
     1
100
AcDbLine
 10
28.922299797
 20
17.04969354
 30
0.0
 11
28.927299797
 21
17.04969354
 31
0.0
  0
LINE
  5
380
330
1F
100
AcDbEntity
  8
OUTLINE
  6
SDS2_5
 62
     1
100
AcDbLine
 10
28.927299797
 20
17.04969354
 30
0.0
 11
28.927299797
 21
23.17469354
 31
0.0
  0
LINE
  5
381
330
1F
100
AcDbEntity
  8
OUTLINE
  6
SDS2_5
 62
     1
100
AcDbLine
 10
28.927299797
 20
23.17469354
 30
0.0
 11
28.90616011
 21
23.195833227
 31
0.0
  0
LINE
  5
382
330
1F
100
AcDbEntity
  8
OUTLINE
  6
CONTINUOUS
 62
     2
100
AcDbLine
 10
28.90616011
 20
23.195833227
 30
0.0
 11
27.693439484
 21
24.408553853
 31
0.0
  0
LINE
  5
383
330
1F
100
AcDbEntity
  8
OUTLINE
  6
SDS2_5
 62
     1
100
AcDbLine
 10
27.693439484
 20
24.408553853
 30
0.0
 11
27.677299797
 21
24.42469354
 31
0.0
  0
LINE
  5
384
330
1F
100
AcDbEntity
  8
OUTLINE
  6
SDS2_5
 62
     1
100
AcDbLine
 10
27.677299797
 20
24.42469354
 30
0.0
 11
27.612299797
 21
24.42469354
 31
0.0
  0
LINE
  5
385
330
1F
100
AcDbEntity
  8
OUTLINE
  6
SDS2_5
 62
     1
100
AcDbLine
 10
17.612299797
 20
24.42469354
 30
0.0
 11
17.552299797
 21
24.42469354
 31
0.0
  0
LINE
  5
386
330
1F
100
AcDbEntity
  8
OUTLINE
  6
SDS2_5
 62
     1
100
AcDbLine
 10
17.552299797
 20
24.42469354
 30
0.0
 11
17.537401624
 21
24.409795367
 31
0.0
  0
LINE
  5
387
330
1F
100
AcDbEntity
  8
OUTLINE
  6
CONTINUOUS
 62
     2
100
AcDbLine
 10
17.537401624
 20
24.409795367
 30
0.0
 11
16.31719797
 21
23.189591713
 31
0.0
  0
LINE
  5
388
330
1F
100
AcDbEntity
  8
OUTLINE
  6
SDS2_5
 62
     1
100
AcDbLine
 10
16.31719797
 20
23.189591713
 30
0.0
 11
16.302299797
 21
23.17469354
 31
0.0
  0
LINE
  5
389
330
1F
100
AcDbEntity
  8
OUTLINE
  6
SDS2_5
 62
     1
100
AcDbLine
 10
16.302299797
 20
23.17469354
 30
0.0
 11
16.302299797
 21
23.11469354
 31
0.0
  0
LINE
  5
38A
330
1F
100
AcDbEntity
  8
OUTLINE
  6
CONTINUOUS
 62
     2
100
AcDbLine
 10
28.922299797
 20
32.54469354
 30
0.0
 11
16.302299797
 21
32.54469354
 31
0.0
  0
LINE
  5
38B
330
1F
100
AcDbEntity
  8
OUTLINE
  6
SDS2_5
 62
     1
100
AcDbLine
 10
16.302299797
 20
32.54469354
 30
0.0
 11
16.297299797
 21
32.54469354
 31
0.0
  0
LINE
  5
38C
330
1F
100
AcDbEntity
  8
OUTLINE
  6
SDS2_5
 62
     1
100
AcDbLine
 10
16.297299797
 20
32.54469354
 30
0.0
 11
16.297299797
 21
26.41969354
 31
0.0
  0
LINE
  5
38D
330
1F
100
AcDbEntity
  8
OUTLINE
  6
SDS2_5
 62
     1
100
AcDbLine
 10
16.297299797
 20
26.41969354
 30
0.0
 11
16.318439484
 21
26.398553853
 31
0.0
  0
LINE
  5
38E
330
1F
100
AcDbEntity
  8
OUTLINE
  6
CONTINUOUS
 62
     2
100
AcDbLine
 10
16.318439484
 20
26.398553853
 30
0.0
 11
17.53116011
 21
25.185833227
 31
0.0
  0
LINE
  5
38F
330
1F
100
AcDbEntity
  8
OUTLINE
  6
SDS2_5
 62
     1
100
AcDbLine
 10
17.53116011
 20
25.185833227
 30
0.0
 11
17.547299797
 21
25.16969354
 31
0.0
  0
LINE
  5
390
330
1F
100
AcDbEntity
  8
OUTLINE
  6
SDS2_5
 62
     1
100
AcDbLine
 10
17.547299797
 20
25.16969354
 30
0.0
 11
17.612299797
 21
25.16969354
 31
0.0
  0
LINE
  5
391
330
1F
100
AcDbEntity
  8
OUTLINE
  6
SDS2_5
 62
     1
100
AcDbLine
 10
27.612299797
 20
25.16969354
 30
0.0
 11
27.672299797
 21
25.16969354
 31
0.0
  0
LINE
  5
392
330
1F
100
AcDbEntity
  8
OUTLINE
  6
SDS2_5
 62
     1
100
AcDbLine
 10
27.672299797
 20
25.16969354
 30
0.0
 11
27.68719797
 21
25.184591713
 31
0.0
  0
LINE
  5
393
330
1F
100
AcDbEntity
  8
OUTLINE
  6
CONTINUOUS
 62
     2
100
AcDbLine
 10
27.68719797
 20
25.184591713
 30
0.0
 11
28.907401624
 21
26.404795367
 31
0.0
  0
LINE
  5
394
330
1F
100
AcDbEntity
  8
OUTLINE
  6
SDS2_5
 62
     1
100
AcDbLine
 10
28.907401624
 20
26.404795367
 30
0.0
 11
28.922299797
 21
26.41969354
 31
0.0
  0
LINE
  5
395
330
1F
100
AcDbEntity
  8
OUTLINE
  6
SDS2_5
 62
     1
100
AcDbLine
 10
28.922299797
 20
26.41969354
 30
0.0
 11
28.922299797
 21
26.47969354
 31
0.0
  0
LINE
  5
396
330
1F
100
AcDbEntity
  8
OUTLINE
  6
CONTINUOUS
 62
     2
100
AcDbLine
 10
21.996299797
 20
32.66969354
 30
0.0
 11
23.228299797
 21
32.66969354
 31
0.0
  0
LINE
  5
397
330
1F
100
AcDbEntity
  8
OUTLINE
  6
CONTINUOUS
 62
     2
100
AcDbLine
 10
23.228299797
 20
32.66969354
 30
0.0
 11
25.857299797
 21
32.66969354
 31
0.0
  0
LINE
  5
398
330
1F
100
AcDbEntity
  8
OUTLINE
  6
CONTINUOUS
 62
     2
100
AcDbLine
 10
25.857299797
 20
32.66969354
 30
0.0
 11
25.857299797
 21
58.99469354
 31
0.0
  0
LINE
  5
399
330
1F
100
AcDbEntity
  8
OUTLINE
  6
CONTINUOUS
 62
     2
100
AcDbLine
 10
25.857299797
 20
58.99469354
 30
0.0
 11
19.367299797
 21
58.99469354
 31
0.0
  0
LINE
  5
39A
330
1F
100
AcDbEntity
  8
OUTLINE
  6
CONTINUOUS
 62
     2
100
AcDbLine
 10
19.367299797
 20
58.99469354
 30
0.0
 11
19.367299797
 21
32.66969354
 31
0.0
  0
LINE
  5
39B
330
1F
100
AcDbEntity
  8
OUTLINE
  6
CONTINUOUS
 62
     2
100
AcDbLine
 10
19.367299797
 20
32.66969354
 30
0.0
 11
21.996299797
 21
32.66969354
 31
0.0
  0
LINE
  5
39C
330
1F
100
AcDbEntity
  8
OUTLINE
  6
CONTINUOUS
 62
     2
100
AcDbLine
 10
22.04136677
 20
32.660729162
 30
0.0
 11
22.075981239
 21
32.659359601
 31
0.0
  0
LINE
  5
39D
330
1F
100
AcDbEntity
  8
OUTLINE
  6
CONTINUOUS
 62
     2
100
AcDbLine
 10
22.075981239
 20
32.659359601
 30
0.0
 11
22.284592364
 21
32.631633306
 31
0.0
  0
LINE
  5
39E
330
1F
100
AcDbEntity
  8
OUTLINE
  6
CONTINUOUS
 62
     2
100
AcDbLine
 10
22.94000723
 20
32.631633306
 30
0.0
 11
23.148618354
 21
32.659359601
 31
0.0
  0
LINE
  5
39F
330
1F
100
AcDbEntity
  8
OUTLINE
  6
CONTINUOUS
 62
     2
100
AcDbLine
 10
23.148618354
 20
32.659359601
 30
0.0
 11
23.183232824
 21
32.660729162
 31
0.0
  0
LINE
  5
3A0
330
1F
100
AcDbEntity
  8
OUTLINE
  6
CONTINUOUS
 62
     2
100
AcDbLine
 10
23.183232824
 20
32.660729162
 30
0.0
 11
23.228299797
 21
32.66969354
 31
0.0
  0
LINE
  5
3A1
330
1F
100
AcDbEntity
  8
OUTLINE
  6
CONTINUOUS
 62
     2
100
AcDbLine
 10
21.996299797
 20
32.66969354
 30
0.0
 11
22.04136677
 21
32.660729162
 31
0.0
  0
LINE
  5
3A2
330
1F
100
AcDbEntity
  8
OUTLINE
  6
CONTINUOUS
 62
     2
100
AcDbLine
 10
22.845977862
 20
32.54469354
 30
0.0
 11
22.927199419
 21
32.625915096
 31
0.0
  0
LINE
  5
3A3
330
1F
100
AcDbEntity
  8
OUTLINE
  6
CONTINUOUS
 62
     2
100
AcDbLine
 10
22.927199419
 20
32.625915096
 30
0.0
 11
22.94000723
 21
32.631633306
 31
0.0
  0
LINE
  5
3A4
330
1F
100
AcDbEntity
  8
OUTLINE
  6
CONTINUOUS
 62
     2
100
AcDbLine
 10
22.284592364
 20
32.631633306
 30
0.0
 11
22.297400175
 21
32.625915096
 31
0.0
  0
LINE
  5
3A5
330
1F
100
AcDbEntity
  8
OUTLINE
  6
CONTINUOUS
 62
     2
100
AcDbLine
 10
22.297400175
 20
32.625915096
 30
0.0
 11
22.378621732
 21
32.54469354
 31
0.0
  0
LINE
  5
3A6
330
1F
100
AcDbEntity
  8
OUTLINE
  6
SDS2_5
 62
     1
100
AcDbLine
 10
22.845977862
 20
32.54469354
 30
0.0
 11
22.824531253
 21
32.52324693
 31
0.0
  0
LINE
  5
3A7
330
1F
100
AcDbEntity
  8
OUTLINE
  6
SDS2_5
 62
     1
100
AcDbLine
 10
22.400068341
 20
32.52324693
 30
0.0
 11
22.378621732
 21
32.54469354
 31
0.0
  0
LINE
  5
3A8
330
1F
100
AcDbEntity
  8
OUTLINE
  6
SDS2_5
 62
     1
100
AcDbLine
 10
22.458239563
 20
32.361035256
 30
0.0
 11
22.452232824
 21
32.370024977
 31
0.0
  0
LINE
  5
3A9
330
1F
100
AcDbEntity
  8
OUTLINE
  6
SDS2_5
 62
     1
100
AcDbLine
 10
22.452232824
 20
32.370024977
 30
0.0
 11
22.445347578
 21
32.421829191
 31
0.0
  0
LINE
  5
3AA
330
1F
100
AcDbEntity
  8
OUTLINE
  6
SDS2_5
 62
     1
100
AcDbLine
 10
22.445347578
 20
32.421829191
 30
0.0
 11
22.400068341
 21
32.52324693
 31
0.0
  0
LINE
  5
3AB
330
1F
100
AcDbEntity
  8
OUTLINE
  6
SDS2_5
 62
     1
100
AcDbLine
 10
22.824531253
 20
32.52324693
 30
0.0
 11
22.779252016
 21
32.421829191
 31
0.0
  0
LINE
  5
3AC
330
1F
100
AcDbEntity
  8
OUTLINE
  6
SDS2_5
 62
     1
100
AcDbLine
 10
22.779252016
 20
32.421829191
 30
0.0
 11
22.77236677
 21
32.370024977
 31
0.0
  0
LINE
  5
3AD
330
1F
100
AcDbEntity
  8
OUTLINE
  6
SDS2_5
 62
     1
100
AcDbLine
 10
22.77236677
 20
32.370024977
 30
0.0
 11
22.766360031
 21
32.361035256
 31
0.0
  0
LINE
  5
3AE
330
1F
100
AcDbEntity
  8
OUTLINE
  6
SDS2_5
 62
     1
100
AcDbLine
 10
22.497299797
 20
58.99469354
 30
0.0
 11
22.497299797
 21
25.16969354
 31
0.0
  0
LINE
  5
3AF
330
1F
100
AcDbEntity
  8
OUTLINE
  6
SDS2_5
 62
     1
100
AcDbLine
 10
22.727299797
 20
25.16969354
 30
0.0
 11
22.727299797
 21
58.99469354
 31
0.0
  0
LINE
  5
3B0
330
1F
100
AcDbEntity
  8
OUTLINE
  6
SDS2_5
 62
     1
100
AcDbLine
 10
22.496299797
 20
32.16969354
 30
0.0
 11
22.458239563
 21
32.361035256
 31
0.0
  0
LINE
  5
3B1
330
1F
100
AcDbEntity
  8
OUTLINE
  6
SDS2_5
 62
     1
100
AcDbLine
 10
22.766360031
 20
32.361035256
 30
0.0
 11
22.728299797
 21
32.16969354
 31
0.0
  0
LINE
  5
3B2
330
1F
100
AcDbEntity
  8
OUTLINE
  6
SDS2_5
 62
     1
100
AcDbLine
 10
22.496299797
 20
25.16969354
 30
0.0
 11
22.496299797
 21
32.16969354
 31
0.0
  0
LINE
  5
3B3
330
1F
100
AcDbEntity
  8
OUTLINE
  6
SDS2_5
 62
     1
100
AcDbLine
 10
22.728299797
 20
32.16969354
 30
0.0
 11
22.728299797
 21
25.16969354
 31
0.0
  0
LINE
  5
3B4
330
1F
100
AcDbEntity
  8
OUTLINE
  6
CONTINUOUS
 62
     2
100
AcDbLine
 10
17.1109845
 20
24.324975727
 30
0.0
 11
17.612299797
 21
24.42469354
 31
0.0
  0
LINE
  5
3B5
330
1F
100
AcDbEntity
  8
OUTLINE
  6
CONTINUOUS
 62
     2
100
AcDbLine
 10
17.612299797
 20
24.42469354
 30
0.0
 11
27.612299797
 21
24.42469354
 31
0.0
  0
LINE
  5
3B6
330
1F
100
AcDbEntity
  8
OUTLINE
  6
CONTINUOUS
 62
     2
100
AcDbLine
 10
27.612299797
 20
24.42469354
 30
0.0
 11
28.113615093
 21
24.324975727
 31
0.0
  0
LINE
  5
3B7
330
1F
100
AcDbEntity
  8
OUTLINE
  6
CONTINUOUS
 62
     2
100
AcDbLine
 10
28.113615093
 20
24.324975727
 30
0.0
 11
28.53860968
 21
24.041003423
 31
0.0
  0
LINE
  5
3B8
330
1F
100
AcDbEntity
  8
OUTLINE
  6
CONTINUOUS
 62
     2
100
AcDbLine
 10
28.53860968
 20
24.041003423
 30
0.0
 11
28.822581984
 21
23.616008836
 31
0.0
  0
LINE
  5
3B9
330
1F
100
AcDbEntity
  8
OUTLINE
  6
CONTINUOUS
 62
     2
100
AcDbLine
 10
28.822581984
 20
23.616008836
 30
0.0
 11
28.922299797
 21
23.11469354
 31
0.0
  0
LINE
  5
3BA
330
1F
100
AcDbEntity
  8
OUTLINE
  6
CONTINUOUS
 62
     2
100
AcDbLine
 10
28.922299797
 20
23.11469354
 30
0.0
 11
28.922299797
 21
16.99719354
 31
0.0
  0
LINE
  5
3BB
330
1F
100
AcDbEntity
  8
OUTLINE
  6
CONTINUOUS
 62
     2
100
AcDbLine
 10
28.922299797
 20
16.99719354
 30
0.0
 11
30.112299797
 21
16.99719354
 31
0.0
  0
LINE
  5
3BC
330
1F
100
AcDbEntity
  8
OUTLINE
  6
CONTINUOUS
 62
     2
100
AcDbLine
 10
30.112299797
 20
16.99719354
 30
0.0
 11
30.112299797
 21
32.59719354
 31
0.0
  0
LINE
  5
3BD
330
1F
100
AcDbEntity
  8
OUTLINE
  6
CONTINUOUS
 62
     2
100
AcDbLine
 10
30.112299797
 20
32.59719354
 30
0.0
 11
28.922299797
 21
32.59719354
 31
0.0
  0
LINE
  5
3BE
330
1F
100
AcDbEntity
  8
OUTLINE
  6
CONTINUOUS
 62
     2
100
AcDbLine
 10
28.922299797
 20
32.59719354
 30
0.0
 11
28.922299797
 21
26.47969354
 31
0.0
  0
LINE
  5
3BF
330
1F
100
AcDbEntity
  8
OUTLINE
  6
CONTINUOUS
 62
     2
100
AcDbLine
 10
28.922299797
 20
26.47969354
 30
0.0
 11
28.822581984
 21
25.978378243
 31
0.0
  0
LINE
  5
3C0
330
1F
100
AcDbEntity
  8
OUTLINE
  6
CONTINUOUS
 62
     2
100
AcDbLine
 10
28.822581984
 20
25.978378243
 30
0.0
 11
28.53860968
 21
25.553383656
 31
0.0
  0
LINE
  5
3C1
330
1F
100
AcDbEntity
  8
OUTLINE
  6
CONTINUOUS
 62
     2
100
AcDbLine
 10
28.53860968
 20
25.553383656
 30
0.0
 11
28.113615093
 21
25.269411352
 31
0.0
  0
LINE
  5
3C2
330
1F
100
AcDbEntity
  8
OUTLINE
  6
CONTINUOUS
 62
     2
100
AcDbLine
 10
28.113615093
 20
25.269411352
 30
0.0
 11
27.612299797
 21
25.16969354
 31
0.0
  0
LINE
  5
3C3
330
1F
100
AcDbEntity
  8
OUTLINE
  6
CONTINUOUS
 62
     2
100
AcDbLine
 10
27.612299797
 20
25.16969354
 30
0.0
 11
17.612299797
 21
25.16969354
 31
0.0
  0
LINE
  5
3C4
330
1F
100
AcDbEntity
  8
OUTLINE
  6
CONTINUOUS
 62
     2
100
AcDbLine
 10
17.612299797
 20
25.16969354
 30
0.0
 11
17.1109845
 21
25.269411352
 31
0.0
  0
LINE
  5
3C5
330
1F
100
AcDbEntity
  8
OUTLINE
  6
CONTINUOUS
 62
     2
100
AcDbLine
 10
17.1109845
 20
25.269411352
 30
0.0
 11
16.685989914
 21
25.553383656
 31
0.0
  0
LINE
  5
3C6
330
1F
100
AcDbEntity
  8
OUTLINE
  6
CONTINUOUS
 62
     2
100
AcDbLine
 10
16.685989914
 20
25.553383656
 30
0.0
 11
16.402017609
 21
25.978378243
 31
0.0
  0
LINE
  5
3C7
330
1F
100
AcDbEntity
  8
OUTLINE
  6
CONTINUOUS
 62
     2
100
AcDbLine
 10
16.402017609
 20
25.978378243
 30
0.0
 11
16.302299797
 21
26.47969354
 31
0.0
  0
LINE
  5
3C8
330
1F
100
AcDbEntity
  8
OUTLINE
  6
CONTINUOUS
 62
     2
100
AcDbLine
 10
16.302299797
 20
26.47969354
 30
0.0
 11
16.302299797
 21
32.59719354
 31
0.0
  0
LINE
  5
3C9
330
1F
100
AcDbEntity
  8
OUTLINE
  6
CONTINUOUS
 62
     2
100
AcDbLine
 10
16.302299797
 20
32.59719354
 30
0.0
 11
15.112299797
 21
32.59719354
 31
0.0
  0
LINE
  5
3CA
330
1F
100
AcDbEntity
  8
OUTLINE
  6
CONTINUOUS
 62
     2
100
AcDbLine
 10
15.112299797
 20
32.59719354
 30
0.0
 11
15.112299797
 21
16.99719354
 31
0.0
  0
LINE
  5
3CB
330
1F
100
AcDbEntity
  8
OUTLINE
  6
CONTINUOUS
 62
     2
100
AcDbLine
 10
15.112299797
 20
16.99719354
 30
0.0
 11
16.302299797
 21
16.99719354
 31
0.0
  0
LINE
  5
3CC
330
1F
100
AcDbEntity
  8
OUTLINE
  6
CONTINUOUS
 62
     2
100
AcDbLine
 10
16.302299797
 20
16.99719354
 30
0.0
 11
16.302299797
 21
23.11469354
 31
0.0
  0
LINE
  5
3CD
330
1F
100
AcDbEntity
  8
OUTLINE
  6
CONTINUOUS
 62
     2
100
AcDbLine
 10
16.302299797
 20
23.11469354
 30
0.0
 11
16.402017609
 21
23.616008836
 31
0.0
  0
LINE
  5
3CE
330
1F
100
AcDbEntity
  8
OUTLINE
  6
CONTINUOUS
 62
     2
100
AcDbLine
 10
16.402017609
 20
23.616008836
 30
0.0
 11
16.685989914
 21
24.041003423
 31
0.0
  0
LINE
  5
3CF
330
1F
100
AcDbEntity
  8
OUTLINE
  6
CONTINUOUS
 62
     2
100
AcDbLine
 10
16.685989914
 20
24.041003423
 30
0.0
 11
17.1109845
 21
24.324975727
 31
0.0
  0
LINE
  5
3D0
330
1F
100
AcDbEntity
  8
OUTLINE
  6
CONTINUOUS
 62
     2
100
AcDbLine
 10
16.302299797
 20
78.989641747
 30
0.0
 11
28.922299797
 21
78.989641747
 31
0.0
  0
LINE
  5
3D1
330
1F
100
AcDbEntity
  8
OUTLINE
  6
SDS2_5
 62
     1
100
AcDbLine
 10
28.922299797
 20
78.989641747
 30
0.0
 11
28.927299797
 21
78.989641747
 31
0.0
  0
LINE
  5
3D2
330
1F
100
AcDbEntity
  8
OUTLINE
  6
SDS2_5
 62
     1
100
AcDbLine
 10
28.927299797
 20
78.989641747
 30
0.0
 11
28.927299797
 21
85.114641747
 31
0.0
  0
LINE
  5
3D3
330
1F
100
AcDbEntity
  8
OUTLINE
  6
SDS2_5
 62
     1
100
AcDbLine
 10
28.927299797
 20
85.114641747
 30
0.0
 11
28.90616011
 21
85.135781434
 31
0.0
  0
LINE
  5
3D4
330
1F
100
AcDbEntity
  8
OUTLINE
  6
CONTINUOUS
 62
     2
100
AcDbLine
 10
28.90616011
 20
85.135781434
 30
0.0
 11
27.693439484
 21
86.348502059
 31
0.0
  0
LINE
  5
3D5
330
1F
100
AcDbEntity
  8
OUTLINE
  6
SDS2_5
 62
     1
100
AcDbLine
 10
27.693439484
 20
86.348502059
 30
0.0
 11
27.677299797
 21
86.364641747
 31
0.0
  0
LINE
  5
3D6
330
1F
100
AcDbEntity
  8
OUTLINE
  6
SDS2_5
 62
     1
100
AcDbLine
 10
27.677299797
 20
86.364641747
 30
0.0
 11
27.612299797
 21
86.364641747
 31
0.0
  0
LINE
  5
3D7
330
1F
100
AcDbEntity
  8
OUTLINE
  6
SDS2_5
 62
     1
100
AcDbLine
 10
17.612299797
 20
86.364641747
 30
0.0
 11
17.552299797
 21
86.364641747
 31
0.0
  0
LINE
  5
3D8
330
1F
100
AcDbEntity
  8
OUTLINE
  6
SDS2_5
 62
     1
100
AcDbLine
 10
17.552299797
 20
86.364641747
 30
0.0
 11
17.537401624
 21
86.349743574
 31
0.0
  0
LINE
  5
3D9
330
1F
100
AcDbEntity
  8
OUTLINE
  6
CONTINUOUS
 62
     2
100
AcDbLine
 10
17.537401624
 20
86.349743574
 30
0.0
 11
16.31719797
 21
85.129539919
 31
0.0
  0
LINE
  5
3DA
330
1F
100
AcDbEntity
  8
OUTLINE
  6
SDS2_5
 62
     1
100
AcDbLine
 10
16.31719797
 20
85.129539919
 30
0.0
 11
16.302299797
 21
85.114641747
 31
0.0
  0
LINE
  5
3DB
330
1F
100
AcDbEntity
  8
OUTLINE
  6
SDS2_5
 62
     1
100
AcDbLine
 10
16.302299797
 20
85.114641747
 30
0.0
 11
16.302299797
 21
85.054641747
 31
0.0
  0
LINE
  5
3DC
330
1F
100
AcDbEntity
  8
OUTLINE
  6
CONTINUOUS
 62
     2
100
AcDbLine
 10
28.922299797
 20
94.484641747
 30
0.0
 11
16.302299797
 21
94.484641747
 31
0.0
  0
LINE
  5
3DD
330
1F
100
AcDbEntity
  8
OUTLINE
  6
SDS2_5
 62
     1
100
AcDbLine
 10
16.302299797
 20
94.484641747
 30
0.0
 11
16.297299797
 21
94.484641747
 31
0.0
  0
LINE
  5
3DE
330
1F
100
AcDbEntity
  8
OUTLINE
  6
SDS2_5
 62
     1
100
AcDbLine
 10
16.297299797
 20
94.484641747
 30
0.0
 11
16.297299797
 21
88.359641747
 31
0.0
  0
LINE
  5
3DF
330
1F
100
AcDbEntity
  8
OUTLINE
  6
SDS2_5
 62
     1
100
AcDbLine
 10
16.297299797
 20
88.359641747
 30
0.0
 11
16.318439484
 21
88.338502059
 31
0.0
  0
LINE
  5
3E0
330
1F
100
AcDbEntity
  8
OUTLINE
  6
CONTINUOUS
 62
     2
100
AcDbLine
 10
16.318439484
 20
88.338502059
 30
0.0
 11
17.53116011
 21
87.125781434
 31
0.0
  0
LINE
  5
3E1
330
1F
100
AcDbEntity
  8
OUTLINE
  6
SDS2_5
 62
     1
100
AcDbLine
 10
17.53116011
 20
87.125781434
 30
0.0
 11
17.547299797
 21
87.109641747
 31
0.0
  0
LINE
  5
3E2
330
1F
100
AcDbEntity
  8
OUTLINE
  6
SDS2_5
 62
     1
100
AcDbLine
 10
17.547299797
 20
87.109641747
 30
0.0
 11
17.612299797
 21
87.109641747
 31
0.0
  0
LINE
  5
3E3
330
1F
100
AcDbEntity
  8
OUTLINE
  6
SDS2_5
 62
     1
100
AcDbLine
 10
27.612299797
 20
87.109641747
 30
0.0
 11
27.672299797
 21
87.109641747
 31
0.0
  0
LINE
  5
3E4
330
1F
100
AcDbEntity
  8
OUTLINE
  6
SDS2_5
 62
     1
100
AcDbLine
 10
27.672299797
 20
87.109641747
 30
0.0
 11
27.68719797
 21
87.124539919
 31
0.0
  0
LINE
  5
3E5
330
1F
100
AcDbEntity
  8
OUTLINE
  6
CONTINUOUS
 62
     2
100
AcDbLine
 10
27.68719797
 20
87.124539919
 30
0.0
 11
28.907401624
 21
88.344743574
 31
0.0
  0
LINE
  5
3E6
330
1F
100
AcDbEntity
  8
OUTLINE
  6
SDS2_5
 62
     1
100
AcDbLine
 10
28.907401624
 20
88.344743574
 30
0.0
 11
28.922299797
 21
88.359641747
 31
0.0
  0
LINE
  5
3E7
330
1F
100
AcDbEntity
  8
OUTLINE
  6
SDS2_5
 62
     1
100
AcDbLine
 10
28.922299797
 20
88.359641747
 30
0.0
 11
28.922299797
 21
88.419641747
 31
0.0
  0
LINE
  5
3E8
330
1F
100
AcDbEntity
  8
OUTLINE
  6
CONTINUOUS
 62
     2
100
AcDbLine
 10
17.1109845
 20
86.264923934
 30
0.0
 11
17.612299797
 21
86.364641747
 31
0.0
  0
LINE
  5
3E9
330
1F
100
AcDbEntity
  8
OUTLINE
  6
CONTINUOUS
 62
     2
100
AcDbLine
 10
17.612299797
 20
86.364641747
 30
0.0
 11
27.612299797
 21
86.364641747
 31
0.0
  0
LINE
  5
3EA
330
1F
100
AcDbEntity
  8
OUTLINE
  6
CONTINUOUS
 62
     2
100
AcDbLine
 10
27.612299797
 20
86.364641747
 30
0.0
 11
28.113615093
 21
86.264923934
 31
0.0
  0
LINE
  5
3EB
330
1F
100
AcDbEntity
  8
OUTLINE
  6
CONTINUOUS
 62
     2
100
AcDbLine
 10
28.113615093
 20
86.264923934
 30
0.0
 11
28.53860968
 21
85.98095163
 31
0.0
  0
LINE
  5
3EC
330
1F
100
AcDbEntity
  8
OUTLINE
  6
CONTINUOUS
 62
     2
100
AcDbLine
 10
28.53860968
 20
85.98095163
 30
0.0
 11
28.822581984
 21
85.555957043
 31
0.0
  0
LINE
  5
3ED
330
1F
100
AcDbEntity
  8
OUTLINE
  6
CONTINUOUS
 62
     2
100
AcDbLine
 10
28.822581984
 20
85.555957043
 30
0.0
 11
28.922299797
 21
85.054641747
 31
0.0
  0
LINE
  5
3EE
330
1F
100
AcDbEntity
  8
OUTLINE
  6
CONTINUOUS
 62
     2
100
AcDbLine
 10
28.922299797
 20
85.054641747
 30
0.0
 11
28.922299797
 21
78.937141747
 31
0.0
  0
LINE
  5
3EF
330
1F
100
AcDbEntity
  8
OUTLINE
  6
CONTINUOUS
 62
     2
100
AcDbLine
 10
28.922299797
 20
78.937141747
 30
0.0
 11
30.112299797
 21
78.937141747
 31
0.0
  0
LINE
  5
3F0
330
1F
100
AcDbEntity
  8
OUTLINE
  6
CONTINUOUS
 62
     2
100
AcDbLine
 10
30.112299797
 20
78.937141747
 30
0.0
 11
30.112299797
 21
94.537141747
 31
0.0
  0
LINE
  5
3F1
330
1F
100
AcDbEntity
  8
OUTLINE
  6
CONTINUOUS
 62
     2
100
AcDbLine
 10
30.112299797
 20
94.537141747
 30
0.0
 11
28.922299797
 21
94.537141747
 31
0.0
  0
LINE
  5
3F2
330
1F
100
AcDbEntity
  8
OUTLINE
  6
CONTINUOUS
 62
     2
100
AcDbLine
 10
28.922299797
 20
94.537141747
 30
0.0
 11
28.922299797
 21
88.419641747
 31
0.0
  0
LINE
  5
3F3
330
1F
100
AcDbEntity
  8
OUTLINE
  6
CONTINUOUS
 62
     2
100
AcDbLine
 10
28.922299797
 20
88.419641747
 30
0.0
 11
28.822581984
 21
87.91832645
 31
0.0
  0
LINE
  5
3F4
330
1F
100
AcDbEntity
  8
OUTLINE
  6
CONTINUOUS
 62
     2
100
AcDbLine
 10
28.822581984
 20
87.91832645
 30
0.0
 11
28.53860968
 21
87.493331863
 31
0.0
  0
LINE
  5
3F5
330
1F
100
AcDbEntity
  8
OUTLINE
  6
CONTINUOUS
 62
     2
100
AcDbLine
 10
28.53860968
 20
87.493331863
 30
0.0
 11
28.113615093
 21
87.209359559
 31
0.0
  0
LINE
  5
3F6
330
1F
100
AcDbEntity
  8
OUTLINE
  6
CONTINUOUS
 62
     2
100
AcDbLine
 10
28.113615093
 20
87.209359559
 30
0.0
 11
27.612299797
 21
87.109641747
 31
0.0
  0
LINE
  5
3F7
330
1F
100
AcDbEntity
  8
OUTLINE
  6
CONTINUOUS
 62
     2
100
AcDbLine
 10
27.612299797
 20
87.109641747
 30
0.0
 11
17.612299797
 21
87.109641747
 31
0.0
  0
LINE
  5
3F8
330
1F
100
AcDbEntity
  8
OUTLINE
  6
CONTINUOUS
 62
     2
100
AcDbLine
 10
17.612299797
 20
87.109641747
 30
0.0
 11
17.1109845
 21
87.209359559
 31
0.0
  0
LINE
  5
3F9
330
1F
100
AcDbEntity
  8
OUTLINE
  6
CONTINUOUS
 62
     2
100
AcDbLine
 10
17.1109845
 20
87.209359559
 30
0.0
 11
16.685989914
 21
87.493331863
 31
0.0
  0
LINE
  5
3FA
330
1F
100
AcDbEntity
  8
OUTLINE
  6
CONTINUOUS
 62
     2
100
AcDbLine
 10
16.685989914
 20
87.493331863
 30
0.0
 11
16.402017609
 21
87.91832645
 31
0.0
  0
LINE
  5
3FB
330
1F
100
AcDbEntity
  8
OUTLINE
  6
CONTINUOUS
 62
     2
100
AcDbLine
 10
16.402017609
 20
87.91832645
 30
0.0
 11
16.302299797
 21
88.419641747
 31
0.0
  0
LINE
  5
3FC
330
1F
100
AcDbEntity
  8
OUTLINE
  6
CONTINUOUS
 62
     2
100
AcDbLine
 10
16.302299797
 20
88.419641747
 30
0.0
 11
16.302299797
 21
94.537141747
 31
0.0
  0
LINE
  5
3FD
330
1F
100
AcDbEntity
  8
OUTLINE
  6
CONTINUOUS
 62
     2
100
AcDbLine
 10
16.302299797
 20
94.537141747
 30
0.0
 11
15.112299797
 21
94.537141747
 31
0.0
  0
LINE
  5
3FE
330
1F
100
AcDbEntity
  8
OUTLINE
  6
CONTINUOUS
 62
     2
100
AcDbLine
 10
15.112299797
 20
94.537141747
 30
0.0
 11
15.112299797
 21
78.937141747
 31
0.0
  0
LINE
  5
3FF
330
1F
100
AcDbEntity
  8
OUTLINE
  6
CONTINUOUS
 62
     2
100
AcDbLine
 10
15.112299797
 20
78.937141747
 30
0.0
 11
16.302299797
 21
78.937141747
 31
0.0
  0
LINE
  5
400
330
1F
100
AcDbEntity
  8
OUTLINE
  6
CONTINUOUS
 62
     2
100
AcDbLine
 10
16.302299797
 20
78.937141747
 30
0.0
 11
16.302299797
 21
85.054641747
 31
0.0
  0
LINE
  5
401
330
1F
100
AcDbEntity
  8
OUTLINE
  6
CONTINUOUS
 62
     2
100
AcDbLine
 10
16.302299797
 20
85.054641747
 30
0.0
 11
16.402017609
 21
85.555957043
 31
0.0
  0
LINE
  5
402
330
1F
100
AcDbEntity
  8
OUTLINE
  6
CONTINUOUS
 62
     2
100
AcDbLine
 10
16.402017609
 20
85.555957043
 30
0.0
 11
16.685989914
 21
85.98095163
 31
0.0
  0
LINE
  5
403
330
1F
100
AcDbEntity
  8
OUTLINE
  6
CONTINUOUS
 62
     2
100
AcDbLine
 10
16.685989914
 20
85.98095163
 30
0.0
 11
17.1109845
 21
86.264923934
 31
0.0
  0
LWPOLYLINE
  5
404
102
{ACAD_REACTORS
330
405
102
}
330
1F
100
AcDbEntity
  8
OUTLINE
  6
CONTINUOUS
 62
     2
100
AcDbPolyline
 90
       17
 70
     1
 43
0.0
 10
-166.0
 20
10.51025012
 10
-166.155465144
 20
10.47932618
 10
-166.28726213
 20
10.39126225
 10
-166.37532606
 20
10.259465264
 10
-166.40625
 20
10.10400012
 10
-166.37532606
 20
9.948534976
 10
-166.28726213
 20
9.81673799
 10
-166.155465144
 20
9.72867406
 10
-166.0
 20
9.69775012
 10
-165.844534856
 20
9.72867406
 10
-165.71273787
 20
9.81673799
 10
-165.62467394
 20
9.948534976
 10
-165.59375
 20
10.10400012
 10
-165.62467394
 20
10.259465264
 10
-165.71273787
 20
10.39126225
 10
-165.844534856
 20
10.47932618
 10
-166.0
 20
10.51025012
  0
HATCH
  5
405
330
1F
100
AcDbEntity
  8
0
 62
     3
100
AcDbHatch
 10
0.0
 20
0.0
 30
0.0
210
0.0
220
0.0
230
1.0
  2
SOLID
 70
     1
 71
     1
 91
        1
 92
       16
 93
       17
 72
     1
 10
-166.0
 20
10.51025012002469
 11
-166.1554651443983
 21
10.47932618010739
 72
     1
 10
-166.1554651443983
 20
10.47932618010739
 11
-166.287262129857
 21
10.39126224988172
 72
     1
 10
-166.287262129857
 20
10.39126224988172
 11
-166.3753260600827
 21
10.259465264423
 72
     1
 10
-166.3753260600827
 20
10.259465264423
 11
-166.40625
 21
10.10400012002469
 72
     1
 10
-166.40625
 20
10.10400012002469
 11
-166.3753260600827
 21
9.948534975626387
 72
     1
 10
-166.3753260600827
 20
9.948534975626387
 11
-166.287262129857
 21
9.816737990167667
 72
     1
 10
-166.287262129857
 20
9.816737990167667
 11
-166.1554651443983
 21
9.728674059941994
 72
     1
 10
-166.1554651443983
 20
9.728674059941994
 11
-166.0
 21
9.697750120024693
 72
     1
 10
-166.0
 20
9.697750120024693
 11
-165.8445348556017
 21
9.728674059941994
 72
     1
 10
-165.8445348556017
 20
9.728674059941994
 11
-165.712737870143
 21
9.816737990167667
 72
     1
 10
-165.712737870143
 20
9.816737990167667
 11
-165.6246739399173
 21
9.948534975626387
 72
     1
 10
-165.6246739399173
 20
9.948534975626387
 11
-165.59375
 21
10.10400012002469
 72
     1
 10
-165.59375
 20
10.10400012002469
 11
-165.6246739399173
 21
10.259465264423
 72
     1
 10
-165.6246739399173
 20
10.259465264423
 11
-165.712737870143
 21
10.39126224988172
 72
     1
 10
-165.712737870143
 20
10.39126224988172
 11
-165.8445348556017
 21
10.47932618010739
 72
     1
 10
-165.8445348556017
 20
10.47932618010739
 11
-166.0
 21
10.51025012002469
 72
     1
 10
-166.0
 20
10.51025012002469
 11
-166.0
 21
10.51025012002469
 97
        1
330
404
 75
     0
 76
     1
 98
        0
  0
LWPOLYLINE
  5
406
102
{ACAD_REACTORS
330
407
102
}
330
1F
100
AcDbEntity
  8
OUTLINE
  6
CONTINUOUS
 62
     2
100
AcDbPolyline
 90
       17
 70
     1
 43
0.0
 10
-166.0
 20
-6.21724988
 10
-166.155465144
 20
-6.24817382
 10
-166.28726213
 20
-6.33623775
 10
-166.37532606
 20
-6.468034736
 10
-166.40625
 20
-6.62349988
 10
-166.37532606
 20
-6.778965024
 10
-166.28726213
 20
-6.91076201
 10
-166.155465144
 20
-6.99882594
 10
-166.0
 20
-7.02974988
 10
-165.844534856
 20
-6.99882594
 10
-165.71273787
 20
-6.91076201
 10
-165.62467394
 20
-6.778965024
 10
-165.59375
 20
-6.62349988
 10
-165.62467394
 20
-6.468034736
 10
-165.71273787
 20
-6.33623775
 10
-165.844534856
 20
-6.24817382
 10
-166.0
 20
-6.21724988
  0
HATCH
  5
407
330
1F
100
AcDbEntity
  8
0
 62
     3
100
AcDbHatch
 10
0.0
 20
0.0
 30
0.0
210
0.0
220
0.0
230
1.0
  2
SOLID
 70
     1
 71
     1
 91
        1
 92
       16
 93
       17
 72
     1
 10
-166.0
 20
-6.21724987997527
 11
-166.1554651443983
 21
-6.248173819892571
 72
     1
 10
-166.1554651443983
 20
-6.248173819892571
 11
-166.287262129857
 21
-6.336237750118244
 72
     1
 10
-166.287262129857
 20
-6.336237750118244
 11
-166.3753260600827
 21
-6.468034735576964
 72
     1
 10
-166.3753260600827
 20
-6.468034735576964
 11
-166.40625
 21
-6.62349987997527
 72
     1
 10
-166.40625
 20
-6.62349987997527
 11
-166.3753260600827
 21
-6.778965024373576
 72
     1
 10
-166.3753260600827
 20
-6.778965024373576
 11
-166.287262129857
 21
-6.910762009832297
 72
     1
 10
-166.287262129857
 20
-6.910762009832297
 11
-166.1554651443983
 21
-6.998825940057969
 72
     1
 10
-166.1554651443983
 20
-6.998825940057969
 11
-166.0
 21
-7.02974987997527
 72
     1
 10
-166.0
 20
-7.02974987997527
 11
-165.8445348556017
 21
-6.998825940057969
 72
     1
 10
-165.8445348556017
 20
-6.998825940057969
 11
-165.712737870143
 21
-6.910762009832297
 72
     1
 10
-165.712737870143
 20
-6.910762009832297
 11
-165.6246739399173
 21
-6.778965024373576
 72
     1
 10
-165.6246739399173
 20
-6.778965024373576
 11
-165.59375
 21
-6.62349987997527
 72
     1
 10
-165.59375
 20
-6.62349987997527
 11
-165.6246739399173
 21
-6.468034735576964
 72
     1
 10
-165.6246739399173
 20
-6.468034735576964
 11
-165.712737870143
 21
-6.336237750118244
 72
     1
 10
-165.712737870143
 20
-6.336237750118244
 11
-165.8445348556017
 21
-6.248173819892571
 72
     1
 10
-165.8445348556017
 20
-6.248173819892571
 11
-166.0
 21
-6.21724987997527
 72
     1
 10
-166.0
 20
-6.21724987997527
 11
-166.0
 21
-6.21724987997527
 97
        1
330
406
 75
     0
 76
     1
 98
        0
  0
LWPOLYLINE
  5
408
102
{ACAD_REACTORS
330
409
102
}
330
1F
100
AcDbEntity
  8
OUTLINE
  6
CONTINUOUS
 62
     2
100
AcDbPolyline
 90
       17
 70
     1
 43
0.0
 10
-186.0
 20
10.51025012
 10
-186.155465144
 20
10.47932618
 10
-186.28726213
 20
10.39126225
 10
-186.37532606
 20
10.259465264
 10
-186.40625
 20
10.10400012
 10
-186.37532606
 20
9.948534976
 10
-186.28726213
 20
9.81673799
 10
-186.155465144
 20
9.72867406
 10
-186.0
 20
9.69775012
 10
-185.844534856
 20
9.72867406
 10
-185.71273787
 20
9.81673799
 10
-185.62467394
 20
9.948534976
 10
-185.59375
 20
10.10400012
 10
-185.62467394
 20
10.259465264
 10
-185.71273787
 20
10.39126225
 10
-185.844534856
 20
10.47932618
 10
-186.0
 20
10.51025012
  0
HATCH
  5
409
330
1F
100
AcDbEntity
  8
0
 62
     3
100
AcDbHatch
 10
0.0
 20
0.0
 30
0.0
210
0.0
220
0.0
230
1.0
  2
SOLID
 70
     1
 71
     1
 91
        1
 92
       16
 93
       17
 72
     1
 10
-186.0
 20
10.51025012002469
 11
-186.1554651443983
 21
10.47932618010739
 72
     1
 10
-186.1554651443983
 20
10.47932618010739
 11
-186.287262129857
 21
10.39126224988172
 72
     1
 10
-186.287262129857
 20
10.39126224988172
 11
-186.3753260600827
 21
10.259465264423
 72
     1
 10
-186.3753260600827
 20
10.259465264423
 11
-186.40625
 21
10.10400012002469
 72
     1
 10
-186.40625
 20
10.10400012002469
 11
-186.3753260600827
 21
9.948534975626387
 72
     1
 10
-186.3753260600827
 20
9.948534975626387
 11
-186.287262129857
 21
9.816737990167667
 72
     1
 10
-186.287262129857
 20
9.816737990167667
 11
-186.1554651443983
 21
9.728674059941994
 72
     1
 10
-186.1554651443983
 20
9.728674059941994
 11
-186.0
 21
9.697750120024693
 72
     1
 10
-186.0
 20
9.697750120024693
 11
-185.8445348556017
 21
9.728674059941994
 72
     1
 10
-185.8445348556017
 20
9.728674059941994
 11
-185.712737870143
 21
9.816737990167667
 72
     1
 10
-185.712737870143
 20
9.816737990167667
 11
-185.6246739399173
 21
9.948534975626387
 72
     1
 10
-185.6246739399173
 20
9.948534975626387
 11
-185.59375
 21
10.10400012002469
 72
     1
 10
-185.59375
 20
10.10400012002469
 11
-185.6246739399173
 21
10.259465264423
 72
     1
 10
-185.6246739399173
 20
10.259465264423
 11
-185.712737870143
 21
10.39126224988172
 72
     1
 10
-185.712737870143
 20
10.39126224988172
 11
-185.8445348556017
 21
10.47932618010739
 72
     1
 10
-185.8445348556017
 20
10.47932618010739
 11
-186.0
 21
10.51025012002469
 72
     1
 10
-186.0
 20
10.51025012002469
 11
-186.0
 21
10.51025012002469
 97
        1
330
408
 75
     0
 76
     1
 98
        0
  0
LWPOLYLINE
  5
40A
102
{ACAD_REACTORS
330
40B
102
}
330
1F
100
AcDbEntity
  8
OUTLINE
  6
CONTINUOUS
 62
     2
100
AcDbPolyline
 90
       17
 70
     1
 43
0.0
 10
-186.0
 20
-6.21724988
 10
-186.155465144
 20
-6.24817382
 10
-186.28726213
 20
-6.33623775
 10
-186.37532606
 20
-6.468034736
 10
-186.40625
 20
-6.62349988
 10
-186.37532606
 20
-6.778965024
 10
-186.28726213
 20
-6.91076201
 10
-186.155465144
 20
-6.99882594
 10
-186.0
 20
-7.02974988
 10
-185.844534856
 20
-6.99882594
 10
-185.71273787
 20
-6.91076201
 10
-185.62467394
 20
-6.778965024
 10
-185.59375
 20
-6.62349988
 10
-185.62467394
 20
-6.468034736
 10
-185.71273787
 20
-6.33623775
 10
-185.844534856
 20
-6.24817382
 10
-186.0
 20
-6.21724988
  0
HATCH
  5
40B
330
1F
100
AcDbEntity
  8
0
 62
     3
100
AcDbHatch
 10
0.0
 20
0.0
 30
0.0
210
0.0
220
0.0
230
1.0
  2
SOLID
 70
     1
 71
     1
 91
        1
 92
       16
 93
       17
 72
     1
 10
-186.0
 20
-6.21724987997527
 11
-186.1554651443983
 21
-6.248173819892571
 72
     1
 10
-186.1554651443983
 20
-6.248173819892571
 11
-186.287262129857
 21
-6.336237750118244
 72
     1
 10
-186.287262129857
 20
-6.336237750118244
 11
-186.3753260600827
 21
-6.468034735576964
 72
     1
 10
-186.3753260600827
 20
-6.468034735576964
 11
-186.40625
 21
-6.62349987997527
 72
     1
 10
-186.40625
 20
-6.62349987997527
 11
-186.3753260600827
 21
-6.778965024373576
 72
     1
 10
-186.3753260600827
 20
-6.778965024373576
 11
-186.287262129857
 21
-6.910762009832297
 72
     1
 10
-186.287262129857
 20
-6.910762009832297
 11
-186.1554651443983
 21
-6.998825940057969
 72
     1
 10
-186.1554651443983
 20
-6.998825940057969
 11
-186.0
 21
-7.02974987997527
 72
     1
 10
-186.0
 20
-7.02974987997527
 11
-185.8445348556017
 21
-6.998825940057969
 72
     1
 10
-185.8445348556017
 20
-6.998825940057969
 11
-185.712737870143
 21
-6.910762009832297
 72
     1
 10
-185.712737870143
 20
-6.910762009832297
 11
-185.6246739399173
 21
-6.778965024373576
 72
     1
 10
-185.6246739399173
 20
-6.778965024373576
 11
-185.59375
 21
-6.62349987997527
 72
     1
 10
-185.59375
 20
-6.62349987997527
 11
-185.6246739399173
 21
-6.468034735576964
 72
     1
 10
-185.6246739399173
 20
-6.468034735576964
 11
-185.712737870143
 21
-6.336237750118244
 72
     1
 10
-185.712737870143
 20
-6.336237750118244
 11
-185.8445348556017
 21
-6.248173819892571
 72
     1
 10
-185.8445348556017
 20
-6.248173819892571
 11
-186.0
 21
-6.21724987997527
 72
     1
 10
-186.0
 20
-6.21724987997527
 11
-186.0
 21
-6.21724987997527
 97
        1
330
40A
 75
     0
 76
     1
 98
        0
  0
LWPOLYLINE
  5
40C
102
{ACAD_REACTORS
330
40D
102
}
330
1F
100
AcDbEntity
  8
OUTLINE
  6
CONTINUOUS
 62
     2
100
AcDbPolyline
 90
       17
 70
     1
 43
0.0
 10
-186.0
 20
71.69625
 10
-186.155465144
 20
71.66532606
 10
-186.28726213
 20
71.57726213
 10
-186.37532606
 20
71.445465144
 10
-186.40625
 20
71.29
 10
-186.37532606
 20
71.134534856
 10
-186.28726213
 20
71.00273787
 10
-186.155465144
 20
70.91467394
 10
-186.0
 20
70.88375
 10
-185.844534856
 20
70.91467394
 10
-185.71273787
 20
71.00273787
 10
-185.62467394
 20
71.134534856
 10
-185.59375
 20
71.29
 10
-185.62467394
 20
71.445465144
 10
-185.71273787
 20
71.57726213
 10
-185.844534856
 20
71.66532606
 10
-186.0
 20
71.69625
  0
HATCH
  5
40D
330
1F
100
AcDbEntity
  8
0
 62
     3
100
AcDbHatch
 10
0.0
 20
0.0
 30
0.0
210
0.0
220
0.0
230
1.0
  2
SOLID
 70
     1
 71
     1
 91
        1
 92
       16
 93
       17
 72
     1
 10
-186.0
 20
71.69624999999701
 11
-186.1554651443983
 21
71.66532606007974
 72
     1
 10
-186.1554651443983
 20
71.66532606007974
 11
-186.287262129857
 21
71.57726212985403
 72
     1
 10
-186.287262129857
 20
71.57726212985403
 11
-186.3753260600827
 21
71.44546514439531
 72
     1
 10
-186.3753260600827
 20
71.44546514439531
 11
-186.40625
 21
71.28999999999701
 72
     1
 10
-186.40625
 20
71.28999999999701
 11
-186.3753260600827
 21
71.1345348555987
 72
     1
 10
-186.3753260600827
 20
71.1345348555987
 11
-186.287262129857
 21
71.00273787013998
 72
     1
 10
-186.287262129857
 20
71.00273787013998
 11
-186.1554651443983
 21
70.91467393991428
 72
     1
 10
-186.1554651443983
 20
70.91467393991428
 11
-186.0
 21
70.88374999999701
 72
     1
 10
-186.0
 20
70.88374999999701
 11
-185.8445348556017
 21
70.91467393991428
 72
     1
 10
-185.8445348556017
 20
70.91467393991428
 11
-185.712737870143
 21
71.00273787013998
 72
     1
 10
-185.712737870143
 20
71.00273787013998
 11
-185.6246739399173
 21
71.1345348555987
 72
     1
 10
-185.6246739399173
 20
71.1345348555987
 11
-185.59375
 21
71.28999999999701
 72
     1
 10
-185.59375
 20
71.28999999999701
 11
-185.6246739399173
 21
71.44546514439531
 72
     1
 10
-185.6246739399173
 20
71.44546514439531
 11
-185.712737870143
 21
71.57726212985403
 72
     1
 10
-185.712737870143
 20
71.57726212985403
 11
-185.8445348556017
 21
71.66532606007974
 72
     1
 10
-185.8445348556017
 20
71.66532606007974
 11
-186.0
 21
71.69624999999701
 72
     1
 10
-186.0
 20
71.69624999999701
 11
-186.0
 21
71.69624999999701
 97
        1
330
40C
 75
     0
 76
     1
 98
        0
  0
LWPOLYLINE
  5
40E
102
{ACAD_REACTORS
330
40F
102
}
330
1F
100
AcDbEntity
  8
OUTLINE
  6
CONTINUOUS
 62
     2
100
AcDbPolyline
 90
       17
 70
     1
 43
0.0
 10
-186.0
 20
54.96875
 10
-186.155465144
 20
54.93782606
 10
-186.28726213
 20
54.84976213
 10
-186.37532606
 20
54.717965144
 10
-186.40625
 20
54.5625
 10
-186.37532606
 20
54.407034856
 10
-186.28726213
 20
54.27523787
 10
-186.155465144
 20
54.18717394
 10
-186.0
 20
54.15625
 10
-185.844534856
 20
54.18717394
 10
-185.71273787
 20
54.27523787
 10
-185.62467394
 20
54.407034856
 10
-185.59375
 20
54.5625
 10
-185.62467394
 20
54.717965144
 10
-185.71273787
 20
54.84976213
 10
-185.844534856
 20
54.93782606
 10
-186.0
 20
54.96875
  0
HATCH
  5
40F
330
1F
100
AcDbEntity
  8
0
 62
     3
100
AcDbHatch
 10
0.0
 20
0.0
 30
0.0
210
0.0
220
0.0
230
1.0
  2
SOLID
 70
     1
 71
     1
 91
        1
 92
       16
 93
       17
 72
     1
 10
-186.0
 20
54.96874999999704
 11
-186.1554651443983
 21
54.93782606007977
 72
     1
 10
-186.1554651443983
 20
54.93782606007977
 11
-186.287262129857
 21
54.84976212985407
 72
     1
 10
-186.287262129857
 20
54.84976212985407
 11
-186.3753260600827
 21
54.71796514439535
 72
     1
 10
-186.3753260600827
 20
54.71796514439535
 11
-186.40625
 21
54.56249999999704
 72
     1
 10
-186.40625
 20
54.56249999999704
 11
-186.3753260600827
 21
54.40703485559874
 72
     1
 10
-186.3753260600827
 20
54.40703485559874
 11
-186.287262129857
 21
54.27523787014002
 72
     1
 10
-186.287262129857
 20
54.27523787014002
 11
-186.1554651443983
 21
54.18717393991432
 72
     1
 10
-186.1554651443983
 20
54.18717393991432
 11
-186.0
 21
54.15624999999704
 72
     1
 10
-186.0
 20
54.15624999999704
 11
-185.8445348556017
 21
54.18717393991432
 72
     1
 10
-185.8445348556017
 20
54.18717393991432
 11
-185.712737870143
 21
54.27523787014002
 72
     1
 10
-185.712737870143
 20
54.27523787014002
 11
-185.6246739399173
 21
54.40703485559874
 72
     1
 10
-185.6246739399173
 20
54.40703485559874
 11
-185.59375
 21
54.56249999999704
 72
     1
 10
-185.59375
 20
54.56249999999704
 11
-185.6246739399173
 21
54.71796514439535
 72
     1
 10
-185.6246739399173
 20
54.71796514439535
 11
-185.712737870143
 21
54.84976212985407
 72
     1
 10
-185.712737870143
 20
54.84976212985407
 11
-185.8445348556017
 21
54.93782606007977
 72
     1
 10
-185.8445348556017
 20
54.93782606007977
 11
-186.0
 21
54.96874999999704
 72
     1
 10
-186.0
 20
54.96874999999704
 11
-186.0
 21
54.96874999999704
 97
        1
330
40E
 75
     0
 76
     1
 98
        0
  0
LWPOLYLINE
  5
410
102
{ACAD_REACTORS
330
411
102
}
330
1F
100
AcDbEntity
  8
OUTLINE
  6
CONTINUOUS
 62
     2
100
AcDbPolyline
 90
       17
 70
     1
 43
0.0
 10
-166.0
 20
71.69625
 10
-166.155465144
 20
71.66532606
 10
-166.28726213
 20
71.57726213
 10
-166.37532606
 20
71.445465144
 10
-166.40625
 20
71.29
 10
-166.37532606
 20
71.134534856
 10
-166.28726213
 20
71.00273787
 10
-166.155465144
 20
70.91467394
 10
-166.0
 20
70.88375
 10
-165.844534856
 20
70.91467394
 10
-165.71273787
 20
71.00273787
 10
-165.62467394
 20
71.134534856
 10
-165.59375
 20
71.29
 10
-165.62467394
 20
71.445465144
 10
-165.71273787
 20
71.57726213
 10
-165.844534856
 20
71.66532606
 10
-166.0
 20
71.69625
  0
HATCH
  5
411
330
1F
100
AcDbEntity
  8
0
 62
     3
100
AcDbHatch
 10
0.0
 20
0.0
 30
0.0
210
0.0
220
0.0
230
1.0
  2
SOLID
 70
     1
 71
     1
 91
        1
 92
       16
 93
       17
 72
     1
 10
-166.0
 20
71.69624999999701
 11
-166.1554651443983
 21
71.66532606007974
 72
     1
 10
-166.1554651443983
 20
71.66532606007974
 11
-166.287262129857
 21
71.57726212985403
 72
     1
 10
-166.287262129857
 20
71.57726212985403
 11
-166.3753260600827
 21
71.44546514439531
 72
     1
 10
-166.3753260600827
 20
71.44546514439531
 11
-166.40625
 21
71.28999999999701
 72
     1
 10
-166.40625
 20
71.28999999999701
 11
-166.3753260600827
 21
71.1345348555987
 72
     1
 10
-166.3753260600827
 20
71.1345348555987
 11
-166.287262129857
 21
71.00273787013998
 72
     1
 10
-166.287262129857
 20
71.00273787013998
 11
-166.1554651443983
 21
70.91467393991428
 72
     1
 10
-166.1554651443983
 20
70.91467393991428
 11
-166.0
 21
70.88374999999701
 72
     1
 10
-166.0
 20
70.88374999999701
 11
-165.8445348556017
 21
70.91467393991428
 72
     1
 10
-165.8445348556017
 20
70.91467393991428
 11
-165.712737870143
 21
71.00273787013998
 72
     1
 10
-165.712737870143
 20
71.00273787013998
 11
-165.6246739399173
 21
71.1345348555987
 72
     1
 10
-165.6246739399173
 20
71.1345348555987
 11
-165.59375
 21
71.28999999999701
 72
     1
 10
-165.59375
 20
71.28999999999701
 11
-165.6246739399173
 21
71.44546514439531
 72
     1
 10
-165.6246739399173
 20
71.44546514439531
 11
-165.712737870143
 21
71.57726212985403
 72
     1
 10
-165.712737870143
 20
71.57726212985403
 11
-165.8445348556017
 21
71.66532606007974
 72
     1
 10
-165.8445348556017
 20
71.66532606007974
 11
-166.0
 21
71.69624999999701
 72
     1
 10
-166.0
 20
71.69624999999701
 11
-166.0
 21
71.69624999999701
 97
        1
330
410
 75
     0
 76
     1
 98
        0
  0
LWPOLYLINE
  5
412
102
{ACAD_REACTORS
330
413
102
}
330
1F
100
AcDbEntity
  8
OUTLINE
  6
CONTINUOUS
 62
     2
100
AcDbPolyline
 90
       17
 70
     1
 43
0.0
 10
-166.0
 20
54.96875
 10
-166.155465144
 20
54.93782606
 10
-166.28726213
 20
54.84976213
 10
-166.37532606
 20
54.717965144
 10
-166.40625
 20
54.5625
 10
-166.37532606
 20
54.407034856
 10
-166.28726213
 20
54.27523787
 10
-166.155465144
 20
54.18717394
 10
-166.0
 20
54.15625
 10
-165.844534856
 20
54.18717394
 10
-165.71273787
 20
54.27523787
 10
-165.62467394
 20
54.407034856
 10
-165.59375
 20
54.5625
 10
-165.62467394
 20
54.717965144
 10
-165.71273787
 20
54.84976213
 10
-165.844534856
 20
54.93782606
 10
-166.0
 20
54.96875
  0
HATCH
  5
413
330
1F
100
AcDbEntity
  8
0
 62
     3
100
AcDbHatch
 10
0.0
 20
0.0
 30
0.0
210
0.0
220
0.0
230
1.0
  2
SOLID
 70
     1
 71
     1
 91
        1
 92
       16
 93
       17
 72
     1
 10
-166.0
 20
54.96874999999704
 11
-166.1554651443983
 21
54.93782606007977
 72
     1
 10
-166.1554651443983
 20
54.93782606007977
 11
-166.287262129857
 21
54.84976212985407
 72
     1
 10
-166.287262129857
 20
54.84976212985407
 11
-166.3753260600827
 21
54.71796514439535
 72
     1
 10
-166.3753260600827
 20
54.71796514439535
 11
-166.40625
 21
54.56249999999704
 72
     1
 10
-166.40625
 20
54.56249999999704
 11
-166.3753260600827
 21
54.40703485559874
 72
     1
 10
-166.3753260600827
 20
54.40703485559874
 11
-166.287262129857
 21
54.27523787014002
 72
     1
 10
-166.287262129857
 20
54.27523787014002
 11
-166.1554651443983
 21
54.18717393991432
 72
     1
 10
-166.1554651443983
 20
54.18717393991432
 11
-166.0
 21
54.15624999999704
 72
     1
 10
-166.0
 20
54.15624999999704
 11
-165.8445348556017
 21
54.18717393991432
 72
     1
 10
-165.8445348556017
 20
54.18717393991432
 11
-165.712737870143
 21
54.27523787014002
 72
     1
 10
-165.712737870143
 20
54.27523787014002
 11
-165.6246739399173
 21
54.40703485559874
 72
     1
 10
-165.6246739399173
 20
54.40703485559874
 11
-165.59375
 21
54.56249999999704
 72
     1
 10
-165.59375
 20
54.56249999999704
 11
-165.6246739399173
 21
54.71796514439535
 72
     1
 10
-165.6246739399173
 20
54.71796514439535
 11
-165.712737870143
 21
54.84976212985407
 72
     1
 10
-165.712737870143
 20
54.84976212985407
 11
-165.8445348556017
 21
54.93782606007977
 72
     1
 10
-165.8445348556017
 20
54.93782606007977
 11
-166.0
 21
54.96874999999704
 72
     1
 10
-166.0
 20
54.96874999999704
 11
-166.0
 21
54.96874999999704
 97
        1
330
412
 75
     0
 76
     1
 98
        0
  0
LINE
  5
414
330
1F
100
AcDbEntity
  8
OUTLINE
  6
SDS2_5
 62
     1
100
AcDbLine
 10
-182.305
 20
23.0
 30
0.0
 11
-182.31
 21
23.0
 31
0.0
  0
LINE
  5
415
330
1F
100
AcDbEntity
  8
OUTLINE
  6
SDS2_5
 62
     1
100
AcDbLine
 10
-182.31
 20
23.0
 30
0.0
 11
-183.5
 21
23.0
 31
0.0
  0
LINE
  5
416
330
1F
100
AcDbEntity
  8
OUTLINE
  6
SDS2_5
 62
     1
100
AcDbLine
 10
-183.5
 20
23.0
 30
0.0
 11
-183.505
 21
23.0
 31
0.0
  0
LINE
  5
417
330
1F
100
AcDbEntity
  8
OUTLINE
  6
SDS2_5
 62
     1
100
AcDbLine
 10
-183.505
 20
23.0
 30
0.0
 11
-183.505
 21
23.107629715
 31
0.0
  0
LINE
  5
418
330
1F
100
AcDbEntity
  8
OUTLINE
  6
SDS2_5
 62
     1
100
AcDbLine
 10
-183.505
 20
23.107629715
 30
0.0
 11
-183.5
 21
23.107629715
 31
0.0
  0
LINE
  5
419
330
1F
100
AcDbEntity
  8
OUTLINE
  6
SDS2_5
 62
     1
100
AcDbLine
 10
-183.5
 20
23.107629715
 30
0.0
 11
-182.31
 21
23.107629715
 31
0.0
  0
LINE
  5
41A
330
1F
100
AcDbEntity
  8
OUTLINE
  6
SDS2_5
 62
     1
100
AcDbLine
 10
-182.31
 20
23.107629715
 30
0.0
 11
-182.305
 21
23.107629715
 31
0.0
  0
LINE
  5
41B
330
1F
100
AcDbEntity
  8
OUTLINE
  6
SDS2_5
 62
     1
100
AcDbLine
 10
-182.305
 20
23.107629715
 30
0.0
 11
-182.305
 21
23.0
 31
0.0
  0
LINE
  5
41C
330
1F
100
AcDbEntity
  8
OUTLINE
  6
SDS2_5
 62
     1
100
AcDbLine
 10
-183.505
 20
23.107629715
 30
0.0
 11
-183.505
 21
23.198873782
 31
0.0
  0
LINE
  5
41D
330
1F
100
AcDbEntity
  8
OUTLINE
  6
SDS2_5
 62
     1
100
AcDbLine
 10
-183.505
 20
23.198873782
 30
0.0
 11
-183.5
 21
23.198873782
 31
0.0
  0
LINE
  5
41E
330
1F
100
AcDbEntity
  8
OUTLINE
  6
SDS2_5
 62
     1
100
AcDbLine
 10
-183.5
 20
23.198873782
 30
0.0
 11
-182.31
 21
23.198873782
 31
0.0
  0
LINE
  5
41F
330
1F
100
AcDbEntity
  8
OUTLINE
  6
SDS2_5
 62
     1
100
AcDbLine
 10
-182.31
 20
23.198873782
 30
0.0
 11
-182.305
 21
23.198873782
 31
0.0
  0
LINE
  5
420
330
1F
100
AcDbEntity
  8
OUTLINE
  6
SDS2_5
 62
     1
100
AcDbLine
 10
-182.305
 20
23.198873782
 30
0.0
 11
-182.305
 21
23.107629715
 31
0.0
  0
LINE
  5
421
330
1F
100
AcDbEntity
  8
OUTLINE
  6
SDS2_5
 62
     1
100
AcDbLine
 10
-183.505
 20
23.198873782
 30
0.0
 11
-183.505
 21
23.259841119
 31
0.0
  0
LINE
  5
422
330
1F
100
AcDbEntity
  8
OUTLINE
  6
SDS2_5
 62
     1
100
AcDbLine
 10
-183.505
 20
23.259841119
 30
0.0
 11
-183.5
 21
23.259841119
 31
0.0
  0
LINE
  5
423
330
1F
100
AcDbEntity
  8
OUTLINE
  6
SDS2_5
 62
     1
100
AcDbLine
 10
-183.5
 20
23.259841119
 30
0.0
 11
-182.31
 21
23.259841119
 31
0.0
  0
LINE
  5
424
330
1F
100
AcDbEntity
  8
OUTLINE
  6
SDS2_5
 62
     1
100
AcDbLine
 10
-182.31
 20
23.259841119
 30
0.0
 11
-182.305
 21
23.259841119
 31
0.0
  0
LINE
  5
425
330
1F
100
AcDbEntity
  8
OUTLINE
  6
SDS2_5
 62
     1
100
AcDbLine
 10
-182.305
 20
23.259841119
 30
0.0
 11
-182.305
 21
23.198873782
 31
0.0
  0
LINE
  5
426
330
1F
100
AcDbEntity
  8
OUTLINE
  6
SDS2_5
 62
     1
100
AcDbLine
 10
-183.505
 20
23.259841119
 30
0.0
 11
-183.505
 21
23.28125
 31
0.0
  0
LINE
  5
427
330
1F
100
AcDbEntity
  8
OUTLINE
  6
SDS2_5
 62
     1
100
AcDbLine
 10
-182.305
 20
23.28125
 30
0.0
 11
-182.305
 21
23.259841119
 31
0.0
  0
LINE
  5
428
330
1F
100
AcDbEntity
  8
OUTLINE
  6
CONTINUOUS
 62
     2
100
AcDbLine
 10
-182.305
 20
23.28125
 30
0.0
 11
-182.31
 21
23.28125
 31
0.0
  0
LINE
  5
429
330
1F
100
AcDbEntity
  8
OUTLINE
  6
SDS2_5
 62
     1
100
AcDbLine
 10
-182.31
 20
23.28125
 30
0.0
 11
-183.5
 21
23.28125
 31
0.0
  0
LINE
  5
42A
330
1F
100
AcDbEntity
  8
OUTLINE
  6
CONTINUOUS
 62
     2
100
AcDbLine
 10
-183.5
 20
23.28125
 30
0.0
 11
-183.505
 21
23.28125
 31
0.0
  0
LINE
  5
42B
330
1F
100
AcDbEntity
  8
OUTLINE
  6
CONTINUOUS
 62
     2
100
AcDbLine
 10
-183.505
 20
22.71875
 30
0.0
 11
-183.5
 21
22.71875
 31
0.0
  0
LINE
  5
42C
330
1F
100
AcDbEntity
  8
OUTLINE
  6
SDS2_5
 62
     1
100
AcDbLine
 10
-183.5
 20
22.71875
 30
0.0
 11
-182.31
 21
22.71875
 31
0.0
  0
LINE
  5
42D
330
1F
100
AcDbEntity
  8
OUTLINE
  6
CONTINUOUS
 62
     2
100
AcDbLine
 10
-182.31
 20
22.71875
 30
0.0
 11
-182.305
 21
22.71875
 31
0.0
  0
LINE
  5
42E
330
1F
100
AcDbEntity
  8
OUTLINE
  6
SDS2_5
 62
     1
100
AcDbLine
 10
-183.505
 20
22.71875
 30
0.0
 11
-183.505
 21
22.740158881
 31
0.0
  0
LINE
  5
42F
330
1F
100
AcDbEntity
  8
OUTLINE
  6
SDS2_5
 62
     1
100
AcDbLine
 10
-182.305
 20
22.740158881
 30
0.0
 11
-182.305
 21
22.71875
 31
0.0
  0
LINE
  5
430
330
1F
100
AcDbEntity
  8
OUTLINE
  6
SDS2_5
 62
     1
100
AcDbLine
 10
-182.305
 20
22.740158881
 30
0.0
 11
-182.31
 21
22.740158881
 31
0.0
  0
LINE
  5
431
330
1F
100
AcDbEntity
  8
OUTLINE
  6
SDS2_5
 62
     1
100
AcDbLine
 10
-182.31
 20
22.740158881
 30
0.0
 11
-183.5
 21
22.740158881
 31
0.0
  0
LINE
  5
432
330
1F
100
AcDbEntity
  8
OUTLINE
  6
SDS2_5
 62
     1
100
AcDbLine
 10
-183.5
 20
22.740158881
 30
0.0
 11
-183.505
 21
22.740158881
 31
0.0
  0
LINE
  5
433
330
1F
100
AcDbEntity
  8
OUTLINE
  6
SDS2_5
 62
     1
100
AcDbLine
 10
-183.505
 20
22.740158881
 30
0.0
 11
-183.505
 21
22.801126218
 31
0.0
  0
LINE
  5
434
330
1F
100
AcDbEntity
  8
OUTLINE
  6
SDS2_5
 62
     1
100
AcDbLine
 10
-182.305
 20
22.801126218
 30
0.0
 11
-182.305
 21
22.740158881
 31
0.0
  0
LINE
  5
435
330
1F
100
AcDbEntity
  8
OUTLINE
  6
SDS2_5
 62
     1
100
AcDbLine
 10
-182.305
 20
22.801126218
 30
0.0
 11
-182.31
 21
22.801126218
 31
0.0
  0
LINE
  5
436
330
1F
100
AcDbEntity
  8
OUTLINE
  6
SDS2_5
 62
     1
100
AcDbLine
 10
-182.31
 20
22.801126218
 30
0.0
 11
-183.5
 21
22.801126218
 31
0.0
  0
LINE
  5
437
330
1F
100
AcDbEntity
  8
OUTLINE
  6
SDS2_5
 62
     1
100
AcDbLine
 10
-183.5
 20
22.801126218
 30
0.0
 11
-183.505
 21
22.801126218
 31
0.0
  0
LINE
  5
438
330
1F
100
AcDbEntity
  8
OUTLINE
  6
SDS2_5
 62
     1
100
AcDbLine
 10
-183.505
 20
22.801126218
 30
0.0
 11
-183.505
 21
22.892370285
 31
0.0
  0
LINE
  5
439
330
1F
100
AcDbEntity
  8
OUTLINE
  6
SDS2_5
 62
     1
100
AcDbLine
 10
-182.305
 20
22.892370285
 30
0.0
 11
-182.305
 21
22.801126218
 31
0.0
  0
LINE
  5
43A
330
1F
100
AcDbEntity
  8
OUTLINE
  6
SDS2_5
 62
     1
100
AcDbLine
 10
-182.305
 20
22.892370285
 30
0.0
 11
-182.31
 21
22.892370285
 31
0.0
  0
LINE
  5
43B
330
1F
100
AcDbEntity
  8
OUTLINE
  6
SDS2_5
 62
     1
100
AcDbLine
 10
-182.31
 20
22.892370285
 30
0.0
 11
-183.5
 21
22.892370285
 31
0.0
  0
LINE
  5
43C
330
1F
100
AcDbEntity
  8
OUTLINE
  6
SDS2_5
 62
     1
100
AcDbLine
 10
-183.5
 20
22.892370285
 30
0.0
 11
-183.505
 21
22.892370285
 31
0.0
  0
LINE
  5
43D
330
1F
100
AcDbEntity
  8
OUTLINE
  6
SDS2_5
 62
     1
100
AcDbLine
 10
-183.505
 20
22.892370285
 30
0.0
 11
-183.505
 21
23.0
 31
0.0
  0
LINE
  5
43E
330
1F
100
AcDbEntity
  8
OUTLINE
  6
SDS2_5
 62
     1
100
AcDbLine
 10
-182.305
 20
23.0
 30
0.0
 11
-182.305
 21
22.892370285
 31
0.0
  0
LINE
  5
43F
330
1F
100
AcDbEntity
  8
OUTLINE
  6
SDS2_5
 62
     1
100
AcDbLine
 10
-182.305
 20
42.0
 30
0.0
 11
-182.31
 21
42.0
 31
0.0
  0
LINE
  5
440
330
1F
100
AcDbEntity
  8
OUTLINE
  6
SDS2_5
 62
     1
100
AcDbLine
 10
-182.31
 20
42.0
 30
0.0
 11
-183.5
 21
42.0
 31
0.0
  0
LINE
  5
441
330
1F
100
AcDbEntity
  8
OUTLINE
  6
SDS2_5
 62
     1
100
AcDbLine
 10
-183.5
 20
42.0
 30
0.0
 11
-183.505
 21
42.0
 31
0.0
  0
LINE
  5
442
330
1F
100
AcDbEntity
  8
OUTLINE
  6
SDS2_5
 62
     1
100
AcDbLine
 10
-183.505
 20
42.0
 30
0.0
 11
-183.505
 21
42.107629715
 31
0.0
  0
LINE
  5
443
330
1F
100
AcDbEntity
  8
OUTLINE
  6
SDS2_5
 62
     1
100
AcDbLine
 10
-183.505
 20
42.107629715
 30
0.0
 11
-183.5
 21
42.107629715
 31
0.0
  0
LINE
  5
444
330
1F
100
AcDbEntity
  8
OUTLINE
  6
SDS2_5
 62
     1
100
AcDbLine
 10
-183.5
 20
42.107629715
 30
0.0
 11
-182.31
 21
42.107629715
 31
0.0
  0
LINE
  5
445
330
1F
100
AcDbEntity
  8
OUTLINE
  6
SDS2_5
 62
     1
100
AcDbLine
 10
-182.31
 20
42.107629715
 30
0.0
 11
-182.305
 21
42.107629715
 31
0.0
  0
LINE
  5
446
330
1F
100
AcDbEntity
  8
OUTLINE
  6
SDS2_5
 62
     1
100
AcDbLine
 10
-182.305
 20
42.107629715
 30
0.0
 11
-182.305
 21
42.0
 31
0.0
  0
LINE
  5
447
330
1F
100
AcDbEntity
  8
OUTLINE
  6
SDS2_5
 62
     1
100
AcDbLine
 10
-183.505
 20
42.107629715
 30
0.0
 11
-183.505
 21
42.198873782
 31
0.0
  0
LINE
  5
448
330
1F
100
AcDbEntity
  8
OUTLINE
  6
SDS2_5
 62
     1
100
AcDbLine
 10
-183.505
 20
42.198873782
 30
0.0
 11
-183.5
 21
42.198873782
 31
0.0
  0
LINE
  5
449
330
1F
100
AcDbEntity
  8
OUTLINE
  6
SDS2_5
 62
     1
100
AcDbLine
 10
-183.5
 20
42.198873782
 30
0.0
 11
-182.31
 21
42.198873782
 31
0.0
  0
LINE
  5
44A
330
1F
100
AcDbEntity
  8
OUTLINE
  6
SDS2_5
 62
     1
100
AcDbLine
 10
-182.31
 20
42.198873782
 30
0.0
 11
-182.305
 21
42.198873782
 31
0.0
  0
LINE
  5
44B
330
1F
100
AcDbEntity
  8
OUTLINE
  6
SDS2_5
 62
     1
100
AcDbLine
 10
-182.305
 20
42.198873782
 30
0.0
 11
-182.305
 21
42.107629715
 31
0.0
  0
LINE
  5
44C
330
1F
100
AcDbEntity
  8
OUTLINE
  6
SDS2_5
 62
     1
100
AcDbLine
 10
-183.505
 20
42.198873782
 30
0.0
 11
-183.505
 21
42.259841119
 31
0.0
  0
LINE
  5
44D
330
1F
100
AcDbEntity
  8
OUTLINE
  6
SDS2_5
 62
     1
100
AcDbLine
 10
-183.505
 20
42.259841119
 30
0.0
 11
-183.5
 21
42.259841119
 31
0.0
  0
LINE
  5
44E
330
1F
100
AcDbEntity
  8
OUTLINE
  6
SDS2_5
 62
     1
100
AcDbLine
 10
-183.5
 20
42.259841119
 30
0.0
 11
-182.31
 21
42.259841119
 31
0.0
  0
LINE
  5
44F
330
1F
100
AcDbEntity
  8
OUTLINE
  6
SDS2_5
 62
     1
100
AcDbLine
 10
-182.31
 20
42.259841119
 30
0.0
 11
-182.305
 21
42.259841119
 31
0.0
  0
LINE
  5
450
330
1F
100
AcDbEntity
  8
OUTLINE
  6
SDS2_5
 62
     1
100
AcDbLine
 10
-182.305
 20
42.259841119
 30
0.0
 11
-182.305
 21
42.198873782
 31
0.0
  0
LINE
  5
451
330
1F
100
AcDbEntity
  8
OUTLINE
  6
SDS2_5
 62
     1
100
AcDbLine
 10
-183.505
 20
42.259841119
 30
0.0
 11
-183.505
 21
42.28125
 31
0.0
  0
LINE
  5
452
330
1F
100
AcDbEntity
  8
OUTLINE
  6
SDS2_5
 62
     1
100
AcDbLine
 10
-182.305
 20
42.28125
 30
0.0
 11
-182.305
 21
42.259841119
 31
0.0
  0
LINE
  5
453
330
1F
100
AcDbEntity
  8
OUTLINE
  6
CONTINUOUS
 62
     2
100
AcDbLine
 10
-182.305
 20
42.28125
 30
0.0
 11
-182.31
 21
42.28125
 31
0.0
  0
LINE
  5
454
330
1F
100
AcDbEntity
  8
OUTLINE
  6
SDS2_5
 62
     1
100
AcDbLine
 10
-182.31
 20
42.28125
 30
0.0
 11
-183.5
 21
42.28125
 31
0.0
  0
LINE
  5
455
330
1F
100
AcDbEntity
  8
OUTLINE
  6
CONTINUOUS
 62
     2
100
AcDbLine
 10
-183.5
 20
42.28125
 30
0.0
 11
-183.505
 21
42.28125
 31
0.0
  0
LINE
  5
456
330
1F
100
AcDbEntity
  8
OUTLINE
  6
CONTINUOUS
 62
     2
100
AcDbLine
 10
-183.505
 20
41.71875
 30
0.0
 11
-183.5
 21
41.71875
 31
0.0
  0
LINE
  5
457
330
1F
100
AcDbEntity
  8
OUTLINE
  6
SDS2_5
 62
     1
100
AcDbLine
 10
-183.5
 20
41.71875
 30
0.0
 11
-182.31
 21
41.71875
 31
0.0
  0
LINE
  5
458
330
1F
100
AcDbEntity
  8
OUTLINE
  6
CONTINUOUS
 62
     2
100
AcDbLine
 10
-182.31
 20
41.71875
 30
0.0
 11
-182.305
 21
41.71875
 31
0.0
  0
LINE
  5
459
330
1F
100
AcDbEntity
  8
OUTLINE
  6
SDS2_5
 62
     1
100
AcDbLine
 10
-183.505
 20
41.71875
 30
0.0
 11
-183.505
 21
41.740158881
 31
0.0
  0
LINE
  5
45A
330
1F
100
AcDbEntity
  8
OUTLINE
  6
SDS2_5
 62
     1
100
AcDbLine
 10
-182.305
 20
41.740158881
 30
0.0
 11
-182.305
 21
41.71875
 31
0.0
  0
LINE
  5
45B
330
1F
100
AcDbEntity
  8
OUTLINE
  6
SDS2_5
 62
     1
100
AcDbLine
 10
-182.305
 20
41.740158881
 30
0.0
 11
-182.31
 21
41.740158881
 31
0.0
  0
LINE
  5
45C
330
1F
100
AcDbEntity
  8
OUTLINE
  6
SDS2_5
 62
     1
100
AcDbLine
 10
-182.31
 20
41.740158881
 30
0.0
 11
-183.5
 21
41.740158881
 31
0.0
  0
LINE
  5
45D
330
1F
100
AcDbEntity
  8
OUTLINE
  6
SDS2_5
 62
     1
100
AcDbLine
 10
-183.5
 20
41.740158881
 30
0.0
 11
-183.505
 21
41.740158881
 31
0.0
  0
LINE
  5
45E
330
1F
100
AcDbEntity
  8
OUTLINE
  6
SDS2_5
 62
     1
100
AcDbLine
 10
-183.505
 20
41.740158881
 30
0.0
 11
-183.505
 21
41.801126218
 31
0.0
  0
LINE
  5
45F
330
1F
100
AcDbEntity
  8
OUTLINE
  6
SDS2_5
 62
     1
100
AcDbLine
 10
-182.305
 20
41.801126218
 30
0.0
 11
-182.305
 21
41.740158881
 31
0.0
  0
LINE
  5
460
330
1F
100
AcDbEntity
  8
OUTLINE
  6
SDS2_5
 62
     1
100
AcDbLine
 10
-182.305
 20
41.801126218
 30
0.0
 11
-182.31
 21
41.801126218
 31
0.0
  0
LINE
  5
461
330
1F
100
AcDbEntity
  8
OUTLINE
  6
SDS2_5
 62
     1
100
AcDbLine
 10
-182.31
 20
41.801126218
 30
0.0
 11
-183.5
 21
41.801126218
 31
0.0
  0
LINE
  5
462
330
1F
100
AcDbEntity
  8
OUTLINE
  6
SDS2_5
 62
     1
100
AcDbLine
 10
-183.5
 20
41.801126218
 30
0.0
 11
-183.505
 21
41.801126218
 31
0.0
  0
LINE
  5
463
330
1F
100
AcDbEntity
  8
OUTLINE
  6
SDS2_5
 62
     1
100
AcDbLine
 10
-183.505
 20
41.801126218
 30
0.0
 11
-183.505
 21
41.892370285
 31
0.0
  0
LINE
  5
464
330
1F
100
AcDbEntity
  8
OUTLINE
  6
SDS2_5
 62
     1
100
AcDbLine
 10
-182.305
 20
41.892370285
 30
0.0
 11
-182.305
 21
41.801126218
 31
0.0
  0
LINE
  5
465
330
1F
100
AcDbEntity
  8
OUTLINE
  6
SDS2_5
 62
     1
100
AcDbLine
 10
-182.305
 20
41.892370285
 30
0.0
 11
-182.31
 21
41.892370285
 31
0.0
  0
LINE
  5
466
330
1F
100
AcDbEntity
  8
OUTLINE
  6
SDS2_5
 62
     1
100
AcDbLine
 10
-182.31
 20
41.892370285
 30
0.0
 11
-183.5
 21
41.892370285
 31
0.0
  0
LINE
  5
467
330
1F
100
AcDbEntity
  8
OUTLINE
  6
SDS2_5
 62
     1
100
AcDbLine
 10
-183.5
 20
41.892370285
 30
0.0
 11
-183.505
 21
41.892370285
 31
0.0
  0
LINE
  5
468
330
1F
100
AcDbEntity
  8
OUTLINE
  6
SDS2_5
 62
     1
100
AcDbLine
 10
-183.505
 20
41.892370285
 30
0.0
 11
-183.505
 21
42.0
 31
0.0
  0
LINE
  5
469
330
1F
100
AcDbEntity
  8
OUTLINE
  6
SDS2_5
 62
     1
100
AcDbLine
 10
-182.305
 20
42.0
 30
0.0
 11
-182.305
 21
41.892370285
 31
0.0
  0
LINE
  5
46A
330
1F
100
AcDbEntity
  8
OUTLINE
  6
SDS2_5
 62
     1
100
AcDbLine
 10
-169.695
 20
23.0
 30
0.0
 11
-169.69
 21
23.0
 31
0.0
  0
LINE
  5
46B
330
1F
100
AcDbEntity
  8
OUTLINE
  6
SDS2_5
 62
     1
100
AcDbLine
 10
-169.69
 20
23.0
 30
0.0
 11
-168.5
 21
23.0
 31
0.0
  0
LINE
  5
46C
330
1F
100
AcDbEntity
  8
OUTLINE
  6
SDS2_5
 62
     1
100
AcDbLine
 10
-168.5
 20
23.0
 30
0.0
 11
-168.495
 21
23.0
 31
0.0
  0
LINE
  5
46D
330
1F
100
AcDbEntity
  8
OUTLINE
  6
SDS2_5
 62
     1
100
AcDbLine
 10
-168.495
 20
23.0
 30
0.0
 11
-168.495
 21
22.892370285
 31
0.0
  0
LINE
  5
46E
330
1F
100
AcDbEntity
  8
OUTLINE
  6
SDS2_5
 62
     1
100
AcDbLine
 10
-168.495
 20
22.892370285
 30
0.0
 11
-168.5
 21
22.892370285
 31
0.0
  0
LINE
  5
46F
330
1F
100
AcDbEntity
  8
OUTLINE
  6
SDS2_5
 62
     1
100
AcDbLine
 10
-168.5
 20
22.892370285
 30
0.0
 11
-169.69
 21
22.892370285
 31
0.0
  0
LINE
  5
470
330
1F
100
AcDbEntity
  8
OUTLINE
  6
SDS2_5
 62
     1
100
AcDbLine
 10
-169.69
 20
22.892370285
 30
0.0
 11
-169.695
 21
22.892370285
 31
0.0
  0
LINE
  5
471
330
1F
100
AcDbEntity
  8
OUTLINE
  6
SDS2_5
 62
     1
100
AcDbLine
 10
-169.695
 20
22.892370285
 30
0.0
 11
-169.695
 21
23.0
 31
0.0
  0
LINE
  5
472
330
1F
100
AcDbEntity
  8
OUTLINE
  6
SDS2_5
 62
     1
100
AcDbLine
 10
-168.495
 20
22.892370285
 30
0.0
 11
-168.495
 21
22.801126218
 31
0.0
  0
LINE
  5
473
330
1F
100
AcDbEntity
  8
OUTLINE
  6
SDS2_5
 62
     1
100
AcDbLine
 10
-168.495
 20
22.801126218
 30
0.0
 11
-168.5
 21
22.801126218
 31
0.0
  0
LINE
  5
474
330
1F
100
AcDbEntity
  8
OUTLINE
  6
SDS2_5
 62
     1
100
AcDbLine
 10
-168.5
 20
22.801126218
 30
0.0
 11
-169.69
 21
22.801126218
 31
0.0
  0
LINE
  5
475
330
1F
100
AcDbEntity
  8
OUTLINE
  6
SDS2_5
 62
     1
100
AcDbLine
 10
-169.69
 20
22.801126218
 30
0.0
 11
-169.695
 21
22.801126218
 31
0.0
  0
LINE
  5
476
330
1F
100
AcDbEntity
  8
OUTLINE
  6
SDS2_5
 62
     1
100
AcDbLine
 10
-169.695
 20
22.801126218
 30
0.0
 11
-169.695
 21
22.892370285
 31
0.0
  0
LINE
  5
477
330
1F
100
AcDbEntity
  8
OUTLINE
  6
SDS2_5
 62
     1
100
AcDbLine
 10
-168.495
 20
22.801126218
 30
0.0
 11
-168.495
 21
22.740158881
 31
0.0
  0
LINE
  5
478
330
1F
100
AcDbEntity
  8
OUTLINE
  6
SDS2_5
 62
     1
100
AcDbLine
 10
-168.495
 20
22.740158881
 30
0.0
 11
-168.5
 21
22.740158881
 31
0.0
  0
LINE
  5
479
330
1F
100
AcDbEntity
  8
OUTLINE
  6
SDS2_5
 62
     1
100
AcDbLine
 10
-168.5
 20
22.740158881
 30
0.0
 11
-169.69
 21
22.740158881
 31
0.0
  0
LINE
  5
47A
330
1F
100
AcDbEntity
  8
OUTLINE
  6
SDS2_5
 62
     1
100
AcDbLine
 10
-169.69
 20
22.740158881
 30
0.0
 11
-169.695
 21
22.740158881
 31
0.0
  0
LINE
  5
47B
330
1F
100
AcDbEntity
  8
OUTLINE
  6
SDS2_5
 62
     1
100
AcDbLine
 10
-169.695
 20
22.740158881
 30
0.0
 11
-169.695
 21
22.801126218
 31
0.0
  0
LINE
  5
47C
330
1F
100
AcDbEntity
  8
OUTLINE
  6
SDS2_5
 62
     1
100
AcDbLine
 10
-168.495
 20
22.740158881
 30
0.0
 11
-168.495
 21
22.71875
 31
0.0
  0
LINE
  5
47D
330
1F
100
AcDbEntity
  8
OUTLINE
  6
SDS2_5
 62
     1
100
AcDbLine
 10
-169.695
 20
22.71875
 30
0.0
 11
-169.695
 21
22.740158881
 31
0.0
  0
LINE
  5
47E
330
1F
100
AcDbEntity
  8
OUTLINE
  6
CONTINUOUS
 62
     2
100
AcDbLine
 10
-169.695
 20
22.71875
 30
0.0
 11
-169.69
 21
22.71875
 31
0.0
  0
LINE
  5
47F
330
1F
100
AcDbEntity
  8
OUTLINE
  6
SDS2_5
 62
     1
100
AcDbLine
 10
-169.69
 20
22.71875
 30
0.0
 11
-168.5
 21
22.71875
 31
0.0
  0
LINE
  5
480
330
1F
100
AcDbEntity
  8
OUTLINE
  6
CONTINUOUS
 62
     2
100
AcDbLine
 10
-168.5
 20
22.71875
 30
0.0
 11
-168.495
 21
22.71875
 31
0.0
  0
LINE
  5
481
330
1F
100
AcDbEntity
  8
OUTLINE
  6
CONTINUOUS
 62
     2
100
AcDbLine
 10
-168.495
 20
23.28125
 30
0.0
 11
-168.5
 21
23.28125
 31
0.0
  0
LINE
  5
482
330
1F
100
AcDbEntity
  8
OUTLINE
  6
SDS2_5
 62
     1
100
AcDbLine
 10
-168.5
 20
23.28125
 30
0.0
 11
-169.69
 21
23.28125
 31
0.0
  0
LINE
  5
483
330
1F
100
AcDbEntity
  8
OUTLINE
  6
CONTINUOUS
 62
     2
100
AcDbLine
 10
-169.69
 20
23.28125
 30
0.0
 11
-169.695
 21
23.28125
 31
0.0
  0
LINE
  5
484
330
1F
100
AcDbEntity
  8
OUTLINE
  6
SDS2_5
 62
     1
100
AcDbLine
 10
-168.495
 20
23.28125
 30
0.0
 11
-168.495
 21
23.259841119
 31
0.0
  0
LINE
  5
485
330
1F
100
AcDbEntity
  8
OUTLINE
  6
SDS2_5
 62
     1
100
AcDbLine
 10
-169.695
 20
23.259841119
 30
0.0
 11
-169.695
 21
23.28125
 31
0.0
  0
LINE
  5
486
330
1F
100
AcDbEntity
  8
OUTLINE
  6
SDS2_5
 62
     1
100
AcDbLine
 10
-169.695
 20
23.259841119
 30
0.0
 11
-169.69
 21
23.259841119
 31
0.0
  0
LINE
  5
487
330
1F
100
AcDbEntity
  8
OUTLINE
  6
SDS2_5
 62
     1
100
AcDbLine
 10
-169.69
 20
23.259841119
 30
0.0
 11
-168.5
 21
23.259841119
 31
0.0
  0
LINE
  5
488
330
1F
100
AcDbEntity
  8
OUTLINE
  6
SDS2_5
 62
     1
100
AcDbLine
 10
-168.5
 20
23.259841119
 30
0.0
 11
-168.495
 21
23.259841119
 31
0.0
  0
LINE
  5
489
330
1F
100
AcDbEntity
  8
OUTLINE
  6
SDS2_5
 62
     1
100
AcDbLine
 10
-168.495
 20
23.259841119
 30
0.0
 11
-168.495
 21
23.198873782
 31
0.0
  0
LINE
  5
48A
330
1F
100
AcDbEntity
  8
OUTLINE
  6
SDS2_5
 62
     1
100
AcDbLine
 10
-169.695
 20
23.198873782
 30
0.0
 11
-169.695
 21
23.259841119
 31
0.0
  0
LINE
  5
48B
330
1F
100
AcDbEntity
  8
OUTLINE
  6
SDS2_5
 62
     1
100
AcDbLine
 10
-169.695
 20
23.198873782
 30
0.0
 11
-169.69
 21
23.198873782
 31
0.0
  0
LINE
  5
48C
330
1F
100
AcDbEntity
  8
OUTLINE
  6
SDS2_5
 62
     1
100
AcDbLine
 10
-169.69
 20
23.198873782
 30
0.0
 11
-168.5
 21
23.198873782
 31
0.0
  0
LINE
  5
48D
330
1F
100
AcDbEntity
  8
OUTLINE
  6
SDS2_5
 62
     1
100
AcDbLine
 10
-168.5
 20
23.198873782
 30
0.0
 11
-168.495
 21
23.198873782
 31
0.0
  0
LINE
  5
48E
330
1F
100
AcDbEntity
  8
OUTLINE
  6
SDS2_5
 62
     1
100
AcDbLine
 10
-168.495
 20
23.198873782
 30
0.0
 11
-168.495
 21
23.107629715
 31
0.0
  0
LINE
  5
48F
330
1F
100
AcDbEntity
  8
OUTLINE
  6
SDS2_5
 62
     1
100
AcDbLine
 10
-169.695
 20
23.107629715
 30
0.0
 11
-169.695
 21
23.198873782
 31
0.0
  0
LINE
  5
490
330
1F
100
AcDbEntity
  8
OUTLINE
  6
SDS2_5
 62
     1
100
AcDbLine
 10
-169.695
 20
23.107629715
 30
0.0
 11
-169.69
 21
23.107629715
 31
0.0
  0
LINE
  5
491
330
1F
100
AcDbEntity
  8
OUTLINE
  6
SDS2_5
 62
     1
100
AcDbLine
 10
-169.69
 20
23.107629715
 30
0.0
 11
-168.5
 21
23.107629715
 31
0.0
  0
LINE
  5
492
330
1F
100
AcDbEntity
  8
OUTLINE
  6
SDS2_5
 62
     1
100
AcDbLine
 10
-168.5
 20
23.107629715
 30
0.0
 11
-168.495
 21
23.107629715
 31
0.0
  0
LINE
  5
493
330
1F
100
AcDbEntity
  8
OUTLINE
  6
SDS2_5
 62
     1
100
AcDbLine
 10
-168.495
 20
23.107629715
 30
0.0
 11
-168.495
 21
23.0
 31
0.0
  0
LINE
  5
494
330
1F
100
AcDbEntity
  8
OUTLINE
  6
SDS2_5
 62
     1
100
AcDbLine
 10
-169.695
 20
23.0
 30
0.0
 11
-169.695
 21
23.107629715
 31
0.0
  0
LINE
  5
495
330
1F
100
AcDbEntity
  8
OUTLINE
  6
SDS2_5
 62
     1
100
AcDbLine
 10
-169.695
 20
42.0
 30
0.0
 11
-169.69
 21
42.0
 31
0.0
  0
LINE
  5
496
330
1F
100
AcDbEntity
  8
OUTLINE
  6
SDS2_5
 62
     1
100
AcDbLine
 10
-169.69
 20
42.0
 30
0.0
 11
-168.5
 21
42.0
 31
0.0
  0
LINE
  5
497
330
1F
100
AcDbEntity
  8
OUTLINE
  6
SDS2_5
 62
     1
100
AcDbLine
 10
-168.5
 20
42.0
 30
0.0
 11
-168.495
 21
42.0
 31
0.0
  0
LINE
  5
498
330
1F
100
AcDbEntity
  8
OUTLINE
  6
SDS2_5
 62
     1
100
AcDbLine
 10
-168.495
 20
42.0
 30
0.0
 11
-168.495
 21
41.892370285
 31
0.0
  0
LINE
  5
499
330
1F
100
AcDbEntity
  8
OUTLINE
  6
SDS2_5
 62
     1
100
AcDbLine
 10
-168.495
 20
41.892370285
 30
0.0
 11
-168.5
 21
41.892370285
 31
0.0
  0
LINE
  5
49A
330
1F
100
AcDbEntity
  8
OUTLINE
  6
SDS2_5
 62
     1
100
AcDbLine
 10
-168.5
 20
41.892370285
 30
0.0
 11
-169.69
 21
41.892370285
 31
0.0
  0
LINE
  5
49B
330
1F
100
AcDbEntity
  8
OUTLINE
  6
SDS2_5
 62
     1
100
AcDbLine
 10
-169.69
 20
41.892370285
 30
0.0
 11
-169.695
 21
41.892370285
 31
0.0
  0
LINE
  5
49C
330
1F
100
AcDbEntity
  8
OUTLINE
  6
SDS2_5
 62
     1
100
AcDbLine
 10
-169.695
 20
41.892370285
 30
0.0
 11
-169.695
 21
42.0
 31
0.0
  0
LINE
  5
49D
330
1F
100
AcDbEntity
  8
OUTLINE
  6
SDS2_5
 62
     1
100
AcDbLine
 10
-168.495
 20
41.892370285
 30
0.0
 11
-168.495
 21
41.801126218
 31
0.0
  0
LINE
  5
49E
330
1F
100
AcDbEntity
  8
OUTLINE
  6
SDS2_5
 62
     1
100
AcDbLine
 10
-168.495
 20
41.801126218
 30
0.0
 11
-168.5
 21
41.801126218
 31
0.0
  0
LINE
  5
49F
330
1F
100
AcDbEntity
  8
OUTLINE
  6
SDS2_5
 62
     1
100
AcDbLine
 10
-168.5
 20
41.801126218
 30
0.0
 11
-169.69
 21
41.801126218
 31
0.0
  0
LINE
  5
4A0
330
1F
100
AcDbEntity
  8
OUTLINE
  6
SDS2_5
 62
     1
100
AcDbLine
 10
-169.69
 20
41.801126218
 30
0.0
 11
-169.695
 21
41.801126218
 31
0.0
  0
LINE
  5
4A1
330
1F
100
AcDbEntity
  8
OUTLINE
  6
SDS2_5
 62
     1
100
AcDbLine
 10
-169.695
 20
41.801126218
 30
0.0
 11
-169.695
 21
41.892370285
 31
0.0
  0
LINE
  5
4A2
330
1F
100
AcDbEntity
  8
OUTLINE
  6
SDS2_5
 62
     1
100
AcDbLine
 10
-168.495
 20
41.801126218
 30
0.0
 11
-168.495
 21
41.740158881
 31
0.0
  0
LINE
  5
4A3
330
1F
100
AcDbEntity
  8
OUTLINE
  6
SDS2_5
 62
     1
100
AcDbLine
 10
-168.495
 20
41.740158881
 30
0.0
 11
-168.5
 21
41.740158881
 31
0.0
  0
LINE
  5
4A4
330
1F
100
AcDbEntity
  8
OUTLINE
  6
SDS2_5
 62
     1
100
AcDbLine
 10
-168.5
 20
41.740158881
 30
0.0
 11
-169.69
 21
41.740158881
 31
0.0
  0
LINE
  5
4A5
330
1F
100
AcDbEntity
  8
OUTLINE
  6
SDS2_5
 62
     1
100
AcDbLine
 10
-169.69
 20
41.740158881
 30
0.0
 11
-169.695
 21
41.740158881
 31
0.0
  0
LINE
  5
4A6
330
1F
100
AcDbEntity
  8
OUTLINE
  6
SDS2_5
 62
     1
100
AcDbLine
 10
-169.695
 20
41.740158881
 30
0.0
 11
-169.695
 21
41.801126218
 31
0.0
  0
LINE
  5
4A7
330
1F
100
AcDbEntity
  8
OUTLINE
  6
SDS2_5
 62
     1
100
AcDbLine
 10
-168.495
 20
41.740158881
 30
0.0
 11
-168.495
 21
41.71875
 31
0.0
  0
LINE
  5
4A8
330
1F
100
AcDbEntity
  8
OUTLINE
  6
SDS2_5
 62
     1
100
AcDbLine
 10
-169.695
 20
41.71875
 30
0.0
 11
-169.695
 21
41.740158881
 31
0.0
  0
LINE
  5
4A9
330
1F
100
AcDbEntity
  8
OUTLINE
  6
CONTINUOUS
 62
     2
100
AcDbLine
 10
-169.695
 20
41.71875
 30
0.0
 11
-169.69
 21
41.71875
 31
0.0
  0
LINE
  5
4AA
330
1F
100
AcDbEntity
  8
OUTLINE
  6
SDS2_5
 62
     1
100
AcDbLine
 10
-169.69
 20
41.71875
 30
0.0
 11
-168.5
 21
41.71875
 31
0.0
  0
LINE
  5
4AB
330
1F
100
AcDbEntity
  8
OUTLINE
  6
CONTINUOUS
 62
     2
100
AcDbLine
 10
-168.5
 20
41.71875
 30
0.0
 11
-168.495
 21
41.71875
 31
0.0
  0
LINE
  5
4AC
330
1F
100
AcDbEntity
  8
OUTLINE
  6
CONTINUOUS
 62
     2
100
AcDbLine
 10
-168.495
 20
42.28125
 30
0.0
 11
-168.5
 21
42.28125
 31
0.0
  0
LINE
  5
4AD
330
1F
100
AcDbEntity
  8
OUTLINE
  6
SDS2_5
 62
     1
100
AcDbLine
 10
-168.5
 20
42.28125
 30
0.0
 11
-169.69
 21
42.28125
 31
0.0
  0
LINE
  5
4AE
330
1F
100
AcDbEntity
  8
OUTLINE
  6
CONTINUOUS
 62
     2
100
AcDbLine
 10
-169.69
 20
42.28125
 30
0.0
 11
-169.695
 21
42.28125
 31
0.0
  0
LINE
  5
4AF
330
1F
100
AcDbEntity
  8
OUTLINE
  6
SDS2_5
 62
     1
100
AcDbLine
 10
-168.495
 20
42.28125
 30
0.0
 11
-168.495
 21
42.259841119
 31
0.0
  0
LINE
  5
4B0
330
1F
100
AcDbEntity
  8
OUTLINE
  6
SDS2_5
 62
     1
100
AcDbLine
 10
-169.695
 20
42.259841119
 30
0.0
 11
-169.695
 21
42.28125
 31
0.0
  0
LINE
  5
4B1
330
1F
100
AcDbEntity
  8
OUTLINE
  6
SDS2_5
 62
     1
100
AcDbLine
 10
-169.695
 20
42.259841119
 30
0.0
 11
-169.69
 21
42.259841119
 31
0.0
  0
LINE
  5
4B2
330
1F
100
AcDbEntity
  8
OUTLINE
  6
SDS2_5
 62
     1
100
AcDbLine
 10
-169.69
 20
42.259841119
 30
0.0
 11
-168.5
 21
42.259841119
 31
0.0
  0
LINE
  5
4B3
330
1F
100
AcDbEntity
  8
OUTLINE
  6
SDS2_5
 62
     1
100
AcDbLine
 10
-168.5
 20
42.259841119
 30
0.0
 11
-168.495
 21
42.259841119
 31
0.0
  0
LINE
  5
4B4
330
1F
100
AcDbEntity
  8
OUTLINE
  6
SDS2_5
 62
     1
100
AcDbLine
 10
-168.495
 20
42.259841119
 30
0.0
 11
-168.495
 21
42.198873782
 31
0.0
  0
LINE
  5
4B5
330
1F
100
AcDbEntity
  8
OUTLINE
  6
SDS2_5
 62
     1
100
AcDbLine
 10
-169.695
 20
42.198873782
 30
0.0
 11
-169.695
 21
42.259841119
 31
0.0
  0
LINE
  5
4B6
330
1F
100
AcDbEntity
  8
OUTLINE
  6
SDS2_5
 62
     1
100
AcDbLine
 10
-169.695
 20
42.198873782
 30
0.0
 11
-169.69
 21
42.198873782
 31
0.0
  0
LINE
  5
4B7
330
1F
100
AcDbEntity
  8
OUTLINE
  6
SDS2_5
 62
     1
100
AcDbLine
 10
-169.69
 20
42.198873782
 30
0.0
 11
-168.5
 21
42.198873782
 31
0.0
  0
LINE
  5
4B8
330
1F
100
AcDbEntity
  8
OUTLINE
  6
SDS2_5
 62
     1
100
AcDbLine
 10
-168.5
 20
42.198873782
 30
0.0
 11
-168.495
 21
42.198873782
 31
0.0
  0
LINE
  5
4B9
330
1F
100
AcDbEntity
  8
OUTLINE
  6
SDS2_5
 62
     1
100
AcDbLine
 10
-168.495
 20
42.198873782
 30
0.0
 11
-168.495
 21
42.107629715
 31
0.0
  0
LINE
  5
4BA
330
1F
100
AcDbEntity
  8
OUTLINE
  6
SDS2_5
 62
     1
100
AcDbLine
 10
-169.695
 20
42.107629715
 30
0.0
 11
-169.695
 21
42.198873782
 31
0.0
  0
LINE
  5
4BB
330
1F
100
AcDbEntity
  8
OUTLINE
  6
SDS2_5
 62
     1
100
AcDbLine
 10
-169.695
 20
42.107629715
 30
0.0
 11
-169.69
 21
42.107629715
 31
0.0
  0
LINE
  5
4BC
330
1F
100
AcDbEntity
  8
OUTLINE
  6
SDS2_5
 62
     1
100
AcDbLine
 10
-169.69
 20
42.107629715
 30
0.0
 11
-168.5
 21
42.107629715
 31
0.0
  0
LINE
  5
4BD
330
1F
100
AcDbEntity
  8
OUTLINE
  6
SDS2_5
 62
     1
100
AcDbLine
 10
-168.5
 20
42.107629715
 30
0.0
 11
-168.495
 21
42.107629715
 31
0.0
  0
LINE
  5
4BE
330
1F
100
AcDbEntity
  8
OUTLINE
  6
SDS2_5
 62
     1
100
AcDbLine
 10
-168.495
 20
42.107629715
 30
0.0
 11
-168.495
 21
42.0
 31
0.0
  0
LINE
  5
4BF
330
1F
100
AcDbEntity
  8
OUTLINE
  6
SDS2_5
 62
     1
100
AcDbLine
 10
-169.695
 20
42.0
 30
0.0
 11
-169.695
 21
42.107629715
 31
0.0
  0
LINE
  5
4C0
330
1F
100
AcDbEntity
  8
OUTLINE
  6
SDS2_5
 62
     1
100
AcDbLine
 10
-188.5
 20
-33.005
 30
0.0
 11
-188.5
 21
-33.0
 31
0.0
  0
LINE
  5
4C1
330
1F
100
AcDbEntity
  8
OUTLINE
  6
SDS2_5
 62
     1
100
AcDbLine
 10
-188.5
 20
-33.0
 30
0.0
 11
-188.5
 21
-30.5
 31
0.0
  0
LINE
  5
4C2
330
1F
100
AcDbEntity
  8
OUTLINE
  6
SDS2_5
 62
     1
100
AcDbLine
 10
-188.5
 20
-30.5
 30
0.0
 11
-188.5
 21
-30.495
 31
0.0
  0
LINE
  5
4C3
330
1F
100
AcDbEntity
  8
OUTLINE
  6
SDS2_5
 62
     1
100
AcDbLine
 10
-188.5
 20
-30.495
 30
0.0
 11
-187.878139422
 21
-30.495
 31
0.0
  0
LINE
  5
4C4
330
1F
100
AcDbEntity
  8
OUTLINE
  6
SDS2_5
 62
     1
100
AcDbLine
 10
-187.878139422
 20
-30.495
 30
0.0
 11
-187.878139422
 21
-30.5
 31
0.0
  0
LINE
  5
4C5
330
1F
100
AcDbEntity
  8
OUTLINE
  6
SDS2_5
 62
     1
100
AcDbLine
 10
-187.878139422
 20
-30.5
 30
0.0
 11
-187.878139422
 21
-33.0
 31
0.0
  0
LINE
  5
4C6
330
1F
100
AcDbEntity
  8
OUTLINE
  6
SDS2_5
 62
     1
100
AcDbLine
 10
-187.878139422
 20
-33.0
 30
0.0
 11
-187.878139422
 21
-33.005
 31
0.0
  0
LINE
  5
4C7
330
1F
100
AcDbEntity
  8
OUTLINE
  6
SDS2_5
 62
     1
100
AcDbLine
 10
-187.878139422
 20
-33.005
 30
0.0
 11
-188.5
 21
-33.005
 31
0.0
  0
LINE
  5
4C8
330
1F
100
AcDbEntity
  8
OUTLINE
  6
SDS2_5
 62
     1
100
AcDbLine
 10
-187.878139422
 20
-30.495
 30
0.0
 11
-187.350951481
 21
-30.495
 31
0.0
  0
LINE
  5
4C9
330
1F
100
AcDbEntity
  8
OUTLINE
  6
SDS2_5
 62
     1
100
AcDbLine
 10
-187.350951481
 20
-30.495
 30
0.0
 11
-187.350951481
 21
-30.5
 31
0.0
  0
LINE
  5
4CA
330
1F
100
AcDbEntity
  8
OUTLINE
  6
SDS2_5
 62
     1
100
AcDbLine
 10
-187.350951481
 20
-30.5
 30
0.0
 11
-187.350951481
 21
-33.0
 31
0.0
  0
LINE
  5
4CB
330
1F
100
AcDbEntity
  8
OUTLINE
  6
SDS2_5
 62
     1
100
AcDbLine
 10
-187.350951481
 20
-33.0
 30
0.0
 11
-187.350951481
 21
-33.005
 31
0.0
  0
LINE
  5
4CC
330
1F
100
AcDbEntity
  8
OUTLINE
  6
SDS2_5
 62
     1
100
AcDbLine
 10
-187.350951481
 20
-33.005
 30
0.0
 11
-187.878139422
 21
-33.005
 31
0.0
  0
LINE
  5
4CD
330
1F
100
AcDbEntity
  8
OUTLINE
  6
SDS2_5
 62
     1
100
AcDbLine
 10
-187.350951481
 20
-30.495
 30
0.0
 11
-186.99869576
 21
-30.495
 31
0.0
  0
LINE
  5
4CE
330
1F
100
AcDbEntity
  8
OUTLINE
  6
SDS2_5
 62
     1
100
AcDbLine
 10
-186.99869576
 20
-30.495
 30
0.0
 11
-186.99869576
 21
-30.5
 31
0.0
  0
LINE
  5
4CF
330
1F
100
AcDbEntity
  8
OUTLINE
  6
SDS2_5
 62
     1
100
AcDbLine
 10
-186.99869576
 20
-30.5
 30
0.0
 11
-186.99869576
 21
-33.0
 31
0.0
  0
LINE
  5
4D0
330
1F
100
AcDbEntity
  8
OUTLINE
  6
SDS2_5
 62
     1
100
AcDbLine
 10
-186.99869576
 20
-33.0
 30
0.0
 11
-186.99869576
 21
-33.005
 31
0.0
  0
LINE
  5
4D1
330
1F
100
AcDbEntity
  8
OUTLINE
  6
SDS2_5
 62
     1
100
AcDbLine
 10
-186.99869576
 20
-33.005
 30
0.0
 11
-187.350951481
 21
-33.005
 31
0.0
  0
LINE
  5
4D2
330
1F
100
AcDbEntity
  8
OUTLINE
  6
SDS2_5
 62
     1
100
AcDbLine
 10
-186.99869576
 20
-30.495
 30
0.0
 11
-186.875
 21
-30.495
 31
0.0
  0
LINE
  5
4D3
330
1F
100
AcDbEntity
  8
OUTLINE
  6
SDS2_5
 62
     1
100
AcDbLine
 10
-186.875
 20
-33.005
 30
0.0
 11
-186.99869576
 21
-33.005
 31
0.0
  0
LINE
  5
4D4
330
1F
100
AcDbEntity
  8
OUTLINE
  6
CONTINUOUS
 62
     2
100
AcDbLine
 10
-186.875
 20
-33.005
 30
0.0
 11
-186.875
 21
-33.0
 31
0.0
  0
LINE
  5
4D5
330
1F
100
AcDbEntity
  8
OUTLINE
  6
SDS2_5
 62
     1
100
AcDbLine
 10
-186.875
 20
-33.0
 30
0.0
 11
-186.875
 21
-30.5
 31
0.0
  0
LINE
  5
4D6
330
1F
100
AcDbEntity
  8
OUTLINE
  6
CONTINUOUS
 62
     2
100
AcDbLine
 10
-186.875
 20
-30.5
 30
0.0
 11
-186.875
 21
-30.495
 31
0.0
  0
LINE
  5
4D7
330
1F
100
AcDbEntity
  8
OUTLINE
  6
CONTINUOUS
 62
     2
100
AcDbLine
 10
-190.125
 20
-30.495
 30
0.0
 11
-190.125
 21
-30.5
 31
0.0
  0
LINE
  5
4D8
330
1F
100
AcDbEntity
  8
OUTLINE
  6
SDS2_5
 62
     1
100
AcDbLine
 10
-190.125
 20
-30.5
 30
0.0
 11
-190.125
 21
-33.0
 31
0.0
  0
LINE
  5
4D9
330
1F
100
AcDbEntity
  8
OUTLINE
  6
CONTINUOUS
 62
     2
100
AcDbLine
 10
-190.125
 20
-33.0
 30
0.0
 11
-190.125
 21
-33.005
 31
0.0
  0
LINE
  5
4DA
330
1F
100
AcDbEntity
  8
OUTLINE
  6
SDS2_5
 62
     1
100
AcDbLine
 10
-190.125
 20
-30.495
 30
0.0
 11
-190.00130424
 21
-30.495
 31
0.0
  0
LINE
  5
4DB
330
1F
100
AcDbEntity
  8
OUTLINE
  6
SDS2_5
 62
     1
100
AcDbLine
 10
-190.00130424
 20
-33.005
 30
0.0
 11
-190.125
 21
-33.005
 31
0.0
  0
LINE
  5
4DC
330
1F
100
AcDbEntity
  8
OUTLINE
  6
SDS2_5
 62
     1
100
AcDbLine
 10
-190.00130424
 20
-33.005
 30
0.0
 11
-190.00130424
 21
-33.0
 31
0.0
  0
LINE
  5
4DD
330
1F
100
AcDbEntity
  8
OUTLINE
  6
SDS2_5
 62
     1
100
AcDbLine
 10
-190.00130424
 20
-33.0
 30
0.0
 11
-190.00130424
 21
-30.5
 31
0.0
  0
LINE
  5
4DE
330
1F
100
AcDbEntity
  8
OUTLINE
  6
SDS2_5
 62
     1
100
AcDbLine
 10
-190.00130424
 20
-30.5
 30
0.0
 11
-190.00130424
 21
-30.495
 31
0.0
  0
LINE
  5
4DF
330
1F
100
AcDbEntity
  8
OUTLINE
  6
SDS2_5
 62
     1
100
AcDbLine
 10
-190.00130424
 20
-30.495
 30
0.0
 11
-189.649048519
 21
-30.495
 31
0.0
  0
LINE
  5
4E0
330
1F
100
AcDbEntity
  8
OUTLINE
  6
SDS2_5
 62
     1
100
AcDbLine
 10
-189.649048519
 20
-33.005
 30
0.0
 11
-190.00130424
 21
-33.005
 31
0.0
  0
LINE
  5
4E1
330
1F
100
AcDbEntity
  8
OUTLINE
  6
SDS2_5
 62
     1
100
AcDbLine
 10
-189.649048519
 20
-33.005
 30
0.0
 11
-189.649048519
 21
-33.0
 31
0.0
  0
LINE
  5
4E2
330
1F
100
AcDbEntity
  8
OUTLINE
  6
SDS2_5
 62
     1
100
AcDbLine
 10
-189.649048519
 20
-33.0
 30
0.0
 11
-189.649048519
 21
-30.5
 31
0.0
  0
LINE
  5
4E3
330
1F
100
AcDbEntity
  8
OUTLINE
  6
SDS2_5
 62
     1
100
AcDbLine
 10
-189.649048519
 20
-30.5
 30
0.0
 11
-189.649048519
 21
-30.495
 31
0.0
  0
LINE
  5
4E4
330
1F
100
AcDbEntity
  8
OUTLINE
  6
SDS2_5
 62
     1
100
AcDbLine
 10
-189.649048519
 20
-30.495
 30
0.0
 11
-189.121860578
 21
-30.495
 31
0.0
  0
LINE
  5
4E5
330
1F
100
AcDbEntity
  8
OUTLINE
  6
SDS2_5
 62
     1
100
AcDbLine
 10
-189.121860578
 20
-33.005
 30
0.0
 11
-189.649048519
 21
-33.005
 31
0.0
  0
LINE
  5
4E6
330
1F
100
AcDbEntity
  8
OUTLINE
  6
SDS2_5
 62
     1
100
AcDbLine
 10
-189.121860578
 20
-33.005
 30
0.0
 11
-189.121860578
 21
-33.0
 31
0.0
  0
LINE
  5
4E7
330
1F
100
AcDbEntity
  8
OUTLINE
  6
SDS2_5
 62
     1
100
AcDbLine
 10
-189.121860578
 20
-33.0
 30
0.0
 11
-189.121860578
 21
-30.5
 31
0.0
  0
LINE
  5
4E8
330
1F
100
AcDbEntity
  8
OUTLINE
  6
SDS2_5
 62
     1
100
AcDbLine
 10
-189.121860578
 20
-30.5
 30
0.0
 11
-189.121860578
 21
-30.495
 31
0.0
  0
LINE
  5
4E9
330
1F
100
AcDbEntity
  8
OUTLINE
  6
SDS2_5
 62
     1
100
AcDbLine
 10
-189.121860578
 20
-30.495
 30
0.0
 11
-188.5
 21
-30.495
 31
0.0
  0
LINE
  5
4EA
330
1F
100
AcDbEntity
  8
OUTLINE
  6
SDS2_5
 62
     1
100
AcDbLine
 10
-188.5
 20
-33.005
 30
0.0
 11
-189.121860578
 21
-33.005
 31
0.0
  0
LINE
  5
4EB
330
1F
100
AcDbEntity
  8
OUTLINE
  6
SDS2_5
 62
     1
100
AcDbLine
 10
-163.5
 20
-33.005
 30
0.0
 11
-163.5
 21
-33.0
 31
0.0
  0
LINE
  5
4EC
330
1F
100
AcDbEntity
  8
OUTLINE
  6
SDS2_5
 62
     1
100
AcDbLine
 10
-163.5
 20
-33.0
 30
0.0
 11
-163.5
 21
-30.5
 31
0.0
  0
LINE
  5
4ED
330
1F
100
AcDbEntity
  8
OUTLINE
  6
SDS2_5
 62
     1
100
AcDbLine
 10
-163.5
 20
-30.5
 30
0.0
 11
-163.5
 21
-30.495
 31
0.0
  0
LINE
  5
4EE
330
1F
100
AcDbEntity
  8
OUTLINE
  6
SDS2_5
 62
     1
100
AcDbLine
 10
-163.5
 20
-30.495
 30
0.0
 11
-162.878139422
 21
-30.495
 31
0.0
  0
LINE
  5
4EF
330
1F
100
AcDbEntity
  8
OUTLINE
  6
SDS2_5
 62
     1
100
AcDbLine
 10
-162.878139422
 20
-30.495
 30
0.0
 11
-162.878139422
 21
-30.5
 31
0.0
  0
LINE
  5
4F0
330
1F
100
AcDbEntity
  8
OUTLINE
  6
SDS2_5
 62
     1
100
AcDbLine
 10
-162.878139422
 20
-30.5
 30
0.0
 11
-162.878139422
 21
-33.0
 31
0.0
  0
LINE
  5
4F1
330
1F
100
AcDbEntity
  8
OUTLINE
  6
SDS2_5
 62
     1
100
AcDbLine
 10
-162.878139422
 20
-33.0
 30
0.0
 11
-162.878139422
 21
-33.005
 31
0.0
  0
LINE
  5
4F2
330
1F
100
AcDbEntity
  8
OUTLINE
  6
SDS2_5
 62
     1
100
AcDbLine
 10
-162.878139422
 20
-33.005
 30
0.0
 11
-163.5
 21
-33.005
 31
0.0
  0
LINE
  5
4F3
330
1F
100
AcDbEntity
  8
OUTLINE
  6
SDS2_5
 62
     1
100
AcDbLine
 10
-162.878139422
 20
-30.495
 30
0.0
 11
-162.350951481
 21
-30.495
 31
0.0
  0
LINE
  5
4F4
330
1F
100
AcDbEntity
  8
OUTLINE
  6
SDS2_5
 62
     1
100
AcDbLine
 10
-162.350951481
 20
-30.495
 30
0.0
 11
-162.350951481
 21
-30.5
 31
0.0
  0
LINE
  5
4F5
330
1F
100
AcDbEntity
  8
OUTLINE
  6
SDS2_5
 62
     1
100
AcDbLine
 10
-162.350951481
 20
-30.5
 30
0.0
 11
-162.350951481
 21
-33.0
 31
0.0
  0
LINE
  5
4F6
330
1F
100
AcDbEntity
  8
OUTLINE
  6
SDS2_5
 62
     1
100
AcDbLine
 10
-162.350951481
 20
-33.0
 30
0.0
 11
-162.350951481
 21
-33.005
 31
0.0
  0
LINE
  5
4F7
330
1F
100
AcDbEntity
  8
OUTLINE
  6
SDS2_5
 62
     1
100
AcDbLine
 10
-162.350951481
 20
-33.005
 30
0.0
 11
-162.878139422
 21
-33.005
 31
0.0
  0
LINE
  5
4F8
330
1F
100
AcDbEntity
  8
OUTLINE
  6
SDS2_5
 62
     1
100
AcDbLine
 10
-162.350951481
 20
-30.495
 30
0.0
 11
-161.99869576
 21
-30.495
 31
0.0
  0
LINE
  5
4F9
330
1F
100
AcDbEntity
  8
OUTLINE
  6
SDS2_5
 62
     1
100
AcDbLine
 10
-161.99869576
 20
-30.495
 30
0.0
 11
-161.99869576
 21
-30.5
 31
0.0
  0
LINE
  5
4FA
330
1F
100
AcDbEntity
  8
OUTLINE
  6
SDS2_5
 62
     1
100
AcDbLine
 10
-161.99869576
 20
-30.5
 30
0.0
 11
-161.99869576
 21
-33.0
 31
0.0
  0
LINE
  5
4FB
330
1F
100
AcDbEntity
  8
OUTLINE
  6
SDS2_5
 62
     1
100
AcDbLine
 10
-161.99869576
 20
-33.0
 30
0.0
 11
-161.99869576
 21
-33.005
 31
0.0
  0
LINE
  5
4FC
330
1F
100
AcDbEntity
  8
OUTLINE
  6
SDS2_5
 62
     1
100
AcDbLine
 10
-161.99869576
 20
-33.005
 30
0.0
 11
-162.350951481
 21
-33.005
 31
0.0
  0
LINE
  5
4FD
330
1F
100
AcDbEntity
  8
OUTLINE
  6
SDS2_5
 62
     1
100
AcDbLine
 10
-161.99869576
 20
-30.495
 30
0.0
 11
-161.875
 21
-30.495
 31
0.0
  0
LINE
  5
4FE
330
1F
100
AcDbEntity
  8
OUTLINE
  6
SDS2_5
 62
     1
100
AcDbLine
 10
-161.875
 20
-33.005
 30
0.0
 11
-161.99869576
 21
-33.005
 31
0.0
  0
LINE
  5
4FF
330
1F
100
AcDbEntity
  8
OUTLINE
  6
CONTINUOUS
 62
     2
100
AcDbLine
 10
-161.875
 20
-33.005
 30
0.0
 11
-161.875
 21
-33.0
 31
0.0
  0
LINE
  5
500
330
1F
100
AcDbEntity
  8
OUTLINE
  6
SDS2_5
 62
     1
100
AcDbLine
 10
-161.875
 20
-33.0
 30
0.0
 11
-161.875
 21
-30.5
 31
0.0
  0
LINE
  5
501
330
1F
100
AcDbEntity
  8
OUTLINE
  6
CONTINUOUS
 62
     2
100
AcDbLine
 10
-161.875
 20
-30.5
 30
0.0
 11
-161.875
 21
-30.495
 31
0.0
  0
LINE
  5
502
330
1F
100
AcDbEntity
  8
OUTLINE
  6
CONTINUOUS
 62
     2
100
AcDbLine
 10
-165.125
 20
-30.495
 30
0.0
 11
-165.125
 21
-30.5
 31
0.0
  0
LINE
  5
503
330
1F
100
AcDbEntity
  8
OUTLINE
  6
SDS2_5
 62
     1
100
AcDbLine
 10
-165.125
 20
-30.5
 30
0.0
 11
-165.125
 21
-33.0
 31
0.0
  0
LINE
  5
504
330
1F
100
AcDbEntity
  8
OUTLINE
  6
CONTINUOUS
 62
     2
100
AcDbLine
 10
-165.125
 20
-33.0
 30
0.0
 11
-165.125
 21
-33.005
 31
0.0
  0
LINE
  5
505
330
1F
100
AcDbEntity
  8
OUTLINE
  6
SDS2_5
 62
     1
100
AcDbLine
 10
-165.125
 20
-30.495
 30
0.0
 11
-165.00130424
 21
-30.495
 31
0.0
  0
LINE
  5
506
330
1F
100
AcDbEntity
  8
OUTLINE
  6
SDS2_5
 62
     1
100
AcDbLine
 10
-165.00130424
 20
-33.005
 30
0.0
 11
-165.125
 21
-33.005
 31
0.0
  0
LINE
  5
507
330
1F
100
AcDbEntity
  8
OUTLINE
  6
SDS2_5
 62
     1
100
AcDbLine
 10
-165.00130424
 20
-33.005
 30
0.0
 11
-165.00130424
 21
-33.0
 31
0.0
  0
LINE
  5
508
330
1F
100
AcDbEntity
  8
OUTLINE
  6
SDS2_5
 62
     1
100
AcDbLine
 10
-165.00130424
 20
-33.0
 30
0.0
 11
-165.00130424
 21
-30.5
 31
0.0
  0
LINE
  5
509
330
1F
100
AcDbEntity
  8
OUTLINE
  6
SDS2_5
 62
     1
100
AcDbLine
 10
-165.00130424
 20
-30.5
 30
0.0
 11
-165.00130424
 21
-30.495
 31
0.0
  0
LINE
  5
50A
330
1F
100
AcDbEntity
  8
OUTLINE
  6
SDS2_5
 62
     1
100
AcDbLine
 10
-165.00130424
 20
-30.495
 30
0.0
 11
-164.649048519
 21
-30.495
 31
0.0
  0
LINE
  5
50B
330
1F
100
AcDbEntity
  8
OUTLINE
  6
SDS2_5
 62
     1
100
AcDbLine
 10
-164.649048519
 20
-33.005
 30
0.0
 11
-165.00130424
 21
-33.005
 31
0.0
  0
LINE
  5
50C
330
1F
100
AcDbEntity
  8
OUTLINE
  6
SDS2_5
 62
     1
100
AcDbLine
 10
-164.649048519
 20
-33.005
 30
0.0
 11
-164.649048519
 21
-33.0
 31
0.0
  0
LINE
  5
50D
330
1F
100
AcDbEntity
  8
OUTLINE
  6
SDS2_5
 62
     1
100
AcDbLine
 10
-164.649048519
 20
-33.0
 30
0.0
 11
-164.649048519
 21
-30.5
 31
0.0
  0
LINE
  5
50E
330
1F
100
AcDbEntity
  8
OUTLINE
  6
SDS2_5
 62
     1
100
AcDbLine
 10
-164.649048519
 20
-30.5
 30
0.0
 11
-164.649048519
 21
-30.495
 31
0.0
  0
LINE
  5
50F
330
1F
100
AcDbEntity
  8
OUTLINE
  6
SDS2_5
 62
     1
100
AcDbLine
 10
-164.649048519
 20
-30.495
 30
0.0
 11
-164.121860578
 21
-30.495
 31
0.0
  0
LINE
  5
510
330
1F
100
AcDbEntity
  8
OUTLINE
  6
SDS2_5
 62
     1
100
AcDbLine
 10
-164.121860578
 20
-33.005
 30
0.0
 11
-164.649048519
 21
-33.005
 31
0.0
  0
LINE
  5
511
330
1F
100
AcDbEntity
  8
OUTLINE
  6
SDS2_5
 62
     1
100
AcDbLine
 10
-164.121860578
 20
-33.005
 30
0.0
 11
-164.121860578
 21
-33.0
 31
0.0
  0
LINE
  5
512
330
1F
100
AcDbEntity
  8
OUTLINE
  6
SDS2_5
 62
     1
100
AcDbLine
 10
-164.121860578
 20
-33.0
 30
0.0
 11
-164.121860578
 21
-30.5
 31
0.0
  0
LINE
  5
513
330
1F
100
AcDbEntity
  8
OUTLINE
  6
SDS2_5
 62
     1
100
AcDbLine
 10
-164.121860578
 20
-30.5
 30
0.0
 11
-164.121860578
 21
-30.495
 31
0.0
  0
LINE
  5
514
330
1F
100
AcDbEntity
  8
OUTLINE
  6
SDS2_5
 62
     1
100
AcDbLine
 10
-164.121860578
 20
-30.495
 30
0.0
 11
-163.5
 21
-30.495
 31
0.0
  0
LINE
  5
515
330
1F
100
AcDbEntity
  8
OUTLINE
  6
SDS2_5
 62
     1
100
AcDbLine
 10
-163.5
 20
-33.005
 30
0.0
 11
-164.121860578
 21
-33.005
 31
0.0
  0
LINE
  5
516
330
1F
100
AcDbEntity
  8
OUTLINE
  6
SDS2_5
 62
     1
100
AcDbLine
 10
-173.0
 20
-33.005
 30
0.0
 11
-173.0
 21
-33.0
 31
0.0
  0
LINE
  5
517
330
1F
100
AcDbEntity
  8
OUTLINE
  6
SDS2_5
 62
     1
100
AcDbLine
 10
-173.0
 20
-33.0
 30
0.0
 11
-173.0
 21
-30.5
 31
0.0
  0
LINE
  5
518
330
1F
100
AcDbEntity
  8
OUTLINE
  6
SDS2_5
 62
     1
100
AcDbLine
 10
-173.0
 20
-30.5
 30
0.0
 11
-173.0
 21
-30.495
 31
0.0
  0
LINE
  5
519
330
1F
100
AcDbEntity
  8
OUTLINE
  6
SDS2_5
 62
     1
100
AcDbLine
 10
-173.0
 20
-30.495
 30
0.0
 11
-172.425974851
 21
-30.495
 31
0.0
  0
LINE
  5
51A
330
1F
100
AcDbEntity
  8
OUTLINE
  6
SDS2_5
 62
     1
100
AcDbLine
 10
-172.425974851
 20
-30.495
 30
0.0
 11
-172.425974851
 21
-30.5
 31
0.0
  0
LINE
  5
51B
330
1F
100
AcDbEntity
  8
OUTLINE
  6
SDS2_5
 62
     1
100
AcDbLine
 10
-172.425974851
 20
-30.5
 30
0.0
 11
-172.425974851
 21
-33.0
 31
0.0
  0
LINE
  5
51C
330
1F
100
AcDbEntity
  8
OUTLINE
  6
SDS2_5
 62
     1
100
AcDbLine
 10
-172.425974851
 20
-33.0
 30
0.0
 11
-172.425974851
 21
-33.005
 31
0.0
  0
LINE
  5
51D
330
1F
100
AcDbEntity
  8
OUTLINE
  6
SDS2_5
 62
     1
100
AcDbLine
 10
-172.425974851
 20
-33.005
 30
0.0
 11
-173.0
 21
-33.005
 31
0.0
  0
LINE
  5
51E
330
1F
100
AcDbEntity
  8
OUTLINE
  6
SDS2_5
 62
     1
100
AcDbLine
 10
-172.425974851
 20
-30.495
 30
0.0
 11
-171.939339828
 21
-30.495
 31
0.0
  0
LINE
  5
51F
330
1F
100
AcDbEntity
  8
OUTLINE
  6
SDS2_5
 62
     1
100
AcDbLine
 10
-171.939339828
 20
-30.495
 30
0.0
 11
-171.939339828
 21
-30.5
 31
0.0
  0
LINE
  5
520
330
1F
100
AcDbEntity
  8
OUTLINE
  6
SDS2_5
 62
     1
100
AcDbLine
 10
-171.939339828
 20
-30.5
 30
0.0
 11
-171.939339828
 21
-33.0
 31
0.0
  0
LINE
  5
521
330
1F
100
AcDbEntity
  8
OUTLINE
  6
SDS2_5
 62
     1
100
AcDbLine
 10
-171.939339828
 20
-33.0
 30
0.0
 11
-171.939339828
 21
-33.005
 31
0.0
  0
LINE
  5
522
330
1F
100
AcDbEntity
  8
OUTLINE
  6
SDS2_5
 62
     1
100
AcDbLine
 10
-171.939339828
 20
-33.005
 30
0.0
 11
-172.425974851
 21
-33.005
 31
0.0
  0
LINE
  5
523
330
1F
100
AcDbEntity
  8
OUTLINE
  6
SDS2_5
 62
     1
100
AcDbLine
 10
-171.939339828
 20
-30.495
 30
0.0
 11
-171.614180701
 21
-30.495
 31
0.0
  0
LINE
  5
524
330
1F
100
AcDbEntity
  8
OUTLINE
  6
SDS2_5
 62
     1
100
AcDbLine
 10
-171.614180701
 20
-30.495
 30
0.0
 11
-171.614180701
 21
-30.5
 31
0.0
  0
LINE
  5
525
330
1F
100
AcDbEntity
  8
OUTLINE
  6
SDS2_5
 62
     1
100
AcDbLine
 10
-171.614180701
 20
-30.5
 30
0.0
 11
-171.614180701
 21
-33.0
 31
0.0
  0
LINE
  5
526
330
1F
100
AcDbEntity
  8
OUTLINE
  6
SDS2_5
 62
     1
100
AcDbLine
 10
-171.614180701
 20
-33.0
 30
0.0
 11
-171.614180701
 21
-33.005
 31
0.0
  0
LINE
  5
527
330
1F
100
AcDbEntity
  8
OUTLINE
  6
SDS2_5
 62
     1
100
AcDbLine
 10
-171.614180701
 20
-33.005
 30
0.0
 11
-171.939339828
 21
-33.005
 31
0.0
  0
LINE
  5
528
330
1F
100
AcDbEntity
  8
OUTLINE
  6
SDS2_5
 62
     1
100
AcDbLine
 10
-171.614180701
 20
-30.495
 30
0.0
 11
-171.5
 21
-30.495
 31
0.0
  0
LINE
  5
529
330
1F
100
AcDbEntity
  8
OUTLINE
  6
SDS2_5
 62
     1
100
AcDbLine
 10
-171.5
 20
-33.005
 30
0.0
 11
-171.614180701
 21
-33.005
 31
0.0
  0
LINE
  5
52A
330
1F
100
AcDbEntity
  8
OUTLINE
  6
CONTINUOUS
 62
     2
100
AcDbLine
 10
-171.5
 20
-33.005
 30
0.0
 11
-171.5
 21
-33.0
 31
0.0
  0
LINE
  5
52B
330
1F
100
AcDbEntity
  8
OUTLINE
  6
SDS2_5
 62
     1
100
AcDbLine
 10
-171.5
 20
-33.0
 30
0.0
 11
-171.5
 21
-30.5
 31
0.0
  0
LINE
  5
52C
330
1F
100
AcDbEntity
  8
OUTLINE
  6
CONTINUOUS
 62
     2
100
AcDbLine
 10
-171.5
 20
-30.5
 30
0.0
 11
-171.5
 21
-30.495
 31
0.0
  0
LINE
  5
52D
330
1F
100
AcDbEntity
  8
OUTLINE
  6
CONTINUOUS
 62
     2
100
AcDbLine
 10
-174.5
 20
-30.495
 30
0.0
 11
-174.5
 21
-30.5
 31
0.0
  0
LINE
  5
52E
330
1F
100
AcDbEntity
  8
OUTLINE
  6
SDS2_5
 62
     1
100
AcDbLine
 10
-174.5
 20
-30.5
 30
0.0
 11
-174.5
 21
-33.0
 31
0.0
  0
LINE
  5
52F
330
1F
100
AcDbEntity
  8
OUTLINE
  6
CONTINUOUS
 62
     2
100
AcDbLine
 10
-174.5
 20
-33.0
 30
0.0
 11
-174.5
 21
-33.005
 31
0.0
  0
LINE
  5
530
330
1F
100
AcDbEntity
  8
OUTLINE
  6
SDS2_5
 62
     1
100
AcDbLine
 10
-174.5
 20
-30.495
 30
0.0
 11
-174.385819299
 21
-30.495
 31
0.0
  0
LINE
  5
531
330
1F
100
AcDbEntity
  8
OUTLINE
  6
SDS2_5
 62
     1
100
AcDbLine
 10
-174.385819299
 20
-33.005
 30
0.0
 11
-174.5
 21
-33.005
 31
0.0
  0
LINE
  5
532
330
1F
100
AcDbEntity
  8
OUTLINE
  6
SDS2_5
 62
     1
100
AcDbLine
 10
-174.385819299
 20
-33.005
 30
0.0
 11
-174.385819299
 21
-33.0
 31
0.0
  0
LINE
  5
533
330
1F
100
AcDbEntity
  8
OUTLINE
  6
SDS2_5
 62
     1
100
AcDbLine
 10
-174.385819299
 20
-33.0
 30
0.0
 11
-174.385819299
 21
-30.5
 31
0.0
  0
LINE
  5
534
330
1F
100
AcDbEntity
  8
OUTLINE
  6
SDS2_5
 62
     1
100
AcDbLine
 10
-174.385819299
 20
-30.5
 30
0.0
 11
-174.385819299
 21
-30.495
 31
0.0
  0
LINE
  5
535
330
1F
100
AcDbEntity
  8
OUTLINE
  6
SDS2_5
 62
     1
100
AcDbLine
 10
-174.385819299
 20
-30.495
 30
0.0
 11
-174.060660172
 21
-30.495
 31
0.0
  0
LINE
  5
536
330
1F
100
AcDbEntity
  8
OUTLINE
  6
SDS2_5
 62
     1
100
AcDbLine
 10
-174.060660172
 20
-33.005
 30
0.0
 11
-174.385819299
 21
-33.005
 31
0.0
  0
LINE
  5
537
330
1F
100
AcDbEntity
  8
OUTLINE
  6
SDS2_5
 62
     1
100
AcDbLine
 10
-174.060660172
 20
-33.005
 30
0.0
 11
-174.060660172
 21
-33.0
 31
0.0
  0
LINE
  5
538
330
1F
100
AcDbEntity
  8
OUTLINE
  6
SDS2_5
 62
     1
100
AcDbLine
 10
-174.060660172
 20
-33.0
 30
0.0
 11
-174.060660172
 21
-30.5
 31
0.0
  0
LINE
  5
539
330
1F
100
AcDbEntity
  8
OUTLINE
  6
SDS2_5
 62
     1
100
AcDbLine
 10
-174.060660172
 20
-30.5
 30
0.0
 11
-174.060660172
 21
-30.495
 31
0.0
  0
LINE
  5
53A
330
1F
100
AcDbEntity
  8
OUTLINE
  6
SDS2_5
 62
     1
100
AcDbLine
 10
-174.060660172
 20
-30.495
 30
0.0
 11
-173.574025149
 21
-30.495
 31
0.0
  0
LINE
  5
53B
330
1F
100
AcDbEntity
  8
OUTLINE
  6
SDS2_5
 62
     1
100
AcDbLine
 10
-173.574025149
 20
-33.005
 30
0.0
 11
-174.060660172
 21
-33.005
 31
0.0
  0
LINE
  5
53C
330
1F
100
AcDbEntity
  8
OUTLINE
  6
SDS2_5
 62
     1
100
AcDbLine
 10
-173.574025149
 20
-33.005
 30
0.0
 11
-173.574025149
 21
-33.0
 31
0.0
  0
LINE
  5
53D
330
1F
100
AcDbEntity
  8
OUTLINE
  6
SDS2_5
 62
     1
100
AcDbLine
 10
-173.574025149
 20
-33.0
 30
0.0
 11
-173.574025149
 21
-30.5
 31
0.0
  0
LINE
  5
53E
330
1F
100
AcDbEntity
  8
OUTLINE
  6
SDS2_5
 62
     1
100
AcDbLine
 10
-173.574025149
 20
-30.5
 30
0.0
 11
-173.574025149
 21
-30.495
 31
0.0
  0
LINE
  5
53F
330
1F
100
AcDbEntity
  8
OUTLINE
  6
SDS2_5
 62
     1
100
AcDbLine
 10
-173.574025149
 20
-30.495
 30
0.0
 11
-173.0
 21
-30.495
 31
0.0
  0
LINE
  5
540
330
1F
100
AcDbEntity
  8
OUTLINE
  6
SDS2_5
 62
     1
100
AcDbLine
 10
-173.0
 20
-33.005
 30
0.0
 11
-173.574025149
 21
-33.005
 31
0.0
  0
LINE
  5
541
330
1F
100
AcDbEntity
  8
OUTLINE
  6
SDS2_5
 62
     1
100
AcDbLine
 10
-179.0
 20
-33.005
 30
0.0
 11
-179.0
 21
-33.0
 31
0.0
  0
LINE
  5
542
330
1F
100
AcDbEntity
  8
OUTLINE
  6
SDS2_5
 62
     1
100
AcDbLine
 10
-179.0
 20
-33.0
 30
0.0
 11
-179.0
 21
-30.5
 31
0.0
  0
LINE
  5
543
330
1F
100
AcDbEntity
  8
OUTLINE
  6
SDS2_5
 62
     1
100
AcDbLine
 10
-179.0
 20
-30.5
 30
0.0
 11
-179.0
 21
-30.495
 31
0.0
  0
LINE
  5
544
330
1F
100
AcDbEntity
  8
OUTLINE
  6
SDS2_5
 62
     1
100
AcDbLine
 10
-179.0
 20
-30.495
 30
0.0
 11
-178.425974851
 21
-30.495
 31
0.0
  0
LINE
  5
545
330
1F
100
AcDbEntity
  8
OUTLINE
  6
SDS2_5
 62
     1
100
AcDbLine
 10
-178.425974851
 20
-30.495
 30
0.0
 11
-178.425974851
 21
-30.5
 31
0.0
  0
LINE
  5
546
330
1F
100
AcDbEntity
  8
OUTLINE
  6
SDS2_5
 62
     1
100
AcDbLine
 10
-178.425974851
 20
-30.5
 30
0.0
 11
-178.425974851
 21
-33.0
 31
0.0
  0
LINE
  5
547
330
1F
100
AcDbEntity
  8
OUTLINE
  6
SDS2_5
 62
     1
100
AcDbLine
 10
-178.425974851
 20
-33.0
 30
0.0
 11
-178.425974851
 21
-33.005
 31
0.0
  0
LINE
  5
548
330
1F
100
AcDbEntity
  8
OUTLINE
  6
SDS2_5
 62
     1
100
AcDbLine
 10
-178.425974851
 20
-33.005
 30
0.0
 11
-179.0
 21
-33.005
 31
0.0
  0
LINE
  5
549
330
1F
100
AcDbEntity
  8
OUTLINE
  6
SDS2_5
 62
     1
100
AcDbLine
 10
-178.425974851
 20
-30.495
 30
0.0
 11
-177.939339828
 21
-30.495
 31
0.0
  0
LINE
  5
54A
330
1F
100
AcDbEntity
  8
OUTLINE
  6
SDS2_5
 62
     1
100
AcDbLine
 10
-177.939339828
 20
-30.495
 30
0.0
 11
-177.939339828
 21
-30.5
 31
0.0
  0
LINE
  5
54B
330
1F
100
AcDbEntity
  8
OUTLINE
  6
SDS2_5
 62
     1
100
AcDbLine
 10
-177.939339828
 20
-30.5
 30
0.0
 11
-177.939339828
 21
-33.0
 31
0.0
  0
LINE
  5
54C
330
1F
100
AcDbEntity
  8
OUTLINE
  6
SDS2_5
 62
     1
100
AcDbLine
 10
-177.939339828
 20
-33.0
 30
0.0
 11
-177.939339828
 21
-33.005
 31
0.0
  0
LINE
  5
54D
330
1F
100
AcDbEntity
  8
OUTLINE
  6
SDS2_5
 62
     1
100
AcDbLine
 10
-177.939339828
 20
-33.005
 30
0.0
 11
-178.425974851
 21
-33.005
 31
0.0
  0
LINE
  5
54E
330
1F
100
AcDbEntity
  8
OUTLINE
  6
SDS2_5
 62
     1
100
AcDbLine
 10
-177.939339828
 20
-30.495
 30
0.0
 11
-177.614180701
 21
-30.495
 31
0.0
  0
LINE
  5
54F
330
1F
100
AcDbEntity
  8
OUTLINE
  6
SDS2_5
 62
     1
100
AcDbLine
 10
-177.614180701
 20
-30.495
 30
0.0
 11
-177.614180701
 21
-30.5
 31
0.0
  0
LINE
  5
550
330
1F
100
AcDbEntity
  8
OUTLINE
  6
SDS2_5
 62
     1
100
AcDbLine
 10
-177.614180701
 20
-30.5
 30
0.0
 11
-177.614180701
 21
-33.0
 31
0.0
  0
LINE
  5
551
330
1F
100
AcDbEntity
  8
OUTLINE
  6
SDS2_5
 62
     1
100
AcDbLine
 10
-177.614180701
 20
-33.0
 30
0.0
 11
-177.614180701
 21
-33.005
 31
0.0
  0
LINE
  5
552
330
1F
100
AcDbEntity
  8
OUTLINE
  6
SDS2_5
 62
     1
100
AcDbLine
 10
-177.614180701
 20
-33.005
 30
0.0
 11
-177.939339828
 21
-33.005
 31
0.0
  0
LINE
  5
553
330
1F
100
AcDbEntity
  8
OUTLINE
  6
SDS2_5
 62
     1
100
AcDbLine
 10
-177.614180701
 20
-30.495
 30
0.0
 11
-177.5
 21
-30.495
 31
0.0
  0
LINE
  5
554
330
1F
100
AcDbEntity
  8
OUTLINE
  6
SDS2_5
 62
     1
100
AcDbLine
 10
-177.5
 20
-33.005
 30
0.0
 11
-177.614180701
 21
-33.005
 31
0.0
  0
LINE
  5
555
330
1F
100
AcDbEntity
  8
OUTLINE
  6
CONTINUOUS
 62
     2
100
AcDbLine
 10
-177.5
 20
-33.005
 30
0.0
 11
-177.5
 21
-33.0
 31
0.0
  0
LINE
  5
556
330
1F
100
AcDbEntity
  8
OUTLINE
  6
SDS2_5
 62
     1
100
AcDbLine
 10
-177.5
 20
-33.0
 30
0.0
 11
-177.5
 21
-30.5
 31
0.0
  0
LINE
  5
557
330
1F
100
AcDbEntity
  8
OUTLINE
  6
CONTINUOUS
 62
     2
100
AcDbLine
 10
-177.5
 20
-30.5
 30
0.0
 11
-177.5
 21
-30.495
 31
0.0
  0
LINE
  5
558
330
1F
100
AcDbEntity
  8
OUTLINE
  6
CONTINUOUS
 62
     2
100
AcDbLine
 10
-180.5
 20
-30.495
 30
0.0
 11
-180.5
 21
-30.5
 31
0.0
  0
LINE
  5
559
330
1F
100
AcDbEntity
  8
OUTLINE
  6
SDS2_5
 62
     1
100
AcDbLine
 10
-180.5
 20
-30.5
 30
0.0
 11
-180.5
 21
-33.0
 31
0.0
  0
LINE
  5
55A
330
1F
100
AcDbEntity
  8
OUTLINE
  6
CONTINUOUS
 62
     2
100
AcDbLine
 10
-180.5
 20
-33.0
 30
0.0
 11
-180.5
 21
-33.005
 31
0.0
  0
LINE
  5
55B
330
1F
100
AcDbEntity
  8
OUTLINE
  6
SDS2_5
 62
     1
100
AcDbLine
 10
-180.5
 20
-30.495
 30
0.0
 11
-180.385819299
 21
-30.495
 31
0.0
  0
LINE
  5
55C
330
1F
100
AcDbEntity
  8
OUTLINE
  6
SDS2_5
 62
     1
100
AcDbLine
 10
-180.385819299
 20
-33.005
 30
0.0
 11
-180.5
 21
-33.005
 31
0.0
  0
LINE
  5
55D
330
1F
100
AcDbEntity
  8
OUTLINE
  6
SDS2_5
 62
     1
100
AcDbLine
 10
-180.385819299
 20
-33.005
 30
0.0
 11
-180.385819299
 21
-33.0
 31
0.0
  0
LINE
  5
55E
330
1F
100
AcDbEntity
  8
OUTLINE
  6
SDS2_5
 62
     1
100
AcDbLine
 10
-180.385819299
 20
-33.0
 30
0.0
 11
-180.385819299
 21
-30.5
 31
0.0
  0
LINE
  5
55F
330
1F
100
AcDbEntity
  8
OUTLINE
  6
SDS2_5
 62
     1
100
AcDbLine
 10
-180.385819299
 20
-30.5
 30
0.0
 11
-180.385819299
 21
-30.495
 31
0.0
  0
LINE
  5
560
330
1F
100
AcDbEntity
  8
OUTLINE
  6
SDS2_5
 62
     1
100
AcDbLine
 10
-180.385819299
 20
-30.495
 30
0.0
 11
-180.060660172
 21
-30.495
 31
0.0
  0
LINE
  5
561
330
1F
100
AcDbEntity
  8
OUTLINE
  6
SDS2_5
 62
     1
100
AcDbLine
 10
-180.060660172
 20
-33.005
 30
0.0
 11
-180.385819299
 21
-33.005
 31
0.0
  0
LINE
  5
562
330
1F
100
AcDbEntity
  8
OUTLINE
  6
SDS2_5
 62
     1
100
AcDbLine
 10
-180.060660172
 20
-33.005
 30
0.0
 11
-180.060660172
 21
-33.0
 31
0.0
  0
LINE
  5
563
330
1F
100
AcDbEntity
  8
OUTLINE
  6
SDS2_5
 62
     1
100
AcDbLine
 10
-180.060660172
 20
-33.0
 30
0.0
 11
-180.060660172
 21
-30.5
 31
0.0
  0
LINE
  5
564
330
1F
100
AcDbEntity
  8
OUTLINE
  6
SDS2_5
 62
     1
100
AcDbLine
 10
-180.060660172
 20
-30.5
 30
0.0
 11
-180.060660172
 21
-30.495
 31
0.0
  0
LINE
  5
565
330
1F
100
AcDbEntity
  8
OUTLINE
  6
SDS2_5
 62
     1
100
AcDbLine
 10
-180.060660172
 20
-30.495
 30
0.0
 11
-179.574025149
 21
-30.495
 31
0.0
  0
LINE
  5
566
330
1F
100
AcDbEntity
  8
OUTLINE
  6
SDS2_5
 62
     1
100
AcDbLine
 10
-179.574025149
 20
-33.005
 30
0.0
 11
-180.060660172
 21
-33.005
 31
0.0
  0
LINE
  5
567
330
1F
100
AcDbEntity
  8
OUTLINE
  6
SDS2_5
 62
     1
100
AcDbLine
 10
-179.574025149
 20
-33.005
 30
0.0
 11
-179.574025149
 21
-33.0
 31
0.0
  0
LINE
  5
568
330
1F
100
AcDbEntity
  8
OUTLINE
  6
SDS2_5
 62
     1
100
AcDbLine
 10
-179.574025149
 20
-33.0
 30
0.0
 11
-179.574025149
 21
-30.5
 31
0.0
  0
LINE
  5
569
330
1F
100
AcDbEntity
  8
OUTLINE
  6
SDS2_5
 62
     1
100
AcDbLine
 10
-179.574025149
 20
-30.5
 30
0.0
 11
-179.574025149
 21
-30.495
 31
0.0
  0
LINE
  5
56A
330
1F
100
AcDbEntity
  8
OUTLINE
  6
SDS2_5
 62
     1
100
AcDbLine
 10
-179.574025149
 20
-30.495
 30
0.0
 11
-179.0
 21
-30.495
 31
0.0
  0
LINE
  5
56B
330
1F
100
AcDbEntity
  8
OUTLINE
  6
SDS2_5
 62
     1
100
AcDbLine
 10
-179.0
 20
-33.005
 30
0.0
 11
-179.574025149
 21
-33.005
 31
0.0
  0
LINE
  5
56C
330
1F
100
AcDbEntity
  8
OUTLINE
  6
SDS2_5
 62
     1
100
AcDbLine
 10
-222.012786426
 20
10.10400012
 30
0.0
 11
-222.017786426
 21
10.10400012
 31
0.0
  0
LINE
  5
56D
330
1F
100
AcDbEntity
  8
OUTLINE
  6
SDS2_5
 62
     1
100
AcDbLine
 10
-222.017786426
 20
10.10400012
 30
0.0
 11
-222.392786426
 21
10.10400012
 31
0.0
  0
LINE
  5
56E
330
1F
100
AcDbEntity
  8
OUTLINE
  6
SDS2_5
 62
     1
100
AcDbLine
 10
-222.392786426
 20
10.10400012
 30
0.0
 11
-222.397786426
 21
10.10400012
 31
0.0
  0
LINE
  5
56F
330
1F
100
AcDbEntity
  8
OUTLINE
  6
SDS2_5
 62
     1
100
AcDbLine
 10
-222.397786426
 20
10.10400012
 30
0.0
 11
-222.397786426
 21
10.259465264
 31
0.0
  0
LINE
  5
570
330
1F
100
AcDbEntity
  8
OUTLINE
  6
SDS2_5
 62
     1
100
AcDbLine
 10
-222.397786426
 20
10.259465264
 30
0.0
 11
-222.392786426
 21
10.259465264
 31
0.0
  0
LINE
  5
571
330
1F
100
AcDbEntity
  8
OUTLINE
  6
SDS2_5
 62
     1
100
AcDbLine
 10
-222.392786426
 20
10.259465264
 30
0.0
 11
-222.017786426
 21
10.259465264
 31
0.0
  0
LINE
  5
572
330
1F
100
AcDbEntity
  8
OUTLINE
  6
SDS2_5
 62
     1
100
AcDbLine
 10
-222.017786426
 20
10.259465264
 30
0.0
 11
-222.012786426
 21
10.259465264
 31
0.0
  0
LINE
  5
573
330
1F
100
AcDbEntity
  8
OUTLINE
  6
SDS2_5
 62
     1
100
AcDbLine
 10
-222.012786426
 20
10.259465264
 30
0.0
 11
-222.012786426
 21
10.10400012
 31
0.0
  0
LINE
  5
574
330
1F
100
AcDbEntity
  8
OUTLINE
  6
SDS2_5
 62
     1
100
AcDbLine
 10
-222.397786426
 20
10.259465264
 30
0.0
 11
-222.397786426
 21
10.39126225
 31
0.0
  0
LINE
  5
575
330
1F
100
AcDbEntity
  8
OUTLINE
  6
SDS2_5
 62
     1
100
AcDbLine
 10
-222.397786426
 20
10.39126225
 30
0.0
 11
-222.392786426
 21
10.39126225
 31
0.0
  0
LINE
  5
576
330
1F
100
AcDbEntity
  8
OUTLINE
  6
SDS2_5
 62
     1
100
AcDbLine
 10
-222.392786426
 20
10.39126225
 30
0.0
 11
-222.017786426
 21
10.39126225
 31
0.0
  0
LINE
  5
577
330
1F
100
AcDbEntity
  8
OUTLINE
  6
SDS2_5
 62
     1
100
AcDbLine
 10
-222.017786426
 20
10.39126225
 30
0.0
 11
-222.012786426
 21
10.39126225
 31
0.0
  0
LINE
  5
578
330
1F
100
AcDbEntity
  8
OUTLINE
  6
SDS2_5
 62
     1
100
AcDbLine
 10
-222.012786426
 20
10.39126225
 30
0.0
 11
-222.012786426
 21
10.259465264
 31
0.0
  0
LINE
  5
579
330
1F
100
AcDbEntity
  8
OUTLINE
  6
SDS2_5
 62
     1
100
AcDbLine
 10
-222.397786426
 20
10.39126225
 30
0.0
 11
-222.397786426
 21
10.47932618
 31
0.0
  0
LINE
  5
57A
330
1F
100
AcDbEntity
  8
OUTLINE
  6
SDS2_5
 62
     1
100
AcDbLine
 10
-222.397786426
 20
10.47932618
 30
0.0
 11
-222.392786426
 21
10.47932618
 31
0.0
  0
LINE
  5
57B
330
1F
100
AcDbEntity
  8
OUTLINE
  6
SDS2_5
 62
     1
100
AcDbLine
 10
-222.392786426
 20
10.47932618
 30
0.0
 11
-222.017786426
 21
10.47932618
 31
0.0
  0
LINE
  5
57C
330
1F
100
AcDbEntity
  8
OUTLINE
  6
SDS2_5
 62
     1
100
AcDbLine
 10
-222.017786426
 20
10.47932618
 30
0.0
 11
-222.012786426
 21
10.47932618
 31
0.0
  0
LINE
  5
57D
330
1F
100
AcDbEntity
  8
OUTLINE
  6
SDS2_5
 62
     1
100
AcDbLine
 10
-222.012786426
 20
10.47932618
 30
0.0
 11
-222.012786426
 21
10.39126225
 31
0.0
  0
LINE
  5
57E
330
1F
100
AcDbEntity
  8
OUTLINE
  6
SDS2_5
 62
     1
100
AcDbLine
 10
-222.397786426
 20
10.47932618
 30
0.0
 11
-222.397786426
 21
10.51025012
 31
0.0
  0
LINE
  5
57F
330
1F
100
AcDbEntity
  8
OUTLINE
  6
SDS2_5
 62
     1
100
AcDbLine
 10
-222.012786426
 20
10.51025012
 30
0.0
 11
-222.012786426
 21
10.47932618
 31
0.0
  0
LINE
  5
580
330
1F
100
AcDbEntity
  8
OUTLINE
  6
CONTINUOUS
 62
     2
100
AcDbLine
 10
-222.012786426
 20
10.51025012
 30
0.0
 11
-222.017786426
 21
10.51025012
 31
0.0
  0
LINE
  5
581
330
1F
100
AcDbEntity
  8
OUTLINE
  6
SDS2_5
 62
     1
100
AcDbLine
 10
-222.017786426
 20
10.51025012
 30
0.0
 11
-222.392786426
 21
10.51025012
 31
0.0
  0
LINE
  5
582
330
1F
100
AcDbEntity
  8
OUTLINE
  6
CONTINUOUS
 62
     2
100
AcDbLine
 10
-222.392786426
 20
10.51025012
 30
0.0
 11
-222.397786426
 21
10.51025012
 31
0.0
  0
LINE
  5
583
330
1F
100
AcDbEntity
  8
OUTLINE
  6
CONTINUOUS
 62
     2
100
AcDbLine
 10
-222.397786426
 20
9.69775012
 30
0.0
 11
-222.392786426
 21
9.69775012
 31
0.0
  0
LINE
  5
584
330
1F
100
AcDbEntity
  8
OUTLINE
  6
SDS2_5
 62
     1
100
AcDbLine
 10
-222.392786426
 20
9.69775012
 30
0.0
 11
-222.017786426
 21
9.69775012
 31
0.0
  0
LINE
  5
585
330
1F
100
AcDbEntity
  8
OUTLINE
  6
CONTINUOUS
 62
     2
100
AcDbLine
 10
-222.017786426
 20
9.69775012
 30
0.0
 11
-222.012786426
 21
9.69775012
 31
0.0
  0
LINE
  5
586
330
1F
100
AcDbEntity
  8
OUTLINE
  6
SDS2_5
 62
     1
100
AcDbLine
 10
-222.397786426
 20
9.69775012
 30
0.0
 11
-222.397786426
 21
9.72867406
 31
0.0
  0
LINE
  5
587
330
1F
100
AcDbEntity
  8
OUTLINE
  6
SDS2_5
 62
     1
100
AcDbLine
 10
-222.012786426
 20
9.72867406
 30
0.0
 11
-222.012786426
 21
9.69775012
 31
0.0
  0
LINE
  5
588
330
1F
100
AcDbEntity
  8
OUTLINE
  6
SDS2_5
 62
     1
100
AcDbLine
 10
-222.012786426
 20
9.72867406
 30
0.0
 11
-222.017786426
 21
9.72867406
 31
0.0
  0
LINE
  5
589
330
1F
100
AcDbEntity
  8
OUTLINE
  6
SDS2_5
 62
     1
100
AcDbLine
 10
-222.017786426
 20
9.72867406
 30
0.0
 11
-222.392786426
 21
9.72867406
 31
0.0
  0
LINE
  5
58A
330
1F
100
AcDbEntity
  8
OUTLINE
  6
SDS2_5
 62
     1
100
AcDbLine
 10
-222.392786426
 20
9.72867406
 30
0.0
 11
-222.397786426
 21
9.72867406
 31
0.0
  0
LINE
  5
58B
330
1F
100
AcDbEntity
  8
OUTLINE
  6
SDS2_5
 62
     1
100
AcDbLine
 10
-222.397786426
 20
9.72867406
 30
0.0
 11
-222.397786426
 21
9.81673799
 31
0.0
  0
LINE
  5
58C
330
1F
100
AcDbEntity
  8
OUTLINE
  6
SDS2_5
 62
     1
100
AcDbLine
 10
-222.012786426
 20
9.81673799
 30
0.0
 11
-222.012786426
 21
9.72867406
 31
0.0
  0
LINE
  5
58D
330
1F
100
AcDbEntity
  8
OUTLINE
  6
SDS2_5
 62
     1
100
AcDbLine
 10
-222.012786426
 20
9.81673799
 30
0.0
 11
-222.017786426
 21
9.81673799
 31
0.0
  0
LINE
  5
58E
330
1F
100
AcDbEntity
  8
OUTLINE
  6
SDS2_5
 62
     1
100
AcDbLine
 10
-222.017786426
 20
9.81673799
 30
0.0
 11
-222.392786426
 21
9.81673799
 31
0.0
  0
LINE
  5
58F
330
1F
100
AcDbEntity
  8
OUTLINE
  6
SDS2_5
 62
     1
100
AcDbLine
 10
-222.392786426
 20
9.81673799
 30
0.0
 11
-222.397786426
 21
9.81673799
 31
0.0
  0
LINE
  5
590
330
1F
100
AcDbEntity
  8
OUTLINE
  6
SDS2_5
 62
     1
100
AcDbLine
 10
-222.397786426
 20
9.81673799
 30
0.0
 11
-222.397786426
 21
9.948534976
 31
0.0
  0
LINE
  5
591
330
1F
100
AcDbEntity
  8
OUTLINE
  6
SDS2_5
 62
     1
100
AcDbLine
 10
-222.012786426
 20
9.948534976
 30
0.0
 11
-222.012786426
 21
9.81673799
 31
0.0
  0
LINE
  5
592
330
1F
100
AcDbEntity
  8
OUTLINE
  6
SDS2_5
 62
     1
100
AcDbLine
 10
-222.012786426
 20
9.948534976
 30
0.0
 11
-222.017786426
 21
9.948534976
 31
0.0
  0
LINE
  5
593
330
1F
100
AcDbEntity
  8
OUTLINE
  6
SDS2_5
 62
     1
100
AcDbLine
 10
-222.017786426
 20
9.948534976
 30
0.0
 11
-222.392786426
 21
9.948534976
 31
0.0
  0
LINE
  5
594
330
1F
100
AcDbEntity
  8
OUTLINE
  6
SDS2_5
 62
     1
100
AcDbLine
 10
-222.392786426
 20
9.948534976
 30
0.0
 11
-222.397786426
 21
9.948534976
 31
0.0
  0
LINE
  5
595
330
1F
100
AcDbEntity
  8
OUTLINE
  6
SDS2_5
 62
     1
100
AcDbLine
 10
-222.397786426
 20
9.948534976
 30
0.0
 11
-222.397786426
 21
10.10400012
 31
0.0
  0
LINE
  5
596
330
1F
100
AcDbEntity
  8
OUTLINE
  6
SDS2_5
 62
     1
100
AcDbLine
 10
-222.012786426
 20
10.10400012
 30
0.0
 11
-222.012786426
 21
9.948534976
 31
0.0
  0
LINE
  5
597
330
1F
100
AcDbEntity
  8
OUTLINE
  6
SDS2_5
 62
     1
100
AcDbLine
 10
-222.012786426
 20
-6.62349988
 30
0.0
 11
-222.017786426
 21
-6.62349988
 31
0.0
  0
LINE
  5
598
330
1F
100
AcDbEntity
  8
OUTLINE
  6
SDS2_5
 62
     1
100
AcDbLine
 10
-222.017786426
 20
-6.62349988
 30
0.0
 11
-222.392786426
 21
-6.62349988
 31
0.0
  0
LINE
  5
599
330
1F
100
AcDbEntity
  8
OUTLINE
  6
SDS2_5
 62
     1
100
AcDbLine
 10
-222.392786426
 20
-6.62349988
 30
0.0
 11
-222.397786426
 21
-6.62349988
 31
0.0
  0
LINE
  5
59A
330
1F
100
AcDbEntity
  8
OUTLINE
  6
SDS2_5
 62
     1
100
AcDbLine
 10
-222.397786426
 20
-6.62349988
 30
0.0
 11
-222.397786426
 21
-6.468034736
 31
0.0
  0
LINE
  5
59B
330
1F
100
AcDbEntity
  8
OUTLINE
  6
SDS2_5
 62
     1
100
AcDbLine
 10
-222.397786426
 20
-6.468034736
 30
0.0
 11
-222.392786426
 21
-6.468034736
 31
0.0
  0
LINE
  5
59C
330
1F
100
AcDbEntity
  8
OUTLINE
  6
SDS2_5
 62
     1
100
AcDbLine
 10
-222.392786426
 20
-6.468034736
 30
0.0
 11
-222.017786426
 21
-6.468034736
 31
0.0
  0
LINE
  5
59D
330
1F
100
AcDbEntity
  8
OUTLINE
  6
SDS2_5
 62
     1
100
AcDbLine
 10
-222.017786426
 20
-6.468034736
 30
0.0
 11
-222.012786426
 21
-6.468034736
 31
0.0
  0
LINE
  5
59E
330
1F
100
AcDbEntity
  8
OUTLINE
  6
SDS2_5
 62
     1
100
AcDbLine
 10
-222.012786426
 20
-6.468034736
 30
0.0
 11
-222.012786426
 21
-6.62349988
 31
0.0
  0
LINE
  5
59F
330
1F
100
AcDbEntity
  8
OUTLINE
  6
SDS2_5
 62
     1
100
AcDbLine
 10
-222.397786426
 20
-6.468034736
 30
0.0
 11
-222.397786426
 21
-6.33623775
 31
0.0
  0
LINE
  5
5A0
330
1F
100
AcDbEntity
  8
OUTLINE
  6
SDS2_5
 62
     1
100
AcDbLine
 10
-222.397786426
 20
-6.33623775
 30
0.0
 11
-222.392786426
 21
-6.33623775
 31
0.0
  0
LINE
  5
5A1
330
1F
100
AcDbEntity
  8
OUTLINE
  6
SDS2_5
 62
     1
100
AcDbLine
 10
-222.392786426
 20
-6.33623775
 30
0.0
 11
-222.017786426
 21
-6.33623775
 31
0.0
  0
LINE
  5
5A2
330
1F
100
AcDbEntity
  8
OUTLINE
  6
SDS2_5
 62
     1
100
AcDbLine
 10
-222.017786426
 20
-6.33623775
 30
0.0
 11
-222.012786426
 21
-6.33623775
 31
0.0
  0
LINE
  5
5A3
330
1F
100
AcDbEntity
  8
OUTLINE
  6
SDS2_5
 62
     1
100
AcDbLine
 10
-222.012786426
 20
-6.33623775
 30
0.0
 11
-222.012786426
 21
-6.468034736
 31
0.0
  0
LINE
  5
5A4
330
1F
100
AcDbEntity
  8
OUTLINE
  6
SDS2_5
 62
     1
100
AcDbLine
 10
-222.397786426
 20
-6.33623775
 30
0.0
 11
-222.397786426
 21
-6.24817382
 31
0.0
  0
LINE
  5
5A5
330
1F
100
AcDbEntity
  8
OUTLINE
  6
SDS2_5
 62
     1
100
AcDbLine
 10
-222.397786426
 20
-6.24817382
 30
0.0
 11
-222.392786426
 21
-6.24817382
 31
0.0
  0
LINE
  5
5A6
330
1F
100
AcDbEntity
  8
OUTLINE
  6
SDS2_5
 62
     1
100
AcDbLine
 10
-222.392786426
 20
-6.24817382
 30
0.0
 11
-222.017786426
 21
-6.24817382
 31
0.0
  0
LINE
  5
5A7
330
1F
100
AcDbEntity
  8
OUTLINE
  6
SDS2_5
 62
     1
100
AcDbLine
 10
-222.017786426
 20
-6.24817382
 30
0.0
 11
-222.012786426
 21
-6.24817382
 31
0.0
  0
LINE
  5
5A8
330
1F
100
AcDbEntity
  8
OUTLINE
  6
SDS2_5
 62
     1
100
AcDbLine
 10
-222.012786426
 20
-6.24817382
 30
0.0
 11
-222.012786426
 21
-6.33623775
 31
0.0
  0
LINE
  5
5A9
330
1F
100
AcDbEntity
  8
OUTLINE
  6
SDS2_5
 62
     1
100
AcDbLine
 10
-222.397786426
 20
-6.24817382
 30
0.0
 11
-222.397786426
 21
-6.21724988
 31
0.0
  0
LINE
  5
5AA
330
1F
100
AcDbEntity
  8
OUTLINE
  6
SDS2_5
 62
     1
100
AcDbLine
 10
-222.012786426
 20
-6.21724988
 30
0.0
 11
-222.012786426
 21
-6.24817382
 31
0.0
  0
LINE
  5
5AB
330
1F
100
AcDbEntity
  8
OUTLINE
  6
CONTINUOUS
 62
     2
100
AcDbLine
 10
-222.012786426
 20
-6.21724988
 30
0.0
 11
-222.017786426
 21
-6.21724988
 31
0.0
  0
LINE
  5
5AC
330
1F
100
AcDbEntity
  8
OUTLINE
  6
SDS2_5
 62
     1
100
AcDbLine
 10
-222.017786426
 20
-6.21724988
 30
0.0
 11
-222.392786426
 21
-6.21724988
 31
0.0
  0
LINE
  5
5AD
330
1F
100
AcDbEntity
  8
OUTLINE
  6
CONTINUOUS
 62
     2
100
AcDbLine
 10
-222.392786426
 20
-6.21724988
 30
0.0
 11
-222.397786426
 21
-6.21724988
 31
0.0
  0
LINE
  5
5AE
330
1F
100
AcDbEntity
  8
OUTLINE
  6
CONTINUOUS
 62
     2
100
AcDbLine
 10
-222.397786426
 20
-7.02974988
 30
0.0
 11
-222.392786426
 21
-7.02974988
 31
0.0
  0
LINE
  5
5AF
330
1F
100
AcDbEntity
  8
OUTLINE
  6
SDS2_5
 62
     1
100
AcDbLine
 10
-222.392786426
 20
-7.02974988
 30
0.0
 11
-222.017786426
 21
-7.02974988
 31
0.0
  0
LINE
  5
5B0
330
1F
100
AcDbEntity
  8
OUTLINE
  6
CONTINUOUS
 62
     2
100
AcDbLine
 10
-222.017786426
 20
-7.02974988
 30
0.0
 11
-222.012786426
 21
-7.02974988
 31
0.0
  0
LINE
  5
5B1
330
1F
100
AcDbEntity
  8
OUTLINE
  6
SDS2_5
 62
     1
100
AcDbLine
 10
-222.397786426
 20
-7.02974988
 30
0.0
 11
-222.397786426
 21
-6.99882594
 31
0.0
  0
LINE
  5
5B2
330
1F
100
AcDbEntity
  8
OUTLINE
  6
SDS2_5
 62
     1
100
AcDbLine
 10
-222.012786426
 20
-6.99882594
 30
0.0
 11
-222.012786426
 21
-7.02974988
 31
0.0
  0
LINE
  5
5B3
330
1F
100
AcDbEntity
  8
OUTLINE
  6
SDS2_5
 62
     1
100
AcDbLine
 10
-222.012786426
 20
-6.99882594
 30
0.0
 11
-222.017786426
 21
-6.99882594
 31
0.0
  0
LINE
  5
5B4
330
1F
100
AcDbEntity
  8
OUTLINE
  6
SDS2_5
 62
     1
100
AcDbLine
 10
-222.017786426
 20
-6.99882594
 30
0.0
 11
-222.392786426
 21
-6.99882594
 31
0.0
  0
LINE
  5
5B5
330
1F
100
AcDbEntity
  8
OUTLINE
  6
SDS2_5
 62
     1
100
AcDbLine
 10
-222.392786426
 20
-6.99882594
 30
0.0
 11
-222.397786426
 21
-6.99882594
 31
0.0
  0
LINE
  5
5B6
330
1F
100
AcDbEntity
  8
OUTLINE
  6
SDS2_5
 62
     1
100
AcDbLine
 10
-222.397786426
 20
-6.99882594
 30
0.0
 11
-222.397786426
 21
-6.91076201
 31
0.0
  0
LINE
  5
5B7
330
1F
100
AcDbEntity
  8
OUTLINE
  6
SDS2_5
 62
     1
100
AcDbLine
 10
-222.012786426
 20
-6.91076201
 30
0.0
 11
-222.012786426
 21
-6.99882594
 31
0.0
  0
LINE
  5
5B8
330
1F
100
AcDbEntity
  8
OUTLINE
  6
SDS2_5
 62
     1
100
AcDbLine
 10
-222.012786426
 20
-6.91076201
 30
0.0
 11
-222.017786426
 21
-6.91076201
 31
0.0
  0
LINE
  5
5B9
330
1F
100
AcDbEntity
  8
OUTLINE
  6
SDS2_5
 62
     1
100
AcDbLine
 10
-222.017786426
 20
-6.91076201
 30
0.0
 11
-222.392786426
 21
-6.91076201
 31
0.0
  0
LINE
  5
5BA
330
1F
100
AcDbEntity
  8
OUTLINE
  6
SDS2_5
 62
     1
100
AcDbLine
 10
-222.392786426
 20
-6.91076201
 30
0.0
 11
-222.397786426
 21
-6.91076201
 31
0.0
  0
LINE
  5
5BB
330
1F
100
AcDbEntity
  8
OUTLINE
  6
SDS2_5
 62
     1
100
AcDbLine
 10
-222.397786426
 20
-6.91076201
 30
0.0
 11
-222.397786426
 21
-6.778965024
 31
0.0
  0
LINE
  5
5BC
330
1F
100
AcDbEntity
  8
OUTLINE
  6
SDS2_5
 62
     1
100
AcDbLine
 10
-222.012786426
 20
-6.778965024
 30
0.0
 11
-222.012786426
 21
-6.91076201
 31
0.0
  0
LINE
  5
5BD
330
1F
100
AcDbEntity
  8
OUTLINE
  6
SDS2_5
 62
     1
100
AcDbLine
 10
-222.012786426
 20
-6.778965024
 30
0.0
 11
-222.017786426
 21
-6.778965024
 31
0.0
  0
LINE
  5
5BE
330
1F
100
AcDbEntity
  8
OUTLINE
  6
SDS2_5
 62
     1
100
AcDbLine
 10
-222.017786426
 20
-6.778965024
 30
0.0
 11
-222.392786426
 21
-6.778965024
 31
0.0
  0
LINE
  5
5BF
330
1F
100
AcDbEntity
  8
OUTLINE
  6
SDS2_5
 62
     1
100
AcDbLine
 10
-222.392786426
 20
-6.778965024
 30
0.0
 11
-222.397786426
 21
-6.778965024
 31
0.0
  0
LINE
  5
5C0
330
1F
100
AcDbEntity
  8
OUTLINE
  6
SDS2_5
 62
     1
100
AcDbLine
 10
-222.397786426
 20
-6.778965024
 30
0.0
 11
-222.397786426
 21
-6.62349988
 31
0.0
  0
LINE
  5
5C1
330
1F
100
AcDbEntity
  8
OUTLINE
  6
SDS2_5
 62
     1
100
AcDbLine
 10
-222.012786426
 20
-6.62349988
 30
0.0
 11
-222.012786426
 21
-6.778965024
 31
0.0
  0
LINE
  5
5C2
330
1F
100
AcDbEntity
  8
OUTLINE
  6
SDS2_5
 62
     1
100
AcDbLine
 10
-222.397786426
 20
71.29
 30
0.0
 11
-222.392786426
 21
71.29
 31
0.0
  0
LINE
  5
5C3
330
1F
100
AcDbEntity
  8
OUTLINE
  6
SDS2_5
 62
     1
100
AcDbLine
 10
-222.392786426
 20
71.29
 30
0.0
 11
-222.017786426
 21
71.29
 31
0.0
  0
LINE
  5
5C4
330
1F
100
AcDbEntity
  8
OUTLINE
  6
SDS2_5
 62
     1
100
AcDbLine
 10
-222.017786426
 20
71.29
 30
0.0
 11
-222.012786426
 21
71.29
 31
0.0
  0
LINE
  5
5C5
330
1F
100
AcDbEntity
  8
OUTLINE
  6
SDS2_5
 62
     1
100
AcDbLine
 10
-222.012786426
 20
71.29
 30
0.0
 11
-222.012786426
 21
71.134534856
 31
0.0
  0
LINE
  5
5C6
330
1F
100
AcDbEntity
  8
OUTLINE
  6
SDS2_5
 62
     1
100
AcDbLine
 10
-222.012786426
 20
71.134534856
 30
0.0
 11
-222.017786426
 21
71.134534856
 31
0.0
  0
LINE
  5
5C7
330
1F
100
AcDbEntity
  8
OUTLINE
  6
SDS2_5
 62
     1
100
AcDbLine
 10
-222.017786426
 20
71.134534856
 30
0.0
 11
-222.392786426
 21
71.134534856
 31
0.0
  0
LINE
  5
5C8
330
1F
100
AcDbEntity
  8
OUTLINE
  6
SDS2_5
 62
     1
100
AcDbLine
 10
-222.392786426
 20
71.134534856
 30
0.0
 11
-222.397786426
 21
71.134534856
 31
0.0
  0
LINE
  5
5C9
330
1F
100
AcDbEntity
  8
OUTLINE
  6
SDS2_5
 62
     1
100
AcDbLine
 10
-222.397786426
 20
71.134534856
 30
0.0
 11
-222.397786426
 21
71.29
 31
0.0
  0
LINE
  5
5CA
330
1F
100
AcDbEntity
  8
OUTLINE
  6
SDS2_5
 62
     1
100
AcDbLine
 10
-222.012786426
 20
71.134534856
 30
0.0
 11
-222.012786426
 21
71.00273787
 31
0.0
  0
LINE
  5
5CB
330
1F
100
AcDbEntity
  8
OUTLINE
  6
SDS2_5
 62
     1
100
AcDbLine
 10
-222.012786426
 20
71.00273787
 30
0.0
 11
-222.017786426
 21
71.00273787
 31
0.0
  0
LINE
  5
5CC
330
1F
100
AcDbEntity
  8
OUTLINE
  6
SDS2_5
 62
     1
100
AcDbLine
 10
-222.017786426
 20
71.00273787
 30
0.0
 11
-222.392786426
 21
71.00273787
 31
0.0
  0
LINE
  5
5CD
330
1F
100
AcDbEntity
  8
OUTLINE
  6
SDS2_5
 62
     1
100
AcDbLine
 10
-222.392786426
 20
71.00273787
 30
0.0
 11
-222.397786426
 21
71.00273787
 31
0.0
  0
LINE
  5
5CE
330
1F
100
AcDbEntity
  8
OUTLINE
  6
SDS2_5
 62
     1
100
AcDbLine
 10
-222.397786426
 20
71.00273787
 30
0.0
 11
-222.397786426
 21
71.134534856
 31
0.0
  0
LINE
  5
5CF
330
1F
100
AcDbEntity
  8
OUTLINE
  6
SDS2_5
 62
     1
100
AcDbLine
 10
-222.012786426
 20
71.00273787
 30
0.0
 11
-222.012786426
 21
70.91467394
 31
0.0
  0
LINE
  5
5D0
330
1F
100
AcDbEntity
  8
OUTLINE
  6
SDS2_5
 62
     1
100
AcDbLine
 10
-222.012786426
 20
70.91467394
 30
0.0
 11
-222.017786426
 21
70.91467394
 31
0.0
  0
LINE
  5
5D1
330
1F
100
AcDbEntity
  8
OUTLINE
  6
SDS2_5
 62
     1
100
AcDbLine
 10
-222.017786426
 20
70.91467394
 30
0.0
 11
-222.392786426
 21
70.91467394
 31
0.0
  0
LINE
  5
5D2
330
1F
100
AcDbEntity
  8
OUTLINE
  6
SDS2_5
 62
     1
100
AcDbLine
 10
-222.392786426
 20
70.91467394
 30
0.0
 11
-222.397786426
 21
70.91467394
 31
0.0
  0
LINE
  5
5D3
330
1F
100
AcDbEntity
  8
OUTLINE
  6
SDS2_5
 62
     1
100
AcDbLine
 10
-222.397786426
 20
70.91467394
 30
0.0
 11
-222.397786426
 21
71.00273787
 31
0.0
  0
LINE
  5
5D4
330
1F
100
AcDbEntity
  8
OUTLINE
  6
SDS2_5
 62
     1
100
AcDbLine
 10
-222.012786426
 20
70.91467394
 30
0.0
 11
-222.012786426
 21
70.88375
 31
0.0
  0
LINE
  5
5D5
330
1F
100
AcDbEntity
  8
OUTLINE
  6
SDS2_5
 62
     1
100
AcDbLine
 10
-222.397786426
 20
70.88375
 30
0.0
 11
-222.397786426
 21
70.91467394
 31
0.0
  0
LINE
  5
5D6
330
1F
100
AcDbEntity
  8
OUTLINE
  6
CONTINUOUS
 62
     2
100
AcDbLine
 10
-222.397786426
 20
70.88375
 30
0.0
 11
-222.392786426
 21
70.88375
 31
0.0
  0
LINE
  5
5D7
330
1F
100
AcDbEntity
  8
OUTLINE
  6
SDS2_5
 62
     1
100
AcDbLine
 10
-222.392786426
 20
70.88375
 30
0.0
 11
-222.017786426
 21
70.88375
 31
0.0
  0
LINE
  5
5D8
330
1F
100
AcDbEntity
  8
OUTLINE
  6
CONTINUOUS
 62
     2
100
AcDbLine
 10
-222.017786426
 20
70.88375
 30
0.0
 11
-222.012786426
 21
70.88375
 31
0.0
  0
LINE
  5
5D9
330
1F
100
AcDbEntity
  8
OUTLINE
  6
CONTINUOUS
 62
     2
100
AcDbLine
 10
-222.012786426
 20
71.69625
 30
0.0
 11
-222.017786426
 21
71.69625
 31
0.0
  0
LINE
  5
5DA
330
1F
100
AcDbEntity
  8
OUTLINE
  6
SDS2_5
 62
     1
100
AcDbLine
 10
-222.017786426
 20
71.69625
 30
0.0
 11
-222.392786426
 21
71.69625
 31
0.0
  0
LINE
  5
5DB
330
1F
100
AcDbEntity
  8
OUTLINE
  6
CONTINUOUS
 62
     2
100
AcDbLine
 10
-222.392786426
 20
71.69625
 30
0.0
 11
-222.397786426
 21
71.69625
 31
0.0
  0
LINE
  5
5DC
330
1F
100
AcDbEntity
  8
OUTLINE
  6
SDS2_5
 62
     1
100
AcDbLine
 10
-222.012786426
 20
71.69625
 30
0.0
 11
-222.012786426
 21
71.66532606
 31
0.0
  0
LINE
  5
5DD
330
1F
100
AcDbEntity
  8
OUTLINE
  6
SDS2_5
 62
     1
100
AcDbLine
 10
-222.397786426
 20
71.66532606
 30
0.0
 11
-222.397786426
 21
71.69625
 31
0.0
  0
LINE
  5
5DE
330
1F
100
AcDbEntity
  8
OUTLINE
  6
SDS2_5
 62
     1
100
AcDbLine
 10
-222.397786426
 20
71.66532606
 30
0.0
 11
-222.392786426
 21
71.66532606
 31
0.0
  0
LINE
  5
5DF
330
1F
100
AcDbEntity
  8
OUTLINE
  6
SDS2_5
 62
     1
100
AcDbLine
 10
-222.392786426
 20
71.66532606
 30
0.0
 11
-222.017786426
 21
71.66532606
 31
0.0
  0
LINE
  5
5E0
330
1F
100
AcDbEntity
  8
OUTLINE
  6
SDS2_5
 62
     1
100
AcDbLine
 10
-222.017786426
 20
71.66532606
 30
0.0
 11
-222.012786426
 21
71.66532606
 31
0.0
  0
LINE
  5
5E1
330
1F
100
AcDbEntity
  8
OUTLINE
  6
SDS2_5
 62
     1
100
AcDbLine
 10
-222.012786426
 20
71.66532606
 30
0.0
 11
-222.012786426
 21
71.57726213
 31
0.0
  0
LINE
  5
5E2
330
1F
100
AcDbEntity
  8
OUTLINE
  6
SDS2_5
 62
     1
100
AcDbLine
 10
-222.397786426
 20
71.57726213
 30
0.0
 11
-222.397786426
 21
71.66532606
 31
0.0
  0
LINE
  5
5E3
330
1F
100
AcDbEntity
  8
OUTLINE
  6
SDS2_5
 62
     1
100
AcDbLine
 10
-222.397786426
 20
71.57726213
 30
0.0
 11
-222.392786426
 21
71.57726213
 31
0.0
  0
LINE
  5
5E4
330
1F
100
AcDbEntity
  8
OUTLINE
  6
SDS2_5
 62
     1
100
AcDbLine
 10
-222.392786426
 20
71.57726213
 30
0.0
 11
-222.017786426
 21
71.57726213
 31
0.0
  0
LINE
  5
5E5
330
1F
100
AcDbEntity
  8
OUTLINE
  6
SDS2_5
 62
     1
100
AcDbLine
 10
-222.017786426
 20
71.57726213
 30
0.0
 11
-222.012786426
 21
71.57726213
 31
0.0
  0
LINE
  5
5E6
330
1F
100
AcDbEntity
  8
OUTLINE
  6
SDS2_5
 62
     1
100
AcDbLine
 10
-222.012786426
 20
71.57726213
 30
0.0
 11
-222.012786426
 21
71.445465144
 31
0.0
  0
LINE
  5
5E7
330
1F
100
AcDbEntity
  8
OUTLINE
  6
SDS2_5
 62
     1
100
AcDbLine
 10
-222.397786426
 20
71.445465144
 30
0.0
 11
-222.397786426
 21
71.57726213
 31
0.0
  0
LINE
  5
5E8
330
1F
100
AcDbEntity
  8
OUTLINE
  6
SDS2_5
 62
     1
100
AcDbLine
 10
-222.397786426
 20
71.445465144
 30
0.0
 11
-222.392786426
 21
71.445465144
 31
0.0
  0
LINE
  5
5E9
330
1F
100
AcDbEntity
  8
OUTLINE
  6
SDS2_5
 62
     1
100
AcDbLine
 10
-222.392786426
 20
71.445465144
 30
0.0
 11
-222.017786426
 21
71.445465144
 31
0.0
  0
LINE
  5
5EA
330
1F
100
AcDbEntity
  8
OUTLINE
  6
SDS2_5
 62
     1
100
AcDbLine
 10
-222.017786426
 20
71.445465144
 30
0.0
 11
-222.012786426
 21
71.445465144
 31
0.0
  0
LINE
  5
5EB
330
1F
100
AcDbEntity
  8
OUTLINE
  6
SDS2_5
 62
     1
100
AcDbLine
 10
-222.012786426
 20
71.445465144
 30
0.0
 11
-222.012786426
 21
71.29
 31
0.0
  0
LINE
  5
5EC
330
1F
100
AcDbEntity
  8
OUTLINE
  6
SDS2_5
 62
     1
100
AcDbLine
 10
-222.397786426
 20
71.29
 30
0.0
 11
-222.397786426
 21
71.445465144
 31
0.0
  0
LINE
  5
5ED
330
1F
100
AcDbEntity
  8
OUTLINE
  6
SDS2_5
 62
     1
100
AcDbLine
 10
-222.397786426
 20
54.5625
 30
0.0
 11
-222.392786426
 21
54.5625
 31
0.0
  0
LINE
  5
5EE
330
1F
100
AcDbEntity
  8
OUTLINE
  6
SDS2_5
 62
     1
100
AcDbLine
 10
-222.392786426
 20
54.5625
 30
0.0
 11
-222.017786426
 21
54.5625
 31
0.0
  0
LINE
  5
5EF
330
1F
100
AcDbEntity
  8
OUTLINE
  6
SDS2_5
 62
     1
100
AcDbLine
 10
-222.017786426
 20
54.5625
 30
0.0
 11
-222.012786426
 21
54.5625
 31
0.0
  0
LINE
  5
5F0
330
1F
100
AcDbEntity
  8
OUTLINE
  6
SDS2_5
 62
     1
100
AcDbLine
 10
-222.012786426
 20
54.5625
 30
0.0
 11
-222.012786426
 21
54.407034856
 31
0.0
  0
LINE
  5
5F1
330
1F
100
AcDbEntity
  8
OUTLINE
  6
SDS2_5
 62
     1
100
AcDbLine
 10
-222.012786426
 20
54.407034856
 30
0.0
 11
-222.017786426
 21
54.407034856
 31
0.0
  0
LINE
  5
5F2
330
1F
100
AcDbEntity
  8
OUTLINE
  6
SDS2_5
 62
     1
100
AcDbLine
 10
-222.017786426
 20
54.407034856
 30
0.0
 11
-222.392786426
 21
54.407034856
 31
0.0
  0
LINE
  5
5F3
330
1F
100
AcDbEntity
  8
OUTLINE
  6
SDS2_5
 62
     1
100
AcDbLine
 10
-222.392786426
 20
54.407034856
 30
0.0
 11
-222.397786426
 21
54.407034856
 31
0.0
  0
LINE
  5
5F4
330
1F
100
AcDbEntity
  8
OUTLINE
  6
SDS2_5
 62
     1
100
AcDbLine
 10
-222.397786426
 20
54.407034856
 30
0.0
 11
-222.397786426
 21
54.5625
 31
0.0
  0
LINE
  5
5F5
330
1F
100
AcDbEntity
  8
OUTLINE
  6
SDS2_5
 62
     1
100
AcDbLine
 10
-222.012786426
 20
54.407034856
 30
0.0
 11
-222.012786426
 21
54.27523787
 31
0.0
  0
LINE
  5
5F6
330
1F
100
AcDbEntity
  8
OUTLINE
  6
SDS2_5
 62
     1
100
AcDbLine
 10
-222.012786426
 20
54.27523787
 30
0.0
 11
-222.017786426
 21
54.27523787
 31
0.0
  0
LINE
  5
5F7
330
1F
100
AcDbEntity
  8
OUTLINE
  6
SDS2_5
 62
     1
100
AcDbLine
 10
-222.017786426
 20
54.27523787
 30
0.0
 11
-222.392786426
 21
54.27523787
 31
0.0
  0
LINE
  5
5F8
330
1F
100
AcDbEntity
  8
OUTLINE
  6
SDS2_5
 62
     1
100
AcDbLine
 10
-222.392786426
 20
54.27523787
 30
0.0
 11
-222.397786426
 21
54.27523787
 31
0.0
  0
LINE
  5
5F9
330
1F
100
AcDbEntity
  8
OUTLINE
  6
SDS2_5
 62
     1
100
AcDbLine
 10
-222.397786426
 20
54.27523787
 30
0.0
 11
-222.397786426
 21
54.407034856
 31
0.0
  0
LINE
  5
5FA
330
1F
100
AcDbEntity
  8
OUTLINE
  6
SDS2_5
 62
     1
100
AcDbLine
 10
-222.012786426
 20
54.27523787
 30
0.0
 11
-222.012786426
 21
54.18717394
 31
0.0
  0
LINE
  5
5FB
330
1F
100
AcDbEntity
  8
OUTLINE
  6
SDS2_5
 62
     1
100
AcDbLine
 10
-222.012786426
 20
54.18717394
 30
0.0
 11
-222.017786426
 21
54.18717394
 31
0.0
  0
LINE
  5
5FC
330
1F
100
AcDbEntity
  8
OUTLINE
  6
SDS2_5
 62
     1
100
AcDbLine
 10
-222.017786426
 20
54.18717394
 30
0.0
 11
-222.392786426
 21
54.18717394
 31
0.0
  0
LINE
  5
5FD
330
1F
100
AcDbEntity
  8
OUTLINE
  6
SDS2_5
 62
     1
100
AcDbLine
 10
-222.392786426
 20
54.18717394
 30
0.0
 11
-222.397786426
 21
54.18717394
 31
0.0
  0
LINE
  5
5FE
330
1F
100
AcDbEntity
  8
OUTLINE
  6
SDS2_5
 62
     1
100
AcDbLine
 10
-222.397786426
 20
54.18717394
 30
0.0
 11
-222.397786426
 21
54.27523787
 31
0.0
  0
LINE
  5
5FF
330
1F
100
AcDbEntity
  8
OUTLINE
  6
SDS2_5
 62
     1
100
AcDbLine
 10
-222.012786426
 20
54.18717394
 30
0.0
 11
-222.012786426
 21
54.15625
 31
0.0
  0
LINE
  5
600
330
1F
100
AcDbEntity
  8
OUTLINE
  6
SDS2_5
 62
     1
100
AcDbLine
 10
-222.397786426
 20
54.15625
 30
0.0
 11
-222.397786426
 21
54.18717394
 31
0.0
  0
LINE
  5
601
330
1F
100
AcDbEntity
  8
OUTLINE
  6
CONTINUOUS
 62
     2
100
AcDbLine
 10
-222.397786426
 20
54.15625
 30
0.0
 11
-222.392786426
 21
54.15625
 31
0.0
  0
LINE
  5
602
330
1F
100
AcDbEntity
  8
OUTLINE
  6
SDS2_5
 62
     1
100
AcDbLine
 10
-222.392786426
 20
54.15625
 30
0.0
 11
-222.017786426
 21
54.15625
 31
0.0
  0
LINE
  5
603
330
1F
100
AcDbEntity
  8
OUTLINE
  6
CONTINUOUS
 62
     2
100
AcDbLine
 10
-222.017786426
 20
54.15625
 30
0.0
 11
-222.012786426
 21
54.15625
 31
0.0
  0
LINE
  5
604
330
1F
100
AcDbEntity
  8
OUTLINE
  6
CONTINUOUS
 62
     2
100
AcDbLine
 10
-222.012786426
 20
54.96875
 30
0.0
 11
-222.017786426
 21
54.96875
 31
0.0
  0
LINE
  5
605
330
1F
100
AcDbEntity
  8
OUTLINE
  6
SDS2_5
 62
     1
100
AcDbLine
 10
-222.017786426
 20
54.96875
 30
0.0
 11
-222.392786426
 21
54.96875
 31
0.0
  0
LINE
  5
606
330
1F
100
AcDbEntity
  8
OUTLINE
  6
CONTINUOUS
 62
     2
100
AcDbLine
 10
-222.392786426
 20
54.96875
 30
0.0
 11
-222.397786426
 21
54.96875
 31
0.0
  0
LINE
  5
607
330
1F
100
AcDbEntity
  8
OUTLINE
  6
SDS2_5
 62
     1
100
AcDbLine
 10
-222.012786426
 20
54.96875
 30
0.0
 11
-222.012786426
 21
54.93782606
 31
0.0
  0
LINE
  5
608
330
1F
100
AcDbEntity
  8
OUTLINE
  6
SDS2_5
 62
     1
100
AcDbLine
 10
-222.397786426
 20
54.93782606
 30
0.0
 11
-222.397786426
 21
54.96875
 31
0.0
  0
LINE
  5
609
330
1F
100
AcDbEntity
  8
OUTLINE
  6
SDS2_5
 62
     1
100
AcDbLine
 10
-222.397786426
 20
54.93782606
 30
0.0
 11
-222.392786426
 21
54.93782606
 31
0.0
  0
LINE
  5
60A
330
1F
100
AcDbEntity
  8
OUTLINE
  6
SDS2_5
 62
     1
100
AcDbLine
 10
-222.392786426
 20
54.93782606
 30
0.0
 11
-222.017786426
 21
54.93782606
 31
0.0
  0
LINE
  5
60B
330
1F
100
AcDbEntity
  8
OUTLINE
  6
SDS2_5
 62
     1
100
AcDbLine
 10
-222.017786426
 20
54.93782606
 30
0.0
 11
-222.012786426
 21
54.93782606
 31
0.0
  0
LINE
  5
60C
330
1F
100
AcDbEntity
  8
OUTLINE
  6
SDS2_5
 62
     1
100
AcDbLine
 10
-222.012786426
 20
54.93782606
 30
0.0
 11
-222.012786426
 21
54.84976213
 31
0.0
  0
LINE
  5
60D
330
1F
100
AcDbEntity
  8
OUTLINE
  6
SDS2_5
 62
     1
100
AcDbLine
 10
-222.397786426
 20
54.84976213
 30
0.0
 11
-222.397786426
 21
54.93782606
 31
0.0
  0
LINE
  5
60E
330
1F
100
AcDbEntity
  8
OUTLINE
  6
SDS2_5
 62
     1
100
AcDbLine
 10
-222.397786426
 20
54.84976213
 30
0.0
 11
-222.392786426
 21
54.84976213
 31
0.0
  0
LINE
  5
60F
330
1F
100
AcDbEntity
  8
OUTLINE
  6
SDS2_5
 62
     1
100
AcDbLine
 10
-222.392786426
 20
54.84976213
 30
0.0
 11
-222.017786426
 21
54.84976213
 31
0.0
  0
LINE
  5
610
330
1F
100
AcDbEntity
  8
OUTLINE
  6
SDS2_5
 62
     1
100
AcDbLine
 10
-222.017786426
 20
54.84976213
 30
0.0
 11
-222.012786426
 21
54.84976213
 31
0.0
  0
LINE
  5
611
330
1F
100
AcDbEntity
  8
OUTLINE
  6
SDS2_5
 62
     1
100
AcDbLine
 10
-222.012786426
 20
54.84976213
 30
0.0
 11
-222.012786426
 21
54.717965144
 31
0.0
  0
LINE
  5
612
330
1F
100
AcDbEntity
  8
OUTLINE
  6
SDS2_5
 62
     1
100
AcDbLine
 10
-222.397786426
 20
54.717965144
 30
0.0
 11
-222.397786426
 21
54.84976213
 31
0.0
  0
LINE
  5
613
330
1F
100
AcDbEntity
  8
OUTLINE
  6
SDS2_5
 62
     1
100
AcDbLine
 10
-222.397786426
 20
54.717965144
 30
0.0
 11
-222.392786426
 21
54.717965144
 31
0.0
  0
LINE
  5
614
330
1F
100
AcDbEntity
  8
OUTLINE
  6
SDS2_5
 62
     1
100
AcDbLine
 10
-222.392786426
 20
54.717965144
 30
0.0
 11
-222.017786426
 21
54.717965144
 31
0.0
  0
LINE
  5
615
330
1F
100
AcDbEntity
  8
OUTLINE
  6
SDS2_5
 62
     1
100
AcDbLine
 10
-222.017786426
 20
54.717965144
 30
0.0
 11
-222.012786426
 21
54.717965144
 31
0.0
  0
LINE
  5
616
330
1F
100
AcDbEntity
  8
OUTLINE
  6
SDS2_5
 62
     1
100
AcDbLine
 10
-222.012786426
 20
54.717965144
 30
0.0
 11
-222.012786426
 21
54.5625
 31
0.0
  0
LINE
  5
617
330
1F
100
AcDbEntity
  8
OUTLINE
  6
SDS2_5
 62
     1
100
AcDbLine
 10
-222.397786426
 20
54.5625
 30
0.0
 11
-222.397786426
 21
54.717965144
 31
0.0
  0
LWPOLYLINE
  5
618
102
{ACAD_REACTORS
330
619
102
}
330
1F
100
AcDbEntity
  8
OUTLINE
  6
CONTINUOUS
 62
     1
100
AcDbPolyline
 90
       17
 70
     1
 43
0.0
 10
-225.377786426
 20
23.28125
 10
-225.485416141
 20
23.259841119
 10
-225.576660208
 20
23.198873782
 10
-225.637627544
 20
23.107629715
 10
-225.659036426
 20
23.0
 10
-225.637627544
 20
22.892370285
 10
-225.576660208
 20
22.801126218
 10
-225.485416141
 20
22.740158881
 10
-225.377786426
 20
22.71875
 10
-225.27015671
 20
22.740158881
 10
-225.178912644
 20
22.801126218
 10
-225.117945307
 20
22.892370285
 10
-225.096536426
 20
23.0
 10
-225.117945307
 20
23.107629715
 10
-225.178912644
 20
23.198873782
 10
-225.27015671
 20
23.259841119
 10
-225.377786426
 20
23.28125
  0
HATCH
  5
619
330
1F
100
AcDbEntity
  8
0
 62
     3
100
AcDbHatch
 10
0.0
 20
0.0
 30
0.0
210
0.0
220
0.0
230
1.0
  2
SOLID
 70
     1
 71
     1
 91
        1
 92
       16
 93
       17
 72
     1
 10
-225.3777864257813
 20
23.28125000000023
 11
-225.485416141134
 21
23.25984111851903
 72
     1
 10
-225.485416141134
 20
23.25984111851903
 11
-225.57666020799
 21
23.19887378220895
 72
     1
 10
-225.57666020799
 20
23.19887378220895
 11
-225.6376275443001
 21
23.10762971535291
 72
     1
 10
-225.6376275443001
 20
23.10762971535291
 11
-225.6590364257813
 21
23.00000000000023
 72
     1
 10
-225.6590364257813
 20
23.00000000000023
 11
-225.6376275443001
 21
22.89237028464754
 72
     1
 10
-225.6376275443001
 20
22.89237028464754
 11
-225.57666020799
 21
22.80112621779151
 72
     1
 10
-225.57666020799
 20
22.80112621779151
 11
-225.485416141134
 21
22.74015888148142
 72
     1
 10
-225.485416141134
 20
22.74015888148142
 11
-225.3777864257813
 21
22.71875000000023
 72
     1
 10
-225.3777864257813
 20
22.71875000000023
 11
-225.2701567104286
 21
22.74015888148142
 72
     1
 10
-225.2701567104286
 20
22.74015888148142
 11
-225.1789126435725
 21
22.80112621779151
 72
     1
 10
-225.1789126435725
 20
22.80112621779151
 11
-225.1179453072625
 21
22.89237028464754
 72
     1
 10
-225.1179453072625
 20
22.89237028464754
 11
-225.0965364257813
 21
23.00000000000023
 72
     1
 10
-225.0965364257813
 20
23.00000000000023
 11
-225.1179453072625
 21
23.10762971535291
 72
     1
 10
-225.1179453072625
 20
23.10762971535291
 11
-225.1789126435725
 21
23.19887378220895
 72
     1
 10
-225.1789126435725
 20
23.19887378220895
 11
-225.2701567104286
 21
23.25984111851903
 72
     1
 10
-225.2701567104286
 20
23.25984111851903
 11
-225.3777864257813
 21
23.28125000000023
 72
     1
 10
-225.3777864257813
 20
23.28125000000023
 11
-225.3777864257813
 21
23.28125000000023
 97
        1
330
618
 75
     0
 76
     1
 98
        0
  0
LWPOLYLINE
  5
61A
102
{ACAD_REACTORS
330
61B
102
}
330
1F
100
AcDbEntity
  8
OUTLINE
  6
CONTINUOUS
 62
     1
100
AcDbPolyline
 90
       17
 70
     1
 43
0.0
 10
-225.377786426
 20
42.28125
 10
-225.485416141
 20
42.259841119
 10
-225.576660208
 20
42.198873782
 10
-225.637627544
 20
42.107629715
 10
-225.659036426
 20
42.0
 10
-225.637627544
 20
41.892370285
 10
-225.576660208
 20
41.801126218
 10
-225.485416141
 20
41.740158881
 10
-225.377786426
 20
41.71875
 10
-225.27015671
 20
41.740158881
 10
-225.178912644
 20
41.801126218
 10
-225.117945307
 20
41.892370285
 10
-225.096536426
 20
42.0
 10
-225.117945307
 20
42.107629715
 10
-225.178912644
 20
42.198873782
 10
-225.27015671
 20
42.259841119
 10
-225.377786426
 20
42.28125
  0
HATCH
  5
61B
330
1F
100
AcDbEntity
  8
0
 62
     3
100
AcDbHatch
 10
0.0
 20
0.0
 30
0.0
210
0.0
220
0.0
230
1.0
  2
SOLID
 70
     1
 71
     1
 91
        1
 92
       16
 93
       17
 72
     1
 10
-225.3777864257813
 20
42.28125000000023
 11
-225.485416141134
 21
42.25984111851903
 72
     1
 10
-225.485416141134
 20
42.25984111851903
 11
-225.57666020799
 21
42.19887378220892
 72
     1
 10
-225.57666020799
 20
42.19887378220892
 11
-225.6376275443001
 21
42.10762971535291
 72
     1
 10
-225.6376275443001
 20
42.10762971535291
 11
-225.6590364257813
 21
42.00000000000023
 72
     1
 10
-225.6590364257813
 20
42.00000000000023
 11
-225.6376275443001
 21
41.89237028464754
 72
     1
 10
-225.6376275443001
 20
41.89237028464754
 11
-225.57666020799
 21
41.80112621779153
 72
     1
 10
-225.57666020799
 20
41.80112621779153
 11
-225.485416141134
 21
41.74015888148142
 72
     1
 10
-225.485416141134
 20
41.74015888148142
 11
-225.3777864257813
 21
41.71875000000023
 72
     1
 10
-225.3777864257813
 20
41.71875000000023
 11
-225.2701567104286
 21
41.74015888148142
 72
     1
 10
-225.2701567104286
 20
41.74015888148142
 11
-225.1789126435725
 21
41.80112621779153
 72
     1
 10
-225.1789126435725
 20
41.80112621779153
 11
-225.1179453072625
 21
41.89237028464754
 72
     1
 10
-225.1179453072625
 20
41.89237028464754
 11
-225.0965364257813
 21
42.00000000000023
 72
     1
 10
-225.0965364257813
 20
42.00000000000023
 11
-225.1179453072625
 21
42.10762971535291
 72
     1
 10
-225.1179453072625
 20
42.10762971535291
 11
-225.1789126435725
 21
42.19887378220892
 72
     1
 10
-225.1789126435725
 20
42.19887378220892
 11
-225.2701567104286
 21
42.25984111851903
 72
     1
 10
-225.2701567104286
 20
42.25984111851903
 11
-225.3777864257813
 21
42.28125000000023
 72
     1
 10
-225.3777864257813
 20
42.28125000000023
 11
-225.3777864257813
 21
42.28125000000023
 97
        1
330
61A
 75
     0
 76
     1
 98
        0
  0
LINE
  5
61C
330
1F
100
AcDbEntity
  8
OUTLINE
  6
SDS2_5
 62
     1
100
AcDbLine
 10
-212.127786426
 20
-33.005
 30
0.0
 11
-212.127786426
 21
-33.0
 31
0.0
  0
LINE
  5
61D
330
1F
100
AcDbEntity
  8
OUTLINE
  6
SDS2_5
 62
     1
100
AcDbLine
 10
-212.127786426
 20
-33.0
 30
0.0
 11
-212.127786426
 21
-30.5
 31
0.0
  0
LINE
  5
61E
330
1F
100
AcDbEntity
  8
OUTLINE
  6
SDS2_5
 62
     1
100
AcDbLine
 10
-212.127786426
 20
-30.5
 30
0.0
 11
-212.127786426
 21
-30.495
 31
0.0
  0
LINE
  5
61F
330
1F
100
AcDbEntity
  8
OUTLINE
  6
SDS2_5
 62
     1
100
AcDbLine
 10
-212.127786426
 20
-30.495
 30
0.0
 11
-211.505925848
 21
-30.495
 31
0.0
  0
LINE
  5
620
330
1F
100
AcDbEntity
  8
OUTLINE
  6
SDS2_5
 62
     1
100
AcDbLine
 10
-211.505925848
 20
-30.495
 30
0.0
 11
-211.505925848
 21
-30.5
 31
0.0
  0
LINE
  5
621
330
1F
100
AcDbEntity
  8
OUTLINE
  6
SDS2_5
 62
     1
100
AcDbLine
 10
-211.505925848
 20
-30.5
 30
0.0
 11
-211.505925848
 21
-33.0
 31
0.0
  0
LINE
  5
622
330
1F
100
AcDbEntity
  8
OUTLINE
  6
SDS2_5
 62
     1
100
AcDbLine
 10
-211.505925848
 20
-33.0
 30
0.0
 11
-211.505925848
 21
-33.005
 31
0.0
  0
LINE
  5
623
330
1F
100
AcDbEntity
  8
OUTLINE
  6
SDS2_5
 62
     1
100
AcDbLine
 10
-211.505925848
 20
-33.005
 30
0.0
 11
-212.127786426
 21
-33.005
 31
0.0
  0
LINE
  5
624
330
1F
100
AcDbEntity
  8
OUTLINE
  6
SDS2_5
 62
     1
100
AcDbLine
 10
-211.505925848
 20
-30.495
 30
0.0
 11
-210.978737906
 21
-30.495
 31
0.0
  0
LINE
  5
625
330
1F
100
AcDbEntity
  8
OUTLINE
  6
SDS2_5
 62
     1
100
AcDbLine
 10
-210.978737906
 20
-30.495
 30
0.0
 11
-210.978737906
 21
-30.5
 31
0.0
  0
LINE
  5
626
330
1F
100
AcDbEntity
  8
OUTLINE
  6
SDS2_5
 62
     1
100
AcDbLine
 10
-210.978737906
 20
-30.5
 30
0.0
 11
-210.978737906
 21
-33.0
 31
0.0
  0
LINE
  5
627
330
1F
100
AcDbEntity
  8
OUTLINE
  6
SDS2_5
 62
     1
100
AcDbLine
 10
-210.978737906
 20
-33.0
 30
0.0
 11
-210.978737906
 21
-33.005
 31
0.0
  0
LINE
  5
628
330
1F
100
AcDbEntity
  8
OUTLINE
  6
SDS2_5
 62
     1
100
AcDbLine
 10
-210.978737906
 20
-33.005
 30
0.0
 11
-211.505925848
 21
-33.005
 31
0.0
  0
LINE
  5
629
330
1F
100
AcDbEntity
  8
OUTLINE
  6
SDS2_5
 62
     1
100
AcDbLine
 10
-210.978737906
 20
-30.495
 30
0.0
 11
-210.626482185
 21
-30.495
 31
0.0
  0
LINE
  5
62A
330
1F
100
AcDbEntity
  8
OUTLINE
  6
SDS2_5
 62
     1
100
AcDbLine
 10
-210.626482185
 20
-30.495
 30
0.0
 11
-210.626482185
 21
-30.5
 31
0.0
  0
LINE
  5
62B
330
1F
100
AcDbEntity
  8
OUTLINE
  6
SDS2_5
 62
     1
100
AcDbLine
 10
-210.626482185
 20
-30.5
 30
0.0
 11
-210.626482185
 21
-33.0
 31
0.0
  0
LINE
  5
62C
330
1F
100
AcDbEntity
  8
OUTLINE
  6
SDS2_5
 62
     1
100
AcDbLine
 10
-210.626482185
 20
-33.0
 30
0.0
 11
-210.626482185
 21
-33.005
 31
0.0
  0
LINE
  5
62D
330
1F
100
AcDbEntity
  8
OUTLINE
  6
SDS2_5
 62
     1
100
AcDbLine
 10
-210.626482185
 20
-33.005
 30
0.0
 11
-210.978737906
 21
-33.005
 31
0.0
  0
LINE
  5
62E
330
1F
100
AcDbEntity
  8
OUTLINE
  6
SDS2_5
 62
     1
100
AcDbLine
 10
-210.626482185
 20
-30.495
 30
0.0
 11
-210.502786426
 21
-30.495
 31
0.0
  0
LINE
  5
62F
330
1F
100
AcDbEntity
  8
OUTLINE
  6
SDS2_5
 62
     1
100
AcDbLine
 10
-210.502786426
 20
-33.005
 30
0.0
 11
-210.626482185
 21
-33.005
 31
0.0
  0
LINE
  5
630
330
1F
100
AcDbEntity
  8
OUTLINE
  6
CONTINUOUS
 62
     2
100
AcDbLine
 10
-210.502786426
 20
-33.005
 30
0.0
 11
-210.502786426
 21
-33.0
 31
0.0
  0
LINE
  5
631
330
1F
100
AcDbEntity
  8
OUTLINE
  6
SDS2_5
 62
     1
100
AcDbLine
 10
-210.502786426
 20
-33.0
 30
0.0
 11
-210.502786426
 21
-30.5
 31
0.0
  0
LINE
  5
632
330
1F
100
AcDbEntity
  8
OUTLINE
  6
CONTINUOUS
 62
     2
100
AcDbLine
 10
-210.502786426
 20
-30.5
 30
0.0
 11
-210.502786426
 21
-30.495
 31
0.0
  0
LINE
  5
633
330
1F
100
AcDbEntity
  8
OUTLINE
  6
CONTINUOUS
 62
     2
100
AcDbLine
 10
-213.752786426
 20
-30.495
 30
0.0
 11
-213.752786426
 21
-30.5
 31
0.0
  0
LINE
  5
634
330
1F
100
AcDbEntity
  8
OUTLINE
  6
SDS2_5
 62
     1
100
AcDbLine
 10
-213.752786426
 20
-30.5
 30
0.0
 11
-213.752786426
 21
-33.0
 31
0.0
  0
LINE
  5
635
330
1F
100
AcDbEntity
  8
OUTLINE
  6
CONTINUOUS
 62
     2
100
AcDbLine
 10
-213.752786426
 20
-33.0
 30
0.0
 11
-213.752786426
 21
-33.005
 31
0.0
  0
LINE
  5
636
330
1F
100
AcDbEntity
  8
OUTLINE
  6
SDS2_5
 62
     1
100
AcDbLine
 10
-213.752786426
 20
-30.495
 30
0.0
 11
-213.629090666
 21
-30.495
 31
0.0
  0
LINE
  5
637
330
1F
100
AcDbEntity
  8
OUTLINE
  6
SDS2_5
 62
     1
100
AcDbLine
 10
-213.629090666
 20
-33.005
 30
0.0
 11
-213.752786426
 21
-33.005
 31
0.0
  0
LINE
  5
638
330
1F
100
AcDbEntity
  8
OUTLINE
  6
SDS2_5
 62
     1
100
AcDbLine
 10
-213.629090666
 20
-33.005
 30
0.0
 11
-213.629090666
 21
-33.0
 31
0.0
  0
LINE
  5
639
330
1F
100
AcDbEntity
  8
OUTLINE
  6
SDS2_5
 62
     1
100
AcDbLine
 10
-213.629090666
 20
-33.0
 30
0.0
 11
-213.629090666
 21
-30.5
 31
0.0
  0
LINE
  5
63A
330
1F
100
AcDbEntity
  8
OUTLINE
  6
SDS2_5
 62
     1
100
AcDbLine
 10
-213.629090666
 20
-30.5
 30
0.0
 11
-213.629090666
 21
-30.495
 31
0.0
  0
LINE
  5
63B
330
1F
100
AcDbEntity
  8
OUTLINE
  6
SDS2_5
 62
     1
100
AcDbLine
 10
-213.629090666
 20
-30.495
 30
0.0
 11
-213.276834945
 21
-30.495
 31
0.0
  0
LINE
  5
63C
330
1F
100
AcDbEntity
  8
OUTLINE
  6
SDS2_5
 62
     1
100
AcDbLine
 10
-213.276834945
 20
-33.005
 30
0.0
 11
-213.629090666
 21
-33.005
 31
0.0
  0
LINE
  5
63D
330
1F
100
AcDbEntity
  8
OUTLINE
  6
SDS2_5
 62
     1
100
AcDbLine
 10
-213.276834945
 20
-33.005
 30
0.0
 11
-213.276834945
 21
-33.0
 31
0.0
  0
LINE
  5
63E
330
1F
100
AcDbEntity
  8
OUTLINE
  6
SDS2_5
 62
     1
100
AcDbLine
 10
-213.276834945
 20
-33.0
 30
0.0
 11
-213.276834945
 21
-30.5
 31
0.0
  0
LINE
  5
63F
330
1F
100
AcDbEntity
  8
OUTLINE
  6
SDS2_5
 62
     1
100
AcDbLine
 10
-213.276834945
 20
-30.5
 30
0.0
 11
-213.276834945
 21
-30.495
 31
0.0
  0
LINE
  5
640
330
1F
100
AcDbEntity
  8
OUTLINE
  6
SDS2_5
 62
     1
100
AcDbLine
 10
-213.276834945
 20
-30.495
 30
0.0
 11
-212.749647003
 21
-30.495
 31
0.0
  0
LINE
  5
641
330
1F
100
AcDbEntity
  8
OUTLINE
  6
SDS2_5
 62
     1
100
AcDbLine
 10
-212.749647003
 20
-33.005
 30
0.0
 11
-213.276834945
 21
-33.005
 31
0.0
  0
LINE
  5
642
330
1F
100
AcDbEntity
  8
OUTLINE
  6
SDS2_5
 62
     1
100
AcDbLine
 10
-212.749647003
 20
-33.005
 30
0.0
 11
-212.749647003
 21
-33.0
 31
0.0
  0
LINE
  5
643
330
1F
100
AcDbEntity
  8
OUTLINE
  6
SDS2_5
 62
     1
100
AcDbLine
 10
-212.749647003
 20
-33.0
 30
0.0
 11
-212.749647003
 21
-30.5
 31
0.0
  0
LINE
  5
644
330
1F
100
AcDbEntity
  8
OUTLINE
  6
SDS2_5
 62
     1
100
AcDbLine
 10
-212.749647003
 20
-30.5
 30
0.0
 11
-212.749647003
 21
-30.495
 31
0.0
  0
LINE
  5
645
330
1F
100
AcDbEntity
  8
OUTLINE
  6
SDS2_5
 62
     1
100
AcDbLine
 10
-212.749647003
 20
-30.495
 30
0.0
 11
-212.127786426
 21
-30.495
 31
0.0
  0
LINE
  5
646
330
1F
100
AcDbEntity
  8
OUTLINE
  6
SDS2_5
 62
     1
100
AcDbLine
 10
-212.127786426
 20
-33.005
 30
0.0
 11
-212.749647003
 21
-33.005
 31
0.0
  0
LINE
  5
647
330
1F
100
AcDbEntity
  8
OUTLINE
  6
SDS2_5
 62
     1
100
AcDbLine
 10
-222.627786426
 20
-33.005
 30
0.0
 11
-222.627786426
 21
-33.0
 31
0.0
  0
LINE
  5
648
330
1F
100
AcDbEntity
  8
OUTLINE
  6
SDS2_5
 62
     1
100
AcDbLine
 10
-222.627786426
 20
-33.0
 30
0.0
 11
-222.627786426
 21
-30.5
 31
0.0
  0
LINE
  5
649
330
1F
100
AcDbEntity
  8
OUTLINE
  6
SDS2_5
 62
     1
100
AcDbLine
 10
-222.627786426
 20
-30.5
 30
0.0
 11
-222.627786426
 21
-30.495
 31
0.0
  0
LINE
  5
64A
330
1F
100
AcDbEntity
  8
OUTLINE
  6
SDS2_5
 62
     1
100
AcDbLine
 10
-222.627786426
 20
-30.495
 30
0.0
 11
-222.005925848
 21
-30.495
 31
0.0
  0
LINE
  5
64B
330
1F
100
AcDbEntity
  8
OUTLINE
  6
SDS2_5
 62
     1
100
AcDbLine
 10
-222.005925848
 20
-30.495
 30
0.0
 11
-222.005925848
 21
-30.5
 31
0.0
  0
LINE
  5
64C
330
1F
100
AcDbEntity
  8
OUTLINE
  6
SDS2_5
 62
     1
100
AcDbLine
 10
-222.005925848
 20
-30.5
 30
0.0
 11
-222.005925848
 21
-33.0
 31
0.0
  0
LINE
  5
64D
330
1F
100
AcDbEntity
  8
OUTLINE
  6
SDS2_5
 62
     1
100
AcDbLine
 10
-222.005925848
 20
-33.0
 30
0.0
 11
-222.005925848
 21
-33.005
 31
0.0
  0
LINE
  5
64E
330
1F
100
AcDbEntity
  8
OUTLINE
  6
SDS2_5
 62
     1
100
AcDbLine
 10
-222.005925848
 20
-33.005
 30
0.0
 11
-222.627786426
 21
-33.005
 31
0.0
  0
LINE
  5
64F
330
1F
100
AcDbEntity
  8
OUTLINE
  6
SDS2_5
 62
     1
100
AcDbLine
 10
-222.005925848
 20
-30.495
 30
0.0
 11
-221.478737906
 21
-30.495
 31
0.0
  0
LINE
  5
650
330
1F
100
AcDbEntity
  8
OUTLINE
  6
SDS2_5
 62
     1
100
AcDbLine
 10
-221.478737906
 20
-30.495
 30
0.0
 11
-221.478737906
 21
-30.5
 31
0.0
  0
LINE
  5
651
330
1F
100
AcDbEntity
  8
OUTLINE
  6
SDS2_5
 62
     1
100
AcDbLine
 10
-221.478737906
 20
-30.5
 30
0.0
 11
-221.478737906
 21
-33.0
 31
0.0
  0
LINE
  5
652
330
1F
100
AcDbEntity
  8
OUTLINE
  6
SDS2_5
 62
     1
100
AcDbLine
 10
-221.478737906
 20
-33.0
 30
0.0
 11
-221.478737906
 21
-33.005
 31
0.0
  0
LINE
  5
653
330
1F
100
AcDbEntity
  8
OUTLINE
  6
SDS2_5
 62
     1
100
AcDbLine
 10
-221.478737906
 20
-33.005
 30
0.0
 11
-222.005925848
 21
-33.005
 31
0.0
  0
LINE
  5
654
330
1F
100
AcDbEntity
  8
OUTLINE
  6
SDS2_5
 62
     1
100
AcDbLine
 10
-221.478737906
 20
-30.495
 30
0.0
 11
-221.126482185
 21
-30.495
 31
0.0
  0
LINE
  5
655
330
1F
100
AcDbEntity
  8
OUTLINE
  6
SDS2_5
 62
     1
100
AcDbLine
 10
-221.126482185
 20
-30.495
 30
0.0
 11
-221.126482185
 21
-30.5
 31
0.0
  0
LINE
  5
656
330
1F
100
AcDbEntity
  8
OUTLINE
  6
SDS2_5
 62
     1
100
AcDbLine
 10
-221.126482185
 20
-30.5
 30
0.0
 11
-221.126482185
 21
-33.0
 31
0.0
  0
LINE
  5
657
330
1F
100
AcDbEntity
  8
OUTLINE
  6
SDS2_5
 62
     1
100
AcDbLine
 10
-221.126482185
 20
-33.0
 30
0.0
 11
-221.126482185
 21
-33.005
 31
0.0
  0
LINE
  5
658
330
1F
100
AcDbEntity
  8
OUTLINE
  6
SDS2_5
 62
     1
100
AcDbLine
 10
-221.126482185
 20
-33.005
 30
0.0
 11
-221.478737906
 21
-33.005
 31
0.0
  0
LINE
  5
659
330
1F
100
AcDbEntity
  8
OUTLINE
  6
SDS2_5
 62
     1
100
AcDbLine
 10
-221.126482185
 20
-30.495
 30
0.0
 11
-221.002786426
 21
-30.495
 31
0.0
  0
LINE
  5
65A
330
1F
100
AcDbEntity
  8
OUTLINE
  6
SDS2_5
 62
     1
100
AcDbLine
 10
-221.002786426
 20
-33.005
 30
0.0
 11
-221.126482185
 21
-33.005
 31
0.0
  0
LINE
  5
65B
330
1F
100
AcDbEntity
  8
OUTLINE
  6
CONTINUOUS
 62
     2
100
AcDbLine
 10
-221.002786426
 20
-33.005
 30
0.0
 11
-221.002786426
 21
-33.0
 31
0.0
  0
LINE
  5
65C
330
1F
100
AcDbEntity
  8
OUTLINE
  6
SDS2_5
 62
     1
100
AcDbLine
 10
-221.002786426
 20
-33.0
 30
0.0
 11
-221.002786426
 21
-30.5
 31
0.0
  0
LINE
  5
65D
330
1F
100
AcDbEntity
  8
OUTLINE
  6
CONTINUOUS
 62
     2
100
AcDbLine
 10
-221.002786426
 20
-30.5
 30
0.0
 11
-221.002786426
 21
-30.495
 31
0.0
  0
LINE
  5
65E
330
1F
100
AcDbEntity
  8
OUTLINE
  6
CONTINUOUS
 62
     2
100
AcDbLine
 10
-224.252786426
 20
-30.495
 30
0.0
 11
-224.252786426
 21
-30.5
 31
0.0
  0
LINE
  5
65F
330
1F
100
AcDbEntity
  8
OUTLINE
  6
SDS2_5
 62
     1
100
AcDbLine
 10
-224.252786426
 20
-30.5
 30
0.0
 11
-224.252786426
 21
-33.0
 31
0.0
  0
LINE
  5
660
330
1F
100
AcDbEntity
  8
OUTLINE
  6
CONTINUOUS
 62
     2
100
AcDbLine
 10
-224.252786426
 20
-33.0
 30
0.0
 11
-224.252786426
 21
-33.005
 31
0.0
  0
LINE
  5
661
330
1F
100
AcDbEntity
  8
OUTLINE
  6
SDS2_5
 62
     1
100
AcDbLine
 10
-224.252786426
 20
-30.495
 30
0.0
 11
-224.129090666
 21
-30.495
 31
0.0
  0
LINE
  5
662
330
1F
100
AcDbEntity
  8
OUTLINE
  6
SDS2_5
 62
     1
100
AcDbLine
 10
-224.129090666
 20
-33.005
 30
0.0
 11
-224.252786426
 21
-33.005
 31
0.0
  0
LINE
  5
663
330
1F
100
AcDbEntity
  8
OUTLINE
  6
SDS2_5
 62
     1
100
AcDbLine
 10
-224.129090666
 20
-33.005
 30
0.0
 11
-224.129090666
 21
-33.0
 31
0.0
  0
LINE
  5
664
330
1F
100
AcDbEntity
  8
OUTLINE
  6
SDS2_5
 62
     1
100
AcDbLine
 10
-224.129090666
 20
-33.0
 30
0.0
 11
-224.129090666
 21
-30.5
 31
0.0
  0
LINE
  5
665
330
1F
100
AcDbEntity
  8
OUTLINE
  6
SDS2_5
 62
     1
100
AcDbLine
 10
-224.129090666
 20
-30.5
 30
0.0
 11
-224.129090666
 21
-30.495
 31
0.0
  0
LINE
  5
666
330
1F
100
AcDbEntity
  8
OUTLINE
  6
SDS2_5
 62
     1
100
AcDbLine
 10
-224.129090666
 20
-30.495
 30
0.0
 11
-223.776834945
 21
-30.495
 31
0.0
  0
LINE
  5
667
330
1F
100
AcDbEntity
  8
OUTLINE
  6
SDS2_5
 62
     1
100
AcDbLine
 10
-223.776834945
 20
-33.005
 30
0.0
 11
-224.129090666
 21
-33.005
 31
0.0
  0
LINE
  5
668
330
1F
100
AcDbEntity
  8
OUTLINE
  6
SDS2_5
 62
     1
100
AcDbLine
 10
-223.776834945
 20
-33.005
 30
0.0
 11
-223.776834945
 21
-33.0
 31
0.0
  0
LINE
  5
669
330
1F
100
AcDbEntity
  8
OUTLINE
  6
SDS2_5
 62
     1
100
AcDbLine
 10
-223.776834945
 20
-33.0
 30
0.0
 11
-223.776834945
 21
-30.5
 31
0.0
  0
LINE
  5
66A
330
1F
100
AcDbEntity
  8
OUTLINE
  6
SDS2_5
 62
     1
100
AcDbLine
 10
-223.776834945
 20
-30.5
 30
0.0
 11
-223.776834945
 21
-30.495
 31
0.0
  0
LINE
  5
66B
330
1F
100
AcDbEntity
  8
OUTLINE
  6
SDS2_5
 62
     1
100
AcDbLine
 10
-223.776834945
 20
-30.495
 30
0.0
 11
-223.249647003
 21
-30.495
 31
0.0
  0
LINE
  5
66C
330
1F
100
AcDbEntity
  8
OUTLINE
  6
SDS2_5
 62
     1
100
AcDbLine
 10
-223.249647003
 20
-33.005
 30
0.0
 11
-223.776834945
 21
-33.005
 31
0.0
  0
LINE
  5
66D
330
1F
100
AcDbEntity
  8
OUTLINE
  6
SDS2_5
 62
     1
100
AcDbLine
 10
-223.249647003
 20
-33.005
 30
0.0
 11
-223.249647003
 21
-33.0
 31
0.0
  0
LINE
  5
66E
330
1F
100
AcDbEntity
  8
OUTLINE
  6
SDS2_5
 62
     1
100
AcDbLine
 10
-223.249647003
 20
-33.0
 30
0.0
 11
-223.249647003
 21
-30.5
 31
0.0
  0
LINE
  5
66F
330
1F
100
AcDbEntity
  8
OUTLINE
  6
SDS2_5
 62
     1
100
AcDbLine
 10
-223.249647003
 20
-30.5
 30
0.0
 11
-223.249647003
 21
-30.495
 31
0.0
  0
LINE
  5
670
330
1F
100
AcDbEntity
  8
OUTLINE
  6
SDS2_5
 62
     1
100
AcDbLine
 10
-223.249647003
 20
-30.495
 30
0.0
 11
-222.627786426
 21
-30.495
 31
0.0
  0
LINE
  5
671
330
1F
100
AcDbEntity
  8
OUTLINE
  6
SDS2_5
 62
     1
100
AcDbLine
 10
-222.627786426
 20
-33.005
 30
0.0
 11
-223.249647003
 21
-33.005
 31
0.0
  0
LINE
  5
672
330
1F
100
AcDbEntity
  8
OUTLINE
  6
SDS2_5
 62
     1
100
AcDbLine
 10
-233.127786426
 20
-33.005
 30
0.0
 11
-233.127786426
 21
-33.0
 31
0.0
  0
LINE
  5
673
330
1F
100
AcDbEntity
  8
OUTLINE
  6
SDS2_5
 62
     1
100
AcDbLine
 10
-233.127786426
 20
-33.0
 30
0.0
 11
-233.127786426
 21
-30.5
 31
0.0
  0
LINE
  5
674
330
1F
100
AcDbEntity
  8
OUTLINE
  6
SDS2_5
 62
     1
100
AcDbLine
 10
-233.127786426
 20
-30.5
 30
0.0
 11
-233.127786426
 21
-30.495
 31
0.0
  0
LINE
  5
675
330
1F
100
AcDbEntity
  8
OUTLINE
  6
SDS2_5
 62
     1
100
AcDbLine
 10
-233.127786426
 20
-30.495
 30
0.0
 11
-232.505925848
 21
-30.495
 31
0.0
  0
LINE
  5
676
330
1F
100
AcDbEntity
  8
OUTLINE
  6
SDS2_5
 62
     1
100
AcDbLine
 10
-232.505925848
 20
-30.495
 30
0.0
 11
-232.505925848
 21
-30.5
 31
0.0
  0
LINE
  5
677
330
1F
100
AcDbEntity
  8
OUTLINE
  6
SDS2_5
 62
     1
100
AcDbLine
 10
-232.505925848
 20
-30.5
 30
0.0
 11
-232.505925848
 21
-33.0
 31
0.0
  0
LINE
  5
678
330
1F
100
AcDbEntity
  8
OUTLINE
  6
SDS2_5
 62
     1
100
AcDbLine
 10
-232.505925848
 20
-33.0
 30
0.0
 11
-232.505925848
 21
-33.005
 31
0.0
  0
LINE
  5
679
330
1F
100
AcDbEntity
  8
OUTLINE
  6
SDS2_5
 62
     1
100
AcDbLine
 10
-232.505925848
 20
-33.005
 30
0.0
 11
-233.127786426
 21
-33.005
 31
0.0
  0
LINE
  5
67A
330
1F
100
AcDbEntity
  8
OUTLINE
  6
SDS2_5
 62
     1
100
AcDbLine
 10
-232.505925848
 20
-30.495
 30
0.0
 11
-231.978737906
 21
-30.495
 31
0.0
  0
LINE
  5
67B
330
1F
100
AcDbEntity
  8
OUTLINE
  6
SDS2_5
 62
     1
100
AcDbLine
 10
-231.978737906
 20
-30.495
 30
0.0
 11
-231.978737906
 21
-30.5
 31
0.0
  0
LINE
  5
67C
330
1F
100
AcDbEntity
  8
OUTLINE
  6
SDS2_5
 62
     1
100
AcDbLine
 10
-231.978737906
 20
-30.5
 30
0.0
 11
-231.978737906
 21
-33.0
 31
0.0
  0
LINE
  5
67D
330
1F
100
AcDbEntity
  8
OUTLINE
  6
SDS2_5
 62
     1
100
AcDbLine
 10
-231.978737906
 20
-33.0
 30
0.0
 11
-231.978737906
 21
-33.005
 31
0.0
  0
LINE
  5
67E
330
1F
100
AcDbEntity
  8
OUTLINE
  6
SDS2_5
 62
     1
100
AcDbLine
 10
-231.978737906
 20
-33.005
 30
0.0
 11
-232.505925848
 21
-33.005
 31
0.0
  0
LINE
  5
67F
330
1F
100
AcDbEntity
  8
OUTLINE
  6
SDS2_5
 62
     1
100
AcDbLine
 10
-231.978737906
 20
-30.495
 30
0.0
 11
-231.626482185
 21
-30.495
 31
0.0
  0
LINE
  5
680
330
1F
100
AcDbEntity
  8
OUTLINE
  6
SDS2_5
 62
     1
100
AcDbLine
 10
-231.626482185
 20
-30.495
 30
0.0
 11
-231.626482185
 21
-30.5
 31
0.0
  0
LINE
  5
681
330
1F
100
AcDbEntity
  8
OUTLINE
  6
SDS2_5
 62
     1
100
AcDbLine
 10
-231.626482185
 20
-30.5
 30
0.0
 11
-231.626482185
 21
-33.0
 31
0.0
  0
LINE
  5
682
330
1F
100
AcDbEntity
  8
OUTLINE
  6
SDS2_5
 62
     1
100
AcDbLine
 10
-231.626482185
 20
-33.0
 30
0.0
 11
-231.626482185
 21
-33.005
 31
0.0
  0
LINE
  5
683
330
1F
100
AcDbEntity
  8
OUTLINE
  6
SDS2_5
 62
     1
100
AcDbLine
 10
-231.626482185
 20
-33.005
 30
0.0
 11
-231.978737906
 21
-33.005
 31
0.0
  0
LINE
  5
684
330
1F
100
AcDbEntity
  8
OUTLINE
  6
SDS2_5
 62
     1
100
AcDbLine
 10
-231.626482185
 20
-30.495
 30
0.0
 11
-231.502786426
 21
-30.495
 31
0.0
  0
LINE
  5
685
330
1F
100
AcDbEntity
  8
OUTLINE
  6
SDS2_5
 62
     1
100
AcDbLine
 10
-231.502786426
 20
-33.005
 30
0.0
 11
-231.626482185
 21
-33.005
 31
0.0
  0
LINE
  5
686
330
1F
100
AcDbEntity
  8
OUTLINE
  6
CONTINUOUS
 62
     2
100
AcDbLine
 10
-231.502786426
 20
-33.005
 30
0.0
 11
-231.502786426
 21
-33.0
 31
0.0
  0
LINE
  5
687
330
1F
100
AcDbEntity
  8
OUTLINE
  6
SDS2_5
 62
     1
100
AcDbLine
 10
-231.502786426
 20
-33.0
 30
0.0
 11
-231.502786426
 21
-30.5
 31
0.0
  0
LINE
  5
688
330
1F
100
AcDbEntity
  8
OUTLINE
  6
CONTINUOUS
 62
     2
100
AcDbLine
 10
-231.502786426
 20
-30.5
 30
0.0
 11
-231.502786426
 21
-30.495
 31
0.0
  0
LINE
  5
689
330
1F
100
AcDbEntity
  8
OUTLINE
  6
CONTINUOUS
 62
     2
100
AcDbLine
 10
-234.752786426
 20
-30.495
 30
0.0
 11
-234.752786426
 21
-30.5
 31
0.0
  0
LINE
  5
68A
330
1F
100
AcDbEntity
  8
OUTLINE
  6
SDS2_5
 62
     1
100
AcDbLine
 10
-234.752786426
 20
-30.5
 30
0.0
 11
-234.752786426
 21
-33.0
 31
0.0
  0
LINE
  5
68B
330
1F
100
AcDbEntity
  8
OUTLINE
  6
CONTINUOUS
 62
     2
100
AcDbLine
 10
-234.752786426
 20
-33.0
 30
0.0
 11
-234.752786426
 21
-33.005
 31
0.0
  0
LINE
  5
68C
330
1F
100
AcDbEntity
  8
OUTLINE
  6
SDS2_5
 62
     1
100
AcDbLine
 10
-234.752786426
 20
-30.495
 30
0.0
 11
-234.629090666
 21
-30.495
 31
0.0
  0
LINE
  5
68D
330
1F
100
AcDbEntity
  8
OUTLINE
  6
SDS2_5
 62
     1
100
AcDbLine
 10
-234.629090666
 20
-33.005
 30
0.0
 11
-234.752786426
 21
-33.005
 31
0.0
  0
LINE
  5
68E
330
1F
100
AcDbEntity
  8
OUTLINE
  6
SDS2_5
 62
     1
100
AcDbLine
 10
-234.629090666
 20
-33.005
 30
0.0
 11
-234.629090666
 21
-33.0
 31
0.0
  0
LINE
  5
68F
330
1F
100
AcDbEntity
  8
OUTLINE
  6
SDS2_5
 62
     1
100
AcDbLine
 10
-234.629090666
 20
-33.0
 30
0.0
 11
-234.629090666
 21
-30.5
 31
0.0
  0
LINE
  5
690
330
1F
100
AcDbEntity
  8
OUTLINE
  6
SDS2_5
 62
     1
100
AcDbLine
 10
-234.629090666
 20
-30.5
 30
0.0
 11
-234.629090666
 21
-30.495
 31
0.0
  0
LINE
  5
691
330
1F
100
AcDbEntity
  8
OUTLINE
  6
SDS2_5
 62
     1
100
AcDbLine
 10
-234.629090666
 20
-30.495
 30
0.0
 11
-234.276834945
 21
-30.495
 31
0.0
  0
LINE
  5
692
330
1F
100
AcDbEntity
  8
OUTLINE
  6
SDS2_5
 62
     1
100
AcDbLine
 10
-234.276834945
 20
-33.005
 30
0.0
 11
-234.629090666
 21
-33.005
 31
0.0
  0
LINE
  5
693
330
1F
100
AcDbEntity
  8
OUTLINE
  6
SDS2_5
 62
     1
100
AcDbLine
 10
-234.276834945
 20
-33.005
 30
0.0
 11
-234.276834945
 21
-33.0
 31
0.0
  0
LINE
  5
694
330
1F
100
AcDbEntity
  8
OUTLINE
  6
SDS2_5
 62
     1
100
AcDbLine
 10
-234.276834945
 20
-33.0
 30
0.0
 11
-234.276834945
 21
-30.5
 31
0.0
  0
LINE
  5
695
330
1F
100
AcDbEntity
  8
OUTLINE
  6
SDS2_5
 62
     1
100
AcDbLine
 10
-234.276834945
 20
-30.5
 30
0.0
 11
-234.276834945
 21
-30.495
 31
0.0
  0
LINE
  5
696
330
1F
100
AcDbEntity
  8
OUTLINE
  6
SDS2_5
 62
     1
100
AcDbLine
 10
-234.276834945
 20
-30.495
 30
0.0
 11
-233.749647003
 21
-30.495
 31
0.0
  0
LINE
  5
697
330
1F
100
AcDbEntity
  8
OUTLINE
  6
SDS2_5
 62
     1
100
AcDbLine
 10
-233.749647003
 20
-33.005
 30
0.0
 11
-234.276834945
 21
-33.005
 31
0.0
  0
LINE
  5
698
330
1F
100
AcDbEntity
  8
OUTLINE
  6
SDS2_5
 62
     1
100
AcDbLine
 10
-233.749647003
 20
-33.005
 30
0.0
 11
-233.749647003
 21
-33.0
 31
0.0
  0
LINE
  5
699
330
1F
100
AcDbEntity
  8
OUTLINE
  6
SDS2_5
 62
     1
100
AcDbLine
 10
-233.749647003
 20
-33.0
 30
0.0
 11
-233.749647003
 21
-30.5
 31
0.0
  0
LINE
  5
69A
330
1F
100
AcDbEntity
  8
OUTLINE
  6
SDS2_5
 62
     1
100
AcDbLine
 10
-233.749647003
 20
-30.5
 30
0.0
 11
-233.749647003
 21
-30.495
 31
0.0
  0
LINE
  5
69B
330
1F
100
AcDbEntity
  8
OUTLINE
  6
SDS2_5
 62
     1
100
AcDbLine
 10
-233.749647003
 20
-30.495
 30
0.0
 11
-233.127786426
 21
-30.495
 31
0.0
  0
LINE
  5
69C
330
1F
100
AcDbEntity
  8
OUTLINE
  6
SDS2_5
 62
     1
100
AcDbLine
 10
-233.127786426
 20
-33.005
 30
0.0
 11
-233.749647003
 21
-33.005
 31
0.0
  0
LINE
  5
69D
330
1F
100
AcDbEntity
  8
OUTLINE
  6
SDS2_5
 62
     1
100
AcDbLine
 10
-219.627786426
 20
-33.005
 30
0.0
 11
-219.627786426
 21
-33.0
 31
0.0
  0
LINE
  5
69E
330
1F
100
AcDbEntity
  8
OUTLINE
  6
SDS2_5
 62
     1
100
AcDbLine
 10
-219.627786426
 20
-33.0
 30
0.0
 11
-219.627786426
 21
-30.5
 31
0.0
  0
LINE
  5
69F
330
1F
100
AcDbEntity
  8
OUTLINE
  6
SDS2_5
 62
     1
100
AcDbLine
 10
-219.627786426
 20
-30.5
 30
0.0
 11
-219.627786426
 21
-30.495
 31
0.0
  0
LINE
  5
6A0
330
1F
100
AcDbEntity
  8
OUTLINE
  6
SDS2_5
 62
     1
100
AcDbLine
 10
-219.627786426
 20
-30.495
 30
0.0
 11
-219.053761277
 21
-30.495
 31
0.0
  0
LINE
  5
6A1
330
1F
100
AcDbEntity
  8
OUTLINE
  6
SDS2_5
 62
     1
100
AcDbLine
 10
-219.053761277
 20
-30.495
 30
0.0
 11
-219.053761277
 21
-30.5
 31
0.0
  0
LINE
  5
6A2
330
1F
100
AcDbEntity
  8
OUTLINE
  6
SDS2_5
 62
     1
100
AcDbLine
 10
-219.053761277
 20
-30.5
 30
0.0
 11
-219.053761277
 21
-33.0
 31
0.0
  0
LINE
  5
6A3
330
1F
100
AcDbEntity
  8
OUTLINE
  6
SDS2_5
 62
     1
100
AcDbLine
 10
-219.053761277
 20
-33.0
 30
0.0
 11
-219.053761277
 21
-33.005
 31
0.0
  0
LINE
  5
6A4
330
1F
100
AcDbEntity
  8
OUTLINE
  6
SDS2_5
 62
     1
100
AcDbLine
 10
-219.053761277
 20
-33.005
 30
0.0
 11
-219.627786426
 21
-33.005
 31
0.0
  0
LINE
  5
6A5
330
1F
100
AcDbEntity
  8
OUTLINE
  6
SDS2_5
 62
     1
100
AcDbLine
 10
-219.053761277
 20
-30.495
 30
0.0
 11
-218.567126254
 21
-30.495
 31
0.0
  0
LINE
  5
6A6
330
1F
100
AcDbEntity
  8
OUTLINE
  6
SDS2_5
 62
     1
100
AcDbLine
 10
-218.567126254
 20
-30.495
 30
0.0
 11
-218.567126254
 21
-30.5
 31
0.0
  0
LINE
  5
6A7
330
1F
100
AcDbEntity
  8
OUTLINE
  6
SDS2_5
 62
     1
100
AcDbLine
 10
-218.567126254
 20
-30.5
 30
0.0
 11
-218.567126254
 21
-33.0
 31
0.0
  0
LINE
  5
6A8
330
1F
100
AcDbEntity
  8
OUTLINE
  6
SDS2_5
 62
     1
100
AcDbLine
 10
-218.567126254
 20
-33.0
 30
0.0
 11
-218.567126254
 21
-33.005
 31
0.0
  0
LINE
  5
6A9
330
1F
100
AcDbEntity
  8
OUTLINE
  6
SDS2_5
 62
     1
100
AcDbLine
 10
-218.567126254
 20
-33.005
 30
0.0
 11
-219.053761277
 21
-33.005
 31
0.0
  0
LINE
  5
6AA
330
1F
100
AcDbEntity
  8
OUTLINE
  6
SDS2_5
 62
     1
100
AcDbLine
 10
-218.567126254
 20
-30.495
 30
0.0
 11
-218.241967127
 21
-30.495
 31
0.0
  0
LINE
  5
6AB
330
1F
100
AcDbEntity
  8
OUTLINE
  6
SDS2_5
 62
     1
100
AcDbLine
 10
-218.241967127
 20
-30.495
 30
0.0
 11
-218.241967127
 21
-30.5
 31
0.0
  0
LINE
  5
6AC
330
1F
100
AcDbEntity
  8
OUTLINE
  6
SDS2_5
 62
     1
100
AcDbLine
 10
-218.241967127
 20
-30.5
 30
0.0
 11
-218.241967127
 21
-33.0
 31
0.0
  0
LINE
  5
6AD
330
1F
100
AcDbEntity
  8
OUTLINE
  6
SDS2_5
 62
     1
100
AcDbLine
 10
-218.241967127
 20
-33.0
 30
0.0
 11
-218.241967127
 21
-33.005
 31
0.0
  0
LINE
  5
6AE
330
1F
100
AcDbEntity
  8
OUTLINE
  6
SDS2_5
 62
     1
100
AcDbLine
 10
-218.241967127
 20
-33.005
 30
0.0
 11
-218.567126254
 21
-33.005
 31
0.0
  0
LINE
  5
6AF
330
1F
100
AcDbEntity
  8
OUTLINE
  6
SDS2_5
 62
     1
100
AcDbLine
 10
-218.241967127
 20
-30.495
 30
0.0
 11
-218.127786426
 21
-30.495
 31
0.0
  0
LINE
  5
6B0
330
1F
100
AcDbEntity
  8
OUTLINE
  6
SDS2_5
 62
     1
100
AcDbLine
 10
-218.127786426
 20
-33.005
 30
0.0
 11
-218.241967127
 21
-33.005
 31
0.0
  0
LINE
  5
6B1
330
1F
100
AcDbEntity
  8
OUTLINE
  6
CONTINUOUS
 62
     2
100
AcDbLine
 10
-218.127786426
 20
-33.005
 30
0.0
 11
-218.127786426
 21
-33.0
 31
0.0
  0
LINE
  5
6B2
330
1F
100
AcDbEntity
  8
OUTLINE
  6
SDS2_5
 62
     1
100
AcDbLine
 10
-218.127786426
 20
-33.0
 30
0.0
 11
-218.127786426
 21
-30.5
 31
0.0
  0
LINE
  5
6B3
330
1F
100
AcDbEntity
  8
OUTLINE
  6
CONTINUOUS
 62
     2
100
AcDbLine
 10
-218.127786426
 20
-30.5
 30
0.0
 11
-218.127786426
 21
-30.495
 31
0.0
  0
LINE
  5
6B4
330
1F
100
AcDbEntity
  8
OUTLINE
  6
CONTINUOUS
 62
     2
100
AcDbLine
 10
-221.127786426
 20
-30.495
 30
0.0
 11
-221.127786426
 21
-30.5
 31
0.0
  0
LINE
  5
6B5
330
1F
100
AcDbEntity
  8
OUTLINE
  6
SDS2_5
 62
     1
100
AcDbLine
 10
-221.127786426
 20
-30.5
 30
0.0
 11
-221.127786426
 21
-33.0
 31
0.0
  0
LINE
  5
6B6
330
1F
100
AcDbEntity
  8
OUTLINE
  6
CONTINUOUS
 62
     2
100
AcDbLine
 10
-221.127786426
 20
-33.0
 30
0.0
 11
-221.127786426
 21
-33.005
 31
0.0
  0
LINE
  5
6B7
330
1F
100
AcDbEntity
  8
OUTLINE
  6
SDS2_5
 62
     1
100
AcDbLine
 10
-221.127786426
 20
-30.495
 30
0.0
 11
-221.013605725
 21
-30.495
 31
0.0
  0
LINE
  5
6B8
330
1F
100
AcDbEntity
  8
OUTLINE
  6
SDS2_5
 62
     1
100
AcDbLine
 10
-221.013605725
 20
-33.005
 30
0.0
 11
-221.127786426
 21
-33.005
 31
0.0
  0
LINE
  5
6B9
330
1F
100
AcDbEntity
  8
OUTLINE
  6
SDS2_5
 62
     1
100
AcDbLine
 10
-221.013605725
 20
-33.005
 30
0.0
 11
-221.013605725
 21
-33.0
 31
0.0
  0
LINE
  5
6BA
330
1F
100
AcDbEntity
  8
OUTLINE
  6
SDS2_5
 62
     1
100
AcDbLine
 10
-221.013605725
 20
-33.0
 30
0.0
 11
-221.013605725
 21
-30.5
 31
0.0
  0
LINE
  5
6BB
330
1F
100
AcDbEntity
  8
OUTLINE
  6
SDS2_5
 62
     1
100
AcDbLine
 10
-221.013605725
 20
-30.5
 30
0.0
 11
-221.013605725
 21
-30.495
 31
0.0
  0
LINE
  5
6BC
330
1F
100
AcDbEntity
  8
OUTLINE
  6
SDS2_5
 62
     1
100
AcDbLine
 10
-221.013605725
 20
-30.495
 30
0.0
 11
-220.688446598
 21
-30.495
 31
0.0
  0
LINE
  5
6BD
330
1F
100
AcDbEntity
  8
OUTLINE
  6
SDS2_5
 62
     1
100
AcDbLine
 10
-220.688446598
 20
-33.005
 30
0.0
 11
-221.013605725
 21
-33.005
 31
0.0
  0
LINE
  5
6BE
330
1F
100
AcDbEntity
  8
OUTLINE
  6
SDS2_5
 62
     1
100
AcDbLine
 10
-220.688446598
 20
-33.005
 30
0.0
 11
-220.688446598
 21
-33.0
 31
0.0
  0
LINE
  5
6BF
330
1F
100
AcDbEntity
  8
OUTLINE
  6
SDS2_5
 62
     1
100
AcDbLine
 10
-220.688446598
 20
-33.0
 30
0.0
 11
-220.688446598
 21
-30.5
 31
0.0
  0
LINE
  5
6C0
330
1F
100
AcDbEntity
  8
OUTLINE
  6
SDS2_5
 62
     1
100
AcDbLine
 10
-220.688446598
 20
-30.5
 30
0.0
 11
-220.688446598
 21
-30.495
 31
0.0
  0
LINE
  5
6C1
330
1F
100
AcDbEntity
  8
OUTLINE
  6
SDS2_5
 62
     1
100
AcDbLine
 10
-220.688446598
 20
-30.495
 30
0.0
 11
-220.201811574
 21
-30.495
 31
0.0
  0
LINE
  5
6C2
330
1F
100
AcDbEntity
  8
OUTLINE
  6
SDS2_5
 62
     1
100
AcDbLine
 10
-220.201811574
 20
-33.005
 30
0.0
 11
-220.688446598
 21
-33.005
 31
0.0
  0
LINE
  5
6C3
330
1F
100
AcDbEntity
  8
OUTLINE
  6
SDS2_5
 62
     1
100
AcDbLine
 10
-220.201811574
 20
-33.005
 30
0.0
 11
-220.201811574
 21
-33.0
 31
0.0
  0
LINE
  5
6C4
330
1F
100
AcDbEntity
  8
OUTLINE
  6
SDS2_5
 62
     1
100
AcDbLine
 10
-220.201811574
 20
-33.0
 30
0.0
 11
-220.201811574
 21
-30.5
 31
0.0
  0
LINE
  5
6C5
330
1F
100
AcDbEntity
  8
OUTLINE
  6
SDS2_5
 62
     1
100
AcDbLine
 10
-220.201811574
 20
-30.5
 30
0.0
 11
-220.201811574
 21
-30.495
 31
0.0
  0
LINE
  5
6C6
330
1F
100
AcDbEntity
  8
OUTLINE
  6
SDS2_5
 62
     1
100
AcDbLine
 10
-220.201811574
 20
-30.495
 30
0.0
 11
-219.627786426
 21
-30.495
 31
0.0
  0
LINE
  5
6C7
330
1F
100
AcDbEntity
  8
OUTLINE
  6
SDS2_5
 62
     1
100
AcDbLine
 10
-219.627786426
 20
-33.005
 30
0.0
 11
-220.201811574
 21
-33.005
 31
0.0
  0
LINE
  5
6C8
330
1F
100
AcDbEntity
  8
OUTLINE
  6
SDS2_5
 62
     1
100
AcDbLine
 10
-225.627786426
 20
-33.005
 30
0.0
 11
-225.627786426
 21
-33.0
 31
0.0
  0
LINE
  5
6C9
330
1F
100
AcDbEntity
  8
OUTLINE
  6
SDS2_5
 62
     1
100
AcDbLine
 10
-225.627786426
 20
-33.0
 30
0.0
 11
-225.627786426
 21
-30.5
 31
0.0
  0
LINE
  5
6CA
330
1F
100
AcDbEntity
  8
OUTLINE
  6
SDS2_5
 62
     1
100
AcDbLine
 10
-225.627786426
 20
-30.5
 30
0.0
 11
-225.627786426
 21
-30.495
 31
0.0
  0
LINE
  5
6CB
330
1F
100
AcDbEntity
  8
OUTLINE
  6
SDS2_5
 62
     1
100
AcDbLine
 10
-225.627786426
 20
-30.495
 30
0.0
 11
-225.053761277
 21
-30.495
 31
0.0
  0
LINE
  5
6CC
330
1F
100
AcDbEntity
  8
OUTLINE
  6
SDS2_5
 62
     1
100
AcDbLine
 10
-225.053761277
 20
-30.495
 30
0.0
 11
-225.053761277
 21
-30.5
 31
0.0
  0
LINE
  5
6CD
330
1F
100
AcDbEntity
  8
OUTLINE
  6
SDS2_5
 62
     1
100
AcDbLine
 10
-225.053761277
 20
-30.5
 30
0.0
 11
-225.053761277
 21
-33.0
 31
0.0
  0
LINE
  5
6CE
330
1F
100
AcDbEntity
  8
OUTLINE
  6
SDS2_5
 62
     1
100
AcDbLine
 10
-225.053761277
 20
-33.0
 30
0.0
 11
-225.053761277
 21
-33.005
 31
0.0
  0
LINE
  5
6CF
330
1F
100
AcDbEntity
  8
OUTLINE
  6
SDS2_5
 62
     1
100
AcDbLine
 10
-225.053761277
 20
-33.005
 30
0.0
 11
-225.627786426
 21
-33.005
 31
0.0
  0
LINE
  5
6D0
330
1F
100
AcDbEntity
  8
OUTLINE
  6
SDS2_5
 62
     1
100
AcDbLine
 10
-225.053761277
 20
-30.495
 30
0.0
 11
-224.567126254
 21
-30.495
 31
0.0
  0
LINE
  5
6D1
330
1F
100
AcDbEntity
  8
OUTLINE
  6
SDS2_5
 62
     1
100
AcDbLine
 10
-224.567126254
 20
-30.495
 30
0.0
 11
-224.567126254
 21
-30.5
 31
0.0
  0
LINE
  5
6D2
330
1F
100
AcDbEntity
  8
OUTLINE
  6
SDS2_5
 62
     1
100
AcDbLine
 10
-224.567126254
 20
-30.5
 30
0.0
 11
-224.567126254
 21
-33.0
 31
0.0
  0
LINE
  5
6D3
330
1F
100
AcDbEntity
  8
OUTLINE
  6
SDS2_5
 62
     1
100
AcDbLine
 10
-224.567126254
 20
-33.0
 30
0.0
 11
-224.567126254
 21
-33.005
 31
0.0
  0
LINE
  5
6D4
330
1F
100
AcDbEntity
  8
OUTLINE
  6
SDS2_5
 62
     1
100
AcDbLine
 10
-224.567126254
 20
-33.005
 30
0.0
 11
-225.053761277
 21
-33.005
 31
0.0
  0
LINE
  5
6D5
330
1F
100
AcDbEntity
  8
OUTLINE
  6
SDS2_5
 62
     1
100
AcDbLine
 10
-224.567126254
 20
-30.495
 30
0.0
 11
-224.241967127
 21
-30.495
 31
0.0
  0
LINE
  5
6D6
330
1F
100
AcDbEntity
  8
OUTLINE
  6
SDS2_5
 62
     1
100
AcDbLine
 10
-224.241967127
 20
-30.495
 30
0.0
 11
-224.241967127
 21
-30.5
 31
0.0
  0
LINE
  5
6D7
330
1F
100
AcDbEntity
  8
OUTLINE
  6
SDS2_5
 62
     1
100
AcDbLine
 10
-224.241967127
 20
-30.5
 30
0.0
 11
-224.241967127
 21
-33.0
 31
0.0
  0
LINE
  5
6D8
330
1F
100
AcDbEntity
  8
OUTLINE
  6
SDS2_5
 62
     1
100
AcDbLine
 10
-224.241967127
 20
-33.0
 30
0.0
 11
-224.241967127
 21
-33.005
 31
0.0
  0
LINE
  5
6D9
330
1F
100
AcDbEntity
  8
OUTLINE
  6
SDS2_5
 62
     1
100
AcDbLine
 10
-224.241967127
 20
-33.005
 30
0.0
 11
-224.567126254
 21
-33.005
 31
0.0
  0
LINE
  5
6DA
330
1F
100
AcDbEntity
  8
OUTLINE
  6
SDS2_5
 62
     1
100
AcDbLine
 10
-224.241967127
 20
-30.495
 30
0.0
 11
-224.127786426
 21
-30.495
 31
0.0
  0
LINE
  5
6DB
330
1F
100
AcDbEntity
  8
OUTLINE
  6
SDS2_5
 62
     1
100
AcDbLine
 10
-224.127786426
 20
-33.005
 30
0.0
 11
-224.241967127
 21
-33.005
 31
0.0
  0
LINE
  5
6DC
330
1F
100
AcDbEntity
  8
OUTLINE
  6
CONTINUOUS
 62
     2
100
AcDbLine
 10
-224.127786426
 20
-33.005
 30
0.0
 11
-224.127786426
 21
-33.0
 31
0.0
  0
LINE
  5
6DD
330
1F
100
AcDbEntity
  8
OUTLINE
  6
SDS2_5
 62
     1
100
AcDbLine
 10
-224.127786426
 20
-33.0
 30
0.0
 11
-224.127786426
 21
-30.5
 31
0.0
  0
LINE
  5
6DE
330
1F
100
AcDbEntity
  8
OUTLINE
  6
CONTINUOUS
 62
     2
100
AcDbLine
 10
-224.127786426
 20
-30.5
 30
0.0
 11
-224.127786426
 21
-30.495
 31
0.0
  0
LINE
  5
6DF
330
1F
100
AcDbEntity
  8
OUTLINE
  6
CONTINUOUS
 62
     2
100
AcDbLine
 10
-227.127786426
 20
-30.495
 30
0.0
 11
-227.127786426
 21
-30.5
 31
0.0
  0
LINE
  5
6E0
330
1F
100
AcDbEntity
  8
OUTLINE
  6
SDS2_5
 62
     1
100
AcDbLine
 10
-227.127786426
 20
-30.5
 30
0.0
 11
-227.127786426
 21
-33.0
 31
0.0
  0
LINE
  5
6E1
330
1F
100
AcDbEntity
  8
OUTLINE
  6
CONTINUOUS
 62
     2
100
AcDbLine
 10
-227.127786426
 20
-33.0
 30
0.0
 11
-227.127786426
 21
-33.005
 31
0.0
  0
LINE
  5
6E2
330
1F
100
AcDbEntity
  8
OUTLINE
  6
SDS2_5
 62
     1
100
AcDbLine
 10
-227.127786426
 20
-30.495
 30
0.0
 11
-227.013605725
 21
-30.495
 31
0.0
  0
LINE
  5
6E3
330
1F
100
AcDbEntity
  8
OUTLINE
  6
SDS2_5
 62
     1
100
AcDbLine
 10
-227.013605725
 20
-33.005
 30
0.0
 11
-227.127786426
 21
-33.005
 31
0.0
  0
LINE
  5
6E4
330
1F
100
AcDbEntity
  8
OUTLINE
  6
SDS2_5
 62
     1
100
AcDbLine
 10
-227.013605725
 20
-33.005
 30
0.0
 11
-227.013605725
 21
-33.0
 31
0.0
  0
LINE
  5
6E5
330
1F
100
AcDbEntity
  8
OUTLINE
  6
SDS2_5
 62
     1
100
AcDbLine
 10
-227.013605725
 20
-33.0
 30
0.0
 11
-227.013605725
 21
-30.5
 31
0.0
  0
LINE
  5
6E6
330
1F
100
AcDbEntity
  8
OUTLINE
  6
SDS2_5
 62
     1
100
AcDbLine
 10
-227.013605725
 20
-30.5
 30
0.0
 11
-227.013605725
 21
-30.495
 31
0.0
  0
LINE
  5
6E7
330
1F
100
AcDbEntity
  8
OUTLINE
  6
SDS2_5
 62
     1
100
AcDbLine
 10
-227.013605725
 20
-30.495
 30
0.0
 11
-226.688446598
 21
-30.495
 31
0.0
  0
LINE
  5
6E8
330
1F
100
AcDbEntity
  8
OUTLINE
  6
SDS2_5
 62
     1
100
AcDbLine
 10
-226.688446598
 20
-33.005
 30
0.0
 11
-227.013605725
 21
-33.005
 31
0.0
  0
LINE
  5
6E9
330
1F
100
AcDbEntity
  8
OUTLINE
  6
SDS2_5
 62
     1
100
AcDbLine
 10
-226.688446598
 20
-33.005
 30
0.0
 11
-226.688446598
 21
-33.0
 31
0.0
  0
LINE
  5
6EA
330
1F
100
AcDbEntity
  8
OUTLINE
  6
SDS2_5
 62
     1
100
AcDbLine
 10
-226.688446598
 20
-33.0
 30
0.0
 11
-226.688446598
 21
-30.5
 31
0.0
  0
LINE
  5
6EB
330
1F
100
AcDbEntity
  8
OUTLINE
  6
SDS2_5
 62
     1
100
AcDbLine
 10
-226.688446598
 20
-30.5
 30
0.0
 11
-226.688446598
 21
-30.495
 31
0.0
  0
LINE
  5
6EC
330
1F
100
AcDbEntity
  8
OUTLINE
  6
SDS2_5
 62
     1
100
AcDbLine
 10
-226.688446598
 20
-30.495
 30
0.0
 11
-226.201811574
 21
-30.495
 31
0.0
  0
LINE
  5
6ED
330
1F
100
AcDbEntity
  8
OUTLINE
  6
SDS2_5
 62
     1
100
AcDbLine
 10
-226.201811574
 20
-33.005
 30
0.0
 11
-226.688446598
 21
-33.005
 31
0.0
  0
LINE
  5
6EE
330
1F
100
AcDbEntity
  8
OUTLINE
  6
SDS2_5
 62
     1
100
AcDbLine
 10
-226.201811574
 20
-33.005
 30
0.0
 11
-226.201811574
 21
-33.0
 31
0.0
  0
LINE
  5
6EF
330
1F
100
AcDbEntity
  8
OUTLINE
  6
SDS2_5
 62
     1
100
AcDbLine
 10
-226.201811574
 20
-33.0
 30
0.0
 11
-226.201811574
 21
-30.5
 31
0.0
  0
LINE
  5
6F0
330
1F
100
AcDbEntity
  8
OUTLINE
  6
SDS2_5
 62
     1
100
AcDbLine
 10
-226.201811574
 20
-30.5
 30
0.0
 11
-226.201811574
 21
-30.495
 31
0.0
  0
LINE
  5
6F1
330
1F
100
AcDbEntity
  8
OUTLINE
  6
SDS2_5
 62
     1
100
AcDbLine
 10
-226.201811574
 20
-30.495
 30
0.0
 11
-225.627786426
 21
-30.495
 31
0.0
  0
LINE
  5
6F2
330
1F
100
AcDbEntity
  8
OUTLINE
  6
SDS2_5
 62
     1
100
AcDbLine
 10
-225.627786426
 20
-33.005
 30
0.0
 11
-226.201811574
 21
-33.005
 31
0.0
  0
LINE
  5
6F3
330
1F
100
AcDbEntity
  8
OUTLINE
  6
SDS2_5
 62
     1
100
AcDbLine
 10
-121.876427734
 20
10.10400012
 30
0.0
 11
-121.871427734
 21
10.10400012
 31
0.0
  0
LINE
  5
6F4
330
1F
100
AcDbEntity
  8
OUTLINE
  6
SDS2_5
 62
     1
100
AcDbLine
 10
-121.871427734
 20
10.10400012
 30
0.0
 11
-121.496427734
 21
10.10400012
 31
0.0
  0
LINE
  5
6F5
330
1F
100
AcDbEntity
  8
OUTLINE
  6
SDS2_5
 62
     1
100
AcDbLine
 10
-121.496427734
 20
10.10400012
 30
0.0
 11
-121.491427734
 21
10.10400012
 31
0.0
  0
LINE
  5
6F6
330
1F
100
AcDbEntity
  8
OUTLINE
  6
SDS2_5
 62
     1
100
AcDbLine
 10
-121.491427734
 20
10.10400012
 30
0.0
 11
-121.491427734
 21
9.948534976
 31
0.0
  0
LINE
  5
6F7
330
1F
100
AcDbEntity
  8
OUTLINE
  6
SDS2_5
 62
     1
100
AcDbLine
 10
-121.491427734
 20
9.948534976
 30
0.0
 11
-121.496427734
 21
9.948534976
 31
0.0
  0
LINE
  5
6F8
330
1F
100
AcDbEntity
  8
OUTLINE
  6
SDS2_5
 62
     1
100
AcDbLine
 10
-121.496427734
 20
9.948534976
 30
0.0
 11
-121.871427734
 21
9.948534976
 31
0.0
  0
LINE
  5
6F9
330
1F
100
AcDbEntity
  8
OUTLINE
  6
SDS2_5
 62
     1
100
AcDbLine
 10
-121.871427734
 20
9.948534976
 30
0.0
 11
-121.876427734
 21
9.948534976
 31
0.0
  0
LINE
  5
6FA
330
1F
100
AcDbEntity
  8
OUTLINE
  6
SDS2_5
 62
     1
100
AcDbLine
 10
-121.876427734
 20
9.948534976
 30
0.0
 11
-121.876427734
 21
10.10400012
 31
0.0
  0
LINE
  5
6FB
330
1F
100
AcDbEntity
  8
OUTLINE
  6
SDS2_5
 62
     1
100
AcDbLine
 10
-121.491427734
 20
9.948534976
 30
0.0
 11
-121.491427734
 21
9.81673799
 31
0.0
  0
LINE
  5
6FC
330
1F
100
AcDbEntity
  8
OUTLINE
  6
SDS2_5
 62
     1
100
AcDbLine
 10
-121.491427734
 20
9.81673799
 30
0.0
 11
-121.496427734
 21
9.81673799
 31
0.0
  0
LINE
  5
6FD
330
1F
100
AcDbEntity
  8
OUTLINE
  6
SDS2_5
 62
     1
100
AcDbLine
 10
-121.496427734
 20
9.81673799
 30
0.0
 11
-121.871427734
 21
9.81673799
 31
0.0
  0
LINE
  5
6FE
330
1F
100
AcDbEntity
  8
OUTLINE
  6
SDS2_5
 62
     1
100
AcDbLine
 10
-121.871427734
 20
9.81673799
 30
0.0
 11
-121.876427734
 21
9.81673799
 31
0.0
  0
LINE
  5
6FF
330
1F
100
AcDbEntity
  8
OUTLINE
  6
SDS2_5
 62
     1
100
AcDbLine
 10
-121.876427734
 20
9.81673799
 30
0.0
 11
-121.876427734
 21
9.948534976
 31
0.0
  0
LINE
  5
700
330
1F
100
AcDbEntity
  8
OUTLINE
  6
SDS2_5
 62
     1
100
AcDbLine
 10
-121.491427734
 20
9.81673799
 30
0.0
 11
-121.491427734
 21
9.72867406
 31
0.0
  0
LINE
  5
701
330
1F
100
AcDbEntity
  8
OUTLINE
  6
SDS2_5
 62
     1
100
AcDbLine
 10
-121.491427734
 20
9.72867406
 30
0.0
 11
-121.496427734
 21
9.72867406
 31
0.0
  0
LINE
  5
702
330
1F
100
AcDbEntity
  8
OUTLINE
  6
SDS2_5
 62
     1
100
AcDbLine
 10
-121.496427734
 20
9.72867406
 30
0.0
 11
-121.871427734
 21
9.72867406
 31
0.0
  0
LINE
  5
703
330
1F
100
AcDbEntity
  8
OUTLINE
  6
SDS2_5
 62
     1
100
AcDbLine
 10
-121.871427734
 20
9.72867406
 30
0.0
 11
-121.876427734
 21
9.72867406
 31
0.0
  0
LINE
  5
704
330
1F
100
AcDbEntity
  8
OUTLINE
  6
SDS2_5
 62
     1
100
AcDbLine
 10
-121.876427734
 20
9.72867406
 30
0.0
 11
-121.876427734
 21
9.81673799
 31
0.0
  0
LINE
  5
705
330
1F
100
AcDbEntity
  8
OUTLINE
  6
SDS2_5
 62
     1
100
AcDbLine
 10
-121.491427734
 20
9.72867406
 30
0.0
 11
-121.491427734
 21
9.69775012
 31
0.0
  0
LINE
  5
706
330
1F
100
AcDbEntity
  8
OUTLINE
  6
SDS2_5
 62
     1
100
AcDbLine
 10
-121.876427734
 20
9.69775012
 30
0.0
 11
-121.876427734
 21
9.72867406
 31
0.0
  0
LINE
  5
707
330
1F
100
AcDbEntity
  8
OUTLINE
  6
CONTINUOUS
 62
     2
100
AcDbLine
 10
-121.876427734
 20
9.69775012
 30
0.0
 11
-121.871427734
 21
9.69775012
 31
0.0
  0
LINE
  5
708
330
1F
100
AcDbEntity
  8
OUTLINE
  6
SDS2_5
 62
     1
100
AcDbLine
 10
-121.871427734
 20
9.69775012
 30
0.0
 11
-121.496427734
 21
9.69775012
 31
0.0
  0
LINE
  5
709
330
1F
100
AcDbEntity
  8
OUTLINE
  6
CONTINUOUS
 62
     2
100
AcDbLine
 10
-121.496427734
 20
9.69775012
 30
0.0
 11
-121.491427734
 21
9.69775012
 31
0.0
  0
LINE
  5
70A
330
1F
100
AcDbEntity
  8
OUTLINE
  6
CONTINUOUS
 62
     2
100
AcDbLine
 10
-121.491427734
 20
10.51025012
 30
0.0
 11
-121.496427734
 21
10.51025012
 31
0.0
  0
LINE
  5
70B
330
1F
100
AcDbEntity
  8
OUTLINE
  6
SDS2_5
 62
     1
100
AcDbLine
 10
-121.496427734
 20
10.51025012
 30
0.0
 11
-121.871427734
 21
10.51025012
 31
0.0
  0
LINE
  5
70C
330
1F
100
AcDbEntity
  8
OUTLINE
  6
CONTINUOUS
 62
     2
100
AcDbLine
 10
-121.871427734
 20
10.51025012
 30
0.0
 11
-121.876427734
 21
10.51025012
 31
0.0
  0
LINE
  5
70D
330
1F
100
AcDbEntity
  8
OUTLINE
  6
SDS2_5
 62
     1
100
AcDbLine
 10
-121.491427734
 20
10.51025012
 30
0.0
 11
-121.491427734
 21
10.47932618
 31
0.0
  0
LINE
  5
70E
330
1F
100
AcDbEntity
  8
OUTLINE
  6
SDS2_5
 62
     1
100
AcDbLine
 10
-121.876427734
 20
10.47932618
 30
0.0
 11
-121.876427734
 21
10.51025012
 31
0.0
  0
LINE
  5
70F
330
1F
100
AcDbEntity
  8
OUTLINE
  6
SDS2_5
 62
     1
100
AcDbLine
 10
-121.876427734
 20
10.47932618
 30
0.0
 11
-121.871427734
 21
10.47932618
 31
0.0
  0
LINE
  5
710
330
1F
100
AcDbEntity
  8
OUTLINE
  6
SDS2_5
 62
     1
100
AcDbLine
 10
-121.871427734
 20
10.47932618
 30
0.0
 11
-121.496427734
 21
10.47932618
 31
0.0
  0
LINE
  5
711
330
1F
100
AcDbEntity
  8
OUTLINE
  6
SDS2_5
 62
     1
100
AcDbLine
 10
-121.496427734
 20
10.47932618
 30
0.0
 11
-121.491427734
 21
10.47932618
 31
0.0
  0
LINE
  5
712
330
1F
100
AcDbEntity
  8
OUTLINE
  6
SDS2_5
 62
     1
100
AcDbLine
 10
-121.491427734
 20
10.47932618
 30
0.0
 11
-121.491427734
 21
10.39126225
 31
0.0
  0
LINE
  5
713
330
1F
100
AcDbEntity
  8
OUTLINE
  6
SDS2_5
 62
     1
100
AcDbLine
 10
-121.876427734
 20
10.39126225
 30
0.0
 11
-121.876427734
 21
10.47932618
 31
0.0
  0
LINE
  5
714
330
1F
100
AcDbEntity
  8
OUTLINE
  6
SDS2_5
 62
     1
100
AcDbLine
 10
-121.876427734
 20
10.39126225
 30
0.0
 11
-121.871427734
 21
10.39126225
 31
0.0
  0
LINE
  5
715
330
1F
100
AcDbEntity
  8
OUTLINE
  6
SDS2_5
 62
     1
100
AcDbLine
 10
-121.871427734
 20
10.39126225
 30
0.0
 11
-121.496427734
 21
10.39126225
 31
0.0
  0
LINE
  5
716
330
1F
100
AcDbEntity
  8
OUTLINE
  6
SDS2_5
 62
     1
100
AcDbLine
 10
-121.496427734
 20
10.39126225
 30
0.0
 11
-121.491427734
 21
10.39126225
 31
0.0
  0
LINE
  5
717
330
1F
100
AcDbEntity
  8
OUTLINE
  6
SDS2_5
 62
     1
100
AcDbLine
 10
-121.491427734
 20
10.39126225
 30
0.0
 11
-121.491427734
 21
10.259465264
 31
0.0
  0
LINE
  5
718
330
1F
100
AcDbEntity
  8
OUTLINE
  6
SDS2_5
 62
     1
100
AcDbLine
 10
-121.876427734
 20
10.259465264
 30
0.0
 11
-121.876427734
 21
10.39126225
 31
0.0
  0
LINE
  5
719
330
1F
100
AcDbEntity
  8
OUTLINE
  6
SDS2_5
 62
     1
100
AcDbLine
 10
-121.876427734
 20
10.259465264
 30
0.0
 11
-121.871427734
 21
10.259465264
 31
0.0
  0
LINE
  5
71A
330
1F
100
AcDbEntity
  8
OUTLINE
  6
SDS2_5
 62
     1
100
AcDbLine
 10
-121.871427734
 20
10.259465264
 30
0.0
 11
-121.496427734
 21
10.259465264
 31
0.0
  0
LINE
  5
71B
330
1F
100
AcDbEntity
  8
OUTLINE
  6
SDS2_5
 62
     1
100
AcDbLine
 10
-121.496427734
 20
10.259465264
 30
0.0
 11
-121.491427734
 21
10.259465264
 31
0.0
  0
LINE
  5
71C
330
1F
100
AcDbEntity
  8
OUTLINE
  6
SDS2_5
 62
     1
100
AcDbLine
 10
-121.491427734
 20
10.259465264
 30
0.0
 11
-121.491427734
 21
10.10400012
 31
0.0
  0
LINE
  5
71D
330
1F
100
AcDbEntity
  8
OUTLINE
  6
SDS2_5
 62
     1
100
AcDbLine
 10
-121.876427734
 20
10.10400012
 30
0.0
 11
-121.876427734
 21
10.259465264
 31
0.0
  0
LINE
  5
71E
330
1F
100
AcDbEntity
  8
OUTLINE
  6
SDS2_5
 62
     1
100
AcDbLine
 10
-121.876427734
 20
-6.62349988
 30
0.0
 11
-121.871427734
 21
-6.62349988
 31
0.0
  0
LINE
  5
71F
330
1F
100
AcDbEntity
  8
OUTLINE
  6
SDS2_5
 62
     1
100
AcDbLine
 10
-121.871427734
 20
-6.62349988
 30
0.0
 11
-121.496427734
 21
-6.62349988
 31
0.0
  0
LINE
  5
720
330
1F
100
AcDbEntity
  8
OUTLINE
  6
SDS2_5
 62
     1
100
AcDbLine
 10
-121.496427734
 20
-6.62349988
 30
0.0
 11
-121.491427734
 21
-6.62349988
 31
0.0
  0
LINE
  5
721
330
1F
100
AcDbEntity
  8
OUTLINE
  6
SDS2_5
 62
     1
100
AcDbLine
 10
-121.491427734
 20
-6.62349988
 30
0.0
 11
-121.491427734
 21
-6.778965024
 31
0.0
  0
LINE
  5
722
330
1F
100
AcDbEntity
  8
OUTLINE
  6
SDS2_5
 62
     1
100
AcDbLine
 10
-121.491427734
 20
-6.778965024
 30
0.0
 11
-121.496427734
 21
-6.778965024
 31
0.0
  0
LINE
  5
723
330
1F
100
AcDbEntity
  8
OUTLINE
  6
SDS2_5
 62
     1
100
AcDbLine
 10
-121.496427734
 20
-6.778965024
 30
0.0
 11
-121.871427734
 21
-6.778965024
 31
0.0
  0
LINE
  5
724
330
1F
100
AcDbEntity
  8
OUTLINE
  6
SDS2_5
 62
     1
100
AcDbLine
 10
-121.871427734
 20
-6.778965024
 30
0.0
 11
-121.876427734
 21
-6.778965024
 31
0.0
  0
LINE
  5
725
330
1F
100
AcDbEntity
  8
OUTLINE
  6
SDS2_5
 62
     1
100
AcDbLine
 10
-121.876427734
 20
-6.778965024
 30
0.0
 11
-121.876427734
 21
-6.62349988
 31
0.0
  0
LINE
  5
726
330
1F
100
AcDbEntity
  8
OUTLINE
  6
SDS2_5
 62
     1
100
AcDbLine
 10
-121.491427734
 20
-6.778965024
 30
0.0
 11
-121.491427734
 21
-6.91076201
 31
0.0
  0
LINE
  5
727
330
1F
100
AcDbEntity
  8
OUTLINE
  6
SDS2_5
 62
     1
100
AcDbLine
 10
-121.491427734
 20
-6.91076201
 30
0.0
 11
-121.496427734
 21
-6.91076201
 31
0.0
  0
LINE
  5
728
330
1F
100
AcDbEntity
  8
OUTLINE
  6
SDS2_5
 62
     1
100
AcDbLine
 10
-121.496427734
 20
-6.91076201
 30
0.0
 11
-121.871427734
 21
-6.91076201
 31
0.0
  0
LINE
  5
729
330
1F
100
AcDbEntity
  8
OUTLINE
  6
SDS2_5
 62
     1
100
AcDbLine
 10
-121.871427734
 20
-6.91076201
 30
0.0
 11
-121.876427734
 21
-6.91076201
 31
0.0
  0
LINE
  5
72A
330
1F
100
AcDbEntity
  8
OUTLINE
  6
SDS2_5
 62
     1
100
AcDbLine
 10
-121.876427734
 20
-6.91076201
 30
0.0
 11
-121.876427734
 21
-6.778965024
 31
0.0
  0
LINE
  5
72B
330
1F
100
AcDbEntity
  8
OUTLINE
  6
SDS2_5
 62
     1
100
AcDbLine
 10
-121.491427734
 20
-6.91076201
 30
0.0
 11
-121.491427734
 21
-6.99882594
 31
0.0
  0
LINE
  5
72C
330
1F
100
AcDbEntity
  8
OUTLINE
  6
SDS2_5
 62
     1
100
AcDbLine
 10
-121.491427734
 20
-6.99882594
 30
0.0
 11
-121.496427734
 21
-6.99882594
 31
0.0
  0
LINE
  5
72D
330
1F
100
AcDbEntity
  8
OUTLINE
  6
SDS2_5
 62
     1
100
AcDbLine
 10
-121.496427734
 20
-6.99882594
 30
0.0
 11
-121.871427734
 21
-6.99882594
 31
0.0
  0
LINE
  5
72E
330
1F
100
AcDbEntity
  8
OUTLINE
  6
SDS2_5
 62
     1
100
AcDbLine
 10
-121.871427734
 20
-6.99882594
 30
0.0
 11
-121.876427734
 21
-6.99882594
 31
0.0
  0
LINE
  5
72F
330
1F
100
AcDbEntity
  8
OUTLINE
  6
SDS2_5
 62
     1
100
AcDbLine
 10
-121.876427734
 20
-6.99882594
 30
0.0
 11
-121.876427734
 21
-6.91076201
 31
0.0
  0
LINE
  5
730
330
1F
100
AcDbEntity
  8
OUTLINE
  6
SDS2_5
 62
     1
100
AcDbLine
 10
-121.491427734
 20
-6.99882594
 30
0.0
 11
-121.491427734
 21
-7.02974988
 31
0.0
  0
LINE
  5
731
330
1F
100
AcDbEntity
  8
OUTLINE
  6
SDS2_5
 62
     1
100
AcDbLine
 10
-121.876427734
 20
-7.02974988
 30
0.0
 11
-121.876427734
 21
-6.99882594
 31
0.0
  0
LINE
  5
732
330
1F
100
AcDbEntity
  8
OUTLINE
  6
CONTINUOUS
 62
     2
100
AcDbLine
 10
-121.876427734
 20
-7.02974988
 30
0.0
 11
-121.871427734
 21
-7.02974988
 31
0.0
  0
LINE
  5
733
330
1F
100
AcDbEntity
  8
OUTLINE
  6
SDS2_5
 62
     1
100
AcDbLine
 10
-121.871427734
 20
-7.02974988
 30
0.0
 11
-121.496427734
 21
-7.02974988
 31
0.0
  0
LINE
  5
734
330
1F
100
AcDbEntity
  8
OUTLINE
  6
CONTINUOUS
 62
     2
100
AcDbLine
 10
-121.496427734
 20
-7.02974988
 30
0.0
 11
-121.491427734
 21
-7.02974988
 31
0.0
  0
LINE
  5
735
330
1F
100
AcDbEntity
  8
OUTLINE
  6
CONTINUOUS
 62
     2
100
AcDbLine
 10
-121.491427734
 20
-6.21724988
 30
0.0
 11
-121.496427734
 21
-6.21724988
 31
0.0
  0
LINE
  5
736
330
1F
100
AcDbEntity
  8
OUTLINE
  6
SDS2_5
 62
     1
100
AcDbLine
 10
-121.496427734
 20
-6.21724988
 30
0.0
 11
-121.871427734
 21
-6.21724988
 31
0.0
  0
LINE
  5
737
330
1F
100
AcDbEntity
  8
OUTLINE
  6
CONTINUOUS
 62
     2
100
AcDbLine
 10
-121.871427734
 20
-6.21724988
 30
0.0
 11
-121.876427734
 21
-6.21724988
 31
0.0
  0
LINE
  5
738
330
1F
100
AcDbEntity
  8
OUTLINE
  6
SDS2_5
 62
     1
100
AcDbLine
 10
-121.491427734
 20
-6.21724988
 30
0.0
 11
-121.491427734
 21
-6.24817382
 31
0.0
  0
LINE
  5
739
330
1F
100
AcDbEntity
  8
OUTLINE
  6
SDS2_5
 62
     1
100
AcDbLine
 10
-121.876427734
 20
-6.24817382
 30
0.0
 11
-121.876427734
 21
-6.21724988
 31
0.0
  0
LINE
  5
73A
330
1F
100
AcDbEntity
  8
OUTLINE
  6
SDS2_5
 62
     1
100
AcDbLine
 10
-121.876427734
 20
-6.24817382
 30
0.0
 11
-121.871427734
 21
-6.24817382
 31
0.0
  0
LINE
  5
73B
330
1F
100
AcDbEntity
  8
OUTLINE
  6
SDS2_5
 62
     1
100
AcDbLine
 10
-121.871427734
 20
-6.24817382
 30
0.0
 11
-121.496427734
 21
-6.24817382
 31
0.0
  0
LINE
  5
73C
330
1F
100
AcDbEntity
  8
OUTLINE
  6
SDS2_5
 62
     1
100
AcDbLine
 10
-121.496427734
 20
-6.24817382
 30
0.0
 11
-121.491427734
 21
-6.24817382
 31
0.0
  0
LINE
  5
73D
330
1F
100
AcDbEntity
  8
OUTLINE
  6
SDS2_5
 62
     1
100
AcDbLine
 10
-121.491427734
 20
-6.24817382
 30
0.0
 11
-121.491427734
 21
-6.33623775
 31
0.0
  0
LINE
  5
73E
330
1F
100
AcDbEntity
  8
OUTLINE
  6
SDS2_5
 62
     1
100
AcDbLine
 10
-121.876427734
 20
-6.33623775
 30
0.0
 11
-121.876427734
 21
-6.24817382
 31
0.0
  0
LINE
  5
73F
330
1F
100
AcDbEntity
  8
OUTLINE
  6
SDS2_5
 62
     1
100
AcDbLine
 10
-121.876427734
 20
-6.33623775
 30
0.0
 11
-121.871427734
 21
-6.33623775
 31
0.0
  0
LINE
  5
740
330
1F
100
AcDbEntity
  8
OUTLINE
  6
SDS2_5
 62
     1
100
AcDbLine
 10
-121.871427734
 20
-6.33623775
 30
0.0
 11
-121.496427734
 21
-6.33623775
 31
0.0
  0
LINE
  5
741
330
1F
100
AcDbEntity
  8
OUTLINE
  6
SDS2_5
 62
     1
100
AcDbLine
 10
-121.496427734
 20
-6.33623775
 30
0.0
 11
-121.491427734
 21
-6.33623775
 31
0.0
  0
LINE
  5
742
330
1F
100
AcDbEntity
  8
OUTLINE
  6
SDS2_5
 62
     1
100
AcDbLine
 10
-121.491427734
 20
-6.33623775
 30
0.0
 11
-121.491427734
 21
-6.468034736
 31
0.0
  0
LINE
  5
743
330
1F
100
AcDbEntity
  8
OUTLINE
  6
SDS2_5
 62
     1
100
AcDbLine
 10
-121.876427734
 20
-6.468034736
 30
0.0
 11
-121.876427734
 21
-6.33623775
 31
0.0
  0
LINE
  5
744
330
1F
100
AcDbEntity
  8
OUTLINE
  6
SDS2_5
 62
     1
100
AcDbLine
 10
-121.876427734
 20
-6.468034736
 30
0.0
 11
-121.871427734
 21
-6.468034736
 31
0.0
  0
LINE
  5
745
330
1F
100
AcDbEntity
  8
OUTLINE
  6
SDS2_5
 62
     1
100
AcDbLine
 10
-121.871427734
 20
-6.468034736
 30
0.0
 11
-121.496427734
 21
-6.468034736
 31
0.0
  0
LINE
  5
746
330
1F
100
AcDbEntity
  8
OUTLINE
  6
SDS2_5
 62
     1
100
AcDbLine
 10
-121.496427734
 20
-6.468034736
 30
0.0
 11
-121.491427734
 21
-6.468034736
 31
0.0
  0
LINE
  5
747
330
1F
100
AcDbEntity
  8
OUTLINE
  6
SDS2_5
 62
     1
100
AcDbLine
 10
-121.491427734
 20
-6.468034736
 30
0.0
 11
-121.491427734
 21
-6.62349988
 31
0.0
  0
LINE
  5
748
330
1F
100
AcDbEntity
  8
OUTLINE
  6
SDS2_5
 62
     1
100
AcDbLine
 10
-121.876427734
 20
-6.62349988
 30
0.0
 11
-121.876427734
 21
-6.468034736
 31
0.0
  0
LINE
  5
749
330
1F
100
AcDbEntity
  8
OUTLINE
  6
SDS2_5
 62
     1
100
AcDbLine
 10
-121.876427734
 20
71.29
 30
0.0
 11
-121.871427734
 21
71.29
 31
0.0
  0
LINE
  5
74A
330
1F
100
AcDbEntity
  8
OUTLINE
  6
SDS2_5
 62
     1
100
AcDbLine
 10
-121.871427734
 20
71.29
 30
0.0
 11
-121.496427734
 21
71.29
 31
0.0
  0
LINE
  5
74B
330
1F
100
AcDbEntity
  8
OUTLINE
  6
SDS2_5
 62
     1
100
AcDbLine
 10
-121.496427734
 20
71.29
 30
0.0
 11
-121.491427734
 21
71.29
 31
0.0
  0
LINE
  5
74C
330
1F
100
AcDbEntity
  8
OUTLINE
  6
SDS2_5
 62
     1
100
AcDbLine
 10
-121.491427734
 20
71.29
 30
0.0
 11
-121.491427734
 21
71.134534856
 31
0.0
  0
LINE
  5
74D
330
1F
100
AcDbEntity
  8
OUTLINE
  6
SDS2_5
 62
     1
100
AcDbLine
 10
-121.491427734
 20
71.134534856
 30
0.0
 11
-121.496427734
 21
71.134534856
 31
0.0
  0
LINE
  5
74E
330
1F
100
AcDbEntity
  8
OUTLINE
  6
SDS2_5
 62
     1
100
AcDbLine
 10
-121.496427734
 20
71.134534856
 30
0.0
 11
-121.871427734
 21
71.134534856
 31
0.0
  0
LINE
  5
74F
330
1F
100
AcDbEntity
  8
OUTLINE
  6
SDS2_5
 62
     1
100
AcDbLine
 10
-121.871427734
 20
71.134534856
 30
0.0
 11
-121.876427734
 21
71.134534856
 31
0.0
  0
LINE
  5
750
330
1F
100
AcDbEntity
  8
OUTLINE
  6
SDS2_5
 62
     1
100
AcDbLine
 10
-121.876427734
 20
71.134534856
 30
0.0
 11
-121.876427734
 21
71.29
 31
0.0
  0
LINE
  5
751
330
1F
100
AcDbEntity
  8
OUTLINE
  6
SDS2_5
 62
     1
100
AcDbLine
 10
-121.491427734
 20
71.134534856
 30
0.0
 11
-121.491427734
 21
71.00273787
 31
0.0
  0
LINE
  5
752
330
1F
100
AcDbEntity
  8
OUTLINE
  6
SDS2_5
 62
     1
100
AcDbLine
 10
-121.491427734
 20
71.00273787
 30
0.0
 11
-121.496427734
 21
71.00273787
 31
0.0
  0
LINE
  5
753
330
1F
100
AcDbEntity
  8
OUTLINE
  6
SDS2_5
 62
     1
100
AcDbLine
 10
-121.496427734
 20
71.00273787
 30
0.0
 11
-121.871427734
 21
71.00273787
 31
0.0
  0
LINE
  5
754
330
1F
100
AcDbEntity
  8
OUTLINE
  6
SDS2_5
 62
     1
100
AcDbLine
 10
-121.871427734
 20
71.00273787
 30
0.0
 11
-121.876427734
 21
71.00273787
 31
0.0
  0
LINE
  5
755
330
1F
100
AcDbEntity
  8
OUTLINE
  6
SDS2_5
 62
     1
100
AcDbLine
 10
-121.876427734
 20
71.00273787
 30
0.0
 11
-121.876427734
 21
71.134534856
 31
0.0
  0
LINE
  5
756
330
1F
100
AcDbEntity
  8
OUTLINE
  6
SDS2_5
 62
     1
100
AcDbLine
 10
-121.491427734
 20
71.00273787
 30
0.0
 11
-121.491427734
 21
70.91467394
 31
0.0
  0
LINE
  5
757
330
1F
100
AcDbEntity
  8
OUTLINE
  6
SDS2_5
 62
     1
100
AcDbLine
 10
-121.491427734
 20
70.91467394
 30
0.0
 11
-121.496427734
 21
70.91467394
 31
0.0
  0
LINE
  5
758
330
1F
100
AcDbEntity
  8
OUTLINE
  6
SDS2_5
 62
     1
100
AcDbLine
 10
-121.496427734
 20
70.91467394
 30
0.0
 11
-121.871427734
 21
70.91467394
 31
0.0
  0
LINE
  5
759
330
1F
100
AcDbEntity
  8
OUTLINE
  6
SDS2_5
 62
     1
100
AcDbLine
 10
-121.871427734
 20
70.91467394
 30
0.0
 11
-121.876427734
 21
70.91467394
 31
0.0
  0
LINE
  5
75A
330
1F
100
AcDbEntity
  8
OUTLINE
  6
SDS2_5
 62
     1
100
AcDbLine
 10
-121.876427734
 20
70.91467394
 30
0.0
 11
-121.876427734
 21
71.00273787
 31
0.0
  0
LINE
  5
75B
330
1F
100
AcDbEntity
  8
OUTLINE
  6
SDS2_5
 62
     1
100
AcDbLine
 10
-121.491427734
 20
70.91467394
 30
0.0
 11
-121.491427734
 21
70.88375
 31
0.0
  0
LINE
  5
75C
330
1F
100
AcDbEntity
  8
OUTLINE
  6
SDS2_5
 62
     1
100
AcDbLine
 10
-121.876427734
 20
70.88375
 30
0.0
 11
-121.876427734
 21
70.91467394
 31
0.0
  0
LINE
  5
75D
330
1F
100
AcDbEntity
  8
OUTLINE
  6
CONTINUOUS
 62
     2
100
AcDbLine
 10
-121.876427734
 20
70.88375
 30
0.0
 11
-121.871427734
 21
70.88375
 31
0.0
  0
LINE
  5
75E
330
1F
100
AcDbEntity
  8
OUTLINE
  6
SDS2_5
 62
     1
100
AcDbLine
 10
-121.871427734
 20
70.88375
 30
0.0
 11
-121.496427734
 21
70.88375
 31
0.0
  0
LINE
  5
75F
330
1F
100
AcDbEntity
  8
OUTLINE
  6
CONTINUOUS
 62
     2
100
AcDbLine
 10
-121.496427734
 20
70.88375
 30
0.0
 11
-121.491427734
 21
70.88375
 31
0.0
  0
LINE
  5
760
330
1F
100
AcDbEntity
  8
OUTLINE
  6
CONTINUOUS
 62
     2
100
AcDbLine
 10
-121.491427734
 20
71.69625
 30
0.0
 11
-121.496427734
 21
71.69625
 31
0.0
  0
LINE
  5
761
330
1F
100
AcDbEntity
  8
OUTLINE
  6
SDS2_5
 62
     1
100
AcDbLine
 10
-121.496427734
 20
71.69625
 30
0.0
 11
-121.871427734
 21
71.69625
 31
0.0
  0
LINE
  5
762
330
1F
100
AcDbEntity
  8
OUTLINE
  6
CONTINUOUS
 62
     2
100
AcDbLine
 10
-121.871427734
 20
71.69625
 30
0.0
 11
-121.876427734
 21
71.69625
 31
0.0
  0
LINE
  5
763
330
1F
100
AcDbEntity
  8
OUTLINE
  6
SDS2_5
 62
     1
100
AcDbLine
 10
-121.491427734
 20
71.69625
 30
0.0
 11
-121.491427734
 21
71.66532606
 31
0.0
  0
LINE
  5
764
330
1F
100
AcDbEntity
  8
OUTLINE
  6
SDS2_5
 62
     1
100
AcDbLine
 10
-121.876427734
 20
71.66532606
 30
0.0
 11
-121.876427734
 21
71.69625
 31
0.0
  0
LINE
  5
765
330
1F
100
AcDbEntity
  8
OUTLINE
  6
SDS2_5
 62
     1
100
AcDbLine
 10
-121.876427734
 20
71.66532606
 30
0.0
 11
-121.871427734
 21
71.66532606
 31
0.0
  0
LINE
  5
766
330
1F
100
AcDbEntity
  8
OUTLINE
  6
SDS2_5
 62
     1
100
AcDbLine
 10
-121.871427734
 20
71.66532606
 30
0.0
 11
-121.496427734
 21
71.66532606
 31
0.0
  0
LINE
  5
767
330
1F
100
AcDbEntity
  8
OUTLINE
  6
SDS2_5
 62
     1
100
AcDbLine
 10
-121.496427734
 20
71.66532606
 30
0.0
 11
-121.491427734
 21
71.66532606
 31
0.0
  0
LINE
  5
768
330
1F
100
AcDbEntity
  8
OUTLINE
  6
SDS2_5
 62
     1
100
AcDbLine
 10
-121.491427734
 20
71.66532606
 30
0.0
 11
-121.491427734
 21
71.57726213
 31
0.0
  0
LINE
  5
769
330
1F
100
AcDbEntity
  8
OUTLINE
  6
SDS2_5
 62
     1
100
AcDbLine
 10
-121.876427734
 20
71.57726213
 30
0.0
 11
-121.876427734
 21
71.66532606
 31
0.0
  0
LINE
  5
76A
330
1F
100
AcDbEntity
  8
OUTLINE
  6
SDS2_5
 62
     1
100
AcDbLine
 10
-121.876427734
 20
71.57726213
 30
0.0
 11
-121.871427734
 21
71.57726213
 31
0.0
  0
LINE
  5
76B
330
1F
100
AcDbEntity
  8
OUTLINE
  6
SDS2_5
 62
     1
100
AcDbLine
 10
-121.871427734
 20
71.57726213
 30
0.0
 11
-121.496427734
 21
71.57726213
 31
0.0
  0
LINE
  5
76C
330
1F
100
AcDbEntity
  8
OUTLINE
  6
SDS2_5
 62
     1
100
AcDbLine
 10
-121.496427734
 20
71.57726213
 30
0.0
 11
-121.491427734
 21
71.57726213
 31
0.0
  0
LINE
  5
76D
330
1F
100
AcDbEntity
  8
OUTLINE
  6
SDS2_5
 62
     1
100
AcDbLine
 10
-121.491427734
 20
71.57726213
 30
0.0
 11
-121.491427734
 21
71.445465144
 31
0.0
  0
LINE
  5
76E
330
1F
100
AcDbEntity
  8
OUTLINE
  6
SDS2_5
 62
     1
100
AcDbLine
 10
-121.876427734
 20
71.445465144
 30
0.0
 11
-121.876427734
 21
71.57726213
 31
0.0
  0
LINE
  5
76F
330
1F
100
AcDbEntity
  8
OUTLINE
  6
SDS2_5
 62
     1
100
AcDbLine
 10
-121.876427734
 20
71.445465144
 30
0.0
 11
-121.871427734
 21
71.445465144
 31
0.0
  0
LINE
  5
770
330
1F
100
AcDbEntity
  8
OUTLINE
  6
SDS2_5
 62
     1
100
AcDbLine
 10
-121.871427734
 20
71.445465144
 30
0.0
 11
-121.496427734
 21
71.445465144
 31
0.0
  0
LINE
  5
771
330
1F
100
AcDbEntity
  8
OUTLINE
  6
SDS2_5
 62
     1
100
AcDbLine
 10
-121.496427734
 20
71.445465144
 30
0.0
 11
-121.491427734
 21
71.445465144
 31
0.0
  0
LINE
  5
772
330
1F
100
AcDbEntity
  8
OUTLINE
  6
SDS2_5
 62
     1
100
AcDbLine
 10
-121.491427734
 20
71.445465144
 30
0.0
 11
-121.491427734
 21
71.29
 31
0.0
  0
LINE
  5
773
330
1F
100
AcDbEntity
  8
OUTLINE
  6
SDS2_5
 62
     1
100
AcDbLine
 10
-121.876427734
 20
71.29
 30
0.0
 11
-121.876427734
 21
71.445465144
 31
0.0
  0
LINE
  5
774
330
1F
100
AcDbEntity
  8
OUTLINE
  6
SDS2_5
 62
     1
100
AcDbLine
 10
-121.876427734
 20
54.5625
 30
0.0
 11
-121.871427734
 21
54.5625
 31
0.0
  0
LINE
  5
775
330
1F
100
AcDbEntity
  8
OUTLINE
  6
SDS2_5
 62
     1
100
AcDbLine
 10
-121.871427734
 20
54.5625
 30
0.0
 11
-121.496427734
 21
54.5625
 31
0.0
  0
LINE
  5
776
330
1F
100
AcDbEntity
  8
OUTLINE
  6
SDS2_5
 62
     1
100
AcDbLine
 10
-121.496427734
 20
54.5625
 30
0.0
 11
-121.491427734
 21
54.5625
 31
0.0
  0
LINE
  5
777
330
1F
100
AcDbEntity
  8
OUTLINE
  6
SDS2_5
 62
     1
100
AcDbLine
 10
-121.491427734
 20
54.5625
 30
0.0
 11
-121.491427734
 21
54.407034856
 31
0.0
  0
LINE
  5
778
330
1F
100
AcDbEntity
  8
OUTLINE
  6
SDS2_5
 62
     1
100
AcDbLine
 10
-121.491427734
 20
54.407034856
 30
0.0
 11
-121.496427734
 21
54.407034856
 31
0.0
  0
LINE
  5
779
330
1F
100
AcDbEntity
  8
OUTLINE
  6
SDS2_5
 62
     1
100
AcDbLine
 10
-121.496427734
 20
54.407034856
 30
0.0
 11
-121.871427734
 21
54.407034856
 31
0.0
  0
LINE
  5
77A
330
1F
100
AcDbEntity
  8
OUTLINE
  6
SDS2_5
 62
     1
100
AcDbLine
 10
-121.871427734
 20
54.407034856
 30
0.0
 11
-121.876427734
 21
54.407034856
 31
0.0
  0
LINE
  5
77B
330
1F
100
AcDbEntity
  8
OUTLINE
  6
SDS2_5
 62
     1
100
AcDbLine
 10
-121.876427734
 20
54.407034856
 30
0.0
 11
-121.876427734
 21
54.5625
 31
0.0
  0
LINE
  5
77C
330
1F
100
AcDbEntity
  8
OUTLINE
  6
SDS2_5
 62
     1
100
AcDbLine
 10
-121.491427734
 20
54.407034856
 30
0.0
 11
-121.491427734
 21
54.27523787
 31
0.0
  0
LINE
  5
77D
330
1F
100
AcDbEntity
  8
OUTLINE
  6
SDS2_5
 62
     1
100
AcDbLine
 10
-121.491427734
 20
54.27523787
 30
0.0
 11
-121.496427734
 21
54.27523787
 31
0.0
  0
LINE
  5
77E
330
1F
100
AcDbEntity
  8
OUTLINE
  6
SDS2_5
 62
     1
100
AcDbLine
 10
-121.496427734
 20
54.27523787
 30
0.0
 11
-121.871427734
 21
54.27523787
 31
0.0
  0
LINE
  5
77F
330
1F
100
AcDbEntity
  8
OUTLINE
  6
SDS2_5
 62
     1
100
AcDbLine
 10
-121.871427734
 20
54.27523787
 30
0.0
 11
-121.876427734
 21
54.27523787
 31
0.0
  0
LINE
  5
780
330
1F
100
AcDbEntity
  8
OUTLINE
  6
SDS2_5
 62
     1
100
AcDbLine
 10
-121.876427734
 20
54.27523787
 30
0.0
 11
-121.876427734
 21
54.407034856
 31
0.0
  0
LINE
  5
781
330
1F
100
AcDbEntity
  8
OUTLINE
  6
SDS2_5
 62
     1
100
AcDbLine
 10
-121.491427734
 20
54.27523787
 30
0.0
 11
-121.491427734
 21
54.18717394
 31
0.0
  0
LINE
  5
782
330
1F
100
AcDbEntity
  8
OUTLINE
  6
SDS2_5
 62
     1
100
AcDbLine
 10
-121.491427734
 20
54.18717394
 30
0.0
 11
-121.496427734
 21
54.18717394
 31
0.0
  0
LINE
  5
783
330
1F
100
AcDbEntity
  8
OUTLINE
  6
SDS2_5
 62
     1
100
AcDbLine
 10
-121.496427734
 20
54.18717394
 30
0.0
 11
-121.871427734
 21
54.18717394
 31
0.0
  0
LINE
  5
784
330
1F
100
AcDbEntity
  8
OUTLINE
  6
SDS2_5
 62
     1
100
AcDbLine
 10
-121.871427734
 20
54.18717394
 30
0.0
 11
-121.876427734
 21
54.18717394
 31
0.0
  0
LINE
  5
785
330
1F
100
AcDbEntity
  8
OUTLINE
  6
SDS2_5
 62
     1
100
AcDbLine
 10
-121.876427734
 20
54.18717394
 30
0.0
 11
-121.876427734
 21
54.27523787
 31
0.0
  0
LINE
  5
786
330
1F
100
AcDbEntity
  8
OUTLINE
  6
SDS2_5
 62
     1
100
AcDbLine
 10
-121.491427734
 20
54.18717394
 30
0.0
 11
-121.491427734
 21
54.15625
 31
0.0
  0
LINE
  5
787
330
1F
100
AcDbEntity
  8
OUTLINE
  6
SDS2_5
 62
     1
100
AcDbLine
 10
-121.876427734
 20
54.15625
 30
0.0
 11
-121.876427734
 21
54.18717394
 31
0.0
  0
LINE
  5
788
330
1F
100
AcDbEntity
  8
OUTLINE
  6
CONTINUOUS
 62
     2
100
AcDbLine
 10
-121.876427734
 20
54.15625
 30
0.0
 11
-121.871427734
 21
54.15625
 31
0.0
  0
LINE
  5
789
330
1F
100
AcDbEntity
  8
OUTLINE
  6
SDS2_5
 62
     1
100
AcDbLine
 10
-121.871427734
 20
54.15625
 30
0.0
 11
-121.496427734
 21
54.15625
 31
0.0
  0
LINE
  5
78A
330
1F
100
AcDbEntity
  8
OUTLINE
  6
CONTINUOUS
 62
     2
100
AcDbLine
 10
-121.496427734
 20
54.15625
 30
0.0
 11
-121.491427734
 21
54.15625
 31
0.0
  0
LINE
  5
78B
330
1F
100
AcDbEntity
  8
OUTLINE
  6
CONTINUOUS
 62
     2
100
AcDbLine
 10
-121.491427734
 20
54.96875
 30
0.0
 11
-121.496427734
 21
54.96875
 31
0.0
  0
LINE
  5
78C
330
1F
100
AcDbEntity
  8
OUTLINE
  6
SDS2_5
 62
     1
100
AcDbLine
 10
-121.496427734
 20
54.96875
 30
0.0
 11
-121.871427734
 21
54.96875
 31
0.0
  0
LINE
  5
78D
330
1F
100
AcDbEntity
  8
OUTLINE
  6
CONTINUOUS
 62
     2
100
AcDbLine
 10
-121.871427734
 20
54.96875
 30
0.0
 11
-121.876427734
 21
54.96875
 31
0.0
  0
LINE
  5
78E
330
1F
100
AcDbEntity
  8
OUTLINE
  6
SDS2_5
 62
     1
100
AcDbLine
 10
-121.491427734
 20
54.96875
 30
0.0
 11
-121.491427734
 21
54.93782606
 31
0.0
  0
LINE
  5
78F
330
1F
100
AcDbEntity
  8
OUTLINE
  6
SDS2_5
 62
     1
100
AcDbLine
 10
-121.876427734
 20
54.93782606
 30
0.0
 11
-121.876427734
 21
54.96875
 31
0.0
  0
LINE
  5
790
330
1F
100
AcDbEntity
  8
OUTLINE
  6
SDS2_5
 62
     1
100
AcDbLine
 10
-121.876427734
 20
54.93782606
 30
0.0
 11
-121.871427734
 21
54.93782606
 31
0.0
  0
LINE
  5
791
330
1F
100
AcDbEntity
  8
OUTLINE
  6
SDS2_5
 62
     1
100
AcDbLine
 10
-121.871427734
 20
54.93782606
 30
0.0
 11
-121.496427734
 21
54.93782606
 31
0.0
  0
LINE
  5
792
330
1F
100
AcDbEntity
  8
OUTLINE
  6
SDS2_5
 62
     1
100
AcDbLine
 10
-121.496427734
 20
54.93782606
 30
0.0
 11
-121.491427734
 21
54.93782606
 31
0.0
  0
LINE
  5
793
330
1F
100
AcDbEntity
  8
OUTLINE
  6
SDS2_5
 62
     1
100
AcDbLine
 10
-121.491427734
 20
54.93782606
 30
0.0
 11
-121.491427734
 21
54.84976213
 31
0.0
  0
LINE
  5
794
330
1F
100
AcDbEntity
  8
OUTLINE
  6
SDS2_5
 62
     1
100
AcDbLine
 10
-121.876427734
 20
54.84976213
 30
0.0
 11
-121.876427734
 21
54.93782606
 31
0.0
  0
LINE
  5
795
330
1F
100
AcDbEntity
  8
OUTLINE
  6
SDS2_5
 62
     1
100
AcDbLine
 10
-121.876427734
 20
54.84976213
 30
0.0
 11
-121.871427734
 21
54.84976213
 31
0.0
  0
LINE
  5
796
330
1F
100
AcDbEntity
  8
OUTLINE
  6
SDS2_5
 62
     1
100
AcDbLine
 10
-121.871427734
 20
54.84976213
 30
0.0
 11
-121.496427734
 21
54.84976213
 31
0.0
  0
LINE
  5
797
330
1F
100
AcDbEntity
  8
OUTLINE
  6
SDS2_5
 62
     1
100
AcDbLine
 10
-121.496427734
 20
54.84976213
 30
0.0
 11
-121.491427734
 21
54.84976213
 31
0.0
  0
LINE
  5
798
330
1F
100
AcDbEntity
  8
OUTLINE
  6
SDS2_5
 62
     1
100
AcDbLine
 10
-121.491427734
 20
54.84976213
 30
0.0
 11
-121.491427734
 21
54.717965144
 31
0.0
  0
LINE
  5
799
330
1F
100
AcDbEntity
  8
OUTLINE
  6
SDS2_5
 62
     1
100
AcDbLine
 10
-121.876427734
 20
54.717965144
 30
0.0
 11
-121.876427734
 21
54.84976213
 31
0.0
  0
LINE
  5
79A
330
1F
100
AcDbEntity
  8
OUTLINE
  6
SDS2_5
 62
     1
100
AcDbLine
 10
-121.876427734
 20
54.717965144
 30
0.0
 11
-121.871427734
 21
54.717965144
 31
0.0
  0
LINE
  5
79B
330
1F
100
AcDbEntity
  8
OUTLINE
  6
SDS2_5
 62
     1
100
AcDbLine
 10
-121.871427734
 20
54.717965144
 30
0.0
 11
-121.496427734
 21
54.717965144
 31
0.0
  0
LINE
  5
79C
330
1F
100
AcDbEntity
  8
OUTLINE
  6
SDS2_5
 62
     1
100
AcDbLine
 10
-121.496427734
 20
54.717965144
 30
0.0
 11
-121.491427734
 21
54.717965144
 31
0.0
  0
LINE
  5
79D
330
1F
100
AcDbEntity
  8
OUTLINE
  6
SDS2_5
 62
     1
100
AcDbLine
 10
-121.491427734
 20
54.717965144
 30
0.0
 11
-121.491427734
 21
54.5625
 31
0.0
  0
LINE
  5
79E
330
1F
100
AcDbEntity
  8
OUTLINE
  6
SDS2_5
 62
     1
100
AcDbLine
 10
-121.876427734
 20
54.5625
 30
0.0
 11
-121.876427734
 21
54.717965144
 31
0.0
  0
LWPOLYLINE
  5
79F
102
{ACAD_REACTORS
330
7A0
102
}
330
1F
100
AcDbEntity
  8
OUTLINE
  6
CONTINUOUS
 62
     1
100
AcDbPolyline
 90
       17
 70
     1
 43
0.0
 10
-118.511427734
 20
23.28125
 10
-118.61905745
 20
23.259841119
 10
-118.710301517
 20
23.198873782
 10
-118.771268853
 20
23.107629715
 10
-118.792677734
 20
23.0
 10
-118.771268853
 20
22.892370285
 10
-118.710301517
 20
22.801126218
 10
-118.61905745
 20
22.740158881
 10
-118.511427734
 20
22.71875
 10
-118.403798019
 20
22.740158881
 10
-118.312553952
 20
22.801126218
 10
-118.251586616
 20
22.892370285
 10
-118.230177734
 20
23.0
 10
-118.251586616
 20
23.107629715
 10
-118.312553952
 20
23.198873782
 10
-118.403798019
 20
23.259841119
 10
-118.511427734
 20
23.28125
  0
HATCH
  5
7A0
330
1F
100
AcDbEntity
  8
0
 62
     3
100
AcDbHatch
 10
0.0
 20
0.0
 30
0.0
210
0.0
220
0.0
230
1.0
  2
SOLID
 70
     1
 71
     1
 91
        1
 92
       16
 93
       17
 72
     1
 10
-118.511427734375
 20
23.28125000000023
 11
-118.6190574497277
 21
23.25984111851903
 72
     1
 10
-118.6190574497277
 20
23.25984111851903
 11
-118.7103015165837
 21
23.19887378220895
 72
     1
 10
-118.7103015165837
 20
23.19887378220895
 11
-118.7712688528938
 21
23.10762971535291
 72
     1
 10
-118.7712688528938
 20
23.10762971535291
 11
-118.792677734375
 21
23.00000000000023
 72
     1
 10
-118.792677734375
 20
23.00000000000023
 11
-118.7712688528938
 21
22.89237028464754
 72
     1
 10
-118.7712688528938
 20
22.89237028464754
 11
-118.7103015165837
 21
22.80112621779151
 72
     1
 10
-118.7103015165837
 20
22.80112621779151
 11
-118.6190574497277
 21
22.74015888148142
 72
     1
 10
-118.6190574497277
 20
22.74015888148142
 11
-118.511427734375
 21
22.71875000000023
 72
     1
 10
-118.511427734375
 20
22.71875000000023
 11
-118.4037980190223
 21
22.74015888148142
 72
     1
 10
-118.4037980190223
 20
22.74015888148142
 11
-118.3125539521663
 21
22.80112621779151
 72
     1
 10
-118.3125539521663
 20
22.80112621779151
 11
-118.2515866158562
 21
22.89237028464754
 72
     1
 10
-118.2515866158562
 20
22.89237028464754
 11
-118.230177734375
 21
23.00000000000023
 72
     1
 10
-118.230177734375
 20
23.00000000000023
 11
-118.2515866158562
 21
23.10762971535291
 72
     1
 10
-118.2515866158562
 20
23.10762971535291
 11
-118.3125539521663
 21
23.19887378220895
 72
     1
 10
-118.3125539521663
 20
23.19887378220895
 11
-118.4037980190223
 21
23.25984111851903
 72
     1
 10
-118.4037980190223
 20
23.25984111851903
 11
-118.511427734375
 21
23.28125000000023
 72
     1
 10
-118.511427734375
 20
23.28125000000023
 11
-118.511427734375
 21
23.28125000000023
 97
        1
330
79F
 75
     0
 76
     1
 98
        0
  0
LWPOLYLINE
  5
7A1
102
{ACAD_REACTORS
330
7A2
102
}
330
1F
100
AcDbEntity
  8
OUTLINE
  6
CONTINUOUS
 62
     1
100
AcDbPolyline
 90
       17
 70
     1
 43
0.0
 10
-118.511427734
 20
42.28125
 10
-118.61905745
 20
42.259841119
 10
-118.710301517
 20
42.198873782
 10
-118.771268853
 20
42.107629715
 10
-118.792677734
 20
42.0
 10
-118.771268853
 20
41.892370285
 10
-118.710301517
 20
41.801126218
 10
-118.61905745
 20
41.740158881
 10
-118.511427734
 20
41.71875
 10
-118.403798019
 20
41.740158881
 10
-118.312553952
 20
41.801126218
 10
-118.251586616
 20
41.892370285
 10
-118.230177734
 20
42.0
 10
-118.251586616
 20
42.107629715
 10
-118.312553952
 20
42.198873782
 10
-118.403798019
 20
42.259841119
 10
-118.511427734
 20
42.28125
  0
HATCH
  5
7A2
330
1F
100
AcDbEntity
  8
0
 62
     3
100
AcDbHatch
 10
0.0
 20
0.0
 30
0.0
210
0.0
220
0.0
230
1.0
  2
SOLID
 70
     1
 71
     1
 91
        1
 92
       16
 93
       17
 72
     1
 10
-118.511427734375
 20
42.28125000000023
 11
-118.6190574497277
 21
42.25984111851903
 72
     1
 10
-118.6190574497277
 20
42.25984111851903
 11
-118.7103015165837
 21
42.19887378220892
 72
     1
 10
-118.7103015165837
 20
42.19887378220892
 11
-118.7712688528938
 21
42.10762971535291
 72
     1
 10
-118.7712688528938
 20
42.10762971535291
 11
-118.792677734375
 21
42.00000000000023
 72
     1
 10
-118.792677734375
 20
42.00000000000023
 11
-118.7712688528938
 21
41.89237028464754
 72
     1
 10
-118.7712688528938
 20
41.89237028464754
 11
-118.7103015165837
 21
41.80112621779153
 72
     1
 10
-118.7103015165837
 20
41.80112621779153
 11
-118.6190574497277
 21
41.74015888148142
 72
     1
 10
-118.6190574497277
 20
41.74015888148142
 11
-118.511427734375
 21
41.71875000000023
 72
     1
 10
-118.511427734375
 20
41.71875000000023
 11
-118.4037980190223
 21
41.74015888148142
 72
     1
 10
-118.4037980190223
 20
41.74015888148142
 11
-118.3125539521663
 21
41.80112621779153
 72
     1
 10
-118.3125539521663
 20
41.80112621779153
 11
-118.2515866158562
 21
41.89237028464754
 72
     1
 10
-118.2515866158562
 20
41.89237028464754
 11
-118.230177734375
 21
42.00000000000023
 72
     1
 10
-118.230177734375
 20
42.00000000000023
 11
-118.2515866158562
 21
42.10762971535291
 72
     1
 10
-118.2515866158562
 20
42.10762971535291
 11
-118.3125539521663
 21
42.19887378220892
 72
     1
 10
-118.3125539521663
 20
42.19887378220892
 11
-118.4037980190223
 21
42.25984111851903
 72
     1
 10
-118.4037980190223
 20
42.25984111851903
 11
-118.511427734375
 21
42.28125000000023
 72
     1
 10
-118.511427734375
 20
42.28125000000023
 11
-118.511427734375
 21
42.28125000000023
 97
        1
330
7A1
 75
     0
 76
     1
 98
        0
  0
LINE
  5
7A3
330
1F
100
AcDbEntity
  8
OUTLINE
  6
SDS2_5
 62
     1
100
AcDbLine
 10
-131.761427734
 20
-33.005
 30
0.0
 11
-131.761427734
 21
-33.0
 31
0.0
  0
LINE
  5
7A4
330
1F
100
AcDbEntity
  8
OUTLINE
  6
SDS2_5
 62
     1
100
AcDbLine
 10
-131.761427734
 20
-33.0
 30
0.0
 11
-131.761427734
 21
-30.5
 31
0.0
  0
LINE
  5
7A5
330
1F
100
AcDbEntity
  8
OUTLINE
  6
SDS2_5
 62
     1
100
AcDbLine
 10
-131.761427734
 20
-30.5
 30
0.0
 11
-131.761427734
 21
-30.495
 31
0.0
  0
LINE
  5
7A6
330
1F
100
AcDbEntity
  8
OUTLINE
  6
SDS2_5
 62
     1
100
AcDbLine
 10
-131.761427734
 20
-30.495
 30
0.0
 11
-131.139567157
 21
-30.495
 31
0.0
  0
LINE
  5
7A7
330
1F
100
AcDbEntity
  8
OUTLINE
  6
SDS2_5
 62
     1
100
AcDbLine
 10
-131.139567157
 20
-30.495
 30
0.0
 11
-131.139567157
 21
-30.5
 31
0.0
  0
LINE
  5
7A8
330
1F
100
AcDbEntity
  8
OUTLINE
  6
SDS2_5
 62
     1
100
AcDbLine
 10
-131.139567157
 20
-30.5
 30
0.0
 11
-131.139567157
 21
-33.0
 31
0.0
  0
LINE
  5
7A9
330
1F
100
AcDbEntity
  8
OUTLINE
  6
SDS2_5
 62
     1
100
AcDbLine
 10
-131.139567157
 20
-33.0
 30
0.0
 11
-131.139567157
 21
-33.005
 31
0.0
  0
LINE
  5
7AA
330
1F
100
AcDbEntity
  8
OUTLINE
  6
SDS2_5
 62
     1
100
AcDbLine
 10
-131.139567157
 20
-33.005
 30
0.0
 11
-131.761427734
 21
-33.005
 31
0.0
  0
LINE
  5
7AB
330
1F
100
AcDbEntity
  8
OUTLINE
  6
SDS2_5
 62
     1
100
AcDbLine
 10
-131.139567157
 20
-30.495
 30
0.0
 11
-130.612379215
 21
-30.495
 31
0.0
  0
LINE
  5
7AC
330
1F
100
AcDbEntity
  8
OUTLINE
  6
SDS2_5
 62
     1
100
AcDbLine
 10
-130.612379215
 20
-30.495
 30
0.0
 11
-130.612379215
 21
-30.5
 31
0.0
  0
LINE
  5
7AD
330
1F
100
AcDbEntity
  8
OUTLINE
  6
SDS2_5
 62
     1
100
AcDbLine
 10
-130.612379215
 20
-30.5
 30
0.0
 11
-130.612379215
 21
-33.0
 31
0.0
  0
LINE
  5
7AE
330
1F
100
AcDbEntity
  8
OUTLINE
  6
SDS2_5
 62
     1
100
AcDbLine
 10
-130.612379215
 20
-33.0
 30
0.0
 11
-130.612379215
 21
-33.005
 31
0.0
  0
LINE
  5
7AF
330
1F
100
AcDbEntity
  8
OUTLINE
  6
SDS2_5
 62
     1
100
AcDbLine
 10
-130.612379215
 20
-33.005
 30
0.0
 11
-131.139567157
 21
-33.005
 31
0.0
  0
LINE
  5
7B0
330
1F
100
AcDbEntity
  8
OUTLINE
  6
SDS2_5
 62
     1
100
AcDbLine
 10
-130.612379215
 20
-30.495
 30
0.0
 11
-130.260123494
 21
-30.495
 31
0.0
  0
LINE
  5
7B1
330
1F
100
AcDbEntity
  8
OUTLINE
  6
SDS2_5
 62
     1
100
AcDbLine
 10
-130.260123494
 20
-30.495
 30
0.0
 11
-130.260123494
 21
-30.5
 31
0.0
  0
LINE
  5
7B2
330
1F
100
AcDbEntity
  8
OUTLINE
  6
SDS2_5
 62
     1
100
AcDbLine
 10
-130.260123494
 20
-30.5
 30
0.0
 11
-130.260123494
 21
-33.0
 31
0.0
  0
LINE
  5
7B3
330
1F
100
AcDbEntity
  8
OUTLINE
  6
SDS2_5
 62
     1
100
AcDbLine
 10
-130.260123494
 20
-33.0
 30
0.0
 11
-130.260123494
 21
-33.005
 31
0.0
  0
LINE
  5
7B4
330
1F
100
AcDbEntity
  8
OUTLINE
  6
SDS2_5
 62
     1
100
AcDbLine
 10
-130.260123494
 20
-33.005
 30
0.0
 11
-130.612379215
 21
-33.005
 31
0.0
  0
LINE
  5
7B5
330
1F
100
AcDbEntity
  8
OUTLINE
  6
SDS2_5
 62
     1
100
AcDbLine
 10
-130.260123494
 20
-30.495
 30
0.0
 11
-130.136427734
 21
-30.495
 31
0.0
  0
LINE
  5
7B6
330
1F
100
AcDbEntity
  8
OUTLINE
  6
SDS2_5
 62
     1
100
AcDbLine
 10
-130.136427734
 20
-33.005
 30
0.0
 11
-130.260123494
 21
-33.005
 31
0.0
  0
LINE
  5
7B7
330
1F
100
AcDbEntity
  8
OUTLINE
  6
CONTINUOUS
 62
     2
100
AcDbLine
 10
-130.136427734
 20
-33.005
 30
0.0
 11
-130.136427734
 21
-33.0
 31
0.0
  0
LINE
  5
7B8
330
1F
100
AcDbEntity
  8
OUTLINE
  6
SDS2_5
 62
     1
100
AcDbLine
 10
-130.136427734
 20
-33.0
 30
0.0
 11
-130.136427734
 21
-30.5
 31
0.0
  0
LINE
  5
7B9
330
1F
100
AcDbEntity
  8
OUTLINE
  6
CONTINUOUS
 62
     2
100
AcDbLine
 10
-130.136427734
 20
-30.5
 30
0.0
 11
-130.136427734
 21
-30.495
 31
0.0
  0
LINE
  5
7BA
330
1F
100
AcDbEntity
  8
OUTLINE
  6
CONTINUOUS
 62
     2
100
AcDbLine
 10
-133.386427734
 20
-30.495
 30
0.0
 11
-133.386427734
 21
-30.5
 31
0.0
  0
LINE
  5
7BB
330
1F
100
AcDbEntity
  8
OUTLINE
  6
SDS2_5
 62
     1
100
AcDbLine
 10
-133.386427734
 20
-30.5
 30
0.0
 11
-133.386427734
 21
-33.0
 31
0.0
  0
LINE
  5
7BC
330
1F
100
AcDbEntity
  8
OUTLINE
  6
CONTINUOUS
 62
     2
100
AcDbLine
 10
-133.386427734
 20
-33.0
 30
0.0
 11
-133.386427734
 21
-33.005
 31
0.0
  0
LINE
  5
7BD
330
1F
100
AcDbEntity
  8
OUTLINE
  6
SDS2_5
 62
     1
100
AcDbLine
 10
-133.386427734
 20
-30.495
 30
0.0
 11
-133.262731975
 21
-30.495
 31
0.0
  0
LINE
  5
7BE
330
1F
100
AcDbEntity
  8
OUTLINE
  6
SDS2_5
 62
     1
100
AcDbLine
 10
-133.262731975
 20
-33.005
 30
0.0
 11
-133.386427734
 21
-33.005
 31
0.0
  0
LINE
  5
7BF
330
1F
100
AcDbEntity
  8
OUTLINE
  6
SDS2_5
 62
     1
100
AcDbLine
 10
-133.262731975
 20
-33.005
 30
0.0
 11
-133.262731975
 21
-33.0
 31
0.0
  0
LINE
  5
7C0
330
1F
100
AcDbEntity
  8
OUTLINE
  6
SDS2_5
 62
     1
100
AcDbLine
 10
-133.262731975
 20
-33.0
 30
0.0
 11
-133.262731975
 21
-30.5
 31
0.0
  0
LINE
  5
7C1
330
1F
100
AcDbEntity
  8
OUTLINE
  6
SDS2_5
 62
     1
100
AcDbLine
 10
-133.262731975
 20
-30.5
 30
0.0
 11
-133.262731975
 21
-30.495
 31
0.0
  0
LINE
  5
7C2
330
1F
100
AcDbEntity
  8
OUTLINE
  6
SDS2_5
 62
     1
100
AcDbLine
 10
-133.262731975
 20
-30.495
 30
0.0
 11
-132.910476254
 21
-30.495
 31
0.0
  0
LINE
  5
7C3
330
1F
100
AcDbEntity
  8
OUTLINE
  6
SDS2_5
 62
     1
100
AcDbLine
 10
-132.910476254
 20
-33.005
 30
0.0
 11
-133.262731975
 21
-33.005
 31
0.0
  0
LINE
  5
7C4
330
1F
100
AcDbEntity
  8
OUTLINE
  6
SDS2_5
 62
     1
100
AcDbLine
 10
-132.910476254
 20
-33.005
 30
0.0
 11
-132.910476254
 21
-33.0
 31
0.0
  0
LINE
  5
7C5
330
1F
100
AcDbEntity
  8
OUTLINE
  6
SDS2_5
 62
     1
100
AcDbLine
 10
-132.910476254
 20
-33.0
 30
0.0
 11
-132.910476254
 21
-30.5
 31
0.0
  0
LINE
  5
7C6
330
1F
100
AcDbEntity
  8
OUTLINE
  6
SDS2_5
 62
     1
100
AcDbLine
 10
-132.910476254
 20
-30.5
 30
0.0
 11
-132.910476254
 21
-30.495
 31
0.0
  0
LINE
  5
7C7
330
1F
100
AcDbEntity
  8
OUTLINE
  6
SDS2_5
 62
     1
100
AcDbLine
 10
-132.910476254
 20
-30.495
 30
0.0
 11
-132.383288312
 21
-30.495
 31
0.0
  0
LINE
  5
7C8
330
1F
100
AcDbEntity
  8
OUTLINE
  6
SDS2_5
 62
     1
100
AcDbLine
 10
-132.383288312
 20
-33.005
 30
0.0
 11
-132.910476254
 21
-33.005
 31
0.0
  0
LINE
  5
7C9
330
1F
100
AcDbEntity
  8
OUTLINE
  6
SDS2_5
 62
     1
100
AcDbLine
 10
-132.383288312
 20
-33.005
 30
0.0
 11
-132.383288312
 21
-33.0
 31
0.0
  0
LINE
  5
7CA
330
1F
100
AcDbEntity
  8
OUTLINE
  6
SDS2_5
 62
     1
100
AcDbLine
 10
-132.383288312
 20
-33.0
 30
0.0
 11
-132.383288312
 21
-30.5
 31
0.0
  0
LINE
  5
7CB
330
1F
100
AcDbEntity
  8
OUTLINE
  6
SDS2_5
 62
     1
100
AcDbLine
 10
-132.383288312
 20
-30.5
 30
0.0
 11
-132.383288312
 21
-30.495
 31
0.0
  0
LINE
  5
7CC
330
1F
100
AcDbEntity
  8
OUTLINE
  6
SDS2_5
 62
     1
100
AcDbLine
 10
-132.383288312
 20
-30.495
 30
0.0
 11
-131.761427734
 21
-30.495
 31
0.0
  0
LINE
  5
7CD
330
1F
100
AcDbEntity
  8
OUTLINE
  6
SDS2_5
 62
     1
100
AcDbLine
 10
-131.761427734
 20
-33.005
 30
0.0
 11
-132.383288312
 21
-33.005
 31
0.0
  0
LINE
  5
7CE
330
1F
100
AcDbEntity
  8
OUTLINE
  6
SDS2_5
 62
     1
100
AcDbLine
 10
-121.261427734
 20
-33.005
 30
0.0
 11
-121.261427734
 21
-33.0
 31
0.0
  0
LINE
  5
7CF
330
1F
100
AcDbEntity
  8
OUTLINE
  6
SDS2_5
 62
     1
100
AcDbLine
 10
-121.261427734
 20
-33.0
 30
0.0
 11
-121.261427734
 21
-30.5
 31
0.0
  0
LINE
  5
7D0
330
1F
100
AcDbEntity
  8
OUTLINE
  6
SDS2_5
 62
     1
100
AcDbLine
 10
-121.261427734
 20
-30.5
 30
0.0
 11
-121.261427734
 21
-30.495
 31
0.0
  0
LINE
  5
7D1
330
1F
100
AcDbEntity
  8
OUTLINE
  6
SDS2_5
 62
     1
100
AcDbLine
 10
-121.261427734
 20
-30.495
 30
0.0
 11
-120.639567157
 21
-30.495
 31
0.0
  0
LINE
  5
7D2
330
1F
100
AcDbEntity
  8
OUTLINE
  6
SDS2_5
 62
     1
100
AcDbLine
 10
-120.639567157
 20
-30.495
 30
0.0
 11
-120.639567157
 21
-30.5
 31
0.0
  0
LINE
  5
7D3
330
1F
100
AcDbEntity
  8
OUTLINE
  6
SDS2_5
 62
     1
100
AcDbLine
 10
-120.639567157
 20
-30.5
 30
0.0
 11
-120.639567157
 21
-33.0
 31
0.0
  0
LINE
  5
7D4
330
1F
100
AcDbEntity
  8
OUTLINE
  6
SDS2_5
 62
     1
100
AcDbLine
 10
-120.639567157
 20
-33.0
 30
0.0
 11
-120.639567157
 21
-33.005
 31
0.0
  0
LINE
  5
7D5
330
1F
100
AcDbEntity
  8
OUTLINE
  6
SDS2_5
 62
     1
100
AcDbLine
 10
-120.639567157
 20
-33.005
 30
0.0
 11
-121.261427734
 21
-33.005
 31
0.0
  0
LINE
  5
7D6
330
1F
100
AcDbEntity
  8
OUTLINE
  6
SDS2_5
 62
     1
100
AcDbLine
 10
-120.639567157
 20
-30.495
 30
0.0
 11
-120.112379215
 21
-30.495
 31
0.0
  0
LINE
  5
7D7
330
1F
100
AcDbEntity
  8
OUTLINE
  6
SDS2_5
 62
     1
100
AcDbLine
 10
-120.112379215
 20
-30.495
 30
0.0
 11
-120.112379215
 21
-30.5
 31
0.0
  0
LINE
  5
7D8
330
1F
100
AcDbEntity
  8
OUTLINE
  6
SDS2_5
 62
     1
100
AcDbLine
 10
-120.112379215
 20
-30.5
 30
0.0
 11
-120.112379215
 21
-33.0
 31
0.0
  0
LINE
  5
7D9
330
1F
100
AcDbEntity
  8
OUTLINE
  6
SDS2_5
 62
     1
100
AcDbLine
 10
-120.112379215
 20
-33.0
 30
0.0
 11
-120.112379215
 21
-33.005
 31
0.0
  0
LINE
  5
7DA
330
1F
100
AcDbEntity
  8
OUTLINE
  6
SDS2_5
 62
     1
100
AcDbLine
 10
-120.112379215
 20
-33.005
 30
0.0
 11
-120.639567157
 21
-33.005
 31
0.0
  0
LINE
  5
7DB
330
1F
100
AcDbEntity
  8
OUTLINE
  6
SDS2_5
 62
     1
100
AcDbLine
 10
-120.112379215
 20
-30.495
 30
0.0
 11
-119.760123494
 21
-30.495
 31
0.0
  0
LINE
  5
7DC
330
1F
100
AcDbEntity
  8
OUTLINE
  6
SDS2_5
 62
     1
100
AcDbLine
 10
-119.760123494
 20
-30.495
 30
0.0
 11
-119.760123494
 21
-30.5
 31
0.0
  0
LINE
  5
7DD
330
1F
100
AcDbEntity
  8
OUTLINE
  6
SDS2_5
 62
     1
100
AcDbLine
 10
-119.760123494
 20
-30.5
 30
0.0
 11
-119.760123494
 21
-33.0
 31
0.0
  0
LINE
  5
7DE
330
1F
100
AcDbEntity
  8
OUTLINE
  6
SDS2_5
 62
     1
100
AcDbLine
 10
-119.760123494
 20
-33.0
 30
0.0
 11
-119.760123494
 21
-33.005
 31
0.0
  0
LINE
  5
7DF
330
1F
100
AcDbEntity
  8
OUTLINE
  6
SDS2_5
 62
     1
100
AcDbLine
 10
-119.760123494
 20
-33.005
 30
0.0
 11
-120.112379215
 21
-33.005
 31
0.0
  0
LINE
  5
7E0
330
1F
100
AcDbEntity
  8
OUTLINE
  6
SDS2_5
 62
     1
100
AcDbLine
 10
-119.760123494
 20
-30.495
 30
0.0
 11
-119.636427734
 21
-30.495
 31
0.0
  0
LINE
  5
7E1
330
1F
100
AcDbEntity
  8
OUTLINE
  6
SDS2_5
 62
     1
100
AcDbLine
 10
-119.636427734
 20
-33.005
 30
0.0
 11
-119.760123494
 21
-33.005
 31
0.0
  0
LINE
  5
7E2
330
1F
100
AcDbEntity
  8
OUTLINE
  6
CONTINUOUS
 62
     2
100
AcDbLine
 10
-119.636427734
 20
-33.005
 30
0.0
 11
-119.636427734
 21
-33.0
 31
0.0
  0
LINE
  5
7E3
330
1F
100
AcDbEntity
  8
OUTLINE
  6
SDS2_5
 62
     1
100
AcDbLine
 10
-119.636427734
 20
-33.0
 30
0.0
 11
-119.636427734
 21
-30.5
 31
0.0
  0
LINE
  5
7E4
330
1F
100
AcDbEntity
  8
OUTLINE
  6
CONTINUOUS
 62
     2
100
AcDbLine
 10
-119.636427734
 20
-30.5
 30
0.0
 11
-119.636427734
 21
-30.495
 31
0.0
  0
LINE
  5
7E5
330
1F
100
AcDbEntity
  8
OUTLINE
  6
CONTINUOUS
 62
     2
100
AcDbLine
 10
-122.886427734
 20
-30.495
 30
0.0
 11
-122.886427734
 21
-30.5
 31
0.0
  0
LINE
  5
7E6
330
1F
100
AcDbEntity
  8
OUTLINE
  6
SDS2_5
 62
     1
100
AcDbLine
 10
-122.886427734
 20
-30.5
 30
0.0
 11
-122.886427734
 21
-33.0
 31
0.0
  0
LINE
  5
7E7
330
1F
100
AcDbEntity
  8
OUTLINE
  6
CONTINUOUS
 62
     2
100
AcDbLine
 10
-122.886427734
 20
-33.0
 30
0.0
 11
-122.886427734
 21
-33.005
 31
0.0
  0
LINE
  5
7E8
330
1F
100
AcDbEntity
  8
OUTLINE
  6
SDS2_5
 62
     1
100
AcDbLine
 10
-122.886427734
 20
-30.495
 30
0.0
 11
-122.762731975
 21
-30.495
 31
0.0
  0
LINE
  5
7E9
330
1F
100
AcDbEntity
  8
OUTLINE
  6
SDS2_5
 62
     1
100
AcDbLine
 10
-122.762731975
 20
-33.005
 30
0.0
 11
-122.886427734
 21
-33.005
 31
0.0
  0
LINE
  5
7EA
330
1F
100
AcDbEntity
  8
OUTLINE
  6
SDS2_5
 62
     1
100
AcDbLine
 10
-122.762731975
 20
-33.005
 30
0.0
 11
-122.762731975
 21
-33.0
 31
0.0
  0
LINE
  5
7EB
330
1F
100
AcDbEntity
  8
OUTLINE
  6
SDS2_5
 62
     1
100
AcDbLine
 10
-122.762731975
 20
-33.0
 30
0.0
 11
-122.762731975
 21
-30.5
 31
0.0
  0
LINE
  5
7EC
330
1F
100
AcDbEntity
  8
OUTLINE
  6
SDS2_5
 62
     1
100
AcDbLine
 10
-122.762731975
 20
-30.5
 30
0.0
 11
-122.762731975
 21
-30.495
 31
0.0
  0
LINE
  5
7ED
330
1F
100
AcDbEntity
  8
OUTLINE
  6
SDS2_5
 62
     1
100
AcDbLine
 10
-122.762731975
 20
-30.495
 30
0.0
 11
-122.410476254
 21
-30.495
 31
0.0
  0
LINE
  5
7EE
330
1F
100
AcDbEntity
  8
OUTLINE
  6
SDS2_5
 62
     1
100
AcDbLine
 10
-122.410476254
 20
-33.005
 30
0.0
 11
-122.762731975
 21
-33.005
 31
0.0
  0
LINE
  5
7EF
330
1F
100
AcDbEntity
  8
OUTLINE
  6
SDS2_5
 62
     1
100
AcDbLine
 10
-122.410476254
 20
-33.005
 30
0.0
 11
-122.410476254
 21
-33.0
 31
0.0
  0
LINE
  5
7F0
330
1F
100
AcDbEntity
  8
OUTLINE
  6
SDS2_5
 62
     1
100
AcDbLine
 10
-122.410476254
 20
-33.0
 30
0.0
 11
-122.410476254
 21
-30.5
 31
0.0
  0
LINE
  5
7F1
330
1F
100
AcDbEntity
  8
OUTLINE
  6
SDS2_5
 62
     1
100
AcDbLine
 10
-122.410476254
 20
-30.5
 30
0.0
 11
-122.410476254
 21
-30.495
 31
0.0
  0
LINE
  5
7F2
330
1F
100
AcDbEntity
  8
OUTLINE
  6
SDS2_5
 62
     1
100
AcDbLine
 10
-122.410476254
 20
-30.495
 30
0.0
 11
-121.883288312
 21
-30.495
 31
0.0
  0
LINE
  5
7F3
330
1F
100
AcDbEntity
  8
OUTLINE
  6
SDS2_5
 62
     1
100
AcDbLine
 10
-121.883288312
 20
-33.005
 30
0.0
 11
-122.410476254
 21
-33.005
 31
0.0
  0
LINE
  5
7F4
330
1F
100
AcDbEntity
  8
OUTLINE
  6
SDS2_5
 62
     1
100
AcDbLine
 10
-121.883288312
 20
-33.005
 30
0.0
 11
-121.883288312
 21
-33.0
 31
0.0
  0
LINE
  5
7F5
330
1F
100
AcDbEntity
  8
OUTLINE
  6
SDS2_5
 62
     1
100
AcDbLine
 10
-121.883288312
 20
-33.0
 30
0.0
 11
-121.883288312
 21
-30.5
 31
0.0
  0
LINE
  5
7F6
330
1F
100
AcDbEntity
  8
OUTLINE
  6
SDS2_5
 62
     1
100
AcDbLine
 10
-121.883288312
 20
-30.5
 30
0.0
 11
-121.883288312
 21
-30.495
 31
0.0
  0
LINE
  5
7F7
330
1F
100
AcDbEntity
  8
OUTLINE
  6
SDS2_5
 62
     1
100
AcDbLine
 10
-121.883288312
 20
-30.495
 30
0.0
 11
-121.261427734
 21
-30.495
 31
0.0
  0
LINE
  5
7F8
330
1F
100
AcDbEntity
  8
OUTLINE
  6
SDS2_5
 62
     1
100
AcDbLine
 10
-121.261427734
 20
-33.005
 30
0.0
 11
-121.883288312
 21
-33.005
 31
0.0
  0
LINE
  5
7F9
330
1F
100
AcDbEntity
  8
OUTLINE
  6
SDS2_5
 62
     1
100
AcDbLine
 10
-110.761427734
 20
-33.005
 30
0.0
 11
-110.761427734
 21
-33.0
 31
0.0
  0
LINE
  5
7FA
330
1F
100
AcDbEntity
  8
OUTLINE
  6
SDS2_5
 62
     1
100
AcDbLine
 10
-110.761427734
 20
-33.0
 30
0.0
 11
-110.761427734
 21
-30.5
 31
0.0
  0
LINE
  5
7FB
330
1F
100
AcDbEntity
  8
OUTLINE
  6
SDS2_5
 62
     1
100
AcDbLine
 10
-110.761427734
 20
-30.5
 30
0.0
 11
-110.761427734
 21
-30.495
 31
0.0
  0
LINE
  5
7FC
330
1F
100
AcDbEntity
  8
OUTLINE
  6
SDS2_5
 62
     1
100
AcDbLine
 10
-110.761427734
 20
-30.495
 30
0.0
 11
-110.139567157
 21
-30.495
 31
0.0
  0
LINE
  5
7FD
330
1F
100
AcDbEntity
  8
OUTLINE
  6
SDS2_5
 62
     1
100
AcDbLine
 10
-110.139567157
 20
-30.495
 30
0.0
 11
-110.139567157
 21
-30.5
 31
0.0
  0
LINE
  5
7FE
330
1F
100
AcDbEntity
  8
OUTLINE
  6
SDS2_5
 62
     1
100
AcDbLine
 10
-110.139567157
 20
-30.5
 30
0.0
 11
-110.139567157
 21
-33.0
 31
0.0
  0
LINE
  5
7FF
330
1F
100
AcDbEntity
  8
OUTLINE
  6
SDS2_5
 62
     1
100
AcDbLine
 10
-110.139567157
 20
-33.0
 30
0.0
 11
-110.139567157
 21
-33.005
 31
0.0
  0
LINE
  5
800
330
1F
100
AcDbEntity
  8
OUTLINE
  6
SDS2_5
 62
     1
100
AcDbLine
 10
-110.139567157
 20
-33.005
 30
0.0
 11
-110.761427734
 21
-33.005
 31
0.0
  0
LINE
  5
801
330
1F
100
AcDbEntity
  8
OUTLINE
  6
SDS2_5
 62
     1
100
AcDbLine
 10
-110.139567157
 20
-30.495
 30
0.0
 11
-109.612379215
 21
-30.495
 31
0.0
  0
LINE
  5
802
330
1F
100
AcDbEntity
  8
OUTLINE
  6
SDS2_5
 62
     1
100
AcDbLine
 10
-109.612379215
 20
-30.495
 30
0.0
 11
-109.612379215
 21
-30.5
 31
0.0
  0
LINE
  5
803
330
1F
100
AcDbEntity
  8
OUTLINE
  6
SDS2_5
 62
     1
100
AcDbLine
 10
-109.612379215
 20
-30.5
 30
0.0
 11
-109.612379215
 21
-33.0
 31
0.0
  0
LINE
  5
804
330
1F
100
AcDbEntity
  8
OUTLINE
  6
SDS2_5
 62
     1
100
AcDbLine
 10
-109.612379215
 20
-33.0
 30
0.0
 11
-109.612379215
 21
-33.005
 31
0.0
  0
LINE
  5
805
330
1F
100
AcDbEntity
  8
OUTLINE
  6
SDS2_5
 62
     1
100
AcDbLine
 10
-109.612379215
 20
-33.005
 30
0.0
 11
-110.139567157
 21
-33.005
 31
0.0
  0
LINE
  5
806
330
1F
100
AcDbEntity
  8
OUTLINE
  6
SDS2_5
 62
     1
100
AcDbLine
 10
-109.612379215
 20
-30.495
 30
0.0
 11
-109.260123494
 21
-30.495
 31
0.0
  0
LINE
  5
807
330
1F
100
AcDbEntity
  8
OUTLINE
  6
SDS2_5
 62
     1
100
AcDbLine
 10
-109.260123494
 20
-30.495
 30
0.0
 11
-109.260123494
 21
-30.5
 31
0.0
  0
LINE
  5
808
330
1F
100
AcDbEntity
  8
OUTLINE
  6
SDS2_5
 62
     1
100
AcDbLine
 10
-109.260123494
 20
-30.5
 30
0.0
 11
-109.260123494
 21
-33.0
 31
0.0
  0
LINE
  5
809
330
1F
100
AcDbEntity
  8
OUTLINE
  6
SDS2_5
 62
     1
100
AcDbLine
 10
-109.260123494
 20
-33.0
 30
0.0
 11
-109.260123494
 21
-33.005
 31
0.0
  0
LINE
  5
80A
330
1F
100
AcDbEntity
  8
OUTLINE
  6
SDS2_5
 62
     1
100
AcDbLine
 10
-109.260123494
 20
-33.005
 30
0.0
 11
-109.612379215
 21
-33.005
 31
0.0
  0
LINE
  5
80B
330
1F
100
AcDbEntity
  8
OUTLINE
  6
SDS2_5
 62
     1
100
AcDbLine
 10
-109.260123494
 20
-30.495
 30
0.0
 11
-109.136427734
 21
-30.495
 31
0.0
  0
LINE
  5
80C
330
1F
100
AcDbEntity
  8
OUTLINE
  6
SDS2_5
 62
     1
100
AcDbLine
 10
-109.136427734
 20
-33.005
 30
0.0
 11
-109.260123494
 21
-33.005
 31
0.0
  0
LINE
  5
80D
330
1F
100
AcDbEntity
  8
OUTLINE
  6
CONTINUOUS
 62
     2
100
AcDbLine
 10
-109.136427734
 20
-33.005
 30
0.0
 11
-109.136427734
 21
-33.0
 31
0.0
  0
LINE
  5
80E
330
1F
100
AcDbEntity
  8
OUTLINE
  6
SDS2_5
 62
     1
100
AcDbLine
 10
-109.136427734
 20
-33.0
 30
0.0
 11
-109.136427734
 21
-30.5
 31
0.0
  0
LINE
  5
80F
330
1F
100
AcDbEntity
  8
OUTLINE
  6
CONTINUOUS
 62
     2
100
AcDbLine
 10
-109.136427734
 20
-30.5
 30
0.0
 11
-109.136427734
 21
-30.495
 31
0.0
  0
LINE
  5
810
330
1F
100
AcDbEntity
  8
OUTLINE
  6
CONTINUOUS
 62
     2
100
AcDbLine
 10
-112.386427734
 20
-30.495
 30
0.0
 11
-112.386427734
 21
-30.5
 31
0.0
  0
LINE
  5
811
330
1F
100
AcDbEntity
  8
OUTLINE
  6
SDS2_5
 62
     1
100
AcDbLine
 10
-112.386427734
 20
-30.5
 30
0.0
 11
-112.386427734
 21
-33.0
 31
0.0
  0
LINE
  5
812
330
1F
100
AcDbEntity
  8
OUTLINE
  6
CONTINUOUS
 62
     2
100
AcDbLine
 10
-112.386427734
 20
-33.0
 30
0.0
 11
-112.386427734
 21
-33.005
 31
0.0
  0
LINE
  5
813
330
1F
100
AcDbEntity
  8
OUTLINE
  6
SDS2_5
 62
     1
100
AcDbLine
 10
-112.386427734
 20
-30.495
 30
0.0
 11
-112.262731975
 21
-30.495
 31
0.0
  0
LINE
  5
814
330
1F
100
AcDbEntity
  8
OUTLINE
  6
SDS2_5
 62
     1
100
AcDbLine
 10
-112.262731975
 20
-33.005
 30
0.0
 11
-112.386427734
 21
-33.005
 31
0.0
  0
LINE
  5
815
330
1F
100
AcDbEntity
  8
OUTLINE
  6
SDS2_5
 62
     1
100
AcDbLine
 10
-112.262731975
 20
-33.005
 30
0.0
 11
-112.262731975
 21
-33.0
 31
0.0
  0
LINE
  5
816
330
1F
100
AcDbEntity
  8
OUTLINE
  6
SDS2_5
 62
     1
100
AcDbLine
 10
-112.262731975
 20
-33.0
 30
0.0
 11
-112.262731975
 21
-30.5
 31
0.0
  0
LINE
  5
817
330
1F
100
AcDbEntity
  8
OUTLINE
  6
SDS2_5
 62
     1
100
AcDbLine
 10
-112.262731975
 20
-30.5
 30
0.0
 11
-112.262731975
 21
-30.495
 31
0.0
  0
LINE
  5
818
330
1F
100
AcDbEntity
  8
OUTLINE
  6
SDS2_5
 62
     1
100
AcDbLine
 10
-112.262731975
 20
-30.495
 30
0.0
 11
-111.910476254
 21
-30.495
 31
0.0
  0
LINE
  5
819
330
1F
100
AcDbEntity
  8
OUTLINE
  6
SDS2_5
 62
     1
100
AcDbLine
 10
-111.910476254
 20
-33.005
 30
0.0
 11
-112.262731975
 21
-33.005
 31
0.0
  0
LINE
  5
81A
330
1F
100
AcDbEntity
  8
OUTLINE
  6
SDS2_5
 62
     1
100
AcDbLine
 10
-111.910476254
 20
-33.005
 30
0.0
 11
-111.910476254
 21
-33.0
 31
0.0
  0
LINE
  5
81B
330
1F
100
AcDbEntity
  8
OUTLINE
  6
SDS2_5
 62
     1
100
AcDbLine
 10
-111.910476254
 20
-33.0
 30
0.0
 11
-111.910476254
 21
-30.5
 31
0.0
  0
LINE
  5
81C
330
1F
100
AcDbEntity
  8
OUTLINE
  6
SDS2_5
 62
     1
100
AcDbLine
 10
-111.910476254
 20
-30.5
 30
0.0
 11
-111.910476254
 21
-30.495
 31
0.0
  0
LINE
  5
81D
330
1F
100
AcDbEntity
  8
OUTLINE
  6
SDS2_5
 62
     1
100
AcDbLine
 10
-111.910476254
 20
-30.495
 30
0.0
 11
-111.383288312
 21
-30.495
 31
0.0
  0
LINE
  5
81E
330
1F
100
AcDbEntity
  8
OUTLINE
  6
SDS2_5
 62
     1
100
AcDbLine
 10
-111.383288312
 20
-33.005
 30
0.0
 11
-111.910476254
 21
-33.005
 31
0.0
  0
LINE
  5
81F
330
1F
100
AcDbEntity
  8
OUTLINE
  6
SDS2_5
 62
     1
100
AcDbLine
 10
-111.383288312
 20
-33.005
 30
0.0
 11
-111.383288312
 21
-33.0
 31
0.0
  0
LINE
  5
820
330
1F
100
AcDbEntity
  8
OUTLINE
  6
SDS2_5
 62
     1
100
AcDbLine
 10
-111.383288312
 20
-33.0
 30
0.0
 11
-111.383288312
 21
-30.5
 31
0.0
  0
LINE
  5
821
330
1F
100
AcDbEntity
  8
OUTLINE
  6
SDS2_5
 62
     1
100
AcDbLine
 10
-111.383288312
 20
-30.5
 30
0.0
 11
-111.383288312
 21
-30.495
 31
0.0
  0
LINE
  5
822
330
1F
100
AcDbEntity
  8
OUTLINE
  6
SDS2_5
 62
     1
100
AcDbLine
 10
-111.383288312
 20
-30.495
 30
0.0
 11
-110.761427734
 21
-30.495
 31
0.0
  0
LINE
  5
823
330
1F
100
AcDbEntity
  8
OUTLINE
  6
SDS2_5
 62
     1
100
AcDbLine
 10
-110.761427734
 20
-33.005
 30
0.0
 11
-111.383288312
 21
-33.005
 31
0.0
  0
LINE
  5
824
330
1F
100
AcDbEntity
  8
OUTLINE
  6
SDS2_5
 62
     1
100
AcDbLine
 10
-124.261427734
 20
-33.005
 30
0.0
 11
-124.261427734
 21
-33.0
 31
0.0
  0
LINE
  5
825
330
1F
100
AcDbEntity
  8
OUTLINE
  6
SDS2_5
 62
     1
100
AcDbLine
 10
-124.261427734
 20
-33.0
 30
0.0
 11
-124.261427734
 21
-30.5
 31
0.0
  0
LINE
  5
826
330
1F
100
AcDbEntity
  8
OUTLINE
  6
SDS2_5
 62
     1
100
AcDbLine
 10
-124.261427734
 20
-30.5
 30
0.0
 11
-124.261427734
 21
-30.495
 31
0.0
  0
LINE
  5
827
330
1F
100
AcDbEntity
  8
OUTLINE
  6
SDS2_5
 62
     1
100
AcDbLine
 10
-124.261427734
 20
-30.495
 30
0.0
 11
-123.687402586
 21
-30.495
 31
0.0
  0
LINE
  5
828
330
1F
100
AcDbEntity
  8
OUTLINE
  6
SDS2_5
 62
     1
100
AcDbLine
 10
-123.687402586
 20
-30.495
 30
0.0
 11
-123.687402586
 21
-30.5
 31
0.0
  0
LINE
  5
829
330
1F
100
AcDbEntity
  8
OUTLINE
  6
SDS2_5
 62
     1
100
AcDbLine
 10
-123.687402586
 20
-30.5
 30
0.0
 11
-123.687402586
 21
-33.0
 31
0.0
  0
LINE
  5
82A
330
1F
100
AcDbEntity
  8
OUTLINE
  6
SDS2_5
 62
     1
100
AcDbLine
 10
-123.687402586
 20
-33.0
 30
0.0
 11
-123.687402586
 21
-33.005
 31
0.0
  0
LINE
  5
82B
330
1F
100
AcDbEntity
  8
OUTLINE
  6
SDS2_5
 62
     1
100
AcDbLine
 10
-123.687402586
 20
-33.005
 30
0.0
 11
-124.261427734
 21
-33.005
 31
0.0
  0
LINE
  5
82C
330
1F
100
AcDbEntity
  8
OUTLINE
  6
SDS2_5
 62
     1
100
AcDbLine
 10
-123.687402586
 20
-30.495
 30
0.0
 11
-123.200767563
 21
-30.495
 31
0.0
  0
LINE
  5
82D
330
1F
100
AcDbEntity
  8
OUTLINE
  6
SDS2_5
 62
     1
100
AcDbLine
 10
-123.200767563
 20
-30.495
 30
0.0
 11
-123.200767563
 21
-30.5
 31
0.0
  0
LINE
  5
82E
330
1F
100
AcDbEntity
  8
OUTLINE
  6
SDS2_5
 62
     1
100
AcDbLine
 10
-123.200767563
 20
-30.5
 30
0.0
 11
-123.200767563
 21
-33.0
 31
0.0
  0
LINE
  5
82F
330
1F
100
AcDbEntity
  8
OUTLINE
  6
SDS2_5
 62
     1
100
AcDbLine
 10
-123.200767563
 20
-33.0
 30
0.0
 11
-123.200767563
 21
-33.005
 31
0.0
  0
LINE
  5
830
330
1F
100
AcDbEntity
  8
OUTLINE
  6
SDS2_5
 62
     1
100
AcDbLine
 10
-123.200767563
 20
-33.005
 30
0.0
 11
-123.687402586
 21
-33.005
 31
0.0
  0
LINE
  5
831
330
1F
100
AcDbEntity
  8
OUTLINE
  6
SDS2_5
 62
     1
100
AcDbLine
 10
-123.200767563
 20
-30.495
 30
0.0
 11
-122.875608436
 21
-30.495
 31
0.0
  0
LINE
  5
832
330
1F
100
AcDbEntity
  8
OUTLINE
  6
SDS2_5
 62
     1
100
AcDbLine
 10
-122.875608436
 20
-30.495
 30
0.0
 11
-122.875608436
 21
-30.5
 31
0.0
  0
LINE
  5
833
330
1F
100
AcDbEntity
  8
OUTLINE
  6
SDS2_5
 62
     1
100
AcDbLine
 10
-122.875608436
 20
-30.5
 30
0.0
 11
-122.875608436
 21
-33.0
 31
0.0
  0
LINE
  5
834
330
1F
100
AcDbEntity
  8
OUTLINE
  6
SDS2_5
 62
     1
100
AcDbLine
 10
-122.875608436
 20
-33.0
 30
0.0
 11
-122.875608436
 21
-33.005
 31
0.0
  0
LINE
  5
835
330
1F
100
AcDbEntity
  8
OUTLINE
  6
SDS2_5
 62
     1
100
AcDbLine
 10
-122.875608436
 20
-33.005
 30
0.0
 11
-123.200767563
 21
-33.005
 31
0.0
  0
LINE
  5
836
330
1F
100
AcDbEntity
  8
OUTLINE
  6
SDS2_5
 62
     1
100
AcDbLine
 10
-122.875608436
 20
-30.495
 30
0.0
 11
-122.761427734
 21
-30.495
 31
0.0
  0
LINE
  5
837
330
1F
100
AcDbEntity
  8
OUTLINE
  6
SDS2_5
 62
     1
100
AcDbLine
 10
-122.761427734
 20
-33.005
 30
0.0
 11
-122.875608436
 21
-33.005
 31
0.0
  0
LINE
  5
838
330
1F
100
AcDbEntity
  8
OUTLINE
  6
CONTINUOUS
 62
     2
100
AcDbLine
 10
-122.761427734
 20
-33.005
 30
0.0
 11
-122.761427734
 21
-33.0
 31
0.0
  0
LINE
  5
839
330
1F
100
AcDbEntity
  8
OUTLINE
  6
SDS2_5
 62
     1
100
AcDbLine
 10
-122.761427734
 20
-33.0
 30
0.0
 11
-122.761427734
 21
-30.5
 31
0.0
  0
LINE
  5
83A
330
1F
100
AcDbEntity
  8
OUTLINE
  6
CONTINUOUS
 62
     2
100
AcDbLine
 10
-122.761427734
 20
-30.5
 30
0.0
 11
-122.761427734
 21
-30.495
 31
0.0
  0
LINE
  5
83B
330
1F
100
AcDbEntity
  8
OUTLINE
  6
CONTINUOUS
 62
     2
100
AcDbLine
 10
-125.761427734
 20
-30.495
 30
0.0
 11
-125.761427734
 21
-30.5
 31
0.0
  0
LINE
  5
83C
330
1F
100
AcDbEntity
  8
OUTLINE
  6
SDS2_5
 62
     1
100
AcDbLine
 10
-125.761427734
 20
-30.5
 30
0.0
 11
-125.761427734
 21
-33.0
 31
0.0
  0
LINE
  5
83D
330
1F
100
AcDbEntity
  8
OUTLINE
  6
CONTINUOUS
 62
     2
100
AcDbLine
 10
-125.761427734
 20
-33.0
 30
0.0
 11
-125.761427734
 21
-33.005
 31
0.0
  0
LINE
  5
83E
330
1F
100
AcDbEntity
  8
OUTLINE
  6
SDS2_5
 62
     1
100
AcDbLine
 10
-125.761427734
 20
-30.495
 30
0.0
 11
-125.647247033
 21
-30.495
 31
0.0
  0
LINE
  5
83F
330
1F
100
AcDbEntity
  8
OUTLINE
  6
SDS2_5
 62
     1
100
AcDbLine
 10
-125.647247033
 20
-33.005
 30
0.0
 11
-125.761427734
 21
-33.005
 31
0.0
  0
LINE
  5
840
330
1F
100
AcDbEntity
  8
OUTLINE
  6
SDS2_5
 62
     1
100
AcDbLine
 10
-125.647247033
 20
-33.005
 30
0.0
 11
-125.647247033
 21
-33.0
 31
0.0
  0
LINE
  5
841
330
1F
100
AcDbEntity
  8
OUTLINE
  6
SDS2_5
 62
     1
100
AcDbLine
 10
-125.647247033
 20
-33.0
 30
0.0
 11
-125.647247033
 21
-30.5
 31
0.0
  0
LINE
  5
842
330
1F
100
AcDbEntity
  8
OUTLINE
  6
SDS2_5
 62
     1
100
AcDbLine
 10
-125.647247033
 20
-30.5
 30
0.0
 11
-125.647247033
 21
-30.495
 31
0.0
  0
LINE
  5
843
330
1F
100
AcDbEntity
  8
OUTLINE
  6
SDS2_5
 62
     1
100
AcDbLine
 10
-125.647247033
 20
-30.495
 30
0.0
 11
-125.322087906
 21
-30.495
 31
0.0
  0
LINE
  5
844
330
1F
100
AcDbEntity
  8
OUTLINE
  6
SDS2_5
 62
     1
100
AcDbLine
 10
-125.322087906
 20
-33.005
 30
0.0
 11
-125.647247033
 21
-33.005
 31
0.0
  0
LINE
  5
845
330
1F
100
AcDbEntity
  8
OUTLINE
  6
SDS2_5
 62
     1
100
AcDbLine
 10
-125.322087906
 20
-33.005
 30
0.0
 11
-125.322087906
 21
-33.0
 31
0.0
  0
LINE
  5
846
330
1F
100
AcDbEntity
  8
OUTLINE
  6
SDS2_5
 62
     1
100
AcDbLine
 10
-125.322087906
 20
-33.0
 30
0.0
 11
-125.322087906
 21
-30.5
 31
0.0
  0
LINE
  5
847
330
1F
100
AcDbEntity
  8
OUTLINE
  6
SDS2_5
 62
     1
100
AcDbLine
 10
-125.322087906
 20
-30.5
 30
0.0
 11
-125.322087906
 21
-30.495
 31
0.0
  0
LINE
  5
848
330
1F
100
AcDbEntity
  8
OUTLINE
  6
SDS2_5
 62
     1
100
AcDbLine
 10
-125.322087906
 20
-30.495
 30
0.0
 11
-124.835452883
 21
-30.495
 31
0.0
  0
LINE
  5
849
330
1F
100
AcDbEntity
  8
OUTLINE
  6
SDS2_5
 62
     1
100
AcDbLine
 10
-124.835452883
 20
-33.005
 30
0.0
 11
-125.322087906
 21
-33.005
 31
0.0
  0
LINE
  5
84A
330
1F
100
AcDbEntity
  8
OUTLINE
  6
SDS2_5
 62
     1
100
AcDbLine
 10
-124.835452883
 20
-33.005
 30
0.0
 11
-124.835452883
 21
-33.0
 31
0.0
  0
LINE
  5
84B
330
1F
100
AcDbEntity
  8
OUTLINE
  6
SDS2_5
 62
     1
100
AcDbLine
 10
-124.835452883
 20
-33.0
 30
0.0
 11
-124.835452883
 21
-30.5
 31
0.0
  0
LINE
  5
84C
330
1F
100
AcDbEntity
  8
OUTLINE
  6
SDS2_5
 62
     1
100
AcDbLine
 10
-124.835452883
 20
-30.5
 30
0.0
 11
-124.835452883
 21
-30.495
 31
0.0
  0
LINE
  5
84D
330
1F
100
AcDbEntity
  8
OUTLINE
  6
SDS2_5
 62
     1
100
AcDbLine
 10
-124.835452883
 20
-30.495
 30
0.0
 11
-124.261427734
 21
-30.495
 31
0.0
  0
LINE
  5
84E
330
1F
100
AcDbEntity
  8
OUTLINE
  6
SDS2_5
 62
     1
100
AcDbLine
 10
-124.261427734
 20
-33.005
 30
0.0
 11
-124.835452883
 21
-33.005
 31
0.0
  0
LINE
  5
84F
330
1F
100
AcDbEntity
  8
OUTLINE
  6
SDS2_5
 62
     1
100
AcDbLine
 10
-118.261427734
 20
-33.005
 30
0.0
 11
-118.261427734
 21
-33.0
 31
0.0
  0
LINE
  5
850
330
1F
100
AcDbEntity
  8
OUTLINE
  6
SDS2_5
 62
     1
100
AcDbLine
 10
-118.261427734
 20
-33.0
 30
0.0
 11
-118.261427734
 21
-30.5
 31
0.0
  0
LINE
  5
851
330
1F
100
AcDbEntity
  8
OUTLINE
  6
SDS2_5
 62
     1
100
AcDbLine
 10
-118.261427734
 20
-30.5
 30
0.0
 11
-118.261427734
 21
-30.495
 31
0.0
  0
LINE
  5
852
330
1F
100
AcDbEntity
  8
OUTLINE
  6
SDS2_5
 62
     1
100
AcDbLine
 10
-118.261427734
 20
-30.495
 30
0.0
 11
-117.687402586
 21
-30.495
 31
0.0
  0
LINE
  5
853
330
1F
100
AcDbEntity
  8
OUTLINE
  6
SDS2_5
 62
     1
100
AcDbLine
 10
-117.687402586
 20
-30.495
 30
0.0
 11
-117.687402586
 21
-30.5
 31
0.0
  0
LINE
  5
854
330
1F
100
AcDbEntity
  8
OUTLINE
  6
SDS2_5
 62
     1
100
AcDbLine
 10
-117.687402586
 20
-30.5
 30
0.0
 11
-117.687402586
 21
-33.0
 31
0.0
  0
LINE
  5
855
330
1F
100
AcDbEntity
  8
OUTLINE
  6
SDS2_5
 62
     1
100
AcDbLine
 10
-117.687402586
 20
-33.0
 30
0.0
 11
-117.687402586
 21
-33.005
 31
0.0
  0
LINE
  5
856
330
1F
100
AcDbEntity
  8
OUTLINE
  6
SDS2_5
 62
     1
100
AcDbLine
 10
-117.687402586
 20
-33.005
 30
0.0
 11
-118.261427734
 21
-33.005
 31
0.0
  0
LINE
  5
857
330
1F
100
AcDbEntity
  8
OUTLINE
  6
SDS2_5
 62
     1
100
AcDbLine
 10
-117.687402586
 20
-30.495
 30
0.0
 11
-117.200767563
 21
-30.495
 31
0.0
  0
LINE
  5
858
330
1F
100
AcDbEntity
  8
OUTLINE
  6
SDS2_5
 62
     1
100
AcDbLine
 10
-117.200767563
 20
-30.495
 30
0.0
 11
-117.200767563
 21
-30.5
 31
0.0
  0
LINE
  5
859
330
1F
100
AcDbEntity
  8
OUTLINE
  6
SDS2_5
 62
     1
100
AcDbLine
 10
-117.200767563
 20
-30.5
 30
0.0
 11
-117.200767563
 21
-33.0
 31
0.0
  0
LINE
  5
85A
330
1F
100
AcDbEntity
  8
OUTLINE
  6
SDS2_5
 62
     1
100
AcDbLine
 10
-117.200767563
 20
-33.0
 30
0.0
 11
-117.200767563
 21
-33.005
 31
0.0
  0
LINE
  5
85B
330
1F
100
AcDbEntity
  8
OUTLINE
  6
SDS2_5
 62
     1
100
AcDbLine
 10
-117.200767563
 20
-33.005
 30
0.0
 11
-117.687402586
 21
-33.005
 31
0.0
  0
LINE
  5
85C
330
1F
100
AcDbEntity
  8
OUTLINE
  6
SDS2_5
 62
     1
100
AcDbLine
 10
-117.200767563
 20
-30.495
 30
0.0
 11
-116.875608436
 21
-30.495
 31
0.0
  0
LINE
  5
85D
330
1F
100
AcDbEntity
  8
OUTLINE
  6
SDS2_5
 62
     1
100
AcDbLine
 10
-116.875608436
 20
-30.495
 30
0.0
 11
-116.875608436
 21
-30.5
 31
0.0
  0
LINE
  5
85E
330
1F
100
AcDbEntity
  8
OUTLINE
  6
SDS2_5
 62
     1
100
AcDbLine
 10
-116.875608436
 20
-30.5
 30
0.0
 11
-116.875608436
 21
-33.0
 31
0.0
  0
LINE
  5
85F
330
1F
100
AcDbEntity
  8
OUTLINE
  6
SDS2_5
 62
     1
100
AcDbLine
 10
-116.875608436
 20
-33.0
 30
0.0
 11
-116.875608436
 21
-33.005
 31
0.0
  0
LINE
  5
860
330
1F
100
AcDbEntity
  8
OUTLINE
  6
SDS2_5
 62
     1
100
AcDbLine
 10
-116.875608436
 20
-33.005
 30
0.0
 11
-117.200767563
 21
-33.005
 31
0.0
  0
LINE
  5
861
330
1F
100
AcDbEntity
  8
OUTLINE
  6
SDS2_5
 62
     1
100
AcDbLine
 10
-116.875608436
 20
-30.495
 30
0.0
 11
-116.761427734
 21
-30.495
 31
0.0
  0
LINE
  5
862
330
1F
100
AcDbEntity
  8
OUTLINE
  6
SDS2_5
 62
     1
100
AcDbLine
 10
-116.761427734
 20
-33.005
 30
0.0
 11
-116.875608436
 21
-33.005
 31
0.0
  0
LINE
  5
863
330
1F
100
AcDbEntity
  8
OUTLINE
  6
CONTINUOUS
 62
     2
100
AcDbLine
 10
-116.761427734
 20
-33.005
 30
0.0
 11
-116.761427734
 21
-33.0
 31
0.0
  0
LINE
  5
864
330
1F
100
AcDbEntity
  8
OUTLINE
  6
SDS2_5
 62
     1
100
AcDbLine
 10
-116.761427734
 20
-33.0
 30
0.0
 11
-116.761427734
 21
-30.5
 31
0.0
  0
LINE
  5
865
330
1F
100
AcDbEntity
  8
OUTLINE
  6
CONTINUOUS
 62
     2
100
AcDbLine
 10
-116.761427734
 20
-30.5
 30
0.0
 11
-116.761427734
 21
-30.495
 31
0.0
  0
LINE
  5
866
330
1F
100
AcDbEntity
  8
OUTLINE
  6
CONTINUOUS
 62
     2
100
AcDbLine
 10
-119.761427734
 20
-30.495
 30
0.0
 11
-119.761427734
 21
-30.5
 31
0.0
  0
LINE
  5
867
330
1F
100
AcDbEntity
  8
OUTLINE
  6
SDS2_5
 62
     1
100
AcDbLine
 10
-119.761427734
 20
-30.5
 30
0.0
 11
-119.761427734
 21
-33.0
 31
0.0
  0
LINE
  5
868
330
1F
100
AcDbEntity
  8
OUTLINE
  6
CONTINUOUS
 62
     2
100
AcDbLine
 10
-119.761427734
 20
-33.0
 30
0.0
 11
-119.761427734
 21
-33.005
 31
0.0
  0
LINE
  5
869
330
1F
100
AcDbEntity
  8
OUTLINE
  6
SDS2_5
 62
     1
100
AcDbLine
 10
-119.761427734
 20
-30.495
 30
0.0
 11
-119.647247033
 21
-30.495
 31
0.0
  0
LINE
  5
86A
330
1F
100
AcDbEntity
  8
OUTLINE
  6
SDS2_5
 62
     1
100
AcDbLine
 10
-119.647247033
 20
-33.005
 30
0.0
 11
-119.761427734
 21
-33.005
 31
0.0
  0
LINE
  5
86B
330
1F
100
AcDbEntity
  8
OUTLINE
  6
SDS2_5
 62
     1
100
AcDbLine
 10
-119.647247033
 20
-33.005
 30
0.0
 11
-119.647247033
 21
-33.0
 31
0.0
  0
LINE
  5
86C
330
1F
100
AcDbEntity
  8
OUTLINE
  6
SDS2_5
 62
     1
100
AcDbLine
 10
-119.647247033
 20
-33.0
 30
0.0
 11
-119.647247033
 21
-30.5
 31
0.0
  0
LINE
  5
86D
330
1F
100
AcDbEntity
  8
OUTLINE
  6
SDS2_5
 62
     1
100
AcDbLine
 10
-119.647247033
 20
-30.5
 30
0.0
 11
-119.647247033
 21
-30.495
 31
0.0
  0
LINE
  5
86E
330
1F
100
AcDbEntity
  8
OUTLINE
  6
SDS2_5
 62
     1
100
AcDbLine
 10
-119.647247033
 20
-30.495
 30
0.0
 11
-119.322087906
 21
-30.495
 31
0.0
  0
LINE
  5
86F
330
1F
100
AcDbEntity
  8
OUTLINE
  6
SDS2_5
 62
     1
100
AcDbLine
 10
-119.322087906
 20
-33.005
 30
0.0
 11
-119.647247033
 21
-33.005
 31
0.0
  0
LINE
  5
870
330
1F
100
AcDbEntity
  8
OUTLINE
  6
SDS2_5
 62
     1
100
AcDbLine
 10
-119.322087906
 20
-33.005
 30
0.0
 11
-119.322087906
 21
-33.0
 31
0.0
  0
LINE
  5
871
330
1F
100
AcDbEntity
  8
OUTLINE
  6
SDS2_5
 62
     1
100
AcDbLine
 10
-119.322087906
 20
-33.0
 30
0.0
 11
-119.322087906
 21
-30.5
 31
0.0
  0
LINE
  5
872
330
1F
100
AcDbEntity
  8
OUTLINE
  6
SDS2_5
 62
     1
100
AcDbLine
 10
-119.322087906
 20
-30.5
 30
0.0
 11
-119.322087906
 21
-30.495
 31
0.0
  0
LINE
  5
873
330
1F
100
AcDbEntity
  8
OUTLINE
  6
SDS2_5
 62
     1
100
AcDbLine
 10
-119.322087906
 20
-30.495
 30
0.0
 11
-118.835452883
 21
-30.495
 31
0.0
  0
LINE
  5
874
330
1F
100
AcDbEntity
  8
OUTLINE
  6
SDS2_5
 62
     1
100
AcDbLine
 10
-118.835452883
 20
-33.005
 30
0.0
 11
-119.322087906
 21
-33.005
 31
0.0
  0
LINE
  5
875
330
1F
100
AcDbEntity
  8
OUTLINE
  6
SDS2_5
 62
     1
100
AcDbLine
 10
-118.835452883
 20
-33.005
 30
0.0
 11
-118.835452883
 21
-33.0
 31
0.0
  0
LINE
  5
876
330
1F
100
AcDbEntity
  8
OUTLINE
  6
SDS2_5
 62
     1
100
AcDbLine
 10
-118.835452883
 20
-33.0
 30
0.0
 11
-118.835452883
 21
-30.5
 31
0.0
  0
LINE
  5
877
330
1F
100
AcDbEntity
  8
OUTLINE
  6
SDS2_5
 62
     1
100
AcDbLine
 10
-118.835452883
 20
-30.5
 30
0.0
 11
-118.835452883
 21
-30.495
 31
0.0
  0
LINE
  5
878
330
1F
100
AcDbEntity
  8
OUTLINE
  6
SDS2_5
 62
     1
100
AcDbLine
 10
-118.835452883
 20
-30.495
 30
0.0
 11
-118.261427734
 21
-30.495
 31
0.0
  0
LINE
  5
879
330
1F
100
AcDbEntity
  8
OUTLINE
  6
SDS2_5
 62
     1
100
AcDbLine
 10
-118.261427734
 20
-33.005
 30
0.0
 11
-118.835452883
 21
-33.005
 31
0.0
  0
LINE
  5
87A
330
1F
100
AcDbEntity
  8
OUTLINE
  6
SDS2_5
 62
     1
100
AcDbLine
 10
-64.261427734
 20
-33.005
 30
0.0
 11
-64.261427734
 21
-33.0
 31
0.0
  0
LINE
  5
87B
330
1F
100
AcDbEntity
  8
OUTLINE
  6
SDS2_5
 62
     1
100
AcDbLine
 10
-64.261427734
 20
-33.0
 30
0.0
 11
-64.261427734
 21
-30.5
 31
0.0
  0
LINE
  5
87C
330
1F
100
AcDbEntity
  8
OUTLINE
  6
SDS2_5
 62
     1
100
AcDbLine
 10
-64.261427734
 20
-30.5
 30
0.0
 11
-64.261427734
 21
-30.495
 31
0.0
  0
LINE
  5
87D
330
1F
100
AcDbEntity
  8
OUTLINE
  6
SDS2_5
 62
     1
100
AcDbLine
 10
-64.261427734
 20
-30.495
 30
0.0
 11
-63.687402586
 21
-30.495
 31
0.0
  0
LINE
  5
87E
330
1F
100
AcDbEntity
  8
OUTLINE
  6
SDS2_5
 62
     1
100
AcDbLine
 10
-63.687402586
 20
-30.495
 30
0.0
 11
-63.687402586
 21
-30.5
 31
0.0
  0
LINE
  5
87F
330
1F
100
AcDbEntity
  8
OUTLINE
  6
SDS2_5
 62
     1
100
AcDbLine
 10
-63.687402586
 20
-30.5
 30
0.0
 11
-63.687402586
 21
-33.0
 31
0.0
  0
LINE
  5
880
330
1F
100
AcDbEntity
  8
OUTLINE
  6
SDS2_5
 62
     1
100
AcDbLine
 10
-63.687402586
 20
-33.0
 30
0.0
 11
-63.687402586
 21
-33.005
 31
0.0
  0
LINE
  5
881
330
1F
100
AcDbEntity
  8
OUTLINE
  6
SDS2_5
 62
     1
100
AcDbLine
 10
-63.687402586
 20
-33.005
 30
0.0
 11
-64.261427734
 21
-33.005
 31
0.0
  0
LINE
  5
882
330
1F
100
AcDbEntity
  8
OUTLINE
  6
SDS2_5
 62
     1
100
AcDbLine
 10
-63.687402586
 20
-30.495
 30
0.0
 11
-63.200767563
 21
-30.495
 31
0.0
  0
LINE
  5
883
330
1F
100
AcDbEntity
  8
OUTLINE
  6
SDS2_5
 62
     1
100
AcDbLine
 10
-63.200767563
 20
-30.495
 30
0.0
 11
-63.200767563
 21
-30.5
 31
0.0
  0
LINE
  5
884
330
1F
100
AcDbEntity
  8
OUTLINE
  6
SDS2_5
 62
     1
100
AcDbLine
 10
-63.200767563
 20
-30.5
 30
0.0
 11
-63.200767563
 21
-33.0
 31
0.0
  0
LINE
  5
885
330
1F
100
AcDbEntity
  8
OUTLINE
  6
SDS2_5
 62
     1
100
AcDbLine
 10
-63.200767563
 20
-33.0
 30
0.0
 11
-63.200767563
 21
-33.005
 31
0.0
  0
LINE
  5
886
330
1F
100
AcDbEntity
  8
OUTLINE
  6
SDS2_5
 62
     1
100
AcDbLine
 10
-63.200767563
 20
-33.005
 30
0.0
 11
-63.687402586
 21
-33.005
 31
0.0
  0
LINE
  5
887
330
1F
100
AcDbEntity
  8
OUTLINE
  6
SDS2_5
 62
     1
100
AcDbLine
 10
-63.200767563
 20
-30.495
 30
0.0
 11
-62.875608436
 21
-30.495
 31
0.0
  0
LINE
  5
888
330
1F
100
AcDbEntity
  8
OUTLINE
  6
SDS2_5
 62
     1
100
AcDbLine
 10
-62.875608436
 20
-30.495
 30
0.0
 11
-62.875608436
 21
-30.5
 31
0.0
  0
LINE
  5
889
330
1F
100
AcDbEntity
  8
OUTLINE
  6
SDS2_5
 62
     1
100
AcDbLine
 10
-62.875608436
 20
-30.5
 30
0.0
 11
-62.875608436
 21
-33.0
 31
0.0
  0
LINE
  5
88A
330
1F
100
AcDbEntity
  8
OUTLINE
  6
SDS2_5
 62
     1
100
AcDbLine
 10
-62.875608436
 20
-33.0
 30
0.0
 11
-62.875608436
 21
-33.005
 31
0.0
  0
LINE
  5
88B
330
1F
100
AcDbEntity
  8
OUTLINE
  6
SDS2_5
 62
     1
100
AcDbLine
 10
-62.875608436
 20
-33.005
 30
0.0
 11
-63.200767563
 21
-33.005
 31
0.0
  0
LINE
  5
88C
330
1F
100
AcDbEntity
  8
OUTLINE
  6
SDS2_5
 62
     1
100
AcDbLine
 10
-62.875608436
 20
-30.495
 30
0.0
 11
-62.761427734
 21
-30.495
 31
0.0
  0
LINE
  5
88D
330
1F
100
AcDbEntity
  8
OUTLINE
  6
SDS2_5
 62
     1
100
AcDbLine
 10
-62.761427734
 20
-33.005
 30
0.0
 11
-62.875608436
 21
-33.005
 31
0.0
  0
LINE
  5
88E
330
1F
100
AcDbEntity
  8
OUTLINE
  6
CONTINUOUS
 62
     2
100
AcDbLine
 10
-62.761427734
 20
-33.005
 30
0.0
 11
-62.761427734
 21
-33.0
 31
0.0
  0
LINE
  5
88F
330
1F
100
AcDbEntity
  8
OUTLINE
  6
SDS2_5
 62
     1
100
AcDbLine
 10
-62.761427734
 20
-33.0
 30
0.0
 11
-62.761427734
 21
-30.5
 31
0.0
  0
LINE
  5
890
330
1F
100
AcDbEntity
  8
OUTLINE
  6
CONTINUOUS
 62
     2
100
AcDbLine
 10
-62.761427734
 20
-30.5
 30
0.0
 11
-62.761427734
 21
-30.495
 31
0.0
  0
LINE
  5
891
330
1F
100
AcDbEntity
  8
OUTLINE
  6
CONTINUOUS
 62
     2
100
AcDbLine
 10
-65.761427734
 20
-30.495
 30
0.0
 11
-65.761427734
 21
-30.5
 31
0.0
  0
LINE
  5
892
330
1F
100
AcDbEntity
  8
OUTLINE
  6
SDS2_5
 62
     1
100
AcDbLine
 10
-65.761427734
 20
-30.5
 30
0.0
 11
-65.761427734
 21
-33.0
 31
0.0
  0
LINE
  5
893
330
1F
100
AcDbEntity
  8
OUTLINE
  6
CONTINUOUS
 62
     2
100
AcDbLine
 10
-65.761427734
 20
-33.0
 30
0.0
 11
-65.761427734
 21
-33.005
 31
0.0
  0
LINE
  5
894
330
1F
100
AcDbEntity
  8
OUTLINE
  6
SDS2_5
 62
     1
100
AcDbLine
 10
-65.761427734
 20
-30.495
 30
0.0
 11
-65.647247033
 21
-30.495
 31
0.0
  0
LINE
  5
895
330
1F
100
AcDbEntity
  8
OUTLINE
  6
SDS2_5
 62
     1
100
AcDbLine
 10
-65.647247033
 20
-33.005
 30
0.0
 11
-65.761427734
 21
-33.005
 31
0.0
  0
LINE
  5
896
330
1F
100
AcDbEntity
  8
OUTLINE
  6
SDS2_5
 62
     1
100
AcDbLine
 10
-65.647247033
 20
-33.005
 30
0.0
 11
-65.647247033
 21
-33.0
 31
0.0
  0
LINE
  5
897
330
1F
100
AcDbEntity
  8
OUTLINE
  6
SDS2_5
 62
     1
100
AcDbLine
 10
-65.647247033
 20
-33.0
 30
0.0
 11
-65.647247033
 21
-30.5
 31
0.0
  0
LINE
  5
898
330
1F
100
AcDbEntity
  8
OUTLINE
  6
SDS2_5
 62
     1
100
AcDbLine
 10
-65.647247033
 20
-30.5
 30
0.0
 11
-65.647247033
 21
-30.495
 31
0.0
  0
LINE
  5
899
330
1F
100
AcDbEntity
  8
OUTLINE
  6
SDS2_5
 62
     1
100
AcDbLine
 10
-65.647247033
 20
-30.495
 30
0.0
 11
-65.322087906
 21
-30.495
 31
0.0
  0
LINE
  5
89A
330
1F
100
AcDbEntity
  8
OUTLINE
  6
SDS2_5
 62
     1
100
AcDbLine
 10
-65.322087906
 20
-33.005
 30
0.0
 11
-65.647247033
 21
-33.005
 31
0.0
  0
LINE
  5
89B
330
1F
100
AcDbEntity
  8
OUTLINE
  6
SDS2_5
 62
     1
100
AcDbLine
 10
-65.322087906
 20
-33.005
 30
0.0
 11
-65.322087906
 21
-33.0
 31
0.0
  0
LINE
  5
89C
330
1F
100
AcDbEntity
  8
OUTLINE
  6
SDS2_5
 62
     1
100
AcDbLine
 10
-65.322087906
 20
-33.0
 30
0.0
 11
-65.322087906
 21
-30.5
 31
0.0
  0
LINE
  5
89D
330
1F
100
AcDbEntity
  8
OUTLINE
  6
SDS2_5
 62
     1
100
AcDbLine
 10
-65.322087906
 20
-30.5
 30
0.0
 11
-65.322087906
 21
-30.495
 31
0.0
  0
LINE
  5
89E
330
1F
100
AcDbEntity
  8
OUTLINE
  6
SDS2_5
 62
     1
100
AcDbLine
 10
-65.322087906
 20
-30.495
 30
0.0
 11
-64.835452883
 21
-30.495
 31
0.0
  0
LINE
  5
89F
330
1F
100
AcDbEntity
  8
OUTLINE
  6
SDS2_5
 62
     1
100
AcDbLine
 10
-64.835452883
 20
-33.005
 30
0.0
 11
-65.322087906
 21
-33.005
 31
0.0
  0
LINE
  5
8A0
330
1F
100
AcDbEntity
  8
OUTLINE
  6
SDS2_5
 62
     1
100
AcDbLine
 10
-64.835452883
 20
-33.005
 30
0.0
 11
-64.835452883
 21
-33.0
 31
0.0
  0
LINE
  5
8A1
330
1F
100
AcDbEntity
  8
OUTLINE
  6
SDS2_5
 62
     1
100
AcDbLine
 10
-64.835452883
 20
-33.0
 30
0.0
 11
-64.835452883
 21
-30.5
 31
0.0
  0
LINE
  5
8A2
330
1F
100
AcDbEntity
  8
OUTLINE
  6
SDS2_5
 62
     1
100
AcDbLine
 10
-64.835452883
 20
-30.5
 30
0.0
 11
-64.835452883
 21
-30.495
 31
0.0
  0
LINE
  5
8A3
330
1F
100
AcDbEntity
  8
OUTLINE
  6
SDS2_5
 62
     1
100
AcDbLine
 10
-64.835452883
 20
-30.495
 30
0.0
 11
-64.261427734
 21
-30.495
 31
0.0
  0
LINE
  5
8A4
330
1F
100
AcDbEntity
  8
OUTLINE
  6
SDS2_5
 62
     1
100
AcDbLine
 10
-64.261427734
 20
-33.005
 30
0.0
 11
-64.835452883
 21
-33.005
 31
0.0
  0
LINE
  5
8A5
330
1F
100
AcDbEntity
  8
OUTLINE
  6
SDS2_5
 62
     1
100
AcDbLine
 10
-58.261427734
 20
-33.005
 30
0.0
 11
-58.261427734
 21
-33.0
 31
0.0
  0
LINE
  5
8A6
330
1F
100
AcDbEntity
  8
OUTLINE
  6
SDS2_5
 62
     1
100
AcDbLine
 10
-58.261427734
 20
-33.0
 30
0.0
 11
-58.261427734
 21
-30.5
 31
0.0
  0
LINE
  5
8A7
330
1F
100
AcDbEntity
  8
OUTLINE
  6
SDS2_5
 62
     1
100
AcDbLine
 10
-58.261427734
 20
-30.5
 30
0.0
 11
-58.261427734
 21
-30.495
 31
0.0
  0
LINE
  5
8A8
330
1F
100
AcDbEntity
  8
OUTLINE
  6
SDS2_5
 62
     1
100
AcDbLine
 10
-58.261427734
 20
-30.495
 30
0.0
 11
-57.687402586
 21
-30.495
 31
0.0
  0
LINE
  5
8A9
330
1F
100
AcDbEntity
  8
OUTLINE
  6
SDS2_5
 62
     1
100
AcDbLine
 10
-57.687402586
 20
-30.495
 30
0.0
 11
-57.687402586
 21
-30.5
 31
0.0
  0
LINE
  5
8AA
330
1F
100
AcDbEntity
  8
OUTLINE
  6
SDS2_5
 62
     1
100
AcDbLine
 10
-57.687402586
 20
-30.5
 30
0.0
 11
-57.687402586
 21
-33.0
 31
0.0
  0
LINE
  5
8AB
330
1F
100
AcDbEntity
  8
OUTLINE
  6
SDS2_5
 62
     1
100
AcDbLine
 10
-57.687402586
 20
-33.0
 30
0.0
 11
-57.687402586
 21
-33.005
 31
0.0
  0
LINE
  5
8AC
330
1F
100
AcDbEntity
  8
OUTLINE
  6
SDS2_5
 62
     1
100
AcDbLine
 10
-57.687402586
 20
-33.005
 30
0.0
 11
-58.261427734
 21
-33.005
 31
0.0
  0
LINE
  5
8AD
330
1F
100
AcDbEntity
  8
OUTLINE
  6
SDS2_5
 62
     1
100
AcDbLine
 10
-57.687402586
 20
-30.495
 30
0.0
 11
-57.200767563
 21
-30.495
 31
0.0
  0
LINE
  5
8AE
330
1F
100
AcDbEntity
  8
OUTLINE
  6
SDS2_5
 62
     1
100
AcDbLine
 10
-57.200767563
 20
-30.495
 30
0.0
 11
-57.200767563
 21
-30.5
 31
0.0
  0
LINE
  5
8AF
330
1F
100
AcDbEntity
  8
OUTLINE
  6
SDS2_5
 62
     1
100
AcDbLine
 10
-57.200767563
 20
-30.5
 30
0.0
 11
-57.200767563
 21
-33.0
 31
0.0
  0
LINE
  5
8B0
330
1F
100
AcDbEntity
  8
OUTLINE
  6
SDS2_5
 62
     1
100
AcDbLine
 10
-57.200767563
 20
-33.0
 30
0.0
 11
-57.200767563
 21
-33.005
 31
0.0
  0
LINE
  5
8B1
330
1F
100
AcDbEntity
  8
OUTLINE
  6
SDS2_5
 62
     1
100
AcDbLine
 10
-57.200767563
 20
-33.005
 30
0.0
 11
-57.687402586
 21
-33.005
 31
0.0
  0
LINE
  5
8B2
330
1F
100
AcDbEntity
  8
OUTLINE
  6
SDS2_5
 62
     1
100
AcDbLine
 10
-57.200767563
 20
-30.495
 30
0.0
 11
-56.875608436
 21
-30.495
 31
0.0
  0
LINE
  5
8B3
330
1F
100
AcDbEntity
  8
OUTLINE
  6
SDS2_5
 62
     1
100
AcDbLine
 10
-56.875608436
 20
-30.495
 30
0.0
 11
-56.875608436
 21
-30.5
 31
0.0
  0
LINE
  5
8B4
330
1F
100
AcDbEntity
  8
OUTLINE
  6
SDS2_5
 62
     1
100
AcDbLine
 10
-56.875608436
 20
-30.5
 30
0.0
 11
-56.875608436
 21
-33.0
 31
0.0
  0
LINE
  5
8B5
330
1F
100
AcDbEntity
  8
OUTLINE
  6
SDS2_5
 62
     1
100
AcDbLine
 10
-56.875608436
 20
-33.0
 30
0.0
 11
-56.875608436
 21
-33.005
 31
0.0
  0
LINE
  5
8B6
330
1F
100
AcDbEntity
  8
OUTLINE
  6
SDS2_5
 62
     1
100
AcDbLine
 10
-56.875608436
 20
-33.005
 30
0.0
 11
-57.200767563
 21
-33.005
 31
0.0
  0
LINE
  5
8B7
330
1F
100
AcDbEntity
  8
OUTLINE
  6
SDS2_5
 62
     1
100
AcDbLine
 10
-56.875608436
 20
-30.495
 30
0.0
 11
-56.761427734
 21
-30.495
 31
0.0
  0
LINE
  5
8B8
330
1F
100
AcDbEntity
  8
OUTLINE
  6
SDS2_5
 62
     1
100
AcDbLine
 10
-56.761427734
 20
-33.005
 30
0.0
 11
-56.875608436
 21
-33.005
 31
0.0
  0
LINE
  5
8B9
330
1F
100
AcDbEntity
  8
OUTLINE
  6
CONTINUOUS
 62
     2
100
AcDbLine
 10
-56.761427734
 20
-33.005
 30
0.0
 11
-56.761427734
 21
-33.0
 31
0.0
  0
LINE
  5
8BA
330
1F
100
AcDbEntity
  8
OUTLINE
  6
SDS2_5
 62
     1
100
AcDbLine
 10
-56.761427734
 20
-33.0
 30
0.0
 11
-56.761427734
 21
-30.5
 31
0.0
  0
LINE
  5
8BB
330
1F
100
AcDbEntity
  8
OUTLINE
  6
CONTINUOUS
 62
     2
100
AcDbLine
 10
-56.761427734
 20
-30.5
 30
0.0
 11
-56.761427734
 21
-30.495
 31
0.0
  0
LINE
  5
8BC
330
1F
100
AcDbEntity
  8
OUTLINE
  6
CONTINUOUS
 62
     2
100
AcDbLine
 10
-59.761427734
 20
-30.495
 30
0.0
 11
-59.761427734
 21
-30.5
 31
0.0
  0
LINE
  5
8BD
330
1F
100
AcDbEntity
  8
OUTLINE
  6
SDS2_5
 62
     1
100
AcDbLine
 10
-59.761427734
 20
-30.5
 30
0.0
 11
-59.761427734
 21
-33.0
 31
0.0
  0
LINE
  5
8BE
330
1F
100
AcDbEntity
  8
OUTLINE
  6
CONTINUOUS
 62
     2
100
AcDbLine
 10
-59.761427734
 20
-33.0
 30
0.0
 11
-59.761427734
 21
-33.005
 31
0.0
  0
LINE
  5
8BF
330
1F
100
AcDbEntity
  8
OUTLINE
  6
SDS2_5
 62
     1
100
AcDbLine
 10
-59.761427734
 20
-30.495
 30
0.0
 11
-59.647247033
 21
-30.495
 31
0.0
  0
LINE
  5
8C0
330
1F
100
AcDbEntity
  8
OUTLINE
  6
SDS2_5
 62
     1
100
AcDbLine
 10
-59.647247033
 20
-33.005
 30
0.0
 11
-59.761427734
 21
-33.005
 31
0.0
  0
LINE
  5
8C1
330
1F
100
AcDbEntity
  8
OUTLINE
  6
SDS2_5
 62
     1
100
AcDbLine
 10
-59.647247033
 20
-33.005
 30
0.0
 11
-59.647247033
 21
-33.0
 31
0.0
  0
LINE
  5
8C2
330
1F
100
AcDbEntity
  8
OUTLINE
  6
SDS2_5
 62
     1
100
AcDbLine
 10
-59.647247033
 20
-33.0
 30
0.0
 11
-59.647247033
 21
-30.5
 31
0.0
  0
LINE
  5
8C3
330
1F
100
AcDbEntity
  8
OUTLINE
  6
SDS2_5
 62
     1
100
AcDbLine
 10
-59.647247033
 20
-30.5
 30
0.0
 11
-59.647247033
 21
-30.495
 31
0.0
  0
LINE
  5
8C4
330
1F
100
AcDbEntity
  8
OUTLINE
  6
SDS2_5
 62
     1
100
AcDbLine
 10
-59.647247033
 20
-30.495
 30
0.0
 11
-59.322087906
 21
-30.495
 31
0.0
  0
LINE
  5
8C5
330
1F
100
AcDbEntity
  8
OUTLINE
  6
SDS2_5
 62
     1
100
AcDbLine
 10
-59.322087906
 20
-33.005
 30
0.0
 11
-59.647247033
 21
-33.005
 31
0.0
  0
LINE
  5
8C6
330
1F
100
AcDbEntity
  8
OUTLINE
  6
SDS2_5
 62
     1
100
AcDbLine
 10
-59.322087906
 20
-33.005
 30
0.0
 11
-59.322087906
 21
-33.0
 31
0.0
  0
LINE
  5
8C7
330
1F
100
AcDbEntity
  8
OUTLINE
  6
SDS2_5
 62
     1
100
AcDbLine
 10
-59.322087906
 20
-33.0
 30
0.0
 11
-59.322087906
 21
-30.5
 31
0.0
  0
LINE
  5
8C8
330
1F
100
AcDbEntity
  8
OUTLINE
  6
SDS2_5
 62
     1
100
AcDbLine
 10
-59.322087906
 20
-30.5
 30
0.0
 11
-59.322087906
 21
-30.495
 31
0.0
  0
LINE
  5
8C9
330
1F
100
AcDbEntity
  8
OUTLINE
  6
SDS2_5
 62
     1
100
AcDbLine
 10
-59.322087906
 20
-30.495
 30
0.0
 11
-58.835452883
 21
-30.495
 31
0.0
  0
LINE
  5
8CA
330
1F
100
AcDbEntity
  8
OUTLINE
  6
SDS2_5
 62
     1
100
AcDbLine
 10
-58.835452883
 20
-33.005
 30
0.0
 11
-59.322087906
 21
-33.005
 31
0.0
  0
LINE
  5
8CB
330
1F
100
AcDbEntity
  8
OUTLINE
  6
SDS2_5
 62
     1
100
AcDbLine
 10
-58.835452883
 20
-33.005
 30
0.0
 11
-58.835452883
 21
-33.0
 31
0.0
  0
LINE
  5
8CC
330
1F
100
AcDbEntity
  8
OUTLINE
  6
SDS2_5
 62
     1
100
AcDbLine
 10
-58.835452883
 20
-33.0
 30
0.0
 11
-58.835452883
 21
-30.5
 31
0.0
  0
LINE
  5
8CD
330
1F
100
AcDbEntity
  8
OUTLINE
  6
SDS2_5
 62
     1
100
AcDbLine
 10
-58.835452883
 20
-30.5
 30
0.0
 11
-58.835452883
 21
-30.495
 31
0.0
  0
LINE
  5
8CE
330
1F
100
AcDbEntity
  8
OUTLINE
  6
SDS2_5
 62
     1
100
AcDbLine
 10
-58.835452883
 20
-30.495
 30
0.0
 11
-58.261427734
 21
-30.495
 31
0.0
  0
LINE
  5
8CF
330
1F
100
AcDbEntity
  8
OUTLINE
  6
SDS2_5
 62
     1
100
AcDbLine
 10
-58.261427734
 20
-33.005
 30
0.0
 11
-58.835452883
 21
-33.005
 31
0.0
  0
LWPOLYLINE
  5
8D0
102
{ACAD_REACTORS
330
8D1
102
}
330
1F
100
AcDbEntity
  8
OUTLINE
  6
CONTINUOUS
 62
     1
100
AcDbPolyline
 90
       17
 70
     1
 43
0.0
 10
-188.5
 20
-82.250644362
 10
-189.121860578
 20
-82.374340122
 10
-189.649048519
 20
-82.726595843
 10
-190.00130424
 20
-83.253783784
 10
-190.125
 20
-83.875644362
 10
-190.00130424
 20
-84.49750494
 10
-189.649048519
 20
-85.024692881
 10
-189.121860578
 20
-85.376948602
 10
-188.5
 20
-85.500644362
 10
-187.878139422
 20
-85.376948602
 10
-187.350951481
 20
-85.024692881
 10
-186.99869576
 20
-84.49750494
 10
-186.875
 20
-83.875644362
 10
-186.99869576
 20
-83.253783784
 10
-187.350951481
 20
-82.726595843
 10
-187.878139422
 20
-82.374340122
 10
-188.5
 20
-82.250644362
  0
HATCH
  5
8D1
330
1F
100
AcDbEntity
  8
0
 62
     3
100
AcDbHatch
 10
0.0
 20
0.0
 30
0.0
210
0.0
220
0.0
230
1.0
  2
SOLID
 70
     1
 71
     1
 91
        1
 92
       16
 93
       17
 72
     1
 10
-188.5
 20
-82.25064436197826
 11
-189.1218605775933
 21
-82.37434012164742
 72
     1
 10
-189.1218605775933
 20
-82.37434012164742
 11
-189.6490485194281
 21
-82.72659584255013
 72
     1
 10
-189.6490485194281
 20
-82.72659584255013
 11
-190.0013042403309
 21
-83.25378378438499
 72
     1
 10
-190.0013042403309
 20
-83.25378378438499
 11
-190.125
 21
-83.87564436197826
 72
     1
 10
-190.125
 20
-83.87564436197826
 11
-190.0013042403309
 21
-84.49750493957153
 72
     1
 10
-190.0013042403309
 20
-84.49750493957153
 11
-189.6490485194281
 21
-85.0246928814064
 72
     1
 10
-189.6490485194281
 20
-85.0246928814064
 11
-189.1218605775933
 21
-85.3769486023091
 72
     1
 10
-189.1218605775933
 20
-85.3769486023091
 11
-188.5
 21
-85.50064436197826
 72
     1
 10
-188.5
 20
-85.50064436197826
 11
-187.8781394224067
 21
-85.3769486023091
 72
     1
 10
-187.8781394224067
 20
-85.3769486023091
 11
-187.3509514805719
 21
-85.0246928814064
 72
     1
 10
-187.3509514805719
 20
-85.0246928814064
 11
-186.9986957596691
 21
-84.49750493957153
 72
     1
 10
-186.9986957596691
 20
-84.49750493957153
 11
-186.875
 21
-83.87564436197826
 72
     1
 10
-186.875
 20
-83.87564436197826
 11
-186.9986957596691
 21
-83.25378378438499
 72
     1
 10
-186.9986957596691
 20
-83.25378378438499
 11
-187.3509514805719
 21
-82.72659584255013
 72
     1
 10
-187.3509514805719
 20
-82.72659584255013
 11
-187.8781394224067
 21
-82.37434012164742
 72
     1
 10
-187.8781394224067
 20
-82.37434012164742
 11
-188.5
 21
-82.25064436197826
 72
     1
 10
-188.5
 20
-82.25064436197826
 11
-188.5
 21
-82.25064436197826
 97
        1
330
8D0
 75
     0
 76
     1
 98
        0
  0
LWPOLYLINE
  5
8D2
102
{ACAD_REACTORS
330
8D3
102
}
330
1F
100
AcDbEntity
  8
OUTLINE
  6
CONTINUOUS
 62
     1
100
AcDbPolyline
 90
       17
 70
     1
 43
0.0
 10
-163.5
 20
-82.250644362
 10
-164.121860578
 20
-82.374340122
 10
-164.649048519
 20
-82.726595843
 10
-165.00130424
 20
-83.253783784
 10
-165.125
 20
-83.875644362
 10
-165.00130424
 20
-84.49750494
 10
-164.649048519
 20
-85.024692881
 10
-164.121860578
 20
-85.376948602
 10
-163.5
 20
-85.500644362
 10
-162.878139422
 20
-85.376948602
 10
-162.350951481
 20
-85.024692881
 10
-161.99869576
 20
-84.49750494
 10
-161.875
 20
-83.875644362
 10
-161.99869576
 20
-83.253783784
 10
-162.350951481
 20
-82.726595843
 10
-162.878139422
 20
-82.374340122
 10
-163.5
 20
-82.250644362
  0
HATCH
  5
8D3
330
1F
100
AcDbEntity
  8
0
 62
     3
100
AcDbHatch
 10
0.0
 20
0.0
 30
0.0
210
0.0
220
0.0
230
1.0
  2
SOLID
 70
     1
 71
     1
 91
        1
 92
       16
 93
       17
 72
     1
 10
-163.5
 20
-82.25064436197826
 11
-164.1218605775933
 21
-82.37434012164742
 72
     1
 10
-164.1218605775933
 20
-82.37434012164742
 11
-164.6490485194281
 21
-82.72659584255013
 72
     1
 10
-164.6490485194281
 20
-82.72659584255013
 11
-165.0013042403309
 21
-83.25378378438499
 72
     1
 10
-165.0013042403309
 20
-83.25378378438499
 11
-165.125
 21
-83.87564436197826
 72
     1
 10
-165.125
 20
-83.87564436197826
 11
-165.0013042403309
 21
-84.49750493957153
 72
     1
 10
-165.0013042403309
 20
-84.49750493957153
 11
-164.6490485194281
 21
-85.0246928814064
 72
     1
 10
-164.6490485194281
 20
-85.0246928814064
 11
-164.1218605775933
 21
-85.3769486023091
 72
     1
 10
-164.1218605775933
 20
-85.3769486023091
 11
-163.5
 21
-85.50064436197826
 72
     1
 10
-163.5
 20
-85.50064436197826
 11
-162.8781394224067
 21
-85.3769486023091
 72
     1
 10
-162.8781394224067
 20
-85.3769486023091
 11
-162.3509514805719
 21
-85.0246928814064
 72
     1
 10
-162.3509514805719
 20
-85.0246928814064
 11
-161.9986957596691
 21
-84.49750493957153
 72
     1
 10
-161.9986957596691
 20
-84.49750493957153
 11
-161.875
 21
-83.87564436197826
 72
     1
 10
-161.875
 20
-83.87564436197826
 11
-161.9986957596691
 21
-83.25378378438499
 72
     1
 10
-161.9986957596691
 20
-83.25378378438499
 11
-162.3509514805719
 21
-82.72659584255013
 72
     1
 10
-162.3509514805719
 20
-82.72659584255013
 11
-162.8781394224067
 21
-82.37434012164742
 72
     1
 10
-162.8781394224067
 20
-82.37434012164742
 11
-163.5
 21
-82.25064436197826
 72
     1
 10
-163.5
 20
-82.25064436197826
 11
-163.5
 21
-82.25064436197826
 97
        1
330
8D2
 75
     0
 76
     1
 98
        0
  0
LWPOLYLINE
  5
8D4
102
{ACAD_REACTORS
330
8D5
102
}
330
1F
100
AcDbEntity
  8
OUTLINE
  6
CONTINUOUS
 62
     1
100
AcDbPolyline
 90
       17
 70
     1
 43
0.0
 10
-188.5
 20
-71.750644362
 10
-189.121860578
 20
-71.874340122
 10
-189.649048519
 20
-72.226595843
 10
-190.00130424
 20
-72.753783784
 10
-190.125
 20
-73.375644362
 10
-190.00130424
 20
-73.99750494
 10
-189.649048519
 20
-74.524692881
 10
-189.121860578
 20
-74.876948602
 10
-188.5
 20
-75.000644362
 10
-187.878139422
 20
-74.876948602
 10
-187.350951481
 20
-74.524692881
 10
-186.99869576
 20
-73.99750494
 10
-186.875
 20
-73.375644362
 10
-186.99869576
 20
-72.753783784
 10
-187.350951481
 20
-72.226595843
 10
-187.878139422
 20
-71.874340122
 10
-188.5
 20
-71.750644362
  0
HATCH
  5
8D5
330
1F
100
AcDbEntity
  8
0
 62
     3
100
AcDbHatch
 10
0.0
 20
0.0
 30
0.0
210
0.0
220
0.0
230
1.0
  2
SOLID
 70
     1
 71
     1
 91
        1
 92
       16
 93
       17
 72
     1
 10
-188.5
 20
-71.75064436197917
 11
-189.1218605775933
 21
-71.87434012164833
 72
     1
 10
-189.1218605775933
 20
-71.87434012164833
 11
-189.6490485194281
 21
-72.22659584255103
 72
     1
 10
-189.6490485194281
 20
-72.22659584255103
 11
-190.0013042403309
 21
-72.7537837843859
 72
     1
 10
-190.0013042403309
 20
-72.7537837843859
 11
-190.125
 21
-73.37564436197917
 72
     1
 10
-190.125
 20
-73.37564436197917
 11
-190.0013042403309
 21
-73.99750493957244
 72
     1
 10
-190.0013042403309
 20
-73.99750493957244
 11
-189.6490485194281
 21
-74.5246928814073
 72
     1
 10
-189.6490485194281
 20
-74.5246928814073
 11
-189.1218605775933
 21
-74.87694860231001
 72
     1
 10
-189.1218605775933
 20
-74.87694860231001
 11
-188.5
 21
-75.00064436197917
 72
     1
 10
-188.5
 20
-75.00064436197917
 11
-187.8781394224067
 21
-74.87694860231001
 72
     1
 10
-187.8781394224067
 20
-74.87694860231001
 11
-187.3509514805719
 21
-74.5246928814073
 72
     1
 10
-187.3509514805719
 20
-74.5246928814073
 11
-186.9986957596691
 21
-73.99750493957244
 72
     1
 10
-186.9986957596691
 20
-73.99750493957244
 11
-186.875
 21
-73.37564436197917
 72
     1
 10
-186.875
 20
-73.37564436197917
 11
-186.9986957596691
 21
-72.7537837843859
 72
     1
 10
-186.9986957596691
 20
-72.7537837843859
 11
-187.3509514805719
 21
-72.22659584255103
 72
     1
 10
-187.3509514805719
 20
-72.22659584255103
 11
-187.8781394224067
 21
-71.87434012164833
 72
     1
 10
-187.8781394224067
 20
-71.87434012164833
 11
-188.5
 21
-71.75064436197917
 72
     1
 10
-188.5
 20
-71.75064436197917
 11
-188.5
 21
-71.75064436197917
 97
        1
330
8D4
 75
     0
 76
     1
 98
        0
  0
LWPOLYLINE
  5
8D6
102
{ACAD_REACTORS
330
8D7
102
}
330
1F
100
AcDbEntity
  8
OUTLINE
  6
CONTINUOUS
 62
     1
100
AcDbPolyline
 90
       17
 70
     1
 43
0.0
 10
-163.5
 20
-71.750644362
 10
-164.121860578
 20
-71.874340122
 10
-164.649048519
 20
-72.226595843
 10
-165.00130424
 20
-72.753783784
 10
-165.125
 20
-73.375644362
 10
-165.00130424
 20
-73.99750494
 10
-164.649048519
 20
-74.524692881
 10
-164.121860578
 20
-74.876948602
 10
-163.5
 20
-75.000644362
 10
-162.878139422
 20
-74.876948602
 10
-162.350951481
 20
-74.524692881
 10
-161.99869576
 20
-73.99750494
 10
-161.875
 20
-73.375644362
 10
-161.99869576
 20
-72.753783784
 10
-162.350951481
 20
-72.226595843
 10
-162.878139422
 20
-71.874340122
 10
-163.5
 20
-71.750644362
  0
HATCH
  5
8D7
330
1F
100
AcDbEntity
  8
0
 62
     3
100
AcDbHatch
 10
0.0
 20
0.0
 30
0.0
210
0.0
220
0.0
230
1.0
  2
SOLID
 70
     1
 71
     1
 91
        1
 92
       16
 93
       17
 72
     1
 10
-163.5
 20
-71.75064436197917
 11
-164.1218605775933
 21
-71.87434012164833
 72
     1
 10
-164.1218605775933
 20
-71.87434012164833
 11
-164.6490485194281
 21
-72.22659584255103
 72
     1
 10
-164.6490485194281
 20
-72.22659584255103
 11
-165.0013042403309
 21
-72.7537837843859
 72
     1
 10
-165.0013042403309
 20
-72.7537837843859
 11
-165.125
 21
-73.37564436197917
 72
     1
 10
-165.125
 20
-73.37564436197917
 11
-165.0013042403309
 21
-73.99750493957244
 72
     1
 10
-165.0013042403309
 20
-73.99750493957244
 11
-164.6490485194281
 21
-74.5246928814073
 72
     1
 10
-164.6490485194281
 20
-74.5246928814073
 11
-164.1218605775933
 21
-74.87694860231001
 72
     1
 10
-164.1218605775933
 20
-74.87694860231001
 11
-163.5
 21
-75.00064436197917
 72
     1
 10
-163.5
 20
-75.00064436197917
 11
-162.8781394224067
 21
-74.87694860231001
 72
     1
 10
-162.8781394224067
 20
-74.87694860231001
 11
-162.3509514805719
 21
-74.5246928814073
 72
     1
 10
-162.3509514805719
 20
-74.5246928814073
 11
-161.9986957596691
 21
-73.99750493957244
 72
     1
 10
-161.9986957596691
 20
-73.99750493957244
 11
-161.875
 21
-73.37564436197917
 72
     1
 10
-161.875
 20
-73.37564436197917
 11
-161.9986957596691
 21
-72.7537837843859
 72
     1
 10
-161.9986957596691
 20
-72.7537837843859
 11
-162.3509514805719
 21
-72.22659584255103
 72
     1
 10
-162.3509514805719
 20
-72.22659584255103
 11
-162.8781394224067
 21
-71.87434012164833
 72
     1
 10
-162.8781394224067
 20
-71.87434012164833
 11
-163.5
 21
-71.75064436197917
 72
     1
 10
-163.5
 20
-71.75064436197917
 11
-163.5
 21
-71.75064436197917
 97
        1
330
8D6
 75
     0
 76
     1
 98
        0
  0
LWPOLYLINE
  5
8D8
102
{ACAD_REACTORS
330
8D9
102
}
330
1F
100
AcDbEntity
  8
OUTLINE
  6
CONTINUOUS
 62
     1
100
AcDbPolyline
 90
       17
 70
     1
 43
0.0
 10
-188.5
 20
-61.250644362
 10
-189.121860578
 20
-61.374340122
 10
-189.649048519
 20
-61.726595843
 10
-190.00130424
 20
-62.253783784
 10
-190.125
 20
-62.875644362
 10
-190.00130424
 20
-63.49750494
 10
-189.649048519
 20
-64.024692881
 10
-189.121860578
 20
-64.376948602
 10
-188.5
 20
-64.500644362
 10
-187.878139422
 20
-64.376948602
 10
-187.350951481
 20
-64.024692881
 10
-186.99869576
 20
-63.49750494
 10
-186.875
 20
-62.875644362
 10
-186.99869576
 20
-62.253783784
 10
-187.350951481
 20
-61.726595843
 10
-187.878139422
 20
-61.374340122
 10
-188.5
 20
-61.250644362
  0
HATCH
  5
8D9
330
1F
100
AcDbEntity
  8
0
 62
     3
100
AcDbHatch
 10
0.0
 20
0.0
 30
0.0
210
0.0
220
0.0
230
1.0
  2
SOLID
 70
     1
 71
     1
 91
        1
 92
       16
 93
       17
 72
     1
 10
-188.5
 20
-61.25064436197826
 11
-189.1218605775933
 21
-61.37434012164742
 72
     1
 10
-189.1218605775933
 20
-61.37434012164742
 11
-189.6490485194281
 21
-61.72659584255012
 72
     1
 10
-189.6490485194281
 20
-61.72659584255012
 11
-190.0013042403309
 21
-62.25378378438499
 72
     1
 10
-190.0013042403309
 20
-62.25378378438499
 11
-190.125
 21
-62.87564436197826
 72
     1
 10
-190.125
 20
-62.87564436197826
 11
-190.0013042403309
 21
-63.49750493957153
 72
     1
 10
-190.0013042403309
 20
-63.49750493957153
 11
-189.6490485194281
 21
-64.0246928814064
 72
     1
 10
-189.6490485194281
 20
-64.0246928814064
 11
-189.1218605775933
 21
-64.3769486023091
 72
     1
 10
-189.1218605775933
 20
-64.3769486023091
 11
-188.5
 21
-64.50064436197826
 72
     1
 10
-188.5
 20
-64.50064436197826
 11
-187.8781394224067
 21
-64.3769486023091
 72
     1
 10
-187.8781394224067
 20
-64.3769486023091
 11
-187.3509514805719
 21
-64.0246928814064
 72
     1
 10
-187.3509514805719
 20
-64.0246928814064
 11
-186.9986957596691
 21
-63.49750493957153
 72
     1
 10
-186.9986957596691
 20
-63.49750493957153
 11
-186.875
 21
-62.87564436197826
 72
     1
 10
-186.875
 20
-62.87564436197826
 11
-186.9986957596691
 21
-62.25378378438499
 72
     1
 10
-186.9986957596691
 20
-62.25378378438499
 11
-187.3509514805719
 21
-61.72659584255012
 72
     1
 10
-187.3509514805719
 20
-61.72659584255012
 11
-187.8781394224067
 21
-61.37434012164742
 72
     1
 10
-187.8781394224067
 20
-61.37434012164742
 11
-188.5
 21
-61.25064436197826
 72
     1
 10
-188.5
 20
-61.25064436197826
 11
-188.5
 21
-61.25064436197826
 97
        1
330
8D8
 75
     0
 76
     1
 98
        0
  0
LWPOLYLINE
  5
8DA
102
{ACAD_REACTORS
330
8DB
102
}
330
1F
100
AcDbEntity
  8
OUTLINE
  6
CONTINUOUS
 62
     1
100
AcDbPolyline
 90
       17
 70
     1
 43
0.0
 10
-163.5
 20
-61.250644362
 10
-164.121860578
 20
-61.374340122
 10
-164.649048519
 20
-61.726595843
 10
-165.00130424
 20
-62.253783784
 10
-165.125
 20
-62.875644362
 10
-165.00130424
 20
-63.49750494
 10
-164.649048519
 20
-64.024692881
 10
-164.121860578
 20
-64.376948602
 10
-163.5
 20
-64.500644362
 10
-162.878139422
 20
-64.376948602
 10
-162.350951481
 20
-64.024692881
 10
-161.99869576
 20
-63.49750494
 10
-161.875
 20
-62.875644362
 10
-161.99869576
 20
-62.253783784
 10
-162.350951481
 20
-61.726595843
 10
-162.878139422
 20
-61.374340122
 10
-163.5
 20
-61.250644362
  0
HATCH
  5
8DB
330
1F
100
AcDbEntity
  8
0
 62
     3
100
AcDbHatch
 10
0.0
 20
0.0
 30
0.0
210
0.0
220
0.0
230
1.0
  2
SOLID
 70
     1
 71
     1
 91
        1
 92
       16
 93
       17
 72
     1
 10
-163.5
 20
-61.25064436197826
 11
-164.1218605775933
 21
-61.37434012164742
 72
     1
 10
-164.1218605775933
 20
-61.37434012164742
 11
-164.6490485194281
 21
-61.72659584255012
 72
     1
 10
-164.6490485194281
 20
-61.72659584255012
 11
-165.0013042403309
 21
-62.25378378438499
 72
     1
 10
-165.0013042403309
 20
-62.25378378438499
 11
-165.125
 21
-62.87564436197826
 72
     1
 10
-165.125
 20
-62.87564436197826
 11
-165.0013042403309
 21
-63.49750493957153
 72
     1
 10
-165.0013042403309
 20
-63.49750493957153
 11
-164.6490485194281
 21
-64.0246928814064
 72
     1
 10
-164.6490485194281
 20
-64.0246928814064
 11
-164.1218605775933
 21
-64.3769486023091
 72
     1
 10
-164.1218605775933
 20
-64.3769486023091
 11
-163.5
 21
-64.50064436197826
 72
     1
 10
-163.5
 20
-64.50064436197826
 11
-162.8781394224067
 21
-64.3769486023091
 72
     1
 10
-162.8781394224067
 20
-64.3769486023091
 11
-162.3509514805719
 21
-64.0246928814064
 72
     1
 10
-162.3509514805719
 20
-64.0246928814064
 11
-161.9986957596691
 21
-63.49750493957153
 72
     1
 10
-161.9986957596691
 20
-63.49750493957153
 11
-161.875
 21
-62.87564436197826
 72
     1
 10
-161.875
 20
-62.87564436197826
 11
-161.9986957596691
 21
-62.25378378438499
 72
     1
 10
-161.9986957596691
 20
-62.25378378438499
 11
-162.3509514805719
 21
-61.72659584255012
 72
     1
 10
-162.3509514805719
 20
-61.72659584255012
 11
-162.8781394224067
 21
-61.37434012164742
 72
     1
 10
-162.8781394224067
 20
-61.37434012164742
 11
-163.5
 21
-61.25064436197826
 72
     1
 10
-163.5
 20
-61.25064436197826
 11
-163.5
 21
-61.25064436197826
 97
        1
330
8DA
 75
     0
 76
     1
 98
        0
  0
LWPOLYLINE
  5
8DC
102
{ACAD_REACTORS
330
8DD
102
}
330
1F
100
AcDbEntity
  8
OUTLINE
  6
CONTINUOUS
 62
     1
100
AcDbPolyline
 90
       17
 70
     1
 43
0.0
 10
-171.5
 20
-76.375644362
 10
-171.614180701
 20
-75.801619213
 10
-171.939339828
 20
-75.31498419
 10
-172.425974851
 20
-74.989825063
 10
-173.0
 20
-74.875644362
 10
-173.574025149
 20
-74.989825063
 10
-174.060660172
 20
-75.31498419
 10
-174.385819299
 20
-75.801619213
 10
-174.5
 20
-76.375644362
 10
-174.385819299
 20
-76.949669511
 10
-174.060660172
 20
-77.436304534
 10
-173.574025149
 20
-77.761463661
 10
-173.0
 20
-77.875644362
 10
-172.425974851
 20
-77.761463661
 10
-171.939339828
 20
-77.436304534
 10
-171.614180701
 20
-76.949669511
 10
-171.5
 20
-76.375644362
  0
HATCH
  5
8DD
330
1F
100
AcDbEntity
  8
0
 62
     3
100
AcDbHatch
 10
0.0
 20
0.0
 30
0.0
210
0.0
220
0.0
230
1.0
  2
SOLID
 70
     1
 71
     1
 91
        1
 92
       16
 93
       17
 72
     1
 10
-171.5
 20
-76.37564436197826
 11
-171.6141807012327
 21
-75.8016192134306
 72
     1
 10
-171.6141807012327
 20
-75.8016192134306
 11
-171.93933982822
 21
-75.31498419019826
 72
     1
 10
-171.93933982822
 20
-75.31498419019826
 11
-172.4259748514523
 21
-74.98982506321099
 72
     1
 10
-172.4259748514523
 20
-74.98982506321099
 11
-173.0
 21
-74.87564436197826
 72
     1
 10
-173.0
 20
-74.87564436197826
 11
-173.5740251485477
 21
-74.98982506321099
 72
     1
 10
-173.5740251485477
 20
-74.98982506321099
 11
-174.06066017178
 21
-75.31498419019826
 72
     1
 10
-174.06066017178
 20
-75.31498419019826
 11
-174.3858192987673
 21
-75.8016192134306
 72
     1
 10
-174.3858192987673
 20
-75.8016192134306
 11
-174.5
 21
-76.37564436197826
 72
     1
 10
-174.5
 20
-76.37564436197826
 11
-174.3858192987673
 21
-76.94966951052592
 72
     1
 10
-174.3858192987673
 20
-76.94966951052592
 11
-174.06066017178
 21
-77.43630453375826
 72
     1
 10
-174.06066017178
 20
-77.43630453375826
 11
-173.5740251485477
 21
-77.76146366074553
 72
     1
 10
-173.5740251485477
 20
-77.76146366074553
 11
-173.0
 21
-77.87564436197826
 72
     1
 10
-173.0
 20
-77.87564436197826
 11
-172.4259748514523
 21
-77.76146366074553
 72
     1
 10
-172.4259748514523
 20
-77.76146366074553
 11
-171.93933982822
 21
-77.43630453375826
 72
     1
 10
-171.93933982822
 20
-77.43630453375826
 11
-171.6141807012327
 21
-76.94966951052592
 72
     1
 10
-171.6141807012327
 20
-76.94966951052592
 11
-171.5
 21
-76.37564436197826
 72
     1
 10
-171.5
 20
-76.37564436197826
 11
-171.5
 21
-76.37564436197826
 97
        1
330
8DC
 75
     0
 76
     1
 98
        0
  0
LWPOLYLINE
  5
8DE
102
{ACAD_REACTORS
330
8DF
102
}
330
1F
100
AcDbEntity
  8
OUTLINE
  6
CONTINUOUS
 62
     1
100
AcDbPolyline
 90
       17
 70
     1
 43
0.0
 10
-177.5
 20
-70.375644362
 10
-177.614180701
 20
-69.801619213
 10
-177.939339828
 20
-69.31498419
 10
-178.425974851
 20
-68.989825063
 10
-179.0
 20
-68.875644362
 10
-179.574025149
 20
-68.989825063
 10
-180.060660172
 20
-69.31498419
 10
-180.385819299
 20
-69.801619213
 10
-180.5
 20
-70.375644362
 10
-180.385819299
 20
-70.949669511
 10
-180.060660172
 20
-71.436304534
 10
-179.574025149
 20
-71.761463661
 10
-179.0
 20
-71.875644362
 10
-178.425974851
 20
-71.761463661
 10
-177.939339828
 20
-71.436304534
 10
-177.614180701
 20
-70.949669511
 10
-177.5
 20
-70.375644362
  0
HATCH
  5
8DF
330
1F
100
AcDbEntity
  8
0
 62
     3
100
AcDbHatch
 10
0.0
 20
0.0
 30
0.0
210
0.0
220
0.0
230
1.0
  2
SOLID
 70
     1
 71
     1
 91
        1
 92
       16
 93
       17
 72
     1
 10
-177.5
 20
-70.37564436197826
 11
-177.6141807012327
 21
-69.8016192134306
 72
     1
 10
-177.6141807012327
 20
-69.8016192134306
 11
-177.93933982822
 21
-69.31498419019826
 72
     1
 10
-177.93933982822
 20
-69.31498419019826
 11
-178.4259748514523
 21
-68.98982506321099
 72
     1
 10
-178.4259748514523
 20
-68.98982506321099
 11
-179.0
 21
-68.87564436197826
 72
     1
 10
-179.0
 20
-68.87564436197826
 11
-179.5740251485477
 21
-68.98982506321099
 72
     1
 10
-179.5740251485477
 20
-68.98982506321099
 11
-180.06066017178
 21
-69.31498419019826
 72
     1
 10
-180.06066017178
 20
-69.31498419019826
 11
-180.3858192987673
 21
-69.8016192134306
 72
     1
 10
-180.3858192987673
 20
-69.8016192134306
 11
-180.5
 21
-70.37564436197826
 72
     1
 10
-180.5
 20
-70.37564436197826
 11
-180.3858192987673
 21
-70.94966951052592
 72
     1
 10
-180.3858192987673
 20
-70.94966951052592
 11
-180.06066017178
 21
-71.43630453375826
 72
     1
 10
-180.06066017178
 20
-71.43630453375826
 11
-179.5740251485477
 21
-71.76146366074553
 72
     1
 10
-179.5740251485477
 20
-71.76146366074553
 11
-179.0
 21
-71.87564436197826
 72
     1
 10
-179.0
 20
-71.87564436197826
 11
-178.4259748514523
 21
-71.76146366074553
 72
     1
 10
-178.4259748514523
 20
-71.76146366074553
 11
-177.93933982822
 21
-71.43630453375826
 72
     1
 10
-177.93933982822
 20
-71.43630453375826
 11
-177.6141807012327
 21
-70.94966951052592
 72
     1
 10
-177.6141807012327
 20
-70.94966951052592
 11
-177.5
 21
-70.37564436197826
 72
     1
 10
-177.5
 20
-70.37564436197826
 11
-177.5
 21
-70.37564436197826
 97
        1
330
8DE
 75
     0
 76
     1
 98
        0
  0
LINE
  5
8E0
330
1F
100
AcDbEntity
  8
OUTLINE
  6
SDS2_5
 62
     1
100
AcDbLine
 10
-186.0
 20
104.218905092
 30
0.0
 11
-186.0
 21
104.213905092
 31
0.0
  0
LINE
  5
8E1
330
1F
100
AcDbEntity
  8
OUTLINE
  6
SDS2_5
 62
     1
100
AcDbLine
 10
-186.0
 20
104.213905092
 30
0.0
 11
-186.0
 21
103.838905092
 31
0.0
  0
LINE
  5
8E2
330
1F
100
AcDbEntity
  8
OUTLINE
  6
SDS2_5
 62
     1
100
AcDbLine
 10
-186.0
 20
103.838905092
 30
0.0
 11
-186.0
 21
103.833905092
 31
0.0
  0
LINE
  5
8E3
330
1F
100
AcDbEntity
  8
OUTLINE
  6
SDS2_5
 62
     1
100
AcDbLine
 10
-186.0
 20
103.833905092
 30
0.0
 11
-186.155465144
 21
103.833905092
 31
0.0
  0
LINE
  5
8E4
330
1F
100
AcDbEntity
  8
OUTLINE
  6
SDS2_5
 62
     1
100
AcDbLine
 10
-186.155465144
 20
103.833905092
 30
0.0
 11
-186.155465144
 21
103.838905092
 31
0.0
  0
LINE
  5
8E5
330
1F
100
AcDbEntity
  8
OUTLINE
  6
SDS2_5
 62
     1
100
AcDbLine
 10
-186.155465144
 20
103.838905092
 30
0.0
 11
-186.155465144
 21
104.213905092
 31
0.0
  0
LINE
  5
8E6
330
1F
100
AcDbEntity
  8
OUTLINE
  6
SDS2_5
 62
     1
100
AcDbLine
 10
-186.155465144
 20
104.213905092
 30
0.0
 11
-186.155465144
 21
104.218905092
 31
0.0
  0
LINE
  5
8E7
330
1F
100
AcDbEntity
  8
OUTLINE
  6
SDS2_5
 62
     1
100
AcDbLine
 10
-186.155465144
 20
104.218905092
 30
0.0
 11
-186.0
 21
104.218905092
 31
0.0
  0
LINE
  5
8E8
330
1F
100
AcDbEntity
  8
OUTLINE
  6
SDS2_5
 62
     1
100
AcDbLine
 10
-186.155465144
 20
103.833905092
 30
0.0
 11
-186.28726213
 21
103.833905092
 31
0.0
  0
LINE
  5
8E9
330
1F
100
AcDbEntity
  8
OUTLINE
  6
SDS2_5
 62
     1
100
AcDbLine
 10
-186.28726213
 20
103.833905092
 30
0.0
 11
-186.28726213
 21
103.838905092
 31
0.0
  0
LINE
  5
8EA
330
1F
100
AcDbEntity
  8
OUTLINE
  6
SDS2_5
 62
     1
100
AcDbLine
 10
-186.28726213
 20
103.838905092
 30
0.0
 11
-186.28726213
 21
104.213905092
 31
0.0
  0
LINE
  5
8EB
330
1F
100
AcDbEntity
  8
OUTLINE
  6
SDS2_5
 62
     1
100
AcDbLine
 10
-186.28726213
 20
104.213905092
 30
0.0
 11
-186.28726213
 21
104.218905092
 31
0.0
  0
LINE
  5
8EC
330
1F
100
AcDbEntity
  8
OUTLINE
  6
SDS2_5
 62
     1
100
AcDbLine
 10
-186.28726213
 20
104.218905092
 30
0.0
 11
-186.155465144
 21
104.218905092
 31
0.0
  0
LINE
  5
8ED
330
1F
100
AcDbEntity
  8
OUTLINE
  6
SDS2_5
 62
     1
100
AcDbLine
 10
-186.28726213
 20
103.833905092
 30
0.0
 11
-186.37532606
 21
103.833905092
 31
0.0
  0
LINE
  5
8EE
330
1F
100
AcDbEntity
  8
OUTLINE
  6
SDS2_5
 62
     1
100
AcDbLine
 10
-186.37532606
 20
103.833905092
 30
0.0
 11
-186.37532606
 21
103.838905092
 31
0.0
  0
LINE
  5
8EF
330
1F
100
AcDbEntity
  8
OUTLINE
  6
SDS2_5
 62
     1
100
AcDbLine
 10
-186.37532606
 20
103.838905092
 30
0.0
 11
-186.37532606
 21
104.213905092
 31
0.0
  0
LINE
  5
8F0
330
1F
100
AcDbEntity
  8
OUTLINE
  6
SDS2_5
 62
     1
100
AcDbLine
 10
-186.37532606
 20
104.213905092
 30
0.0
 11
-186.37532606
 21
104.218905092
 31
0.0
  0
LINE
  5
8F1
330
1F
100
AcDbEntity
  8
OUTLINE
  6
SDS2_5
 62
     1
100
AcDbLine
 10
-186.37532606
 20
104.218905092
 30
0.0
 11
-186.28726213
 21
104.218905092
 31
0.0
  0
LINE
  5
8F2
330
1F
100
AcDbEntity
  8
OUTLINE
  6
SDS2_5
 62
     1
100
AcDbLine
 10
-186.37532606
 20
103.833905092
 30
0.0
 11
-186.40625
 21
103.833905092
 31
0.0
  0
LINE
  5
8F3
330
1F
100
AcDbEntity
  8
OUTLINE
  6
SDS2_5
 62
     1
100
AcDbLine
 10
-186.40625
 20
104.218905092
 30
0.0
 11
-186.37532606
 21
104.218905092
 31
0.0
  0
LINE
  5
8F4
330
1F
100
AcDbEntity
  8
OUTLINE
  6
CONTINUOUS
 62
     2
100
AcDbLine
 10
-186.40625
 20
104.218905092
 30
0.0
 11
-186.40625
 21
104.213905092
 31
0.0
  0
LINE
  5
8F5
330
1F
100
AcDbEntity
  8
OUTLINE
  6
SDS2_5
 62
     1
100
AcDbLine
 10
-186.40625
 20
104.213905092
 30
0.0
 11
-186.40625
 21
103.838905092
 31
0.0
  0
LINE
  5
8F6
330
1F
100
AcDbEntity
  8
OUTLINE
  6
CONTINUOUS
 62
     2
100
AcDbLine
 10
-186.40625
 20
103.838905092
 30
0.0
 11
-186.40625
 21
103.833905092
 31
0.0
  0
LINE
  5
8F7
330
1F
100
AcDbEntity
  8
OUTLINE
  6
CONTINUOUS
 62
     2
100
AcDbLine
 10
-185.59375
 20
103.833905092
 30
0.0
 11
-185.59375
 21
103.838905092
 31
0.0
  0
LINE
  5
8F8
330
1F
100
AcDbEntity
  8
OUTLINE
  6
SDS2_5
 62
     1
100
AcDbLine
 10
-185.59375
 20
103.838905092
 30
0.0
 11
-185.59375
 21
104.213905092
 31
0.0
  0
LINE
  5
8F9
330
1F
100
AcDbEntity
  8
OUTLINE
  6
CONTINUOUS
 62
     2
100
AcDbLine
 10
-185.59375
 20
104.213905092
 30
0.0
 11
-185.59375
 21
104.218905092
 31
0.0
  0
LINE
  5
8FA
330
1F
100
AcDbEntity
  8
OUTLINE
  6
SDS2_5
 62
     1
100
AcDbLine
 10
-185.59375
 20
103.833905092
 30
0.0
 11
-185.62467394
 21
103.833905092
 31
0.0
  0
LINE
  5
8FB
330
1F
100
AcDbEntity
  8
OUTLINE
  6
SDS2_5
 62
     1
100
AcDbLine
 10
-185.62467394
 20
104.218905092
 30
0.0
 11
-185.59375
 21
104.218905092
 31
0.0
  0
LINE
  5
8FC
330
1F
100
AcDbEntity
  8
OUTLINE
  6
SDS2_5
 62
     1
100
AcDbLine
 10
-185.62467394
 20
104.218905092
 30
0.0
 11
-185.62467394
 21
104.213905092
 31
0.0
  0
LINE
  5
8FD
330
1F
100
AcDbEntity
  8
OUTLINE
  6
SDS2_5
 62
     1
100
AcDbLine
 10
-185.62467394
 20
104.213905092
 30
0.0
 11
-185.62467394
 21
103.838905092
 31
0.0
  0
LINE
  5
8FE
330
1F
100
AcDbEntity
  8
OUTLINE
  6
SDS2_5
 62
     1
100
AcDbLine
 10
-185.62467394
 20
103.838905092
 30
0.0
 11
-185.62467394
 21
103.833905092
 31
0.0
  0
LINE
  5
8FF
330
1F
100
AcDbEntity
  8
OUTLINE
  6
SDS2_5
 62
     1
100
AcDbLine
 10
-185.62467394
 20
103.833905092
 30
0.0
 11
-185.71273787
 21
103.833905092
 31
0.0
  0
LINE
  5
900
330
1F
100
AcDbEntity
  8
OUTLINE
  6
SDS2_5
 62
     1
100
AcDbLine
 10
-185.71273787
 20
104.218905092
 30
0.0
 11
-185.62467394
 21
104.218905092
 31
0.0
  0
LINE
  5
901
330
1F
100
AcDbEntity
  8
OUTLINE
  6
SDS2_5
 62
     1
100
AcDbLine
 10
-185.71273787
 20
104.218905092
 30
0.0
 11
-185.71273787
 21
104.213905092
 31
0.0
  0
LINE
  5
902
330
1F
100
AcDbEntity
  8
OUTLINE
  6
SDS2_5
 62
     1
100
AcDbLine
 10
-185.71273787
 20
104.213905092
 30
0.0
 11
-185.71273787
 21
103.838905092
 31
0.0
  0
LINE
  5
903
330
1F
100
AcDbEntity
  8
OUTLINE
  6
SDS2_5
 62
     1
100
AcDbLine
 10
-185.71273787
 20
103.838905092
 30
0.0
 11
-185.71273787
 21
103.833905092
 31
0.0
  0
LINE
  5
904
330
1F
100
AcDbEntity
  8
OUTLINE
  6
SDS2_5
 62
     1
100
AcDbLine
 10
-185.71273787
 20
103.833905092
 30
0.0
 11
-185.844534856
 21
103.833905092
 31
0.0
  0
LINE
  5
905
330
1F
100
AcDbEntity
  8
OUTLINE
  6
SDS2_5
 62
     1
100
AcDbLine
 10
-185.844534856
 20
104.218905092
 30
0.0
 11
-185.71273787
 21
104.218905092
 31
0.0
  0
LINE
  5
906
330
1F
100
AcDbEntity
  8
OUTLINE
  6
SDS2_5
 62
     1
100
AcDbLine
 10
-185.844534856
 20
104.218905092
 30
0.0
 11
-185.844534856
 21
104.213905092
 31
0.0
  0
LINE
  5
907
330
1F
100
AcDbEntity
  8
OUTLINE
  6
SDS2_5
 62
     1
100
AcDbLine
 10
-185.844534856
 20
104.213905092
 30
0.0
 11
-185.844534856
 21
103.838905092
 31
0.0
  0
LINE
  5
908
330
1F
100
AcDbEntity
  8
OUTLINE
  6
SDS2_5
 62
     1
100
AcDbLine
 10
-185.844534856
 20
103.838905092
 30
0.0
 11
-185.844534856
 21
103.833905092
 31
0.0
  0
LINE
  5
909
330
1F
100
AcDbEntity
  8
OUTLINE
  6
SDS2_5
 62
     1
100
AcDbLine
 10
-185.844534856
 20
103.833905092
 30
0.0
 11
-186.0
 21
103.833905092
 31
0.0
  0
LINE
  5
90A
330
1F
100
AcDbEntity
  8
OUTLINE
  6
SDS2_5
 62
     1
100
AcDbLine
 10
-186.0
 20
104.218905092
 30
0.0
 11
-185.844534856
 21
104.218905092
 31
0.0
  0
LINE
  5
90B
330
1F
100
AcDbEntity
  8
OUTLINE
  6
SDS2_5
 62
     1
100
AcDbLine
 10
-166.0
 20
103.833905092
 30
0.0
 11
-166.0
 21
103.838905092
 31
0.0
  0
LINE
  5
90C
330
1F
100
AcDbEntity
  8
OUTLINE
  6
SDS2_5
 62
     1
100
AcDbLine
 10
-166.0
 20
103.838905092
 30
0.0
 11
-166.0
 21
104.213905092
 31
0.0
  0
LINE
  5
90D
330
1F
100
AcDbEntity
  8
OUTLINE
  6
SDS2_5
 62
     1
100
AcDbLine
 10
-166.0
 20
104.213905092
 30
0.0
 11
-166.0
 21
104.218905092
 31
0.0
  0
LINE
  5
90E
330
1F
100
AcDbEntity
  8
OUTLINE
  6
SDS2_5
 62
     1
100
AcDbLine
 10
-166.0
 20
104.218905092
 30
0.0
 11
-165.844534856
 21
104.218905092
 31
0.0
  0
LINE
  5
90F
330
1F
100
AcDbEntity
  8
OUTLINE
  6
SDS2_5
 62
     1
100
AcDbLine
 10
-165.844534856
 20
104.218905092
 30
0.0
 11
-165.844534856
 21
104.213905092
 31
0.0
  0
LINE
  5
910
330
1F
100
AcDbEntity
  8
OUTLINE
  6
SDS2_5
 62
     1
100
AcDbLine
 10
-165.844534856
 20
104.213905092
 30
0.0
 11
-165.844534856
 21
103.838905092
 31
0.0
  0
LINE
  5
911
330
1F
100
AcDbEntity
  8
OUTLINE
  6
SDS2_5
 62
     1
100
AcDbLine
 10
-165.844534856
 20
103.838905092
 30
0.0
 11
-165.844534856
 21
103.833905092
 31
0.0
  0
LINE
  5
912
330
1F
100
AcDbEntity
  8
OUTLINE
  6
SDS2_5
 62
     1
100
AcDbLine
 10
-165.844534856
 20
103.833905092
 30
0.0
 11
-166.0
 21
103.833905092
 31
0.0
  0
LINE
  5
913
330
1F
100
AcDbEntity
  8
OUTLINE
  6
SDS2_5
 62
     1
100
AcDbLine
 10
-165.844534856
 20
104.218905092
 30
0.0
 11
-165.71273787
 21
104.218905092
 31
0.0
  0
LINE
  5
914
330
1F
100
AcDbEntity
  8
OUTLINE
  6
SDS2_5
 62
     1
100
AcDbLine
 10
-165.71273787
 20
104.218905092
 30
0.0
 11
-165.71273787
 21
104.213905092
 31
0.0
  0
LINE
  5
915
330
1F
100
AcDbEntity
  8
OUTLINE
  6
SDS2_5
 62
     1
100
AcDbLine
 10
-165.71273787
 20
104.213905092
 30
0.0
 11
-165.71273787
 21
103.838905092
 31
0.0
  0
LINE
  5
916
330
1F
100
AcDbEntity
  8
OUTLINE
  6
SDS2_5
 62
     1
100
AcDbLine
 10
-165.71273787
 20
103.838905092
 30
0.0
 11
-165.71273787
 21
103.833905092
 31
0.0
  0
LINE
  5
917
330
1F
100
AcDbEntity
  8
OUTLINE
  6
SDS2_5
 62
     1
100
AcDbLine
 10
-165.71273787
 20
103.833905092
 30
0.0
 11
-165.844534856
 21
103.833905092
 31
0.0
  0
LINE
  5
918
330
1F
100
AcDbEntity
  8
OUTLINE
  6
SDS2_5
 62
     1
100
AcDbLine
 10
-165.71273787
 20
104.218905092
 30
0.0
 11
-165.62467394
 21
104.218905092
 31
0.0
  0
LINE
  5
919
330
1F
100
AcDbEntity
  8
OUTLINE
  6
SDS2_5
 62
     1
100
AcDbLine
 10
-165.62467394
 20
104.218905092
 30
0.0
 11
-165.62467394
 21
104.213905092
 31
0.0
  0
LINE
  5
91A
330
1F
100
AcDbEntity
  8
OUTLINE
  6
SDS2_5
 62
     1
100
AcDbLine
 10
-165.62467394
 20
104.213905092
 30
0.0
 11
-165.62467394
 21
103.838905092
 31
0.0
  0
LINE
  5
91B
330
1F
100
AcDbEntity
  8
OUTLINE
  6
SDS2_5
 62
     1
100
AcDbLine
 10
-165.62467394
 20
103.838905092
 30
0.0
 11
-165.62467394
 21
103.833905092
 31
0.0
  0
LINE
  5
91C
330
1F
100
AcDbEntity
  8
OUTLINE
  6
SDS2_5
 62
     1
100
AcDbLine
 10
-165.62467394
 20
103.833905092
 30
0.0
 11
-165.71273787
 21
103.833905092
 31
0.0
  0
LINE
  5
91D
330
1F
100
AcDbEntity
  8
OUTLINE
  6
SDS2_5
 62
     1
100
AcDbLine
 10
-165.62467394
 20
104.218905092
 30
0.0
 11
-165.59375
 21
104.218905092
 31
0.0
  0
LINE
  5
91E
330
1F
100
AcDbEntity
  8
OUTLINE
  6
SDS2_5
 62
     1
100
AcDbLine
 10
-165.59375
 20
103.833905092
 30
0.0
 11
-165.62467394
 21
103.833905092
 31
0.0
  0
LINE
  5
91F
330
1F
100
AcDbEntity
  8
OUTLINE
  6
CONTINUOUS
 62
     2
100
AcDbLine
 10
-165.59375
 20
103.833905092
 30
0.0
 11
-165.59375
 21
103.838905092
 31
0.0
  0
LINE
  5
920
330
1F
100
AcDbEntity
  8
OUTLINE
  6
SDS2_5
 62
     1
100
AcDbLine
 10
-165.59375
 20
103.838905092
 30
0.0
 11
-165.59375
 21
104.213905092
 31
0.0
  0
LINE
  5
921
330
1F
100
AcDbEntity
  8
OUTLINE
  6
CONTINUOUS
 62
     2
100
AcDbLine
 10
-165.59375
 20
104.213905092
 30
0.0
 11
-165.59375
 21
104.218905092
 31
0.0
  0
LINE
  5
922
330
1F
100
AcDbEntity
  8
OUTLINE
  6
CONTINUOUS
 62
     2
100
AcDbLine
 10
-166.40625
 20
104.218905092
 30
0.0
 11
-166.40625
 21
104.213905092
 31
0.0
  0
LINE
  5
923
330
1F
100
AcDbEntity
  8
OUTLINE
  6
SDS2_5
 62
     1
100
AcDbLine
 10
-166.40625
 20
104.213905092
 30
0.0
 11
-166.40625
 21
103.838905092
 31
0.0
  0
LINE
  5
924
330
1F
100
AcDbEntity
  8
OUTLINE
  6
CONTINUOUS
 62
     2
100
AcDbLine
 10
-166.40625
 20
103.838905092
 30
0.0
 11
-166.40625
 21
103.833905092
 31
0.0
  0
LINE
  5
925
330
1F
100
AcDbEntity
  8
OUTLINE
  6
SDS2_5
 62
     1
100
AcDbLine
 10
-166.40625
 20
104.218905092
 30
0.0
 11
-166.37532606
 21
104.218905092
 31
0.0
  0
LINE
  5
926
330
1F
100
AcDbEntity
  8
OUTLINE
  6
SDS2_5
 62
     1
100
AcDbLine
 10
-166.37532606
 20
103.833905092
 30
0.0
 11
-166.40625
 21
103.833905092
 31
0.0
  0
LINE
  5
927
330
1F
100
AcDbEntity
  8
OUTLINE
  6
SDS2_5
 62
     1
100
AcDbLine
 10
-166.37532606
 20
103.833905092
 30
0.0
 11
-166.37532606
 21
103.838905092
 31
0.0
  0
LINE
  5
928
330
1F
100
AcDbEntity
  8
OUTLINE
  6
SDS2_5
 62
     1
100
AcDbLine
 10
-166.37532606
 20
103.838905092
 30
0.0
 11
-166.37532606
 21
104.213905092
 31
0.0
  0
LINE
  5
929
330
1F
100
AcDbEntity
  8
OUTLINE
  6
SDS2_5
 62
     1
100
AcDbLine
 10
-166.37532606
 20
104.213905092
 30
0.0
 11
-166.37532606
 21
104.218905092
 31
0.0
  0
LINE
  5
92A
330
1F
100
AcDbEntity
  8
OUTLINE
  6
SDS2_5
 62
     1
100
AcDbLine
 10
-166.37532606
 20
104.218905092
 30
0.0
 11
-166.28726213
 21
104.218905092
 31
0.0
  0
LINE
  5
92B
330
1F
100
AcDbEntity
  8
OUTLINE
  6
SDS2_5
 62
     1
100
AcDbLine
 10
-166.28726213
 20
103.833905092
 30
0.0
 11
-166.37532606
 21
103.833905092
 31
0.0
  0
LINE
  5
92C
330
1F
100
AcDbEntity
  8
OUTLINE
  6
SDS2_5
 62
     1
100
AcDbLine
 10
-166.28726213
 20
103.833905092
 30
0.0
 11
-166.28726213
 21
103.838905092
 31
0.0
  0
LINE
  5
92D
330
1F
100
AcDbEntity
  8
OUTLINE
  6
SDS2_5
 62
     1
100
AcDbLine
 10
-166.28726213
 20
103.838905092
 30
0.0
 11
-166.28726213
 21
104.213905092
 31
0.0
  0
LINE
  5
92E
330
1F
100
AcDbEntity
  8
OUTLINE
  6
SDS2_5
 62
     1
100
AcDbLine
 10
-166.28726213
 20
104.213905092
 30
0.0
 11
-166.28726213
 21
104.218905092
 31
0.0
  0
LINE
  5
92F
330
1F
100
AcDbEntity
  8
OUTLINE
  6
SDS2_5
 62
     1
100
AcDbLine
 10
-166.28726213
 20
104.218905092
 30
0.0
 11
-166.155465144
 21
104.218905092
 31
0.0
  0
LINE
  5
930
330
1F
100
AcDbEntity
  8
OUTLINE
  6
SDS2_5
 62
     1
100
AcDbLine
 10
-166.155465144
 20
103.833905092
 30
0.0
 11
-166.28726213
 21
103.833905092
 31
0.0
  0
LINE
  5
931
330
1F
100
AcDbEntity
  8
OUTLINE
  6
SDS2_5
 62
     1
100
AcDbLine
 10
-166.155465144
 20
103.833905092
 30
0.0
 11
-166.155465144
 21
103.838905092
 31
0.0
  0
LINE
  5
932
330
1F
100
AcDbEntity
  8
OUTLINE
  6
SDS2_5
 62
     1
100
AcDbLine
 10
-166.155465144
 20
103.838905092
 30
0.0
 11
-166.155465144
 21
104.213905092
 31
0.0
  0
LINE
  5
933
330
1F
100
AcDbEntity
  8
OUTLINE
  6
SDS2_5
 62
     1
100
AcDbLine
 10
-166.155465144
 20
104.213905092
 30
0.0
 11
-166.155465144
 21
104.218905092
 31
0.0
  0
LINE
  5
934
330
1F
100
AcDbEntity
  8
OUTLINE
  6
SDS2_5
 62
     1
100
AcDbLine
 10
-166.155465144
 20
104.218905092
 30
0.0
 11
-166.0
 21
104.218905092
 31
0.0
  0
LINE
  5
935
330
1F
100
AcDbEntity
  8
OUTLINE
  6
SDS2_5
 62
     1
100
AcDbLine
 10
-166.0
 20
103.833905092
 30
0.0
 11
-166.155465144
 21
103.833905092
 31
0.0
  0
MTEXT
  5
937
330
1F
100
AcDbEntity
  8
SYSTEM_ANNOTATION
  6
CONTINUOUS
 62
     1
100
AcDbMText
 10
-200.590555897
 20
-35.940529128
 30
0.0
 40
1.238613333
 41
0.0
 71
     7
 72
     1
  1
\A1;2{\H0.70x;\S1#2;}
  7
ARIAL
 11
6.123031769111886E-17
 21
1.0
 31
0.0
  0
LINE
  5
938
330
1F
100
AcDbEntity
  8
SYSTEM_ANNOTATION
  6
CONTINUOUS
 62
     1
100
AcDbLine
 10
-176.0
 20
-33.0
 30
0.0
 11
-200.4
 21
-33.0
 31
0.0
  0
LINE
  5
939
330
1F
100
AcDbEntity
  8
SYSTEM_ANNOTATION
  6
CONTINUOUS
 62
     1
100
AcDbLine
 10
-200.4
 20
-33.0
 30
0.0
 11
-200.4
 21
-35.940529128
 31
0.0
  0
LINE
  5
93A
330
1F
100
AcDbEntity
  8
SYSTEM_ANNOTATION
  6
CONTINUOUS
 62
     1
100
AcDbLine
 10
-200.4
 20
-33.0
 30
0.0
 11
-200.163779528
 21
-33.236220472
 31
0.0
  0
LINE
  5
93B
330
1F
100
AcDbEntity
  8
SYSTEM_ANNOTATION
  6
CONTINUOUS
 62
     1
100
AcDbLine
 10
-200.163779528
 20
-33.236220472
 30
0.0
 11
-200.636220472
 21
-32.763779528
 31
0.0
  0
LINE
  5
93C
330
1F
100
AcDbEntity
  8
SYSTEM_ANNOTATION
  6
CONTINUOUS
 62
     1
100
AcDbLine
 10
-200.636220472
 20
-32.763779528
 30
0.0
 11
-200.4
 21
-33.0
 31
0.0
  0
LINE
  5
93D
330
1F
100
AcDbEntity
  8
SYSTEM_ANNOTATION
  6
CONTINUOUS
 62
     1
100
AcDbLine
 10
-200.4
 20
-33.0
 30
0.0
 11
-200.4
 21
-30.5
 31
0.0
  0
LINE
  5
93E
330
1F
100
AcDbEntity
  8
SYSTEM_ANNOTATION
  6
CONTINUOUS
 62
     1
100
AcDbLine
 10
-200.4
 20
-30.5
 30
0.0
 11
-200.163779528
 21
-30.736220472
 31
0.0
  0
LINE
  5
93F
330
1F
100
AcDbEntity
  8
SYSTEM_ANNOTATION
  6
CONTINUOUS
 62
     1
100
AcDbLine
 10
-200.163779528
 20
-30.736220472
 30
0.0
 11
-200.636220472
 21
-30.263779528
 31
0.0
  0
LINE
  5
940
330
1F
100
AcDbEntity
  8
SYSTEM_ANNOTATION
  6
CONTINUOUS
 62
     1
100
AcDbLine
 10
-200.636220472
 20
-30.263779528
 30
0.0
 11
-200.4
 21
-30.5
 31
0.0
  0
LINE
  5
941
330
1F
100
AcDbEntity
  8
SYSTEM_ANNOTATION
  6
CONTINUOUS
 62
     1
100
AcDbLine
 10
-176.0
 20
-30.5
 30
0.0
 11
-200.4
 21
-30.5
 31
0.0
  0
MTEXT
  5
942
330
1F
100
AcDbEntity
  8
SYSTEM_ANNOTATION
  6
CONTINUOUS
 62
     1
100
AcDbMText
 10
-207.505940698
 20
75.611224251
 30
0.0
 40
1.238613333
 41
0.0
 71
     7
 72
     1
  1
\A1;{\H0.70x;\S5#8;}
  7
ARIAL
 11
6.123031769111886E-17
 21
1.0
 31
0.0
  0
LINE
  5
943
330
1F
100
AcDbEntity
  8
SYSTEM_ANNOTATION
  6
CONTINUOUS
 62
     1
100
AcDbLine
 10
-176.0
 20
74.75
 30
0.0
 11
-199.835918271
 21
74.75
 31
0.0
  0
LINE
  5
944
330
1F
100
AcDbEntity
  8
SYSTEM_ANNOTATION
  6
CONTINUOUS
 62
     1
100
AcDbLine
 10
-205.625248701
 20
74.75
 30
0.0
 11
-207.315384801
 21
74.75
 31
0.0
  0
LINE
  5
945
330
1F
100
AcDbEntity
  8
SYSTEM_ANNOTATION
  6
CONTINUOUS
 62
     1
100
AcDbLine
 10
-207.315384801
 20
74.75
 30
0.0
 11
-207.315384801
 21
77.440681243
 31
0.0
  0
LINE
  5
946
330
1F
100
AcDbEntity
  8
SYSTEM_ANNOTATION
  6
CONTINUOUS
 62
     1
100
AcDbLine
 10
-207.315384801
 20
74.75
 30
0.0
 11
-207.551605273
 21
74.986220472
 31
0.0
  0
LINE
  5
947
330
1F
100
AcDbEntity
  8
SYSTEM_ANNOTATION
  6
CONTINUOUS
 62
     1
100
AcDbLine
 10
-207.551605273
 20
74.986220472
 30
0.0
 11
-207.079164328
 21
74.513779528
 31
0.0
  0
LINE
  5
948
330
1F
100
AcDbEntity
  8
SYSTEM_ANNOTATION
  6
CONTINUOUS
 62
     1
100
AcDbLine
 10
-207.079164328
 20
74.513779528
 30
0.0
 11
-207.315384801
 21
74.75
 31
0.0
  0
LINE
  5
949
330
1F
100
AcDbEntity
  8
SYSTEM_ANNOTATION
  6
CONTINUOUS
 62
     1
100
AcDbLine
 10
-207.315384801
 20
74.75
 30
0.0
 11
-207.315384801
 21
74.125
 31
0.0
  0
LINE
  5
94A
330
1F
100
AcDbEntity
  8
SYSTEM_ANNOTATION
  6
CONTINUOUS
 62
     1
100
AcDbLine
 10
-207.315384801
 20
74.125
 30
0.0
 11
-207.315384801
 21
74.125
 31
0.0
  0
LINE
  5
94B
330
1F
100
AcDbEntity
  8
SYSTEM_ANNOTATION
  6
CONTINUOUS
 62
     1
100
AcDbLine
 10
-207.315384801
 20
74.125
 30
0.0
 11
-207.551605273
 21
74.361220472
 31
0.0
  0
LINE
  5
94C
330
1F
100
AcDbEntity
  8
SYSTEM_ANNOTATION
  6
CONTINUOUS
 62
     1
100
AcDbLine
 10
-207.551605273
 20
74.361220472
 30
0.0
 11
-207.079164328
 21
73.888779528
 31
0.0
  0
LINE
  5
94D
330
1F
100
AcDbEntity
  8
SYSTEM_ANNOTATION
  6
CONTINUOUS
 62
     1
100
AcDbLine
 10
-207.079164328
 20
73.888779528
 30
0.0
 11
-207.315384801
 21
74.125
 31
0.0
  0
LINE
  5
94E
330
1F
100
AcDbEntity
  8
SYSTEM_ANNOTATION
  6
CONTINUOUS
 62
     1
100
AcDbLine
 10
-176.0
 20
74.125
 30
0.0
 11
-207.315384801
 21
74.125
 31
0.0
  0
MTEXT
  5
94F
330
1F
100
AcDbEntity
  8
SYSTEM_ANNOTATION
  6
CONTINUOUS
 62
     1
100
AcDbMText
 10
-102.932075517
 20
23.190555897
 30
0.0
 40
1.238613333
 41
0.0
 71
     7
 72
     1
  1
\A1;20-3{\H0.70x;\S1#2;}
  7
ARIAL
  0
LINE
  5
950
330
1F
100
AcDbEntity
  8
SYSTEM_ANNOTATION
  6
CONTINUOUS
 62
     1
100
AcDbLine
 10
-118.511427734
 20
23.0
 30
0.0
 11
-102.932075517
 21
23.0
 31
0.0
  0
LINE
  5
951
330
1F
100
AcDbEntity
  8
SYSTEM_ANNOTATION
  6
CONTINUOUS
 62
     1
100
AcDbLine
 10
-98.003817223
 20
23.0
 30
0.0
 11
-98.003817223
 21
23.0
 31
0.0
  0
LINE
  5
952
330
1F
100
AcDbEntity
  8
SYSTEM_ANNOTATION
  6
CONTINUOUS
 62
     1
100
AcDbLine
 10
-102.932075517
 20
23.0
 30
0.0
 11
-98.003817223
 21
23.0
 31
0.0
  0
MTEXT
  5
953
330
1F
100
AcDbEntity
  8
SYSTEM_ANNOTATION
  6
CONTINUOUS
 62
     1
100
AcDbMText
 10
-104.179224254
 20
42.190555897
 30
0.0
 40
1.238613333
 41
0.0
 71
     7
 72
     1
  1
\A1;22-0{\H0.70x;\S1#2;}
  7
ARIAL
  0
LINE
  5
954
330
1F
100
AcDbEntity
  8
SYSTEM_ANNOTATION
  6
CONTINUOUS
 62
     1
100
AcDbLine
 10
-118.511427734
 20
42.0
 30
0.0
 11
-104.179224254
 21
42.0
 31
0.0
  0
LINE
  5
955
330
1F
100
AcDbEntity
  8
SYSTEM_ANNOTATION
  6
CONTINUOUS
 62
     1
100
AcDbLine
 10
-99.25096596
 20
42.0
 30
0.0
 11
-99.25096596
 21
42.0
 31
0.0
  0
LINE
  5
956
330
1F
100
AcDbEntity
  8
SYSTEM_ANNOTATION
  6
CONTINUOUS
 62
     1
100
AcDbLine
 10
-104.179224254
 20
42.0
 30
0.0
 11
-99.25096596
 21
42.0
 31
0.0
  0
MTEXT
  5
957
330
1F
100
AcDbEntity
  8
SYSTEM_ANNOTATION
  6
CONTINUOUS
 62
     1
100
AcDbMText
 10
-245.44193662
 20
23.190555897
 30
0.0
 40
1.238613333
 41
0.0
 71
     7
 72
     1
  1
\A1;20-3{\H0.70x;\S1#2;}
  7
ARIAL
  0
LINE
  5
958
330
1F
100
AcDbEntity
  8
SYSTEM_ANNOTATION
  6
CONTINUOUS
 62
     1
100
AcDbLine
 10
-245.44193662
 20
23.0
 30
0.0
 11
-245.44193662
 21
23.0
 31
0.0
  0
LINE
  5
959
330
1F
100
AcDbEntity
  8
SYSTEM_ANNOTATION
  6
CONTINUOUS
 62
     1
100
AcDbLine
 10
-240.513678326
 20
23.0
 30
0.0
 11
-225.377786426
 21
23.0
 31
0.0
  0
LINE
  5
95A
330
1F
100
AcDbEntity
  8
SYSTEM_ANNOTATION
  6
CONTINUOUS
 62
     1
100
AcDbLine
 10
-245.44193662
 20
23.0
 30
0.0
 11
-240.513678326
 21
23.0
 31
0.0
  0
MTEXT
  5
95B
330
1F
100
AcDbEntity
  8
SYSTEM_ANNOTATION
  6
CONTINUOUS
 62
     1
100
AcDbMText
 10
-244.745838595
 20
42.190555897
 30
0.0
 40
1.238613333
 41
0.0
 71
     7
 72
     1
  1
\A1;22-0{\H0.70x;\S1#2;}
  7
ARIAL
  0
LINE
  5
95C
330
1F
100
AcDbEntity
  8
SYSTEM_ANNOTATION
  6
CONTINUOUS
 62
     1
100
AcDbLine
 10
-244.745838595
 20
42.0
 30
0.0
 11
-244.745838595
 21
42.0
 31
0.0
  0
LINE
  5
95D
330
1F
100
AcDbEntity
  8
SYSTEM_ANNOTATION
  6
CONTINUOUS
 62
     1
100
AcDbLine
 10
-239.817580301
 20
42.0
 30
0.0
 11
-225.377786426
 21
42.0
 31
0.0
  0
LINE
  5
95E
330
1F
100
AcDbEntity
  8
SYSTEM_ANNOTATION
  6
CONTINUOUS
 62
     1
100
AcDbLine
 10
-239.817580301
 20
42.0
 30
0.0
 11
-244.745838595
 21
42.0
 31
0.0
  0
MTEXT
  5
95F
330
1F
100
AcDbEntity
  8
SYSTEM_ANNOTATION
  6
CONTINUOUS
 62
     1
100
AcDbMText
 10
-202.493760898
 20
-1.460563233
 30
0.0
 40
1.238613333
 41
0.0
 71
     7
 72
     1
  1
\A1;1-4{\H0.70x;\S3#4;}
  7
ARIAL
 11
6.123031769111886E-17
 21
1.0
 31
0.0
  0
LINE
  5
960
330
1F
100
AcDbEntity
  8
SYSTEM_ANNOTATION
  6
CONTINUOUS
 62
     1
100
AcDbLine
 10
-186.0
 20
-6.62349988
 30
0.0
 11
-195.674481019
 21
-6.62349988
 31
0.0
  0
LINE
  5
961
330
1F
100
AcDbEntity
  8
SYSTEM_ANNOTATION
  6
CONTINUOUS
 62
     1
100
AcDbLine
 10
-200.602739314
 20
-6.62349988
 30
0.0
 11
-202.303205
 21
-6.62349988
 31
0.0
  0
LINE
  5
962
330
1F
100
AcDbEntity
  8
SYSTEM_ANNOTATION
  6
CONTINUOUS
 62
     1
100
AcDbLine
 10
-202.303205
 20
-6.62349988
 30
0.0
 11
-202.066984528
 21
-6.859720352
 31
0.0
  0
LINE
  5
963
330
1F
100
AcDbEntity
  8
SYSTEM_ANNOTATION
  6
CONTINUOUS
 62
     1
100
AcDbLine
 10
-202.066984528
 20
-6.859720352
 30
0.0
 11
-202.539425473
 21
-6.387279408
 31
0.0
  0
LINE
  5
964
330
1F
100
AcDbEntity
  8
SYSTEM_ANNOTATION
  6
CONTINUOUS
 62
     1
100
AcDbLine
 10
-202.539425473
 20
-6.387279408
 30
0.0
 11
-202.303205
 21
-6.62349988
 31
0.0
  0
LINE
  5
965
330
1F
100
AcDbEntity
  8
SYSTEM_ANNOTATION
  6
CONTINUOUS
 62
     1
100
AcDbLine
 10
-202.303205
 20
-6.62349988
 30
0.0
 11
-202.303205
 21
10.10400012
 31
0.0
  0
LINE
  5
966
330
1F
100
AcDbEntity
  8
SYSTEM_ANNOTATION
  6
CONTINUOUS
 62
     1
100
AcDbLine
 10
-202.303205
 20
10.10400012
 30
0.0
 11
-202.066984528
 21
9.867779648
 31
0.0
  0
LINE
  5
967
330
1F
100
AcDbEntity
  8
SYSTEM_ANNOTATION
  6
CONTINUOUS
 62
     1
100
AcDbLine
 10
-202.066984528
 20
9.867779648
 30
0.0
 11
-202.539425473
 21
10.340220592
 31
0.0
  0
LINE
  5
968
330
1F
100
AcDbEntity
  8
SYSTEM_ANNOTATION
  6
CONTINUOUS
 62
     1
100
AcDbLine
 10
-202.539425473
 20
10.340220592
 30
0.0
 11
-202.303205
 21
10.10400012
 31
0.0
  0
LINE
  5
969
330
1F
100
AcDbEntity
  8
SYSTEM_ANNOTATION
  6
CONTINUOUS
 62
     1
100
AcDbLine
 10
-186.0
 20
10.10400012
 30
0.0
 11
-202.303205
 21
10.10400012
 31
0.0
  0
MTEXT
  5
96A
330
1F
100
AcDbEntity
  8
SYSTEM_ANNOTATION
  6
CONTINUOUS
 62
     1
100
AcDbMText
 10
-195.694123465
 20
59.870741015
 30
0.0
 40
1.238613333
 41
0.0
 71
     7
 72
     1
  1
\A1;1-4{\H0.70x;\S3#4;}
  7
ARIAL
 11
6.123031769111886E-17
 21
1.0
 31
0.0
  0
LINE
  5
96B
330
1F
100
AcDbEntity
  8
SYSTEM_ANNOTATION
  6
CONTINUOUS
 62
     1
100
AcDbLine
 10
-186.0
 20
54.5625
 30
0.0
 11
-188.108868062
 21
54.5625
 31
0.0
  0
LINE
  5
96C
330
1F
100
AcDbEntity
  8
SYSTEM_ANNOTATION
  6
CONTINUOUS
 62
     1
100
AcDbLine
 10
-193.769037672
 20
54.5625
 30
0.0
 11
-195.503567567
 21
54.5625
 31
0.0
  0
LINE
  5
96D
330
1F
100
AcDbEntity
  8
SYSTEM_ANNOTATION
  6
CONTINUOUS
 62
     1
100
AcDbLine
 10
-195.503567567
 20
54.5625
 30
0.0
 11
-195.267347095
 21
54.326279528
 31
0.0
  0
LINE
  5
96E
330
1F
100
AcDbEntity
  8
SYSTEM_ANNOTATION
  6
CONTINUOUS
 62
     1
100
AcDbLine
 10
-195.267347095
 20
54.326279528
 30
0.0
 11
-195.73978804
 21
54.798720472
 31
0.0
  0
LINE
  5
96F
330
1F
100
AcDbEntity
  8
SYSTEM_ANNOTATION
  6
CONTINUOUS
 62
     1
100
AcDbLine
 10
-195.73978804
 20
54.798720472
 30
0.0
 11
-195.503567567
 21
54.5625
 31
0.0
  0
LINE
  5
970
330
1F
100
AcDbEntity
  8
SYSTEM_ANNOTATION
  6
CONTINUOUS
 62
     1
100
AcDbLine
 10
-195.503567567
 20
54.5625
 30
0.0
 11
-195.503567567
 21
71.29
 31
0.0
  0
LINE
  5
971
330
1F
100
AcDbEntity
  8
SYSTEM_ANNOTATION
  6
CONTINUOUS
 62
     1
100
AcDbLine
 10
-195.503567567
 20
71.29
 30
0.0
 11
-195.267347095
 21
71.053779528
 31
0.0
  0
LINE
  5
972
330
1F
100
AcDbEntity
  8
SYSTEM_ANNOTATION
  6
CONTINUOUS
 62
     1
100
AcDbLine
 10
-195.267347095
 20
71.053779528
 30
0.0
 11
-195.73978804
 21
71.526220472
 31
0.0
  0
LINE
  5
973
330
1F
100
AcDbEntity
  8
SYSTEM_ANNOTATION
  6
CONTINUOUS
 62
     1
100
AcDbLine
 10
-195.73978804
 20
71.526220472
 30
0.0
 11
-195.503567567
 21
71.29
 31
0.0
  0
LINE
  5
974
330
1F
100
AcDbEntity
  8
SYSTEM_ANNOTATION
  6
CONTINUOUS
 62
     1
100
AcDbLine
 10
-186.0
 20
71.29
 30
0.0
 11
-195.503567567
 21
71.29
 31
0.0
  0
MTEXT
  5
975
330
1F
100
AcDbEntity
  8
SYSTEM_ANNOTATION
  6
CONTINUOUS
 62
     1
100
AcDbMText
 10
-200.602739314
 20
-6.432943983
 30
0.0
 40
1.238613333
 41
0.0
 71
     7
 72
     1
  1
\A1;16-3{\H0.70x;\S7#8;}
  7
ARIAL
  0
LINE
  5
976
330
1F
100
AcDbEntity
  8
SYSTEM_ANNOTATION
  6
CONTINUOUS
 62
     1
100
AcDbLine
 10
-200.602739314
 20
-6.62349988
 30
0.0
 11
-200.602739314
 21
-6.62349988
 31
0.0
  0
LINE
  5
977
330
1F
100
AcDbEntity
  8
SYSTEM_ANNOTATION
  6
CONTINUOUS
 62
     1
100
AcDbLine
 10
-195.674481019
 20
-6.62349988
 30
0.0
 11
-186.0
 21
-6.62349988
 31
0.0
  0
LINE
  5
978
330
1F
100
AcDbEntity
  8
SYSTEM_ANNOTATION
  6
CONTINUOUS
 62
     1
100
AcDbLine
 10
-200.602739314
 20
-6.62349988
 30
0.0
 11
-195.674481019
 21
-6.62349988
 31
0.0
  0
MTEXT
  5
979
330
1F
100
AcDbEntity
  8
SYSTEM_ANNOTATION
  6
CONTINUOUS
 62
     1
100
AcDbMText
 10
-193.769037672
 20
54.753055897
 30
0.0
 40
1.238613333
 41
0.0
 71
     7
 72
     1
  1
\A1;31-4{\H0.70x;\S1#16;}
  7
ARIAL
  0
LINE
  5
97A
330
1F
100
AcDbEntity
  8
SYSTEM_ANNOTATION
  6
CONTINUOUS
 62
     1
100
AcDbLine
 10
-193.769037672
 20
54.5625
 30
0.0
 11
-193.769037672
 21
54.5625
 31
0.0
  0
LINE
  5
97B
330
1F
100
AcDbEntity
  8
SYSTEM_ANNOTATION
  6
CONTINUOUS
 62
     1
100
AcDbLine
 10
-188.108868062
 20
54.5625
 30
0.0
 11
-186.0
 21
54.5625
 31
0.0
  0
LINE
  5
97C
330
1F
100
AcDbEntity
  8
SYSTEM_ANNOTATION
  6
CONTINUOUS
 62
     1
100
AcDbLine
 10
-193.769037672
 20
54.5625
 30
0.0
 11
-188.108868062
 21
54.5625
 31
0.0
  0
MTEXT
  5
97D
330
1F
100
AcDbEntity
  8
SYSTEM_ANNOTATION
  6
CONTINUOUS
 62
     1
100
AcDbMText
 10
-147.046080766
 20
-0.507484277
 30
0.0
 40
1.238613333
 41
0.0
 71
     7
 72
     1
  1
\A1;1-4{\H0.70x;\S3#4;}
  7
ARIAL
 11
6.123031769111886E-17
 21
1.0
 31
0.0
  0
LINE
  5
97E
330
1F
100
AcDbEntity
  8
SYSTEM_ANNOTATION
  6
CONTINUOUS
 62
     1
100
AcDbLine
 10
-166.0
 20
-6.62349988
 30
0.0
 11
-154.896432402
 21
-6.62349988
 31
0.0
  0
LINE
  5
97F
330
1F
100
AcDbEntity
  8
SYSTEM_ANNOTATION
  6
CONTINUOUS
 62
     1
100
AcDbLine
 10
-149.968174108
 20
-6.62349988
 30
0.0
 11
-146.855524869
 21
-6.62349988
 31
0.0
  0
LINE
  5
980
330
1F
100
AcDbEntity
  8
SYSTEM_ANNOTATION
  6
CONTINUOUS
 62
     1
100
AcDbLine
 10
-146.855524869
 20
-6.62349988
 30
0.0
 11
-146.619304397
 21
-6.859720352
 31
0.0
  0
LINE
  5
981
330
1F
100
AcDbEntity
  8
SYSTEM_ANNOTATION
  6
CONTINUOUS
 62
     1
100
AcDbLine
 10
-146.619304397
 20
-6.859720352
 30
0.0
 11
-147.091745341
 21
-6.387279408
 31
0.0
  0
LINE
  5
982
330
1F
100
AcDbEntity
  8
SYSTEM_ANNOTATION
  6
CONTINUOUS
 62
     1
100
AcDbLine
 10
-147.091745341
 20
-6.387279408
 30
0.0
 11
-146.855524869
 21
-6.62349988
 31
0.0
  0
LINE
  5
983
330
1F
100
AcDbEntity
  8
SYSTEM_ANNOTATION
  6
CONTINUOUS
 62
     1
100
AcDbLine
 10
-146.855524869
 20
-6.62349988
 30
0.0
 11
-146.855524869
 21
10.10400012
 31
0.0
  0
LINE
  5
984
330
1F
100
AcDbEntity
  8
SYSTEM_ANNOTATION
  6
CONTINUOUS
 62
     1
100
AcDbLine
 10
-146.855524869
 20
10.10400012
 30
0.0
 11
-146.619304397
 21
9.867779648
 31
0.0
  0
LINE
  5
985
330
1F
100
AcDbEntity
  8
SYSTEM_ANNOTATION
  6
CONTINUOUS
 62
     1
100
AcDbLine
 10
-146.619304397
 20
9.867779648
 30
0.0
 11
-147.091745341
 21
10.340220592
 31
0.0
  0
LINE
  5
986
330
1F
100
AcDbEntity
  8
SYSTEM_ANNOTATION
  6
CONTINUOUS
 62
     1
100
AcDbLine
 10
-147.091745341
 20
10.340220592
 30
0.0
 11
-146.855524869
 21
10.10400012
 31
0.0
  0
LINE
  5
987
330
1F
100
AcDbEntity
  8
SYSTEM_ANNOTATION
  6
CONTINUOUS
 62
     1
100
AcDbLine
 10
-166.0
 20
10.10400012
 30
0.0
 11
-146.855524869
 21
10.10400012
 31
0.0
  0
MTEXT
  5
988
330
1F
100
AcDbEntity
  8
SYSTEM_ANNOTATION
  6
CONTINUOUS
 62
     1
100
AcDbMText
 10
-148.364378075
 20
60.407786986
 30
0.0
 40
1.238613333
 41
0.0
 71
     7
 72
     1
  1
\A1;1-4{\H0.70x;\S3#4;}
  7
ARIAL
 11
6.123031769111886E-17
 21
1.0
 31
0.0
  0
LINE
  5
989
330
1F
100
AcDbEntity
  8
SYSTEM_ANNOTATION
  6
CONTINUOUS
 62
     1
100
AcDbLine
 10
-166.0
 20
54.5625
 30
0.0
 11
-158.310874943
 21
54.5625
 31
0.0
  0
LINE
  5
98A
330
1F
100
AcDbEntity
  8
SYSTEM_ANNOTATION
  6
CONTINUOUS
 62
     1
100
AcDbLine
 10
-152.650705333
 20
54.5625
 30
0.0
 11
-148.173822177
 21
54.5625
 31
0.0
  0
LINE
  5
98B
330
1F
100
AcDbEntity
  8
SYSTEM_ANNOTATION
  6
CONTINUOUS
 62
     1
100
AcDbLine
 10
-148.173822177
 20
54.5625
 30
0.0
 11
-147.937601705
 21
54.326279528
 31
0.0
  0
LINE
  5
98C
330
1F
100
AcDbEntity
  8
SYSTEM_ANNOTATION
  6
CONTINUOUS
 62
     1
100
AcDbLine
 10
-147.937601705
 20
54.326279528
 30
0.0
 11
-148.41004265
 21
54.798720472
 31
0.0
  0
LINE
  5
98D
330
1F
100
AcDbEntity
  8
SYSTEM_ANNOTATION
  6
CONTINUOUS
 62
     1
100
AcDbLine
 10
-148.41004265
 20
54.798720472
 30
0.0
 11
-148.173822177
 21
54.5625
 31
0.0
  0
LINE
  5
98E
330
1F
100
AcDbEntity
  8
SYSTEM_ANNOTATION
  6
CONTINUOUS
 62
     1
100
AcDbLine
 10
-148.173822177
 20
54.5625
 30
0.0
 11
-148.173822177
 21
71.29
 31
0.0
  0
LINE
  5
98F
330
1F
100
AcDbEntity
  8
SYSTEM_ANNOTATION
  6
CONTINUOUS
 62
     1
100
AcDbLine
 10
-148.173822177
 20
71.29
 30
0.0
 11
-147.937601705
 21
71.053779528
 31
0.0
  0
LINE
  5
990
330
1F
100
AcDbEntity
  8
SYSTEM_ANNOTATION
  6
CONTINUOUS
 62
     1
100
AcDbLine
 10
-147.937601705
 20
71.053779528
 30
0.0
 11
-148.41004265
 21
71.526220472
 31
0.0
  0
LINE
  5
991
330
1F
100
AcDbEntity
  8
SYSTEM_ANNOTATION
  6
CONTINUOUS
 62
     1
100
AcDbLine
 10
-148.41004265
 20
71.526220472
 30
0.0
 11
-148.173822177
 21
71.29
 31
0.0
  0
LINE
  5
992
330
1F
100
AcDbEntity
  8
SYSTEM_ANNOTATION
  6
CONTINUOUS
 62
     1
100
AcDbLine
 10
-166.0
 20
71.29
 30
0.0
 11
-148.173822177
 21
71.29
 31
0.0
  0
MTEXT
  5
993
330
1F
100
AcDbEntity
  8
SYSTEM_ANNOTATION
  6
CONTINUOUS
 62
     1
100
AcDbMText
 10
-154.896432402
 20
-6.432943983
 30
0.0
 40
1.238613333
 41
0.0
 71
     7
 72
     1
  1
\A1;16-3{\H0.70x;\S7#8;}
  7
ARIAL
  0
LINE
  5
994
330
1F
100
AcDbEntity
  8
SYSTEM_ANNOTATION
  6
CONTINUOUS
 62
     1
100
AcDbLine
 10
-166.0
 20
-6.62349988
 30
0.0
 11
-154.896432402
 21
-6.62349988
 31
0.0
  0
LINE
  5
995
330
1F
100
AcDbEntity
  8
SYSTEM_ANNOTATION
  6
CONTINUOUS
 62
     1
100
AcDbLine
 10
-149.968174108
 20
-6.62349988
 30
0.0
 11
-149.968174108
 21
-6.62349988
 31
0.0
  0
LINE
  5
996
330
1F
100
AcDbEntity
  8
SYSTEM_ANNOTATION
  6
CONTINUOUS
 62
     1
100
AcDbLine
 10
-149.968174108
 20
-6.62349988
 30
0.0
 11
-154.896432402
 21
-6.62349988
 31
0.0
  0
MTEXT
  5
997
330
1F
100
AcDbEntity
  8
SYSTEM_ANNOTATION
  6
CONTINUOUS
 62
     1
100
AcDbMText
 10
-158.310874943
 20
54.753055897
 30
0.0
 40
1.238613333
 41
0.0
 71
     7
 72
     1
  1
\A1;31-4{\H0.70x;\S1#16;}
  7
ARIAL
  0
LINE
  5
998
330
1F
100
AcDbEntity
  8
SYSTEM_ANNOTATION
  6
CONTINUOUS
 62
     1
100
AcDbLine
 10
-166.0
 20
54.5625
 30
0.0
 11
-152.650705333
 21
54.5625
 31
0.0
  0
LINE
  5
999
330
1F
100
AcDbEntity
  8
SYSTEM_ANNOTATION
  6
CONTINUOUS
 62
     1
100
AcDbLine
 10
-152.650705333
 20
54.5625
 30
0.0
 11
-158.310874943
 21
54.5625
 31
0.0
  0
TEXT
  5
99A
330
1F
100
AcDbEntity
  8
SYSTEM_ANNOTATION
  6
CONTINUOUS
 62
     1
100
AcDbText
 10
-150.563186084
 20
-74.120514003
 30
0.0
 40
1.238613333
  1
1-9
 50
90.0
 41
0.8
  7
ARIAL
100
AcDbText
  0
LINE
  5
99B
330
1F
100
AcDbEntity
  8
SYSTEM_ANNOTATION
  6
CONTINUOUS
 62
     1
100
AcDbLine
 10
-188.5
 20
-62.875644362
 30
0.0
 11
-150.086796341
 21
-62.875644362
 31
0.0
  0
LINE
  5
99C
330
1F
100
AcDbEntity
  8
SYSTEM_ANNOTATION
  6
CONTINUOUS
 62
     1
100
AcDbLine
 10
-150.086796341
 20
-62.875644362
 30
0.0
 11
-150.323016813
 21
-62.63942389
 31
0.0
  0
LINE
  5
99D
330
1F
100
AcDbEntity
  8
SYSTEM_ANNOTATION
  6
CONTINUOUS
 62
     1
100
AcDbLine
 10
-150.323016813
 20
-62.63942389
 30
0.0
 11
-149.850575868
 21
-63.111864834
 31
0.0
  0
LINE
  5
99E
330
1F
100
AcDbEntity
  8
SYSTEM_ANNOTATION
  6
CONTINUOUS
 62
     1
100
AcDbLine
 10
-149.850575868
 20
-63.111864834
 30
0.0
 11
-150.086796341
 21
-62.875644362
 31
0.0
  0
LINE
  5
99F
330
1F
100
AcDbEntity
  8
SYSTEM_ANNOTATION
  6
CONTINUOUS
 62
     1
100
AcDbLine
 10
-150.086796341
 20
-62.875644362
 30
0.0
 11
-150.086796341
 21
-83.875644362
 31
0.0
  0
LINE
  5
9A0
330
1F
100
AcDbEntity
  8
SYSTEM_ANNOTATION
  6
CONTINUOUS
 62
     1
100
AcDbLine
 10
-150.086796341
 20
-83.875644362
 30
0.0
 11
-150.323016813
 21
-83.63942389
 31
0.0
  0
LINE
  5
9A1
330
1F
100
AcDbEntity
  8
SYSTEM_ANNOTATION
  6
CONTINUOUS
 62
     1
100
AcDbLine
 10
-150.323016813
 20
-83.63942389
 30
0.0
 11
-149.850575868
 21
-84.111864834
 31
0.0
  0
LINE
  5
9A2
330
1F
100
AcDbEntity
  8
SYSTEM_ANNOTATION
  6
CONTINUOUS
 62
     1
100
AcDbLine
 10
-149.850575868
 20
-84.111864834
 30
0.0
 11
-150.086796341
 21
-83.875644362
 31
0.0
  0
LINE
  5
9A3
330
1F
100
AcDbEntity
  8
SYSTEM_ANNOTATION
  6
CONTINUOUS
 62
     1
100
AcDbLine
 10
-188.5
 20
-83.875644362
 30
0.0
 11
-150.086796341
 21
-83.875644362
 31
0.0
  0
MTEXT
  5
9A4
330
1F
100
AcDbEntity
  8
SYSTEM_ANNOTATION
  6
CONTINUOUS
 62
     1
100
AcDbMText
 10
-154.514119159
 20
-69.794387524
 30
0.0
 40
1.238613333
 41
0.0
 71
     7
 72
     1
  1
\A1;10{\H0.70x;\S1#2;}
  7
ARIAL
 11
6.123031769111886E-17
 21
1.0
 31
0.0
  0
LINE
  5
9A5
330
1F
100
AcDbEntity
  8
SYSTEM_ANNOTATION
  6
CONTINUOUS
 62
     1
100
AcDbLine
 10
-188.5
 20
-62.875644362
 30
0.0
 11
-154.323563262
 21
-62.875644362
 31
0.0
  0
LINE
  5
9A6
330
1F
100
AcDbEntity
  8
SYSTEM_ANNOTATION
  6
CONTINUOUS
 62
     1
100
AcDbLine
 10
-154.323563262
 20
-62.875644362
 30
0.0
 11
-154.559783734
 21
-62.63942389
 31
0.0
  0
LINE
  5
9A7
330
1F
100
AcDbEntity
  8
SYSTEM_ANNOTATION
  6
CONTINUOUS
 62
     1
100
AcDbLine
 10
-154.559783734
 20
-62.63942389
 30
0.0
 11
-154.087342789
 21
-63.111864834
 31
0.0
  0
LINE
  5
9A8
330
1F
100
AcDbEntity
  8
SYSTEM_ANNOTATION
  6
CONTINUOUS
 62
     1
100
AcDbLine
 10
-154.087342789
 20
-63.111864834
 30
0.0
 11
-154.323563262
 21
-62.875644362
 31
0.0
  0
LINE
  5
9A9
330
1F
100
AcDbEntity
  8
SYSTEM_ANNOTATION
  6
CONTINUOUS
 62
     1
100
AcDbLine
 10
-154.323563262
 20
-62.875644362
 30
0.0
 11
-154.323563262
 21
-73.375644362
 31
0.0
  0
LINE
  5
9AA
330
1F
100
AcDbEntity
  8
SYSTEM_ANNOTATION
  6
CONTINUOUS
 62
     1
100
AcDbLine
 10
-154.323563262
 20
-73.375644362
 30
0.0
 11
-154.559783734
 21
-73.13942389
 31
0.0
  0
LINE
  5
9AB
330
1F
100
AcDbEntity
  8
SYSTEM_ANNOTATION
  6
CONTINUOUS
 62
     1
100
AcDbLine
 10
-154.559783734
 20
-73.13942389
 30
0.0
 11
-154.087342789
 21
-73.611864834
 31
0.0
  0
LINE
  5
9AC
330
1F
100
AcDbEntity
  8
SYSTEM_ANNOTATION
  6
CONTINUOUS
 62
     1
100
AcDbLine
 10
-154.087342789
 20
-73.611864834
 30
0.0
 11
-154.323563262
 21
-73.375644362
 31
0.0
  0
LINE
  5
9AD
330
1F
100
AcDbEntity
  8
SYSTEM_ANNOTATION
  6
CONTINUOUS
 62
     1
100
AcDbLine
 10
-188.5
 20
-73.375644362
 30
0.0
 11
-154.323563262
 21
-73.375644362
 31
0.0
  0
MTEXT
  5
9AE
330
1F
100
AcDbEntity
  8
SYSTEM_ANNOTATION
  6
CONTINUOUS
 62
     1
100
AcDbMText
 10
-154.514119159
 20
-80.401444993
 30
0.0
 40
1.238613333
 41
0.0
 71
     7
 72
     1
  1
\A1;10{\H0.70x;\S1#2;}
  7
ARIAL
 11
6.123031769111886E-17
 21
1.0
 31
0.0
  0
LINE
  5
9AF
330
1F
100
AcDbEntity
  8
SYSTEM_ANNOTATION
  6
CONTINUOUS
 62
     1
100
AcDbLine
 10
-188.5
 20
-83.875644362
 30
0.0
 11
-154.323563262
 21
-83.875644362
 31
0.0
  0
LINE
  5
9B0
330
1F
100
AcDbEntity
  8
SYSTEM_ANNOTATION
  6
CONTINUOUS
 62
     1
100
AcDbLine
 10
-154.323563262
 20
-83.875644362
 30
0.0
 11
-154.087342789
 21
-84.111864834
 31
0.0
  0
LINE
  5
9B1
330
1F
100
AcDbEntity
  8
SYSTEM_ANNOTATION
  6
CONTINUOUS
 62
     1
100
AcDbLine
 10
-154.087342789
 20
-84.111864834
 30
0.0
 11
-154.559783734
 21
-83.63942389
 31
0.0
  0
LINE
  5
9B2
330
1F
100
AcDbEntity
  8
SYSTEM_ANNOTATION
  6
CONTINUOUS
 62
     1
100
AcDbLine
 10
-154.559783734
 20
-83.63942389
 30
0.0
 11
-154.323563262
 21
-83.875644362
 31
0.0
  0
LINE
  5
9B3
330
1F
100
AcDbEntity
  8
SYSTEM_ANNOTATION
  6
CONTINUOUS
 62
     1
100
AcDbLine
 10
-154.323563262
 20
-83.875644362
 30
0.0
 11
-154.323563262
 21
-73.375644362
 31
0.0
  0
LINE
  5
9B4
330
1F
100
AcDbEntity
  8
SYSTEM_ANNOTATION
  6
CONTINUOUS
 62
     1
100
AcDbLine
 10
-154.323563262
 20
-73.375644362
 30
0.0
 11
-154.087342789
 21
-73.611864834
 31
0.0
  0
LINE
  5
9B5
330
1F
100
AcDbEntity
  8
SYSTEM_ANNOTATION
  6
CONTINUOUS
 62
     1
100
AcDbLine
 10
-154.087342789
 20
-73.611864834
 30
0.0
 11
-154.559783734
 21
-73.13942389
 31
0.0
  0
LINE
  5
9B6
330
1F
100
AcDbEntity
  8
SYSTEM_ANNOTATION
  6
CONTINUOUS
 62
     1
100
AcDbLine
 10
-154.559783734
 20
-73.13942389
 30
0.0
 11
-154.323563262
 21
-73.375644362
 31
0.0
  0
LINE
  5
9B7
330
1F
100
AcDbEntity
  8
SYSTEM_ANNOTATION
  6
CONTINUOUS
 62
     1
100
AcDbLine
 10
-188.5
 20
-73.375644362
 30
0.0
 11
-154.323563262
 21
-73.375644362
 31
0.0
  0
TEXT
  5
9B8
330
1F
100
AcDbEntity
  8
SYSTEM_ANNOTATION
  6
CONTINUOUS
 62
     1
100
AcDbText
 10
-176.300041746
 20
-49.348937459
 30
0.0
 40
1.238613333
  1
2-1
 41
0.8
  7
ARIAL
100
AcDbText
  0
LINE
  5
9B9
330
1F
100
AcDbEntity
  8
SYSTEM_ANNOTATION
  6
CONTINUOUS
 62
     1
100
AcDbLine
 10
-188.5
 20
-83.875644362
 30
0.0
 11
-188.5
 21
-49.825327203
 31
0.0
  0
LINE
  5
9BA
330
1F
100
AcDbEntity
  8
SYSTEM_ANNOTATION
  6
CONTINUOUS
 62
     1
100
AcDbLine
 10
-188.5
 20
-49.825327203
 30
0.0
 11
-188.736220472
 21
-50.061547675
 31
0.0
  0
LINE
  5
9BB
330
1F
100
AcDbEntity
  8
SYSTEM_ANNOTATION
  6
CONTINUOUS
 62
     1
100
AcDbLine
 10
-188.736220472
 20
-50.061547675
 30
0.0
 11
-188.263779528
 21
-49.58910673
 31
0.0
  0
LINE
  5
9BC
330
1F
100
AcDbEntity
  8
SYSTEM_ANNOTATION
  6
CONTINUOUS
 62
     1
100
AcDbLine
 10
-188.263779528
 20
-49.58910673
 30
0.0
 11
-188.5
 21
-49.825327203
 31
0.0
  0
LINE
  5
9BD
330
1F
100
AcDbEntity
  8
SYSTEM_ANNOTATION
  6
CONTINUOUS
 62
     1
100
AcDbLine
 10
-188.5
 20
-49.825327203
 30
0.0
 11
-163.5
 21
-49.825327203
 31
0.0
  0
LINE
  5
9BE
330
1F
100
AcDbEntity
  8
SYSTEM_ANNOTATION
  6
CONTINUOUS
 62
     1
100
AcDbLine
 10
-163.5
 20
-49.825327203
 30
0.0
 11
-163.736220472
 21
-50.061547675
 31
0.0
  0
LINE
  5
9BF
330
1F
100
AcDbEntity
  8
SYSTEM_ANNOTATION
  6
CONTINUOUS
 62
     1
100
AcDbLine
 10
-163.736220472
 20
-50.061547675
 30
0.0
 11
-163.263779528
 21
-49.58910673
 31
0.0
  0
LINE
  5
9C0
330
1F
100
AcDbEntity
  8
SYSTEM_ANNOTATION
  6
CONTINUOUS
 62
     1
100
AcDbLine
 10
-163.263779528
 20
-49.58910673
 30
0.0
 11
-163.5
 21
-49.825327203
 31
0.0
  0
LINE
  5
9C1
330
1F
100
AcDbEntity
  8
SYSTEM_ANNOTATION
  6
CONTINUOUS
 62
     1
100
AcDbLine
 10
-163.5
 20
-83.875644362
 30
0.0
 11
-163.5
 21
-49.825327203
 31
0.0
  0
MTEXT
  5
9C2
330
1F
100
AcDbEntity
  8
SYSTEM_ANNOTATION
  6
CONTINUOUS
 62
     1
100
AcDbMText
 10
-184.791124858
 20
-56.949671175
 30
0.0
 40
1.238613333
 41
0.0
 71
     7
 72
     1
  1
\A1;1-0{\H0.70x;\S1#2;}
  7
ARIAL
  0
LINE
  5
9C3
330
1F
100
AcDbEntity
  8
SYSTEM_ANNOTATION
  6
CONTINUOUS
 62
     1
100
AcDbLine
 10
-188.5
 20
-83.875644362
 30
0.0
 11
-188.5
 21
-57.140227072
 31
0.0
  0
LINE
  5
9C4
330
1F
100
AcDbEntity
  8
SYSTEM_ANNOTATION
  6
CONTINUOUS
 62
     1
100
AcDbLine
 10
-188.5
 20
-57.140227072
 30
0.0
 11
-188.736220472
 21
-57.376447545
 31
0.0
  0
LINE
  5
9C5
330
1F
100
AcDbEntity
  8
SYSTEM_ANNOTATION
  6
CONTINUOUS
 62
     1
100
AcDbLine
 10
-188.736220472
 20
-57.376447545
 30
0.0
 11
-188.263779528
 21
-56.9040066
 31
0.0
  0
LINE
  5
9C6
330
1F
100
AcDbEntity
  8
SYSTEM_ANNOTATION
  6
CONTINUOUS
 62
     1
100
AcDbLine
 10
-188.263779528
 20
-56.9040066
 30
0.0
 11
-188.5
 21
-57.140227072
 31
0.0
  0
LINE
  5
9C7
330
1F
100
AcDbEntity
  8
SYSTEM_ANNOTATION
  6
CONTINUOUS
 62
     1
100
AcDbLine
 10
-188.5
 20
-57.140227072
 30
0.0
 11
-176.0
 21
-57.140227072
 31
0.0
  0
LINE
  5
9C8
330
1F
100
AcDbEntity
  8
SYSTEM_ANNOTATION
  6
CONTINUOUS
 62
     1
100
AcDbLine
 10
-176.0
 20
-57.140227072
 30
0.0
 11
-176.236220472
 21
-57.376447545
 31
0.0
  0
LINE
  5
9C9
330
1F
100
AcDbEntity
  8
SYSTEM_ANNOTATION
  6
CONTINUOUS
 62
     1
100
AcDbLine
 10
-176.236220472
 20
-57.376447545
 30
0.0
 11
-175.763779528
 21
-56.9040066
 31
0.0
  0
LINE
  5
9CA
330
1F
100
AcDbEntity
  8
SYSTEM_ANNOTATION
  6
CONTINUOUS
 62
     1
100
AcDbLine
 10
-175.763779528
 20
-56.9040066
 30
0.0
 11
-176.0
 21
-57.140227072
 31
0.0
  0
LINE
  5
9CB
330
1F
100
AcDbEntity
  8
SYSTEM_ANNOTATION
  6
CONTINUOUS
 62
     1
100
AcDbLine
 10
-176.0
 20
-73.375644362
 30
0.0
 11
-176.0
 21
-57.140227072
 31
0.0
  0
MTEXT
  5
9CC
330
1F
100
AcDbEntity
  8
SYSTEM_ANNOTATION
  6
CONTINUOUS
 62
     1
100
AcDbMText
 10
-171.43536629
 20
-56.949671175
 30
0.0
 40
1.238613333
 41
0.0
 71
     7
 72
     1
  1
\A1;1-0{\H0.70x;\S1#2;}
  7
ARIAL
  0
LINE
  5
9CD
330
1F
100
AcDbEntity
  8
SYSTEM_ANNOTATION
  6
CONTINUOUS
 62
     1
100
AcDbLine
 10
-163.5
 20
-83.875644362
 30
0.0
 11
-163.5
 21
-57.140227072
 31
0.0
  0
LINE
  5
9CE
330
1F
100
AcDbEntity
  8
SYSTEM_ANNOTATION
  6
CONTINUOUS
 62
     1
100
AcDbLine
 10
-163.5
 20
-57.140227072
 30
0.0
 11
-163.263779528
 21
-56.9040066
 31
0.0
  0
LINE
  5
9CF
330
1F
100
AcDbEntity
  8
SYSTEM_ANNOTATION
  6
CONTINUOUS
 62
     1
100
AcDbLine
 10
-163.263779528
 20
-56.9040066
 30
0.0
 11
-163.736220472
 21
-57.376447545
 31
0.0
  0
LINE
  5
9D0
330
1F
100
AcDbEntity
  8
SYSTEM_ANNOTATION
  6
CONTINUOUS
 62
     1
100
AcDbLine
 10
-163.736220472
 20
-57.376447545
 30
0.0
 11
-163.5
 21
-57.140227072
 31
0.0
  0
LINE
  5
9D1
330
1F
100
AcDbEntity
  8
SYSTEM_ANNOTATION
  6
CONTINUOUS
 62
     1
100
AcDbLine
 10
-163.5
 20
-57.140227072
 30
0.0
 11
-176.0
 21
-57.140227072
 31
0.0
  0
LINE
  5
9D2
330
1F
100
AcDbEntity
  8
SYSTEM_ANNOTATION
  6
CONTINUOUS
 62
     1
100
AcDbLine
 10
-176.0
 20
-57.140227072
 30
0.0
 11
-175.763779528
 21
-56.9040066
 31
0.0
  0
LINE
  5
9D3
330
1F
100
AcDbEntity
  8
SYSTEM_ANNOTATION
  6
CONTINUOUS
 62
     1
100
AcDbLine
 10
-175.763779528
 20
-56.9040066
 30
0.0
 11
-176.236220472
 21
-57.376447545
 31
0.0
  0
LINE
  5
9D4
330
1F
100
AcDbEntity
  8
SYSTEM_ANNOTATION
  6
CONTINUOUS
 62
     1
100
AcDbLine
 10
-176.236220472
 20
-57.376447545
 30
0.0
 11
-176.0
 21
-57.140227072
 31
0.0
  0
LINE
  5
9D5
330
1F
100
AcDbEntity
  8
SYSTEM_ANNOTATION
  6
CONTINUOUS
 62
     1
100
AcDbLine
 10
-176.0
 20
-73.375644362
 30
0.0
 11
-176.0
 21
-57.140227072
 31
0.0
  0
TEXT
  5
9D6
330
1F
100
AcDbEntity
  8
SYSTEM_ANNOTATION
  6
CONTINUOUS
 62
     1
100
AcDbText
 10
-199.276389744
 20
-73.80618043
 30
0.0
 40
1.238613333
  1
6
 50
90.0
 41
0.8
  7
ARIAL
100
AcDbText
  0
LINE
  5
9D7
330
1F
100
AcDbEntity
  8
SYSTEM_ANNOTATION
  6
CONTINUOUS
 62
     1
100
AcDbLine
 10
-173.0
 20
-76.375644362
 30
0.0
 11
-198.8
 21
-76.375644362
 31
0.0
  0
LINE
  5
9D8
330
1F
100
AcDbEntity
  8
SYSTEM_ANNOTATION
  6
CONTINUOUS
 62
     1
100
AcDbLine
 10
-198.8
 20
-76.375644362
 30
0.0
 11
-198.563779528
 21
-76.611864834
 31
0.0
  0
LINE
  5
9D9
330
1F
100
AcDbEntity
  8
SYSTEM_ANNOTATION
  6
CONTINUOUS
 62
     1
100
AcDbLine
 10
-198.563779528
 20
-76.611864834
 30
0.0
 11
-199.036220472
 21
-76.13942389
 31
0.0
  0
LINE
  5
9DA
330
1F
100
AcDbEntity
  8
SYSTEM_ANNOTATION
  6
CONTINUOUS
 62
     1
100
AcDbLine
 10
-199.036220472
 20
-76.13942389
 30
0.0
 11
-198.8
 21
-76.375644362
 31
0.0
  0
LINE
  5
9DB
330
1F
100
AcDbEntity
  8
SYSTEM_ANNOTATION
  6
CONTINUOUS
 62
     1
100
AcDbLine
 10
-198.8
 20
-76.375644362
 30
0.0
 11
-198.8
 21
-70.375644362
 31
0.0
  0
LINE
  5
9DC
330
1F
100
AcDbEntity
  8
SYSTEM_ANNOTATION
  6
CONTINUOUS
 62
     1
100
AcDbLine
 10
-198.8
 20
-70.375644362
 30
0.0
 11
-198.563779528
 21
-70.611864834
 31
0.0
  0
LINE
  5
9DD
330
1F
100
AcDbEntity
  8
SYSTEM_ANNOTATION
  6
CONTINUOUS
 62
     1
100
AcDbLine
 10
-198.563779528
 20
-70.611864834
 30
0.0
 11
-199.036220472
 21
-70.13942389
 31
0.0
  0
LINE
  5
9DE
330
1F
100
AcDbEntity
  8
SYSTEM_ANNOTATION
  6
CONTINUOUS
 62
     1
100
AcDbLine
 10
-199.036220472
 20
-70.13942389
 30
0.0
 11
-198.8
 21
-70.375644362
 31
0.0
  0
LINE
  5
9DF
330
1F
100
AcDbEntity
  8
SYSTEM_ANNOTATION
  6
CONTINUOUS
 62
     1
100
AcDbLine
 10
-179.0
 20
-70.375644362
 30
0.0
 11
-198.8
 21
-70.375644362
 31
0.0
  0
TEXT
  5
9E0
330
1F
100
AcDbEntity
  8
SYSTEM_ANNOTATION
  6
CONTINUOUS
 62
     1
100
AcDbText
 10
-195.476389744
 20
-75.30618043
 30
0.0
 40
1.238613333
  1
3
 50
90.0
 41
0.8
  7
ARIAL
100
AcDbText
  0
LINE
  5
9E1
330
1F
100
AcDbEntity
  8
SYSTEM_ANNOTATION
  6
CONTINUOUS
 62
     1
100
AcDbLine
 10
-173.0
 20
-76.375644362
 30
0.0
 11
-195.0
 21
-76.375644362
 31
0.0
  0
LINE
  5
9E2
330
1F
100
AcDbEntity
  8
SYSTEM_ANNOTATION
  6
CONTINUOUS
 62
     1
100
AcDbLine
 10
-195.0
 20
-76.375644362
 30
0.0
 11
-194.763779528
 21
-76.611864834
 31
0.0
  0
LINE
  5
9E3
330
1F
100
AcDbEntity
  8
SYSTEM_ANNOTATION
  6
CONTINUOUS
 62
     1
100
AcDbLine
 10
-194.763779528
 20
-76.611864834
 30
0.0
 11
-195.236220472
 21
-76.13942389
 31
0.0
  0
LINE
  5
9E4
330
1F
100
AcDbEntity
  8
SYSTEM_ANNOTATION
  6
CONTINUOUS
 62
     1
100
AcDbLine
 10
-195.236220472
 20
-76.13942389
 30
0.0
 11
-195.0
 21
-76.375644362
 31
0.0
  0
LINE
  5
9E5
330
1F
100
AcDbEntity
  8
SYSTEM_ANNOTATION
  6
CONTINUOUS
 62
     1
100
AcDbLine
 10
-195.0
 20
-76.375644362
 30
0.0
 11
-195.0
 21
-73.375644362
 31
0.0
  0
LINE
  5
9E6
330
1F
100
AcDbEntity
  8
SYSTEM_ANNOTATION
  6
CONTINUOUS
 62
     1
100
AcDbLine
 10
-195.0
 20
-73.375644362
 30
0.0
 11
-194.763779528
 21
-73.611864834
 31
0.0
  0
LINE
  5
9E7
330
1F
100
AcDbEntity
  8
SYSTEM_ANNOTATION
  6
CONTINUOUS
 62
     1
100
AcDbLine
 10
-194.763779528
 20
-73.611864834
 30
0.0
 11
-195.236220472
 21
-73.13942389
 31
0.0
  0
LINE
  5
9E8
330
1F
100
AcDbEntity
  8
SYSTEM_ANNOTATION
  6
CONTINUOUS
 62
     1
100
AcDbLine
 10
-195.236220472
 20
-73.13942389
 30
0.0
 11
-195.0
 21
-73.375644362
 31
0.0
  0
LINE
  5
9E9
330
1F
100
AcDbEntity
  8
SYSTEM_ANNOTATION
  6
CONTINUOUS
 62
     1
100
AcDbLine
 10
-176.0
 20
-73.375644362
 30
0.0
 11
-195.0
 21
-73.375644362
 31
0.0
  0
TEXT
  5
9EA
330
1F
100
AcDbEntity
  8
SYSTEM_ANNOTATION
  6
CONTINUOUS
 62
     1
100
AcDbText
 10
-195.476389744
 20
-72.30618043
 30
0.0
 40
1.238613333
  1
3
 50
90.0
 41
0.8
  7
ARIAL
100
AcDbText
  0
LINE
  5
9EB
330
1F
100
AcDbEntity
  8
SYSTEM_ANNOTATION
  6
CONTINUOUS
 62
     1
100
AcDbLine
 10
-179.0
 20
-70.375644362
 30
0.0
 11
-195.0
 21
-70.375644362
 31
0.0
  0
LINE
  5
9EC
330
1F
100
AcDbEntity
  8
SYSTEM_ANNOTATION
  6
CONTINUOUS
 62
     1
100
AcDbLine
 10
-195.0
 20
-70.375644362
 30
0.0
 11
-195.236220472
 21
-70.13942389
 31
0.0
  0
LINE
  5
9ED
330
1F
100
AcDbEntity
  8
SYSTEM_ANNOTATION
  6
CONTINUOUS
 62
     1
100
AcDbLine
 10
-195.236220472
 20
-70.13942389
 30
0.0
 11
-194.763779528
 21
-70.611864834
 31
0.0
  0
LINE
  5
9EE
330
1F
100
AcDbEntity
  8
SYSTEM_ANNOTATION
  6
CONTINUOUS
 62
     1
100
AcDbLine
 10
-194.763779528
 20
-70.611864834
 30
0.0
 11
-195.0
 21
-70.375644362
 31
0.0
  0
LINE
  5
9EF
330
1F
100
AcDbEntity
  8
SYSTEM_ANNOTATION
  6
CONTINUOUS
 62
     1
100
AcDbLine
 10
-195.0
 20
-70.375644362
 30
0.0
 11
-195.0
 21
-73.375644362
 31
0.0
  0
LINE
  5
9F0
330
1F
100
AcDbEntity
  8
SYSTEM_ANNOTATION
  6
CONTINUOUS
 62
     1
100
AcDbLine
 10
-195.0
 20
-73.375644362
 30
0.0
 11
-195.236220472
 21
-73.13942389
 31
0.0
  0
LINE
  5
9F1
330
1F
100
AcDbEntity
  8
SYSTEM_ANNOTATION
  6
CONTINUOUS
 62
     1
100
AcDbLine
 10
-195.236220472
 20
-73.13942389
 30
0.0
 11
-194.763779528
 21
-73.611864834
 31
0.0
  0
LINE
  5
9F2
330
1F
100
AcDbEntity
  8
SYSTEM_ANNOTATION
  6
CONTINUOUS
 62
     1
100
AcDbLine
 10
-194.763779528
 20
-73.611864834
 30
0.0
 11
-195.0
 21
-73.375644362
 31
0.0
  0
LINE
  5
9F3
330
1F
100
AcDbEntity
  8
SYSTEM_ANNOTATION
  6
CONTINUOUS
 62
     1
100
AcDbLine
 10
-176.0
 20
-73.375644362
 30
0.0
 11
-195.0
 21
-73.375644362
 31
0.0
  0
TEXT
  5
9F4
330
1F
100
AcDbEntity
  8
SYSTEM_ANNOTATION
  6
CONTINUOUS
 62
     1
100
AcDbText
 10
-176.526801541
 20
-99.478681668
 30
0.0
 40
1.238613333
  1
6
 41
0.8
  7
ARIAL
100
AcDbText
  0
LINE
  5
9F5
330
1F
100
AcDbEntity
  8
SYSTEM_ANNOTATION
  6
CONTINUOUS
 62
     1
100
AcDbLine
 10
-173.0
 20
-76.375644362
 30
0.0
 11
-173.0
 21
-99.955071411
 31
0.0
  0
LINE
  5
9F6
330
1F
100
AcDbEntity
  8
SYSTEM_ANNOTATION
  6
CONTINUOUS
 62
     1
100
AcDbLine
 10
-173.0
 20
-99.955071411
 30
0.0
 11
-172.763779528
 21
-99.718850939
 31
0.0
  0
LINE
  5
9F7
330
1F
100
AcDbEntity
  8
SYSTEM_ANNOTATION
  6
CONTINUOUS
 62
     1
100
AcDbLine
 10
-172.763779528
 20
-99.718850939
 30
0.0
 11
-173.236220472
 21
-100.191291884
 31
0.0
  0
LINE
  5
9F8
330
1F
100
AcDbEntity
  8
SYSTEM_ANNOTATION
  6
CONTINUOUS
 62
     1
100
AcDbLine
 10
-173.236220472
 20
-100.191291884
 30
0.0
 11
-173.0
 21
-99.955071411
 31
0.0
  0
LINE
  5
9F9
330
1F
100
AcDbEntity
  8
SYSTEM_ANNOTATION
  6
CONTINUOUS
 62
     1
100
AcDbLine
 10
-173.0
 20
-99.955071411
 30
0.0
 11
-179.0
 21
-99.955071411
 31
0.0
  0
LINE
  5
9FA
330
1F
100
AcDbEntity
  8
SYSTEM_ANNOTATION
  6
CONTINUOUS
 62
     1
100
AcDbLine
 10
-179.0
 20
-99.955071411
 30
0.0
 11
-178.763779528
 21
-99.718850939
 31
0.0
  0
LINE
  5
9FB
330
1F
100
AcDbEntity
  8
SYSTEM_ANNOTATION
  6
CONTINUOUS
 62
     1
100
AcDbLine
 10
-178.763779528
 20
-99.718850939
 30
0.0
 11
-179.236220472
 21
-100.191291884
 31
0.0
  0
LINE
  5
9FC
330
1F
100
AcDbEntity
  8
SYSTEM_ANNOTATION
  6
CONTINUOUS
 62
     1
100
AcDbLine
 10
-179.236220472
 20
-100.191291884
 30
0.0
 11
-179.0
 21
-99.955071411
 31
0.0
  0
LINE
  5
9FD
330
1F
100
AcDbEntity
  8
SYSTEM_ANNOTATION
  6
CONTINUOUS
 62
     1
100
AcDbLine
 10
-179.0
 20
-70.375644362
 30
0.0
 11
-179.0
 21
-99.955071411
 31
0.0
  0
TEXT
  5
9FE
330
1F
100
AcDbEntity
  8
SYSTEM_ANNOTATION
  6
CONTINUOUS
 62
     1
100
AcDbText
 10
-175.156104865
 20
-91.016735295
 30
0.0
 40
1.238613333
  1
3
 41
0.8
  7
ARIAL
100
AcDbText
  0
LINE
  5
9FF
330
1F
100
AcDbEntity
  8
SYSTEM_ANNOTATION
  6
CONTINUOUS
 62
     1
100
AcDbLine
 10
-173.0
 20
-76.375644362
 30
0.0
 11
-173.0
 21
-91.493125038
 31
0.0
  0
LINE
  5
A00
330
1F
100
AcDbEntity
  8
SYSTEM_ANNOTATION
  6
CONTINUOUS
 62
     1
100
AcDbLine
 10
-173.0
 20
-91.493125038
 30
0.0
 11
-172.763779528
 21
-91.256904566
 31
0.0
  0
LINE
  5
A01
330
1F
100
AcDbEntity
  8
SYSTEM_ANNOTATION
  6
CONTINUOUS
 62
     1
100
AcDbLine
 10
-172.763779528
 20
-91.256904566
 30
0.0
 11
-173.236220472
 21
-91.729345511
 31
0.0
  0
LINE
  5
A02
330
1F
100
AcDbEntity
  8
SYSTEM_ANNOTATION
  6
CONTINUOUS
 62
     1
100
AcDbLine
 10
-173.236220472
 20
-91.729345511
 30
0.0
 11
-173.0
 21
-91.493125038
 31
0.0
  0
LINE
  5
A03
330
1F
100
AcDbEntity
  8
SYSTEM_ANNOTATION
  6
CONTINUOUS
 62
     1
100
AcDbLine
 10
-173.0
 20
-91.493125038
 30
0.0
 11
-176.0
 21
-91.493125038
 31
0.0
  0
LINE
  5
A04
330
1F
100
AcDbEntity
  8
SYSTEM_ANNOTATION
  6
CONTINUOUS
 62
     1
100
AcDbLine
 10
-176.0
 20
-91.493125038
 30
0.0
 11
-175.763779528
 21
-91.256904566
 31
0.0
  0
LINE
  5
A05
330
1F
100
AcDbEntity
  8
SYSTEM_ANNOTATION
  6
CONTINUOUS
 62
     1
100
AcDbLine
 10
-175.763779528
 20
-91.256904566
 30
0.0
 11
-176.236220472
 21
-91.729345511
 31
0.0
  0
LINE
  5
A06
330
1F
100
AcDbEntity
  8
SYSTEM_ANNOTATION
  6
CONTINUOUS
 62
     1
100
AcDbLine
 10
-176.236220472
 20
-91.729345511
 30
0.0
 11
-176.0
 21
-91.493125038
 31
0.0
  0
LINE
  5
A07
330
1F
100
AcDbEntity
  8
SYSTEM_ANNOTATION
  6
CONTINUOUS
 62
     1
100
AcDbLine
 10
-176.0
 20
-73.375644362
 30
0.0
 11
-176.0
 21
-91.493125038
 31
0.0
  0
TEXT
  5
A08
330
1F
100
AcDbEntity
  8
SYSTEM_ANNOTATION
  6
CONTINUOUS
 62
     1
100
AcDbText
 10
-177.73556015
 20
-91.016735295
 30
0.0
 40
1.238613333
  1
3
 41
0.8
  7
ARIAL
100
AcDbText
  0
LINE
  5
A09
330
1F
100
AcDbEntity
  8
SYSTEM_ANNOTATION
  6
CONTINUOUS
 62
     1
100
AcDbLine
 10
-179.0
 20
-70.375644362
 30
0.0
 11
-179.0
 21
-91.493125038
 31
0.0
  0
LINE
  5
A0A
330
1F
100
AcDbEntity
  8
SYSTEM_ANNOTATION
  6
CONTINUOUS
 62
     1
100
AcDbLine
 10
-179.0
 20
-91.493125038
 30
0.0
 11
-179.236220472
 21
-91.729345511
 31
0.0
  0
LINE
  5
A0B
330
1F
100
AcDbEntity
  8
SYSTEM_ANNOTATION
  6
CONTINUOUS
 62
     1
100
AcDbLine
 10
-179.236220472
 20
-91.729345511
 30
0.0
 11
-178.763779528
 21
-91.256904566
 31
0.0
  0
LINE
  5
A0C
330
1F
100
AcDbEntity
  8
SYSTEM_ANNOTATION
  6
CONTINUOUS
 62
     1
100
AcDbLine
 10
-178.763779528
 20
-91.256904566
 30
0.0
 11
-179.0
 21
-91.493125038
 31
0.0
  0
LINE
  5
A0D
330
1F
100
AcDbEntity
  8
SYSTEM_ANNOTATION
  6
CONTINUOUS
 62
     1
100
AcDbLine
 10
-179.0
 20
-91.493125038
 30
0.0
 11
-176.0
 21
-91.493125038
 31
0.0
  0
LINE
  5
A0E
330
1F
100
AcDbEntity
  8
SYSTEM_ANNOTATION
  6
CONTINUOUS
 62
     1
100
AcDbLine
 10
-176.0
 20
-91.493125038
 30
0.0
 11
-176.236220472
 21
-91.729345511
 31
0.0
  0
LINE
  5
A0F
330
1F
100
AcDbEntity
  8
SYSTEM_ANNOTATION
  6
CONTINUOUS
 62
     1
100
AcDbLine
 10
-176.236220472
 20
-91.729345511
 30
0.0
 11
-175.763779528
 21
-91.256904566
 31
0.0
  0
LINE
  5
A10
330
1F
100
AcDbEntity
  8
SYSTEM_ANNOTATION
  6
CONTINUOUS
 62
     1
100
AcDbLine
 10
-175.763779528
 20
-91.256904566
 30
0.0
 11
-176.0
 21
-91.493125038
 31
0.0
  0
LINE
  5
A11
330
1F
100
AcDbEntity
  8
SYSTEM_ANNOTATION
  6
CONTINUOUS
 62
     1
100
AcDbLine
 10
-176.0
 20
-73.375644362
 30
0.0
 11
-176.0
 21
-91.493125038
 31
0.0
  0
TEXT
  5
A12
330
1F
100
AcDbEntity
  8
SYSTEM_ANNOTATION
  6
CONTINUOUS
 62
     1
100
AcDbText
 10
-173.009524966
 20
21.476389744
 30
0.0
 40
1.238613333
  1
10
 41
0.8
  7
ARIAL
100
AcDbText
  0
LINE
  5
A13
330
1F
100
AcDbEntity
  8
SYSTEM_ANNOTATION
  6
CONTINUOUS
 62
     1
100
AcDbLine
 10
-176.0
 20
11.60400012
 30
0.0
 11
-176.0
 21
21.0
 31
0.0
  0
LINE
  5
A14
330
1F
100
AcDbEntity
  8
SYSTEM_ANNOTATION
  6
CONTINUOUS
 62
     1
100
AcDbLine
 10
-176.0
 20
21.0
 30
0.0
 11
-176.236220472
 21
20.763779528
 31
0.0
  0
LINE
  5
A15
330
1F
100
AcDbEntity
  8
SYSTEM_ANNOTATION
  6
CONTINUOUS
 62
     1
100
AcDbLine
 10
-176.236220472
 20
20.763779528
 30
0.0
 11
-175.763779528
 21
21.236220472
 31
0.0
  0
LINE
  5
A16
330
1F
100
AcDbEntity
  8
SYSTEM_ANNOTATION
  6
CONTINUOUS
 62
     1
100
AcDbLine
 10
-175.763779528
 20
21.236220472
 30
0.0
 11
-176.0
 21
21.0
 31
0.0
  0
LINE
  5
A17
330
1F
100
AcDbEntity
  8
SYSTEM_ANNOTATION
  6
CONTINUOUS
 62
     1
100
AcDbLine
 10
-176.0
 20
21.0
 30
0.0
 11
-166.0
 21
21.0
 31
0.0
  0
LINE
  5
A18
330
1F
100
AcDbEntity
  8
SYSTEM_ANNOTATION
  6
CONTINUOUS
 62
     1
100
AcDbLine
 10
-166.0
 20
21.0
 30
0.0
 11
-166.236220472
 21
20.763779528
 31
0.0
  0
LINE
  5
A19
330
1F
100
AcDbEntity
  8
SYSTEM_ANNOTATION
  6
CONTINUOUS
 62
     1
100
AcDbLine
 10
-166.236220472
 20
20.763779528
 30
0.0
 11
-165.763779528
 21
21.236220472
 31
0.0
  0
LINE
  5
A1A
330
1F
100
AcDbEntity
  8
SYSTEM_ANNOTATION
  6
CONTINUOUS
 62
     1
100
AcDbLine
 10
-165.763779528
 20
21.236220472
 30
0.0
 11
-166.0
 21
21.0
 31
0.0
  0
LINE
  5
A1B
330
1F
100
AcDbEntity
  8
SYSTEM_ANNOTATION
  6
CONTINUOUS
 62
     1
100
AcDbLine
 10
-166.0
 20
-6.62349988
 30
0.0
 11
-166.0
 21
21.0
 31
0.0
  0
MTEXT
  5
A1C
330
1F
100
AcDbEntity
  8
SYSTEM_ANNOTATION
  6
CONTINUOUS
 62
     1
100
AcDbMText
 10
-165.5
 20
17.390555897
 30
0.0
 40
1.238613333
 41
0.0
 71
     7
 72
     1
  1
\A1;2{\H0.70x;\S1#2;}
  7
ARIAL
  0
LINE
  5
A1D
330
1F
100
AcDbEntity
  8
SYSTEM_ANNOTATION
  6
CONTINUOUS
 62
     1
100
AcDbLine
 10
-166.0
 20
-6.62349988
 30
0.0
 11
-166.0
 21
17.2
 31
0.0
  0
LINE
  5
A1E
330
1F
100
AcDbEntity
  8
SYSTEM_ANNOTATION
  6
CONTINUOUS
 62
     1
100
AcDbLine
 10
-166.0
 20
17.2
 30
0.0
 11
-162.809470872
 21
17.2
 31
0.0
  0
LINE
  5
A1F
330
1F
100
AcDbEntity
  8
SYSTEM_ANNOTATION
  6
CONTINUOUS
 62
     1
100
AcDbLine
 10
-166.0
 20
17.2
 30
0.0
 11
-165.763779528
 21
17.436220472
 31
0.0
  0
LINE
  5
A20
330
1F
100
AcDbEntity
  8
SYSTEM_ANNOTATION
  6
CONTINUOUS
 62
     1
100
AcDbLine
 10
-165.763779528
 20
17.436220472
 30
0.0
 11
-166.236220472
 21
16.963779528
 31
0.0
  0
LINE
  5
A21
330
1F
100
AcDbEntity
  8
SYSTEM_ANNOTATION
  6
CONTINUOUS
 62
     1
100
AcDbLine
 10
-166.236220472
 20
16.963779528
 30
0.0
 11
-166.0
 21
17.2
 31
0.0
  0
LINE
  5
A22
330
1F
100
AcDbEntity
  8
SYSTEM_ANNOTATION
  6
CONTINUOUS
 62
     1
100
AcDbLine
 10
-166.0
 20
17.2
 30
0.0
 11
-168.5
 21
17.2
 31
0.0
  0
LINE
  5
A23
330
1F
100
AcDbEntity
  8
SYSTEM_ANNOTATION
  6
CONTINUOUS
 62
     1
100
AcDbLine
 10
-168.5
 20
17.2
 30
0.0
 11
-168.263779528
 21
17.436220472
 31
0.0
  0
LINE
  5
A24
330
1F
100
AcDbEntity
  8
SYSTEM_ANNOTATION
  6
CONTINUOUS
 62
     1
100
AcDbLine
 10
-168.263779528
 20
17.436220472
 30
0.0
 11
-168.736220472
 21
16.963779528
 31
0.0
  0
LINE
  5
A25
330
1F
100
AcDbEntity
  8
SYSTEM_ANNOTATION
  6
CONTINUOUS
 62
     1
100
AcDbLine
 10
-168.736220472
 20
16.963779528
 30
0.0
 11
-168.5
 21
17.2
 31
0.0
  0
LINE
  5
A26
330
1F
100
AcDbEntity
  8
SYSTEM_ANNOTATION
  6
CONTINUOUS
 62
     1
100
AcDbLine
 10
-168.5
 20
11.85400012
 30
0.0
 11
-168.5
 21
17.2
 31
0.0
  0
TEXT
  5
A27
330
1F
100
AcDbEntity
  8
SYSTEM_ANNOTATION
  6
CONTINUOUS
 62
     1
100
AcDbText
 10
-180.61418049
 20
21.476389744
 30
0.0
 40
1.238613333
  1
10
 41
0.8
  7
ARIAL
100
AcDbText
  0
LINE
  5
A28
330
1F
100
AcDbEntity
  8
SYSTEM_ANNOTATION
  6
CONTINUOUS
 62
     1
100
AcDbLine
 10
-186.0
 20
-6.62349988
 30
0.0
 11
-186.0
 21
21.0
 31
0.0
  0
LINE
  5
A29
330
1F
100
AcDbEntity
  8
SYSTEM_ANNOTATION
  6
CONTINUOUS
 62
     1
100
AcDbLine
 10
-186.0
 20
21.0
 30
0.0
 11
-186.236220472
 21
20.763779528
 31
0.0
  0
LINE
  5
A2A
330
1F
100
AcDbEntity
  8
SYSTEM_ANNOTATION
  6
CONTINUOUS
 62
     1
100
AcDbLine
 10
-186.236220472
 20
20.763779528
 30
0.0
 11
-185.763779528
 21
21.236220472
 31
0.0
  0
LINE
  5
A2B
330
1F
100
AcDbEntity
  8
SYSTEM_ANNOTATION
  6
CONTINUOUS
 62
     1
100
AcDbLine
 10
-185.763779528
 20
21.236220472
 30
0.0
 11
-186.0
 21
21.0
 31
0.0
  0
LINE
  5
A2C
330
1F
100
AcDbEntity
  8
SYSTEM_ANNOTATION
  6
CONTINUOUS
 62
     1
100
AcDbLine
 10
-186.0
 20
21.0
 30
0.0
 11
-176.0
 21
21.0
 31
0.0
  0
LINE
  5
A2D
330
1F
100
AcDbEntity
  8
SYSTEM_ANNOTATION
  6
CONTINUOUS
 62
     1
100
AcDbLine
 10
-176.0
 20
21.0
 30
0.0
 11
-176.236220472
 21
20.763779528
 31
0.0
  0
LINE
  5
A2E
330
1F
100
AcDbEntity
  8
SYSTEM_ANNOTATION
  6
CONTINUOUS
 62
     1
100
AcDbLine
 10
-176.236220472
 20
20.763779528
 30
0.0
 11
-175.763779528
 21
21.236220472
 31
0.0
  0
LINE
  5
A2F
330
1F
100
AcDbEntity
  8
SYSTEM_ANNOTATION
  6
CONTINUOUS
 62
     1
100
AcDbLine
 10
-175.763779528
 20
21.236220472
 30
0.0
 11
-176.0
 21
21.0
 31
0.0
  0
LINE
  5
A30
330
1F
100
AcDbEntity
  8
SYSTEM_ANNOTATION
  6
CONTINUOUS
 62
     1
100
AcDbLine
 10
-176.0
 20
11.60400012
 30
0.0
 11
-176.0
 21
21.0
 31
0.0
  0
MTEXT
  5
A31
330
1F
100
AcDbEntity
  8
SYSTEM_ANNOTATION
  6
CONTINUOUS
 62
     1
100
AcDbMText
 10
-189.190529128
 20
17.390555897
 30
0.0
 40
1.238613333
 41
0.0
 71
     7
 72
     1
  1
\A1;2{\H0.70x;\S1#2;}
  7
ARIAL
  0
LINE
  5
A32
330
1F
100
AcDbEntity
  8
SYSTEM_ANNOTATION
  6
CONTINUOUS
 62
     1
100
AcDbLine
 10
-186.0
 20
-6.62349988
 30
0.0
 11
-186.0
 21
17.2
 31
0.0
  0
LINE
  5
A33
330
1F
100
AcDbEntity
  8
SYSTEM_ANNOTATION
  6
CONTINUOUS
 62
     1
100
AcDbLine
 10
-186.0
 20
17.2
 30
0.0
 11
-189.190529128
 21
17.2
 31
0.0
  0
LINE
  5
A34
330
1F
100
AcDbEntity
  8
SYSTEM_ANNOTATION
  6
CONTINUOUS
 62
     1
100
AcDbLine
 10
-186.0
 20
17.2
 30
0.0
 11
-186.236220472
 21
16.963779528
 31
0.0
  0
LINE
  5
A35
330
1F
100
AcDbEntity
  8
SYSTEM_ANNOTATION
  6
CONTINUOUS
 62
     1
100
AcDbLine
 10
-186.236220472
 20
16.963779528
 30
0.0
 11
-185.763779528
 21
17.436220472
 31
0.0
  0
LINE
  5
A36
330
1F
100
AcDbEntity
  8
SYSTEM_ANNOTATION
  6
CONTINUOUS
 62
     1
100
AcDbLine
 10
-185.763779528
 20
17.436220472
 30
0.0
 11
-186.0
 21
17.2
 31
0.0
  0
LINE
  5
A37
330
1F
100
AcDbEntity
  8
SYSTEM_ANNOTATION
  6
CONTINUOUS
 62
     1
100
AcDbLine
 10
-186.0
 20
17.2
 30
0.0
 11
-183.5
 21
17.2
 31
0.0
  0
LINE
  5
A38
330
1F
100
AcDbEntity
  8
SYSTEM_ANNOTATION
  6
CONTINUOUS
 62
     1
100
AcDbLine
 10
-183.5
 20
17.2
 30
0.0
 11
-183.736220472
 21
16.963779528
 31
0.0
  0
LINE
  5
A39
330
1F
100
AcDbEntity
  8
SYSTEM_ANNOTATION
  6
CONTINUOUS
 62
     1
100
AcDbLine
 10
-183.736220472
 20
16.963779528
 30
0.0
 11
-183.263779528
 21
17.436220472
 31
0.0
  0
LINE
  5
A3A
330
1F
100
AcDbEntity
  8
SYSTEM_ANNOTATION
  6
CONTINUOUS
 62
     1
100
AcDbLine
 10
-183.263779528
 20
17.436220472
 30
0.0
 11
-183.5
 21
17.2
 31
0.0
  0
LINE
  5
A3B
330
1F
100
AcDbEntity
  8
SYSTEM_ANNOTATION
  6
CONTINUOUS
 62
     1
100
AcDbLine
 10
-183.5
 20
11.85400012
 30
0.0
 11
-183.5
 21
17.2
 31
0.0
  0
TEXT
  5
A3C
330
1F
100
AcDbEntity
  8
SYSTEM_ANNOTATION
  6
CONTINUOUS
 62
     1
100
AcDbText
 10
-181.861072135
 20
82.076389744
 30
0.0
 40
1.238613333
  1
10
 41
0.8
  7
ARIAL
100
AcDbText
  0
LINE
  5
A3D
330
1F
100
AcDbEntity
  8
SYSTEM_ANNOTATION
  6
CONTINUOUS
 62
     1
100
AcDbLine
 10
-186.0
 20
54.5625
 30
0.0
 11
-186.0
 21
81.6
 31
0.0
  0
LINE
  5
A3E
330
1F
100
AcDbEntity
  8
SYSTEM_ANNOTATION
  6
CONTINUOUS
 62
     1
100
AcDbLine
 10
-186.0
 20
81.6
 30
0.0
 11
-186.236220472
 21
81.363779528
 31
0.0
  0
LINE
  5
A3F
330
1F
100
AcDbEntity
  8
SYSTEM_ANNOTATION
  6
CONTINUOUS
 62
     1
100
AcDbLine
 10
-186.236220472
 20
81.363779528
 30
0.0
 11
-185.763779528
 21
81.836220472
 31
0.0
  0
LINE
  5
A40
330
1F
100
AcDbEntity
  8
SYSTEM_ANNOTATION
  6
CONTINUOUS
 62
     1
100
AcDbLine
 10
-185.763779528
 20
81.836220472
 30
0.0
 11
-186.0
 21
81.6
 31
0.0
  0
LINE
  5
A41
330
1F
100
AcDbEntity
  8
SYSTEM_ANNOTATION
  6
CONTINUOUS
 62
     1
100
AcDbLine
 10
-186.0
 20
81.6
 30
0.0
 11
-176.0
 21
81.6
 31
0.0
  0
LINE
  5
A42
330
1F
100
AcDbEntity
  8
SYSTEM_ANNOTATION
  6
CONTINUOUS
 62
     1
100
AcDbLine
 10
-176.0
 20
81.6
 30
0.0
 11
-176.236220472
 21
81.363779528
 31
0.0
  0
LINE
  5
A43
330
1F
100
AcDbEntity
  8
SYSTEM_ANNOTATION
  6
CONTINUOUS
 62
     1
100
AcDbLine
 10
-176.236220472
 20
81.363779528
 30
0.0
 11
-175.763779528
 21
81.836220472
 31
0.0
  0
LINE
  5
A44
330
1F
100
AcDbEntity
  8
SYSTEM_ANNOTATION
  6
CONTINUOUS
 62
     1
100
AcDbLine
 10
-175.763779528
 20
81.836220472
 30
0.0
 11
-176.0
 21
81.6
 31
0.0
  0
LINE
  5
A45
330
1F
100
AcDbEntity
  8
SYSTEM_ANNOTATION
  6
CONTINUOUS
 62
     1
100
AcDbLine
 10
-176.0
 20
72.79
 30
0.0
 11
-176.0
 21
81.6
 31
0.0
  0
MTEXT
  5
A46
330
1F
100
AcDbEntity
  8
SYSTEM_ANNOTATION
  6
CONTINUOUS
 62
     1
100
AcDbMText
 10
-189.190529128
 20
77.990555897
 30
0.0
 40
1.238613333
 41
0.0
 71
     7
 72
     1
  1
\A1;2{\H0.70x;\S1#2;}
  7
ARIAL
  0
LINE
  5
A47
330
1F
100
AcDbEntity
  8
SYSTEM_ANNOTATION
  6
CONTINUOUS
 62
     1
100
AcDbLine
 10
-186.0
 20
54.5625
 30
0.0
 11
-186.0
 21
77.8
 31
0.0
  0
LINE
  5
A48
330
1F
100
AcDbEntity
  8
SYSTEM_ANNOTATION
  6
CONTINUOUS
 62
     1
100
AcDbLine
 10
-186.0
 20
77.8
 30
0.0
 11
-189.190529128
 21
77.8
 31
0.0
  0
LINE
  5
A49
330
1F
100
AcDbEntity
  8
SYSTEM_ANNOTATION
  6
CONTINUOUS
 62
     1
100
AcDbLine
 10
-186.0
 20
77.8
 30
0.0
 11
-186.236220472
 21
77.563779528
 31
0.0
  0
LINE
  5
A4A
330
1F
100
AcDbEntity
  8
SYSTEM_ANNOTATION
  6
CONTINUOUS
 62
     1
100
AcDbLine
 10
-186.236220472
 20
77.563779528
 30
0.0
 11
-185.763779528
 21
78.036220472
 31
0.0
  0
LINE
  5
A4B
330
1F
100
AcDbEntity
  8
SYSTEM_ANNOTATION
  6
CONTINUOUS
 62
     1
100
AcDbLine
 10
-185.763779528
 20
78.036220472
 30
0.0
 11
-186.0
 21
77.8
 31
0.0
  0
LINE
  5
A4C
330
1F
100
AcDbEntity
  8
SYSTEM_ANNOTATION
  6
CONTINUOUS
 62
     1
100
AcDbLine
 10
-186.0
 20
77.8
 30
0.0
 11
-183.5
 21
77.8
 31
0.0
  0
LINE
  5
A4D
330
1F
100
AcDbEntity
  8
SYSTEM_ANNOTATION
  6
CONTINUOUS
 62
     1
100
AcDbLine
 10
-183.5
 20
77.8
 30
0.0
 11
-183.736220472
 21
77.563779528
 31
0.0
  0
LINE
  5
A4E
330
1F
100
AcDbEntity
  8
SYSTEM_ANNOTATION
  6
CONTINUOUS
 62
     1
100
AcDbLine
 10
-183.736220472
 20
77.563779528
 30
0.0
 11
-183.263779528
 21
78.036220472
 31
0.0
  0
LINE
  5
A4F
330
1F
100
AcDbEntity
  8
SYSTEM_ANNOTATION
  6
CONTINUOUS
 62
     1
100
AcDbLine
 10
-183.263779528
 20
78.036220472
 30
0.0
 11
-183.5
 21
77.8
 31
0.0
  0
LINE
  5
A50
330
1F
100
AcDbEntity
  8
SYSTEM_ANNOTATION
  6
CONTINUOUS
 62
     1
100
AcDbLine
 10
-183.5
 20
73.04
 30
0.0
 11
-183.5
 21
77.8
 31
0.0
  0
TEXT
  5
A51
330
1F
100
AcDbEntity
  8
SYSTEM_ANNOTATION
  6
CONTINUOUS
 62
     1
100
AcDbText
 10
-171.861072135
 20
82.076389744
 30
0.0
 40
1.238613333
  1
10
 41
0.8
  7
ARIAL
100
AcDbText
  0
LINE
  5
A52
330
1F
100
AcDbEntity
  8
SYSTEM_ANNOTATION
  6
CONTINUOUS
 62
     1
100
AcDbLine
 10
-176.0
 20
72.79
 30
0.0
 11
-176.0
 21
81.6
 31
0.0
  0
LINE
  5
A53
330
1F
100
AcDbEntity
  8
SYSTEM_ANNOTATION
  6
CONTINUOUS
 62
     1
100
AcDbLine
 10
-176.0
 20
81.6
 30
0.0
 11
-176.236220472
 21
81.363779528
 31
0.0
  0
LINE
  5
A54
330
1F
100
AcDbEntity
  8
SYSTEM_ANNOTATION
  6
CONTINUOUS
 62
     1
100
AcDbLine
 10
-176.236220472
 20
81.363779528
 30
0.0
 11
-175.763779528
 21
81.836220472
 31
0.0
  0
LINE
  5
A55
330
1F
100
AcDbEntity
  8
SYSTEM_ANNOTATION
  6
CONTINUOUS
 62
     1
100
AcDbLine
 10
-175.763779528
 20
81.836220472
 30
0.0
 11
-176.0
 21
81.6
 31
0.0
  0
LINE
  5
A56
330
1F
100
AcDbEntity
  8
SYSTEM_ANNOTATION
  6
CONTINUOUS
 62
     1
100
AcDbLine
 10
-176.0
 20
81.6
 30
0.0
 11
-166.0
 21
81.6
 31
0.0
  0
LINE
  5
A57
330
1F
100
AcDbEntity
  8
SYSTEM_ANNOTATION
  6
CONTINUOUS
 62
     1
100
AcDbLine
 10
-166.0
 20
81.6
 30
0.0
 11
-166.236220472
 21
81.363779528
 31
0.0
  0
LINE
  5
A58
330
1F
100
AcDbEntity
  8
SYSTEM_ANNOTATION
  6
CONTINUOUS
 62
     1
100
AcDbLine
 10
-166.236220472
 20
81.363779528
 30
0.0
 11
-165.763779528
 21
81.836220472
 31
0.0
  0
LINE
  5
A59
330
1F
100
AcDbEntity
  8
SYSTEM_ANNOTATION
  6
CONTINUOUS
 62
     1
100
AcDbLine
 10
-165.763779528
 20
81.836220472
 30
0.0
 11
-166.0
 21
81.6
 31
0.0
  0
LINE
  5
A5A
330
1F
100
AcDbEntity
  8
SYSTEM_ANNOTATION
  6
CONTINUOUS
 62
     1
100
AcDbLine
 10
-166.0
 20
54.5625
 30
0.0
 11
-166.0
 21
81.6
 31
0.0
  0
MTEXT
  5
A5B
330
1F
100
AcDbEntity
  8
SYSTEM_ANNOTATION
  6
CONTINUOUS
 62
     1
100
AcDbMText
 10
-165.5
 20
77.990555897
 30
0.0
 40
1.238613333
 41
0.0
 71
     7
 72
     1
  1
\A1;2{\H0.70x;\S1#2;}
  7
ARIAL
  0
LINE
  5
A5C
330
1F
100
AcDbEntity
  8
SYSTEM_ANNOTATION
  6
CONTINUOUS
 62
     1
100
AcDbLine
 10
-166.0
 20
54.5625
 30
0.0
 11
-166.0
 21
77.8
 31
0.0
  0
LINE
  5
A5D
330
1F
100
AcDbEntity
  8
SYSTEM_ANNOTATION
  6
CONTINUOUS
 62
     1
100
AcDbLine
 10
-166.0
 20
77.8
 30
0.0
 11
-162.809470872
 21
77.8
 31
0.0
  0
LINE
  5
A5E
330
1F
100
AcDbEntity
  8
SYSTEM_ANNOTATION
  6
CONTINUOUS
 62
     1
100
AcDbLine
 10
-166.0
 20
77.8
 30
0.0
 11
-165.763779528
 21
78.036220472
 31
0.0
  0
LINE
  5
A5F
330
1F
100
AcDbEntity
  8
SYSTEM_ANNOTATION
  6
CONTINUOUS
 62
     1
100
AcDbLine
 10
-165.763779528
 20
78.036220472
 30
0.0
 11
-166.236220472
 21
77.563779528
 31
0.0
  0
LINE
  5
A60
330
1F
100
AcDbEntity
  8
SYSTEM_ANNOTATION
  6
CONTINUOUS
 62
     1
100
AcDbLine
 10
-166.236220472
 20
77.563779528
 30
0.0
 11
-166.0
 21
77.8
 31
0.0
  0
LINE
  5
A61
330
1F
100
AcDbEntity
  8
SYSTEM_ANNOTATION
  6
CONTINUOUS
 62
     1
100
AcDbLine
 10
-166.0
 20
77.8
 30
0.0
 11
-168.5
 21
77.8
 31
0.0
  0
LINE
  5
A62
330
1F
100
AcDbEntity
  8
SYSTEM_ANNOTATION
  6
CONTINUOUS
 62
     1
100
AcDbLine
 10
-168.5
 20
77.8
 30
0.0
 11
-168.263779528
 21
78.036220472
 31
0.0
  0
LINE
  5
A63
330
1F
100
AcDbEntity
  8
SYSTEM_ANNOTATION
  6
CONTINUOUS
 62
     1
100
AcDbLine
 10
-168.263779528
 20
78.036220472
 30
0.0
 11
-168.736220472
 21
77.563779528
 31
0.0
  0
LINE
  5
A64
330
1F
100
AcDbEntity
  8
SYSTEM_ANNOTATION
  6
CONTINUOUS
 62
     1
100
AcDbLine
 10
-168.736220472
 20
77.563779528
 30
0.0
 11
-168.5
 21
77.8
 31
0.0
  0
LINE
  5
A65
330
1F
100
AcDbEntity
  8
SYSTEM_ANNOTATION
  6
CONTINUOUS
 62
     1
100
AcDbLine
 10
-168.5
 20
73.04
 30
0.0
 11
-168.5
 21
77.8
 31
0.0
  0
MTEXT
  5
A66
330
1F
100
AcDbEntity
  8
SYSTEM_ANNOTATION
  6
CONTINUOUS
 62
     1
100
AcDbMText
 10
-262.818342323
 20
-12.089129147
 30
0.0
 40
1.238613333
 41
0.0
 71
     7
 72
     1
  1
\A1;18-2{\H0.70x;\S3#4;}
  7
ARIAL
 11
6.123031769111886E-17
 21
1.0
 31
0.0
  0
LINE
  5
A67
330
1F
100
AcDbEntity
  8
SYSTEM_ANNOTATION
  6
CONTINUOUS
 62
     1
100
AcDbLine
 10
-221.627786426
 20
-33.0
 30
0.0
 11
-262.627786426
 21
-33.0
 31
0.0
  0
LINE
  5
A68
330
1F
100
AcDbEntity
  8
SYSTEM_ANNOTATION
  6
CONTINUOUS
 62
     1
100
AcDbLine
 10
-262.627786426
 20
-33.0
 30
0.0
 11
-262.391565953
 21
-33.236220472
 31
0.0
  0
LINE
  5
A69
330
1F
100
AcDbEntity
  8
SYSTEM_ANNOTATION
  6
CONTINUOUS
 62
     1
100
AcDbLine
 10
-262.391565953
 20
-33.236220472
 30
0.0
 11
-262.864006898
 21
-32.763779528
 31
0.0
  0
LINE
  5
A6A
330
1F
100
AcDbEntity
  8
SYSTEM_ANNOTATION
  6
CONTINUOUS
 62
     1
100
AcDbLine
 10
-262.864006898
 20
-32.763779528
 30
0.0
 11
-262.627786426
 21
-33.0
 31
0.0
  0
LINE
  5
A6B
330
1F
100
AcDbEntity
  8
SYSTEM_ANNOTATION
  6
CONTINUOUS
 62
     1
100
AcDbLine
 10
-262.627786426
 20
-33.0
 30
0.0
 11
-262.627786426
 21
13.75
 31
0.0
  0
LINE
  5
A6C
330
1F
100
AcDbEntity
  8
SYSTEM_ANNOTATION
  6
CONTINUOUS
 62
     1
100
AcDbLine
 10
-262.627786426
 20
13.75
 30
0.0
 11
-262.391565953
 21
13.513779528
 31
0.0
  0
LINE
  5
A6D
330
1F
100
AcDbEntity
  8
SYSTEM_ANNOTATION
  6
CONTINUOUS
 62
     1
100
AcDbLine
 10
-262.391565953
 20
13.513779528
 30
0.0
 11
-262.864006898
 21
13.986220472
 31
0.0
  0
LINE
  5
A6E
330
1F
100
AcDbEntity
  8
SYSTEM_ANNOTATION
  6
CONTINUOUS
 62
     1
100
AcDbLine
 10
-262.864006898
 20
13.986220472
 30
0.0
 11
-262.627786426
 21
13.75
 31
0.0
  0
LINE
  5
A6F
330
1F
100
AcDbEntity
  8
SYSTEM_ANNOTATION
  6
CONTINUOUS
 62
     1
100
AcDbLine
 10
-255.825286426
 20
13.75
 30
0.0
 11
-262.627786426
 21
13.75
 31
0.0
  0
TEXT
  5
A70
330
1F
100
AcDbEntity
  8
SYSTEM_ANNOTATION
  6
CONTINUOUS
 62
     1
100
AcDbText
 10
-263.104176169
 20
42.700599349
 30
0.0
 40
1.238613333
  1
15-0
 50
90.0
 41
0.8
  7
ARIAL
100
AcDbText
  0
LINE
  5
A71
330
1F
100
AcDbEntity
  8
SYSTEM_ANNOTATION
  6
CONTINUOUS
 62
     1
100
AcDbLine
 10
-262.627786426
 20
13.75
 30
0.0
 11
-262.627786426
 21
13.75
 31
0.0
  0
LINE
  5
A72
330
1F
100
AcDbEntity
  8
SYSTEM_ANNOTATION
  6
CONTINUOUS
 62
     1
100
AcDbLine
 10
-262.627786426
 20
13.75
 30
0.0
 11
-262.391565953
 21
13.513779528
 31
0.0
  0
LINE
  5
A73
330
1F
100
AcDbEntity
  8
SYSTEM_ANNOTATION
  6
CONTINUOUS
 62
     1
100
AcDbLine
 10
-262.391565953
 20
13.513779528
 30
0.0
 11
-262.864006898
 21
13.986220472
 31
0.0
  0
LINE
  5
A74
330
1F
100
AcDbEntity
  8
SYSTEM_ANNOTATION
  6
CONTINUOUS
 62
     1
100
AcDbLine
 10
-262.864006898
 20
13.986220472
 30
0.0
 11
-262.627786426
 21
13.75
 31
0.0
  0
LINE
  5
A75
330
1F
100
AcDbEntity
  8
SYSTEM_ANNOTATION
  6
CONTINUOUS
 62
     1
100
AcDbLine
 10
-262.627786426
 20
13.75
 30
0.0
 11
-262.627786426
 21
74.75
 31
0.0
  0
LINE
  5
A76
330
1F
100
AcDbEntity
  8
SYSTEM_ANNOTATION
  6
CONTINUOUS
 62
     1
100
AcDbLine
 10
-262.627786426
 20
74.75
 30
0.0
 11
-262.391565953
 21
74.513779528
 31
0.0
  0
LINE
  5
A77
330
1F
100
AcDbEntity
  8
SYSTEM_ANNOTATION
  6
CONTINUOUS
 62
     1
100
AcDbLine
 10
-262.391565953
 20
74.513779528
 30
0.0
 11
-262.864006898
 21
74.986220472
 31
0.0
  0
LINE
  5
A78
330
1F
100
AcDbEntity
  8
SYSTEM_ANNOTATION
  6
CONTINUOUS
 62
     1
100
AcDbLine
 10
-262.864006898
 20
74.986220472
 30
0.0
 11
-262.627786426
 21
74.75
 31
0.0
  0
LINE
  5
A79
330
1F
100
AcDbEntity
  8
SYSTEM_ANNOTATION
  6
CONTINUOUS
 62
     1
100
AcDbLine
 10
-253.227786426
 20
74.75
 30
0.0
 11
-262.627786426
 21
74.75
 31
0.0
  0
MTEXT
  5
A7A
330
1F
100
AcDbEntity
  8
SYSTEM_ANNOTATION
  6
CONTINUOUS
 62
     1
100
AcDbMText
 10
-259.118342323
 20
59.703959538
 30
0.0
 40
1.238613333
 41
0.0
 71
     7
 72
     1
  1
\A1;1-11{\H0.70x;\S11#16;}
  7
ARIAL
 11
6.123031769111886E-17
 21
1.0
 31
0.0
  0
LINE
  5
A7B
330
1F
100
AcDbEntity
  8
SYSTEM_ANNOTATION
  6
CONTINUOUS
 62
     1
100
AcDbLine
 10
-258.927786426
 20
74.75
 30
0.0
 11
-258.927786426
 21
74.75
 31
0.0
  0
LINE
  5
A7C
330
1F
100
AcDbEntity
  8
SYSTEM_ANNOTATION
  6
CONTINUOUS
 62
     1
100
AcDbLine
 10
-258.927786426
 20
74.75
 30
0.0
 11
-259.164006898
 21
74.986220472
 31
0.0
  0
LINE
  5
A7D
330
1F
100
AcDbEntity
  8
SYSTEM_ANNOTATION
  6
CONTINUOUS
 62
     1
100
AcDbLine
 10
-259.164006898
 20
74.986220472
 30
0.0
 11
-258.691565953
 21
74.513779528
 31
0.0
  0
LINE
  5
A7E
330
1F
100
AcDbEntity
  8
SYSTEM_ANNOTATION
  6
CONTINUOUS
 62
     1
100
AcDbLine
 10
-258.691565953
 20
74.513779528
 30
0.0
 11
-258.927786426
 21
74.75
 31
0.0
  0
LINE
  5
A7F
330
1F
100
AcDbEntity
  8
SYSTEM_ANNOTATION
  6
CONTINUOUS
 62
     1
100
AcDbLine
 10
-258.927786426
 20
74.75
 30
0.0
 11
-258.927786426
 21
51.05
 31
0.0
  0
LINE
  5
A80
330
1F
100
AcDbEntity
  8
SYSTEM_ANNOTATION
  6
CONTINUOUS
 62
     1
100
AcDbLine
 10
-258.927786426
 20
51.05
 30
0.0
 11
-259.164006898
 21
51.286220472
 31
0.0
  0
LINE
  5
A81
330
1F
100
AcDbEntity
  8
SYSTEM_ANNOTATION
  6
CONTINUOUS
 62
     1
100
AcDbLine
 10
-259.164006898
 20
51.286220472
 30
0.0
 11
-258.691565953
 21
50.813779528
 31
0.0
  0
LINE
  5
A82
330
1F
100
AcDbEntity
  8
SYSTEM_ANNOTATION
  6
CONTINUOUS
 62
     1
100
AcDbLine
 10
-258.691565953
 20
50.813779528
 30
0.0
 11
-258.927786426
 21
51.05
 31
0.0
  0
LINE
  5
A83
330
1F
100
AcDbEntity
  8
SYSTEM_ANNOTATION
  6
CONTINUOUS
 62
     1
100
AcDbLine
 10
-257.927786426
 20
51.05
 30
0.0
 11
-258.927786426
 21
51.05
 31
0.0
  0
MTEXT
  5
A84
330
1F
100
AcDbEntity
  8
SYSTEM_ANNOTATION
  6
CONTINUOUS
 62
     1
100
AcDbMText
 10
-259.118342323
 20
-0.333593079
 30
0.0
 40
1.238613333
 41
0.0
 71
     7
 72
     1
  1
\A1;2-0{\H0.70x;\S1#8;}
  7
ARIAL
 11
6.123031769111886E-17
 21
1.0
 31
0.0
  0
LINE
  5
A85
330
1F
100
AcDbEntity
  8
SYSTEM_ANNOTATION
  6
CONTINUOUS
 62
     1
100
AcDbLine
 10
-258.927786426
 20
13.75
 30
0.0
 11
-258.927786426
 21
13.75
 31
0.0
  0
LINE
  5
A86
330
1F
100
AcDbEntity
  8
SYSTEM_ANNOTATION
  6
CONTINUOUS
 62
     1
100
AcDbLine
 10
-258.927786426
 20
13.75
 30
0.0
 11
-259.164006898
 21
13.986220472
 31
0.0
  0
LINE
  5
A87
330
1F
100
AcDbEntity
  8
SYSTEM_ANNOTATION
  6
CONTINUOUS
 62
     1
100
AcDbLine
 10
-259.164006898
 20
13.986220472
 30
0.0
 11
-258.691565953
 21
13.513779528
 31
0.0
  0
LINE
  5
A88
330
1F
100
AcDbEntity
  8
SYSTEM_ANNOTATION
  6
CONTINUOUS
 62
     1
100
AcDbLine
 10
-258.691565953
 20
13.513779528
 30
0.0
 11
-258.927786426
 21
13.75
 31
0.0
  0
LINE
  5
A89
330
1F
100
AcDbEntity
  8
SYSTEM_ANNOTATION
  6
CONTINUOUS
 62
     1
100
AcDbLine
 10
-258.927786426
 20
13.75
 30
0.0
 11
-258.927786426
 21
-10.35
 31
0.0
  0
LINE
  5
A8A
330
1F
100
AcDbEntity
  8
SYSTEM_ANNOTATION
  6
CONTINUOUS
 62
     1
100
AcDbLine
 10
-258.927786426
 20
-10.35
 30
0.0
 11
-259.164006898
 21
-10.113779528
 31
0.0
  0
LINE
  5
A8B
330
1F
100
AcDbEntity
  8
SYSTEM_ANNOTATION
  6
CONTINUOUS
 62
     1
100
AcDbLine
 10
-259.164006898
 20
-10.113779528
 30
0.0
 11
-258.691565953
 21
-10.586220472
 31
0.0
  0
LINE
  5
A8C
330
1F
100
AcDbEntity
  8
SYSTEM_ANNOTATION
  6
CONTINUOUS
 62
     1
100
AcDbLine
 10
-258.691565953
 20
-10.586220472
 30
0.0
 11
-258.927786426
 21
-10.35
 31
0.0
  0
LINE
  5
A8D
330
1F
100
AcDbEntity
  8
SYSTEM_ANNOTATION
  6
CONTINUOUS
 62
     1
100
AcDbLine
 10
-257.927786426
 20
-10.35
 30
0.0
 11
-258.927786426
 21
-10.35
 31
0.0
  0
MTEXT
  5
A8E
330
1F
100
AcDbEntity
  8
SYSTEM_ANNOTATION
  6
CONTINUOUS
 62
     1
100
AcDbMText
 10
-144.451983632
 20
-12.089129147
 30
0.0
 40
1.238613333
 41
0.0
 71
     7
 72
     1
  1
\A1;18-2{\H0.70x;\S3#4;}
  7
ARIAL
 11
6.123031769111886E-17
 21
1.0
 31
0.0
  0
LINE
  5
A8F
330
1F
100
AcDbEntity
  8
SYSTEM_ANNOTATION
  6
CONTINUOUS
 62
     1
100
AcDbLine
 10
-120.261427734
 20
-33.0
 30
0.0
 11
-144.261427734
 21
-33.0
 31
0.0
  0
LINE
  5
A90
330
1F
100
AcDbEntity
  8
SYSTEM_ANNOTATION
  6
CONTINUOUS
 62
     1
100
AcDbLine
 10
-144.261427734
 20
-33.0
 30
0.0
 11
-144.025207262
 21
-33.236220472
 31
0.0
  0
LINE
  5
A91
330
1F
100
AcDbEntity
  8
SYSTEM_ANNOTATION
  6
CONTINUOUS
 62
     1
100
AcDbLine
 10
-144.025207262
 20
-33.236220472
 30
0.0
 11
-144.497648207
 21
-32.763779528
 31
0.0
  0
LINE
  5
A92
330
1F
100
AcDbEntity
  8
SYSTEM_ANNOTATION
  6
CONTINUOUS
 62
     1
100
AcDbLine
 10
-144.497648207
 20
-32.763779528
 30
0.0
 11
-144.261427734
 21
-33.0
 31
0.0
  0
LINE
  5
A93
330
1F
100
AcDbEntity
  8
SYSTEM_ANNOTATION
  6
CONTINUOUS
 62
     1
100
AcDbLine
 10
-144.261427734
 20
-33.0
 30
0.0
 11
-144.261427734
 21
13.75
 31
0.0
  0
LINE
  5
A94
330
1F
100
AcDbEntity
  8
SYSTEM_ANNOTATION
  6
CONTINUOUS
 62
     1
100
AcDbLine
 10
-144.261427734
 20
13.75
 30
0.0
 11
-144.025207262
 21
13.513779528
 31
0.0
  0
LINE
  5
A95
330
1F
100
AcDbEntity
  8
SYSTEM_ANNOTATION
  6
CONTINUOUS
 62
     1
100
AcDbLine
 10
-144.025207262
 20
13.513779528
 30
0.0
 11
-144.497648207
 21
13.986220472
 31
0.0
  0
LINE
  5
A96
330
1F
100
AcDbEntity
  8
SYSTEM_ANNOTATION
  6
CONTINUOUS
 62
     1
100
AcDbLine
 10
-144.497648207
 20
13.986220472
 30
0.0
 11
-144.261427734
 21
13.75
 31
0.0
  0
LINE
  5
A97
330
1F
100
AcDbEntity
  8
SYSTEM_ANNOTATION
  6
CONTINUOUS
 62
     1
100
AcDbLine
 10
-137.261427734
 20
13.75
 30
0.0
 11
-144.261427734
 21
13.75
 31
0.0
  0
TEXT
  5
A98
330
1F
100
AcDbEntity
  8
SYSTEM_ANNOTATION
  6
CONTINUOUS
 62
     1
100
AcDbText
 10
-144.737817478
 20
42.700599349
 30
0.0
 40
1.238613333
  1
15-0
 50
90.0
 41
0.8
  7
ARIAL
100
AcDbText
  0
LINE
  5
A99
330
1F
100
AcDbEntity
  8
SYSTEM_ANNOTATION
  6
CONTINUOUS
 62
     1
100
AcDbLine
 10
-144.261427734
 20
13.75
 30
0.0
 11
-144.261427734
 21
13.75
 31
0.0
  0
LINE
  5
A9A
330
1F
100
AcDbEntity
  8
SYSTEM_ANNOTATION
  6
CONTINUOUS
 62
     1
100
AcDbLine
 10
-144.261427734
 20
13.75
 30
0.0
 11
-144.025207262
 21
13.513779528
 31
0.0
  0
LINE
  5
A9B
330
1F
100
AcDbEntity
  8
SYSTEM_ANNOTATION
  6
CONTINUOUS
 62
     1
100
AcDbLine
 10
-144.025207262
 20
13.513779528
 30
0.0
 11
-144.497648207
 21
13.986220472
 31
0.0
  0
LINE
  5
A9C
330
1F
100
AcDbEntity
  8
SYSTEM_ANNOTATION
  6
CONTINUOUS
 62
     1
100
AcDbLine
 10
-144.497648207
 20
13.986220472
 30
0.0
 11
-144.261427734
 21
13.75
 31
0.0
  0
LINE
  5
A9D
330
1F
100
AcDbEntity
  8
SYSTEM_ANNOTATION
  6
CONTINUOUS
 62
     1
100
AcDbLine
 10
-144.261427734
 20
13.75
 30
0.0
 11
-144.261427734
 21
74.75
 31
0.0
  0
LINE
  5
A9E
330
1F
100
AcDbEntity
  8
SYSTEM_ANNOTATION
  6
CONTINUOUS
 62
     1
100
AcDbLine
 10
-144.261427734
 20
74.75
 30
0.0
 11
-144.025207262
 21
74.513779528
 31
0.0
  0
LINE
  5
A9F
330
1F
100
AcDbEntity
  8
SYSTEM_ANNOTATION
  6
CONTINUOUS
 62
     1
100
AcDbLine
 10
-144.025207262
 20
74.513779528
 30
0.0
 11
-144.497648207
 21
74.986220472
 31
0.0
  0
LINE
  5
AA0
330
1F
100
AcDbEntity
  8
SYSTEM_ANNOTATION
  6
CONTINUOUS
 62
     1
100
AcDbLine
 10
-144.497648207
 20
74.986220472
 30
0.0
 11
-144.261427734
 21
74.75
 31
0.0
  0
LINE
  5
AA1
330
1F
100
AcDbEntity
  8
SYSTEM_ANNOTATION
  6
CONTINUOUS
 62
     1
100
AcDbLine
 10
-133.861427734
 20
74.75
 30
0.0
 11
-144.261427734
 21
74.75
 31
0.0
  0
MTEXT
  5
AA2
330
1F
100
AcDbEntity
  8
SYSTEM_ANNOTATION
  6
CONTINUOUS
 62
     1
100
AcDbMText
 10
-139.751983632
 20
59.703959538
 30
0.0
 40
1.238613333
 41
0.0
 71
     7
 72
     1
  1
\A1;1-11{\H0.70x;\S11#16;}
  7
ARIAL
 11
6.123031769111886E-17
 21
1.0
 31
0.0
  0
LINE
  5
AA3
330
1F
100
AcDbEntity
  8
SYSTEM_ANNOTATION
  6
CONTINUOUS
 62
     1
100
AcDbLine
 10
-139.561427734
 20
74.75
 30
0.0
 11
-139.561427734
 21
74.75
 31
0.0
  0
LINE
  5
AA4
330
1F
100
AcDbEntity
  8
SYSTEM_ANNOTATION
  6
CONTINUOUS
 62
     1
100
AcDbLine
 10
-139.561427734
 20
74.75
 30
0.0
 11
-139.797648207
 21
74.986220472
 31
0.0
  0
LINE
  5
AA5
330
1F
100
AcDbEntity
  8
SYSTEM_ANNOTATION
  6
CONTINUOUS
 62
     1
100
AcDbLine
 10
-139.797648207
 20
74.986220472
 30
0.0
 11
-139.325207262
 21
74.513779528
 31
0.0
  0
LINE
  5
AA6
330
1F
100
AcDbEntity
  8
SYSTEM_ANNOTATION
  6
CONTINUOUS
 62
     1
100
AcDbLine
 10
-139.325207262
 20
74.513779528
 30
0.0
 11
-139.561427734
 21
74.75
 31
0.0
  0
LINE
  5
AA7
330
1F
100
AcDbEntity
  8
SYSTEM_ANNOTATION
  6
CONTINUOUS
 62
     1
100
AcDbLine
 10
-139.561427734
 20
74.75
 30
0.0
 11
-139.561427734
 21
51.05
 31
0.0
  0
LINE
  5
AA8
330
1F
100
AcDbEntity
  8
SYSTEM_ANNOTATION
  6
CONTINUOUS
 62
     1
100
AcDbLine
 10
-139.561427734
 20
51.05
 30
0.0
 11
-139.797648207
 21
51.286220472
 31
0.0
  0
LINE
  5
AA9
330
1F
100
AcDbEntity
  8
SYSTEM_ANNOTATION
  6
CONTINUOUS
 62
     1
100
AcDbLine
 10
-139.797648207
 20
51.286220472
 30
0.0
 11
-139.325207262
 21
50.813779528
 31
0.0
  0
LINE
  5
AAA
330
1F
100
AcDbEntity
  8
SYSTEM_ANNOTATION
  6
CONTINUOUS
 62
     1
100
AcDbLine
 10
-139.325207262
 20
50.813779528
 30
0.0
 11
-139.561427734
 21
51.05
 31
0.0
  0
LINE
  5
AAB
330
1F
100
AcDbEntity
  8
SYSTEM_ANNOTATION
  6
CONTINUOUS
 62
     1
100
AcDbLine
 10
-138.561427734
 20
51.05
 30
0.0
 11
-139.561427734
 21
51.05
 31
0.0
  0
MTEXT
  5
AAC
330
1F
100
AcDbEntity
  8
SYSTEM_ANNOTATION
  6
CONTINUOUS
 62
     1
100
AcDbMText
 10
-139.751983632
 20
-0.333593079
 30
0.0
 40
1.238613333
 41
0.0
 71
     7
 72
     1
  1
\A1;2-0{\H0.70x;\S1#8;}
  7
ARIAL
 11
6.123031769111886E-17
 21
1.0
 31
0.0
  0
LINE
  5
AAD
330
1F
100
AcDbEntity
  8
SYSTEM_ANNOTATION
  6
CONTINUOUS
 62
     1
100
AcDbLine
 10
-139.561427734
 20
13.75
 30
0.0
 11
-139.561427734
 21
13.75
 31
0.0
  0
LINE
  5
AAE
330
1F
100
AcDbEntity
  8
SYSTEM_ANNOTATION
  6
CONTINUOUS
 62
     1
100
AcDbLine
 10
-139.561427734
 20
13.75
 30
0.0
 11
-139.797648207
 21
13.986220472
 31
0.0
  0
LINE
  5
AAF
330
1F
100
AcDbEntity
  8
SYSTEM_ANNOTATION
  6
CONTINUOUS
 62
     1
100
AcDbLine
 10
-139.797648207
 20
13.986220472
 30
0.0
 11
-139.325207262
 21
13.513779528
 31
0.0
  0
LINE
  5
AB0
330
1F
100
AcDbEntity
  8
SYSTEM_ANNOTATION
  6
CONTINUOUS
 62
     1
100
AcDbLine
 10
-139.325207262
 20
13.513779528
 30
0.0
 11
-139.561427734
 21
13.75
 31
0.0
  0
LINE
  5
AB1
330
1F
100
AcDbEntity
  8
SYSTEM_ANNOTATION
  6
CONTINUOUS
 62
     1
100
AcDbLine
 10
-139.561427734
 20
13.75
 30
0.0
 11
-139.561427734
 21
-10.35
 31
0.0
  0
LINE
  5
AB2
330
1F
100
AcDbEntity
  8
SYSTEM_ANNOTATION
  6
CONTINUOUS
 62
     1
100
AcDbLine
 10
-139.561427734
 20
-10.35
 30
0.0
 11
-139.797648207
 21
-10.113779528
 31
0.0
  0
LINE
  5
AB3
330
1F
100
AcDbEntity
  8
SYSTEM_ANNOTATION
  6
CONTINUOUS
 62
     1
100
AcDbLine
 10
-139.797648207
 20
-10.113779528
 30
0.0
 11
-139.325207262
 21
-10.586220472
 31
0.0
  0
LINE
  5
AB4
330
1F
100
AcDbEntity
  8
SYSTEM_ANNOTATION
  6
CONTINUOUS
 62
     1
100
AcDbLine
 10
-139.325207262
 20
-10.586220472
 30
0.0
 11
-139.561427734
 21
-10.35
 31
0.0
  0
LINE
  5
AB5
330
1F
100
AcDbEntity
  8
SYSTEM_ANNOTATION
  6
CONTINUOUS
 62
     1
100
AcDbLine
 10
-138.561427734
 20
-10.35
 30
0.0
 11
-139.561427734
 21
-10.35
 31
0.0
  0
MTEXT
  5
AB6
330
1F
100
AcDbEntity
  8
SYSTEM_ANNOTATION
  6
CONTINUOUS
 62
     1
100
AcDbMText
 10
-267.556914589
 20
3.113837428
 30
0.0
 40
1.238613333
 41
0.0
 71
     7
 72
     1
  1
\A1;(1-W14x159x32-11{\H0.70x;\S5#8;})  A992  33-2{\H0.70x;\S3#4;}  (P/P 33-2{\H0.70x;\S3#4;})
  7
ARIAL
 11
6.123031769111886E-17
 21
1.0
 31
0.0
  0
LINE
  5
AB7
330
1F
100
AcDbEntity
  8
SYSTEM_ANNOTATION
  6
CONTINUOUS
 62
     1
100
AcDbLine
 10
-61.261427734
 20
-33.0
 30
0.0
 11
-267.366358691
 21
-33.0
 31
0.0
  0
LINE
  5
AB8
330
1F
100
AcDbEntity
  8
SYSTEM_ANNOTATION
  6
CONTINUOUS
 62
     1
100
AcDbLine
 10
-267.366358691
 20
-33.0
 30
0.0
 11
-267.130138219
 21
-33.236220472
 31
0.0
  0
LINE
  5
AB9
330
1F
100
AcDbEntity
  8
SYSTEM_ANNOTATION
  6
CONTINUOUS
 62
     1
100
AcDbLine
 10
-267.130138219
 20
-33.236220472
 30
0.0
 11
-267.602579164
 21
-32.763779528
 31
0.0
  0
LINE
  5
ABA
330
1F
100
AcDbEntity
  8
SYSTEM_ANNOTATION
  6
CONTINUOUS
 62
     1
100
AcDbLine
 10
-267.602579164
 20
-32.763779528
 30
0.0
 11
-267.366358691
 21
-33.0
 31
0.0
  0
LINE
  5
ABB
330
1F
100
AcDbEntity
  8
SYSTEM_ANNOTATION
  6
CONTINUOUS
 62
     1
100
AcDbLine
 10
-267.366358691
 20
-33.0
 30
0.0
 11
-267.366358691
 21
74.75
 31
0.0
  0
LINE
  5
ABC
330
1F
100
AcDbEntity
  8
SYSTEM_ANNOTATION
  6
CONTINUOUS
 62
     1
100
AcDbLine
 10
-267.366358691
 20
74.75
 30
0.0
 11
-267.130138219
 21
74.513779528
 31
0.0
  0
LINE
  5
ABD
330
1F
100
AcDbEntity
  8
SYSTEM_ANNOTATION
  6
CONTINUOUS
 62
     1
100
AcDbLine
 10
-267.130138219
 20
74.513779528
 30
0.0
 11
-267.602579164
 21
74.986220472
 31
0.0
  0
LINE
  5
ABE
330
1F
100
AcDbEntity
  8
SYSTEM_ANNOTATION
  6
CONTINUOUS
 62
     1
100
AcDbLine
 10
-267.602579164
 20
74.986220472
 30
0.0
 11
-267.366358691
 21
74.75
 31
0.0
  0
LINE
  5
ABF
330
1F
100
AcDbEntity
  8
SYSTEM_ANNOTATION
  6
CONTINUOUS
 62
     1
100
AcDbLine
 10
-61.261427734
 20
74.75
 30
0.0
 11
-77.191179018
 21
74.75
 31
0.0
  0
LINE
  5
AC0
330
1F
100
AcDbEntity
  8
SYSTEM_ANNOTATION
  6
CONTINUOUS
 62
     1
100
AcDbLine
 10
-82.980509448
 20
74.75
 30
0.0
 11
-199.835918271
 21
74.75
 31
0.0
  0
LINE
  5
AC1
330
1F
100
AcDbEntity
  8
SYSTEM_ANNOTATION
  6
CONTINUOUS
 62
     1
100
AcDbLine
 10
-205.625248701
 20
74.75
 30
0.0
 11
-267.366358691
 21
74.75
 31
0.0
  0
TEXT
  5
AC2
330
1F
100
AcDbEntity
  8
SYSTEM_ANNOTATION
  6
CONTINUOUS
 62
     1
100
AcDbText
 10
-200.876389744
 20
-30.25
 30
0.0
 40
1.238613333
  1
SQ CUT
 50
90.0
 41
0.8
  7
ARIAL
100
AcDbText
  0
MTEXT
  5
AC3
330
1F
100
AcDbEntity
  8
SYSTEM_ANNOTATION
  6
CONTINUOUS
 62
     1
100
AcDbMText
 10
-212.461972513
 20
75.75
 30
0.0
 40
1.052821333
 41
0.0
 71
     7
 72
     1
  1
\A1;Wp EL 131-5{\H0.70x;\S3#4;}
  7
ARIAL
 11
6.123031769111886E-17
 21
1.0
 31
0.0
  0
TEXT
  5
AC4
330
1F
100
AcDbEntity
  8
SYSTEM_ANNOTATION
  6
CONTINUOUS
 62
     1
100
AcDbText
 10
-205.704931282
 20
-32.0
 30
0.0
 40
1.052821333
  1
EL 98-3
 50
90.0
 41
0.8
  7
ARIAL
100
AcDbText
  0
TEXT
  5
AC5
330
1F
100
AcDbEntity
  8
SYSTEM_ANNOTATION
  6
CONTINUOUS
 62
     3
100
AcDbText
 10
-176.96813916
 20
-22.027215385
 30
0.0
 40
1.85792
  1
B
  7
ARIAL
100
AcDbText
  0
TEXT
  5
AC6
330
1F
100
AcDbEntity
  8
SYSTEM_ANNOTATION
  6
CONTINUOUS
 62
     1
100
AcDbText
 10
-197.57730612
 20
-20.023610256
 30
0.0
 40
1.238613333
  1
MARK FACE "A"
 41
0.8
  7
ARIAL
100
AcDbText
  0
TEXT
  5
AC7
330
1F
100
AcDbEntity
  8
SYSTEM_ANNOTATION
  6
CONTINUOUS
 62
     1
100
AcDbText
 10
-195.039071094
 20
-23.223610256
 30
0.0
 40
1.238613333
  1
"SOUTH"
 41
0.8
  7
ARIAL
100
AcDbText
  0
MTEXT
  5
AC8
330
1F
100
AcDbEntity
  8
SYSTEM_ANNOTATION
  6
CONTINUOUS
 62
     1
100
AcDbMText
 10
-259.089758939
 20
14.75
 30
0.0
 40
1.052821333
 41
0.0
 71
     7
 72
     1
  1
\A1;EL 116-5{\H0.70x;\S3#4;}
  7
ARIAL
 11
6.123031769111886E-17
 21
1.0
 31
0.0
  0
TEXT
  5
AC9
330
1F
100
AcDbEntity
  8
SYSTEM_ANNOTATION
  6
CONTINUOUS
 62
     1
100
AcDbText
 10
-256.482717708
 20
60.486106361
 30
0.0
 40
1.052821333
  1
W24x68
 50
90.0
 41
0.8
  7
ARIAL
100
AcDbText
  0
TEXT
  5
ACA
330
1F
100
AcDbEntity
  8
SYSTEM_ANNOTATION
  6
CONTINUOUS
 62
     1
100
AcDbText
 10
-256.482717708
 20
-0.713893639
 30
0.0
 40
1.052821333
  1
W24x84
 50
90.0
 41
0.8
  7
ARIAL
100
AcDbText
  0
TEXT
  5
ACB
330
1F
100
AcDbEntity
  8
SYSTEM_ANNOTATION
  6
CONTINUOUS
 62
     3
100
AcDbText
 10
-223.595925586
 20
-22.027215385
 30
0.0
 40
1.85792
  1
A
  7
ARIAL
100
AcDbText
  0
MTEXT
  5
ACC
330
1F
100
AcDbEntity
  8
SYSTEM_ANNOTATION
  6
CONTINUOUS
 62
     1
100
AcDbMText
 10
-139.723400247
 20
14.75
 30
0.0
 40
1.052821333
 41
0.0
 71
     7
 72
     1
  1
\A1;EL 116-5{\H0.70x;\S3#4;}
  7
ARIAL
 11
6.123031769111886E-17
 21
1.0
 31
0.0
  0
TEXT
  5
ACD
330
1F
100
AcDbEntity
  8
SYSTEM_ANNOTATION
  6
CONTINUOUS
 62
     1
100
AcDbText
 10
-137.116359016
 20
60.486106361
 30
0.0
 40
1.052821333
  1
W24x68
 50
90.0
 41
0.8
  7
ARIAL
100
AcDbText
  0
TEXT
  5
ACE
330
1F
100
AcDbEntity
  8
SYSTEM_ANNOTATION
  6
CONTINUOUS
 62
     1
100
AcDbText
 10
-137.116359016
 20
-0.713893639
 30
0.0
 40
1.052821333
  1
W24x84
 50
90.0
 41
0.8
  7
ARIAL
100
AcDbText
  0
TEXT
  5
ACF
330
1F
100
AcDbEntity
  8
SYSTEM_ANNOTATION
  6
CONTINUOUS
 62
     3
100
AcDbText
 10
-122.309654541
 20
-22.027215385
 30
0.0
 40
1.85792
  1
C
  7
ARIAL
100
AcDbText
  0
TEXT
  5
AD0
330
1F
100
AcDbEntity
  8
SYSTEM_ANNOTATION
  6
CONTINUOUS
 62
     3
100
AcDbText
 10
-177.43813916
 20
88.619410836
 30
0.0
 40
1.85792
  1
A
  7
ARIAL
100
AcDbText
  0
TEXT
  5
AD1
330
1F
100
AcDbEntity
  8
SYSTEM_ANNOTATION
  6
CONTINUOUS
 62
     3
100
AcDbText
 10
-177.43813916
 20
-41.179424125
 30
0.0
 40
1.85792
  1
A
  7
ARIAL
100
AcDbText
  0
TEXT
  5
AD2
330
1F
100
AcDbEntity
  8
SYSTEM_ANNOTATION
  6
CONTINUOUS
 62
     3
100
AcDbText
 10
-194.74813916
 20
-10.449020106
 30
0.0
 40
1.85792
  1
B
  7
ARIAL
100
AcDbText
  0
TEXT
  5
AD3
330
1F
100
AcDbEntity
  8
SYSTEM_ANNOTATION
  6
CONTINUOUS
 62
     3
100
AcDbText
 10
-159.18813916
 20
-10.449020106
 30
0.0
 40
1.85792
  1
B
  7
ARIAL
100
AcDbText
  0
TEXT
  5
AD4
330
1F
100
AcDbEntity
  8
SYSTEM_ANNOTATION
  6
CONTINUOUS
 62
     3
100
AcDbText
 10
-194.828226807
 20
-2.104443115
 30
0.0
 40
1.85792
  1
C
  7
ARIAL
100
AcDbText
  0
TEXT
  5
AD5
330
1F
100
AcDbEntity
  8
SYSTEM_ANNOTATION
  6
CONTINUOUS
 62
     3
100
AcDbText
 10
-159.268226807
 20
-2.104443115
 30
0.0
 40
1.85792
  1
C
  7
ARIAL
100
AcDbText
  0
TEXT
  5
AD6
330
1F
100
AcDbEntity
  8
SYSTEM_ANNOTATION
  6
CONTINUOUS
 62
     3
100
AcDbText
 10
-194.828226807
 20
13.009097837
 30
0.0
 40
1.85792
  1
D
  7
ARIAL
100
AcDbText
  0
TEXT
  5
AD7
330
1F
100
AcDbEntity
  8
SYSTEM_ANNOTATION
  6
CONTINUOUS
 62
     3
100
AcDbText
 10
-159.268226807
 20
13.009097837
 30
0.0
 40
1.85792
  1
D
  7
ARIAL
100
AcDbText
  0
TEXT
  5
AD8
330
1F
100
AcDbEntity
  8
SYSTEM_ANNOTATION
  6
CONTINUOUS
 62
     3
100
AcDbText
 10
-196.99627832
 20
50.249415955
 30
0.0
 40
1.85792
  1
E
  7
ARIAL
100
AcDbText
  0
TEXT
  5
AD9
330
1F
100
AcDbEntity
  8
SYSTEM_ANNOTATION
  6
CONTINUOUS
 62
     3
100
AcDbText
 10
-156.94
 20
50.249415955
 30
0.0
 40
1.85792
  1
E
  7
ARIAL
100
AcDbText
  0
TEXT
  5
ADA
330
1F
100
AcDbEntity
  8
SYSTEM_ANNOTATION
  6
CONTINUOUS
 62
     3
100
AcDbText
 10
-203.376266744
 20
63.456203888
 30
0.0
 40
1.85792
  1
C
  7
ARIAL
100
AcDbText
  0
TEXT
  5
ADB
330
1F
100
AcDbEntity
  8
SYSTEM_ANNOTATION
  6
CONTINUOUS
 62
     3
100
AcDbText
 10
-159.268226807
 20
63.456203888
 30
0.0
 40
1.85792
  1
C
  7
ARIAL
100
AcDbText
  0
TEXT
  5
ADC
330
1F
100
AcDbEntity
  8
SYSTEM_ANNOTATION
  6
CONTINUOUS
 62
     1
100
AcDbText
 10
31.294761522
 20
75.364829172
 30
0.0
 40
1.238613333
  1
1-
 41
0.8
  7
ARIAL
100
AcDbText
  0
TEXT
  5
ADD
330
1F
100
AcDbEntity
  8
SYSTEM_ANNOTATION
  6
CONTINUOUS
 62
     1
100
AcDbText
 10
32.671418553
 20
75.364829172
 30
0.0
 40
1.238613333
  1
p843
 41
0.8
  7
ARIAL
100
AcDbText
  0
TEXT
  5
ADE
330
1F
100
AcDbEntity
  8
SYSTEM_ANNOTATION
  6
CONTINUOUS
 62
     1
100
AcDbText
 10
7.900794296
 20
96.207945728
 30
0.0
 40
1.238613333
  1
1-
 41
0.8
  7
ARIAL
100
AcDbText
  0
TEXT
  5
ADF
330
1F
100
AcDbEntity
  8
SYSTEM_ANNOTATION
  6
CONTINUOUS
 62
     1
100
AcDbText
 10
9.277451328
 20
96.207945728
 30
0.0
 40
1.238613333
  1
p843
 41
0.8
  7
ARIAL
100
AcDbText
  0
TEXT
  5
AE0
330
1F
100
AcDbEntity
  8
SYSTEM_ANNOTATION
  6
CONTINUOUS
 62
     1
100
AcDbText
 10
31.61537117
 20
13.533729978
 30
0.0
 40
1.238613333
  1
1-
 41
0.8
  7
ARIAL
100
AcDbText
  0
TEXT
  5
AE1
330
1F
100
AcDbEntity
  8
SYSTEM_ANNOTATION
  6
CONTINUOUS
 62
     1
100
AcDbText
 10
32.992028201
 20
13.533729978
 30
0.0
 40
1.238613333
  1
p853
 41
0.8
  7
ARIAL
100
AcDbText
  0
TEXT
  5
AE2
330
1F
100
AcDbEntity
  8
SYSTEM_ANNOTATION
  6
CONTINUOUS
 62
     1
100
AcDbText
 10
8.555789777
 20
34.178447321
 30
0.0
 40
1.238613333
  1
1-
 41
0.8
  7
ARIAL
100
AcDbText
  0
TEXT
  5
AE3
330
1F
100
AcDbEntity
  8
SYSTEM_ANNOTATION
  6
CONTINUOUS
 62
     1
100
AcDbText
 10
9.932446808
 20
34.178447321
 30
0.0
 40
1.238613333
  1
p853
 41
0.8
  7
ARIAL
100
AcDbText
  0
TEXT
  5
AE4
330
1F
100
AcDbEntity
  8
SYSTEM_ANNOTATION
  6
CONTINUOUS
 62
     1
100
AcDbText
 10
29.694773233
 20
-58.404553716
 30
0.0
 40
1.238613333
  1
1-
 41
0.8
  7
ARIAL
100
AcDbText
  0
TEXT
  5
AE5
330
1F
100
AcDbEntity
  8
SYSTEM_ANNOTATION
  6
CONTINUOUS
 62
     1
100
AcDbText
 10
31.071430264
 20
-58.404553716
 30
0.0
 40
1.238613333
  1
p853
 41
0.8
  7
ARIAL
100
AcDbText
  0
TEXT
  5
AE6
330
1F
100
AcDbEntity
  8
SYSTEM_ANNOTATION
  6
CONTINUOUS
 62
     1
100
AcDbText
 10
9.326870628
 20
-38.661569455
 30
0.0
 40
1.238613333
  1
1-
 41
0.8
  7
ARIAL
100
AcDbText
  0
TEXT
  5
AE7
330
1F
100
AcDbEntity
  8
SYSTEM_ANNOTATION
  6
CONTINUOUS
 62
     1
100
AcDbText
 10
10.703527659
 20
-38.661569455
 30
0.0
 40
1.238613333
  1
p853
 41
0.8
  7
ARIAL
100
AcDbText
  0
TEXT
  5
AE8
330
1F
100
AcDbEntity
  8
SYSTEM_ANNOTATION
  6
CONTINUOUS
 62
     1
100
AcDbText
 10
-162.823245873
 20
-91.257076297
 30
0.0
 40
1.238613333
  1
1-
 41
0.8
  7
ARIAL
100
AcDbText
  0
TEXT
  5
AE9
330
1F
100
AcDbEntity
  8
SYSTEM_ANNOTATION
  6
CONTINUOUS
 62
     1
100
AcDbText
 10
-161.446588842
 20
-91.257076297
 30
0.0
 40
1.238613333
  1
bp3_6
 41
0.8
  7
ARIAL
100
AcDbText
  0
TEXT
  5
AEA
330
1F
100
AcDbEntity
  8
SYSTEM_ANNOTATION
  6
CONTINUOUS
 62
     1
100
AcDbText
 10
-39.577228874
 20
4.858315832
 30
0.0
 40
1.238613333
  1
1-
 41
0.8
  7
ARIAL
100
AcDbText
  0
TEXT
  5
AEB
330
1F
100
AcDbEntity
  8
SYSTEM_ANNOTATION
  6
CONTINUOUS
 62
     1
100
AcDbText
 10
-38.200571842
 20
4.858315832
 30
0.0
 40
1.238613333
  1
wt167
 41
0.8
  7
ARIAL
100
AcDbText
  0
TEXT
  5
AEC
330
1F
100
AcDbEntity
  8
SYSTEM_ANNOTATION
  6
CONTINUOUS
 62
     1
100
AcDbText
 10
-47.996719622
 20
64.141562465
 30
0.0
 40
1.238613333
  1
1-
 41
0.8
  7
ARIAL
100
AcDbText
  0
TEXT
  5
AED
330
1F
100
AcDbEntity
  8
SYSTEM_ANNOTATION
  6
CONTINUOUS
 62
     1
100
AcDbText
 10
-46.62006259
 20
64.141562465
 30
0.0
 40
1.238613333
  1
wt158
 41
0.8
  7
ARIAL
100
AcDbText
  0
TEXT
  5
AEE
330
1F
100
AcDbEntity
  8
SYSTEM_ANNOTATION
  6
CONTINUOUS
 62
     1
100
AcDbText
 10
-192.918137082
 20
45.403545826
 30
0.0
 40
1.238613333
  1
1-
 41
0.8
  7
ARIAL
100
AcDbText
  0
TEXT
  5
AEF
330
1F
100
AcDbEntity
  8
SYSTEM_ANNOTATION
  6
CONTINUOUS
 62
     1
100
AcDbText
 10
-191.541480051
 20
45.403545826
 30
0.0
 40
1.238613333
  1
f126
 41
0.8
  7
ARIAL
100
AcDbText
  0
TEXT
  5
AF0
330
1F
100
AcDbEntity
  8
SYSTEM_ANNOTATION
  6
CONTINUOUS
 62
     1
100
AcDbText
 10
-194.537094786
 20
-15.122214505
 30
0.0
 40
1.238613333
  1
1-
 41
0.8
  7
ARIAL
100
AcDbText
  0
TEXT
  5
AF1
330
1F
100
AcDbEntity
  8
SYSTEM_ANNOTATION
  6
CONTINUOUS
 62
     1
100
AcDbText
 10
-193.160437754
 20
-15.122214505
 30
0.0
 40
1.238613333
  1
f126
 41
0.8
  7
ARIAL
100
AcDbText
  0
TEXT
  5
AF2
330
1F
100
AcDbEntity
  8
SYSTEM_ANNOTATION
  6
CONTINUOUS
 62
     1
100
AcDbText
 10
-162.242631061
 20
-15.090506932
 30
0.0
 40
1.238613333
  1
1-
 41
0.8
  7
ARIAL
100
AcDbText
  0
TEXT
  5
AF3
330
1F
100
AcDbEntity
  8
SYSTEM_ANNOTATION
  6
CONTINUOUS
 62
     1
100
AcDbText
 10
-160.86597403
 20
-15.090506932
 30
0.0
 40
1.238613333
  1
f126
 41
0.8
  7
ARIAL
100
AcDbText
  0
TEXT
  5
AF4
330
1F
100
AcDbEntity
  8
SYSTEM_ANNOTATION
  6
CONTINUOUS
 62
     1
100
AcDbText
 10
-162.492535881
 20
46.528250523
 30
0.0
 40
1.238613333
  1
1-
 41
0.8
  7
ARIAL
100
AcDbText
  0
TEXT
  5
AF5
330
1F
100
AcDbEntity
  8
SYSTEM_ANNOTATION
  6
CONTINUOUS
 62
     1
100
AcDbText
 10
-161.115878849
 20
46.528250523
 30
0.0
 40
1.238613333
  1
f126
 41
0.8
  7
ARIAL
100
AcDbText
  0
TEXT
  5
AF6
330
1F
100
AcDbEntity
  8
SYSTEM_ANNOTATION
  6
CONTINUOUS
 62
     3
100
AcDbText
 10
-67.39288125
 20
-43.285415385
 30
0.0
 40
1.85792
  1
Section A-A
 41
0.8
  7
ARIAL
100
AcDbText
  0
TEXT
  5
AF7
330
1F
100
AcDbEntity
  8
SYSTEM_ANNOTATION
  6
CONTINUOUS
 62
     1
100
AcDbText
 10
-63.542626302
 20
-46.246010256
 30
0.0
 40
1.238613333
  1
611C1
 41
0.8
  7
ARIAL
100
AcDbText
  0
TEXT
  5
AF8
330
1F
100
AcDbEntity
  8
SYSTEM_ANNOTATION
  6
CONTINUOUS
 62
     3
100
AcDbText
 10
15.689049433
 20
-67.511690524
 30
0.0
 40
1.85792
  1
Section B-B
 41
0.8
  7
ARIAL
100
AcDbText
  0
TEXT
  5
AF9
330
1F
100
AcDbEntity
  8
SYSTEM_ANNOTATION
  6
CONTINUOUS
 62
     1
100
AcDbText
 10
19.539304381
 20
-70.472285396
 30
0.0
 40
1.238613333
  1
611C1
 41
0.8
  7
ARIAL
100
AcDbText
  0
TEXT
  5
AFA
330
1F
100
AcDbEntity
  8
SYSTEM_ANNOTATION
  6
CONTINUOUS
 62
     3
100
AcDbText
 10
15.560909199
 20
-27.830670052
 30
0.0
 40
1.85792
  1
Section C-C
 41
0.8
  7
ARIAL
100
AcDbText
  0
TEXT
  5
AFB
330
1F
100
AcDbEntity
  8
SYSTEM_ANNOTATION
  6
CONTINUOUS
 62
     1
100
AcDbText
 10
19.539304381
 20
-30.791264923
 30
0.0
 40
1.238613333
  1
611C1
 41
0.8
  7
ARIAL
100
AcDbText
  0
TEXT
  5
AFC
330
1F
100
AcDbEntity
  8
SYSTEM_ANNOTATION
  6
CONTINUOUS
 62
     3
100
AcDbText
 10
15.560909199
 20
2.075557683
 30
0.0
 40
1.85792
  1
Section D-D
 41
0.8
  7
ARIAL
100
AcDbText
  0
TEXT
  5
AFD
330
1F
100
AcDbEntity
  8
SYSTEM_ANNOTATION
  6
CONTINUOUS
 62
     1
100
AcDbText
 10
19.539304381
 20
-0.885037189
 30
0.0
 40
1.238613333
  1
611C1
 41
0.8
  7
ARIAL
100
AcDbText
  0
TEXT
  5
AFE
330
1F
100
AcDbEntity
  8
SYSTEM_ANNOTATION
  6
CONTINUOUS
 62
     3
100
AcDbText
 10
16.552335598
 20
72.007520787
 30
0.0
 40
1.85792
  1
Section E-E
 41
0.8
  7
ARIAL
100
AcDbText
  0
TEXT
  5
AFF
330
1F
100
AcDbEntity
  8
SYSTEM_ANNOTATION
  6
CONTINUOUS
 62
     1
100
AcDbText
 10
20.402590546
 20
69.046925915
 30
0.0
 40
1.238613333
  1
611C1
 41
0.8
  7
ARIAL
100
AcDbText
  0
TEXT
  5
B00
330
1F
100
AcDbEntity
  8
SYSTEM_ANNOTATION
  6
CONTINUOUS
 62
     3
100
AcDbText
 10
-188.115936509
 20
-110.31276806
 30
0.0
 40
2.167573333
  1
ONE COLUMN 611C1
 41
0.8
  7
ARIAL
 72
     1
 11
-176.0
 21
-110.31276806
 31
0.0
100
AcDbText
  0
TEXT
  5
B01
330
1F
100
AcDbEntity
  8
SYSTEM_ANNOTATION
  6
CONTINUOUS
 62
     1
100
AcDbText
 10
-182.312459144
 20
-114.570060367
 30
0.0
 40
1.238613333
  1
W
 41
0.8
  7
ARIAL
100
AcDbText
  0
TEXT
  5
B02
330
1F
100
AcDbEntity
  8
SYSTEM_ANNOTATION
  6
CONTINUOUS
 62
     1
100
AcDbText
 10
-181.796874248
 20
-117.770060367
 30
0.0
 40
1.238613333
  1
F
 41
0.8
  7
ARIAL
100
AcDbText
  0
TEXT
  5
B03
330
1F
100
AcDbEntity
  8
SYSTEM_ANNOTATION
  6
CONTINUOUS
 62
     1
100
AcDbText
 10
-181.88381305
 20
-120.970060367
 30
0.0
 40
1.238613333
  1
K
 41
0.8
  7
ARIAL
100
AcDbText
  0
MTEXT
  5
B04
330
1F
100
AcDbEntity
  8
SYSTEM_ANNOTATION
  6
CONTINUOUS
 62
     1
100
AcDbMText
 10
-179.851131279
 20
-114.855894214
 30
0.0
 40
1.238613333
 41
0.0
 71
     7
 72
     1
  1
\A1;15x{\H0.70x;\S3#4;}
  7
ARIAL
  0
MTEXT
  5
B05
330
1F
100
AcDbEntity
  8
SYSTEM_ANNOTATION
  6
CONTINUOUS
 62
     1
100
AcDbMText
 10
-179.851131279
 20
-118.055894214
 30
0.0
 40
1.238613333
 41
0.0
 71
     7
 72
     1
  1
\A1;15{\H0.70x;\S5#8;}x1{\H0.70x;\S3#16;}
  7
ARIAL
  0
MTEXT
  5
B06
330
1F
100
AcDbEntity
  8
SYSTEM_ANNOTATION
  6
CONTINUOUS
 62
     1
100
AcDbMText
 10
-179.851131279
 20
-121.255894214
 30
0.0
 40
1.238613333
 41
0.0
 71
     7
 72
     1
  1
\A1;2{\H0.70x;\S1#2;}x1{\H0.70x;\S11#16;}
  7
ARIAL
  0
TEXT
  5
B07
330
1F
100
AcDbEntity
  8
SYSTEM_ANNOTATION
  6
CONTINUOUS
 62
     1
100
AcDbText
 10
-195.551302279
 20
-128.881032633
 30
0.0
 40
1.238613333
  1
  KK & 9.4
 41
0.8
  7
ARIAL
100
AcDbText
  0
TEXT
  5
B08
330
1F
100
AcDbEntity
  8
SYSTEM_ANNOTATION
  6
CONTINUOUS
 62
     1
100
AcDbText
 10
-195.551302279
 20
-126.142460367
 30
0.0
 40
1.238613333
  1
AT GRID:
 41
0.8
  7
ARIAL
100
AcDbText
  0
LINE
  5
B09
330
1F
100
AcDbEntity
  8
SYSTEM_ANNOTATION
  6
SDS2_6
 62
     1
100
AcDbLine
 10
-176.0
 20
-36.0
 30
0.0
 11
-176.0
 21
-23.053929199
 31
0.0
  0
LINE
  5
B0A
330
1F
100
AcDbEntity
  8
SYSTEM_ANNOTATION
  6
SDS2_6
 62
     1
100
AcDbLine
 10
-176.0
 20
-18.946070801
 30
0.0
 11
-176.0
 21
77.75
 31
0.0
  0
LINE
  5
B0B
330
1F
100
AcDbEntity
  8
SYSTEM_ANNOTATION
  6
SDS2_6
 62
     1
100
AcDbLine
 10
-222.627786426
 20
-36.0
 30
0.0
 11
-222.627786426
 21
-23.053929199
 31
0.0
  0
LINE
  5
B0C
330
1F
100
AcDbEntity
  8
SYSTEM_ANNOTATION
  6
SDS2_6
 62
     1
100
AcDbLine
 10
-222.627786426
 20
-18.946070801
 30
0.0
 11
-222.627786426
 21
77.75
 31
0.0
  0
LINE
  5
B0D
330
1F
100
AcDbEntity
  8
SYSTEM_ANNOTATION
  6
SDS2_6
 62
     1
100
AcDbLine
 10
-121.261427734
 20
-36.0
 30
0.0
 11
-121.261427734
 21
-23.053929199
 31
0.0
  0
LINE
  5
B0E
330
1F
100
AcDbEntity
  8
SYSTEM_ANNOTATION
  6
SDS2_6
 62
     1
100
AcDbLine
 10
-121.261427734
 20
-18.946070801
 30
0.0
 11
-121.261427734
 21
77.75
 31
0.0
  0
LINE
  5
B0F
330
1F
100
AcDbEntity
  8
SYSTEM_ANNOTATION
  6
SDS2_6
 62
     1
100
AcDbLine
 10
-61.261427734
 20
-36.0
 30
0.0
 11
-61.261427734
 21
77.75
 31
0.0
  0
LINE
  5
B10
330
1F
100
AcDbEntity
  8
SYSTEM_ANNOTATION
  6
CONTINUOUS
 62
     3
100
AcDbLine
 10
-175.75
 20
87.366626221
 30
0.0
 11
-175.75
 21
84.366626221
 31
0.0
  0
LINE
  5
B11
330
1F
100
AcDbEntity
  8
SYSTEM_ANNOTATION
  6
CONTINUOUS
 62
     3
100
AcDbLine
 10
-176.25
 20
87.366626221
 30
0.0
 11
-176.25
 21
84.366626221
 31
0.0
  0
LINE
  5
B12
330
1F
100
AcDbEntity
  8
SYSTEM_ANNOTATION
  6
CONTINUOUS
 62
     3
100
AcDbLine
 10
-175.75
 20
87.366626221
 30
0.0
 11
-178.75
 21
87.366626221
 31
0.0
  0
LINE
  5
B13
330
1F
100
AcDbEntity
  8
SYSTEM_ANNOTATION
  6
CONTINUOUS
 62
     3
100
AcDbLine
 10
-178.75
 20
87.366626221
 30
0.0
 11
-177.75
 21
87.116626221
 31
0.0
  0
LINE
  5
B14
330
1F
100
AcDbEntity
  8
SYSTEM_ANNOTATION
  6
CONTINUOUS
 62
     3
100
AcDbLine
 10
-178.75
 20
87.366626221
 30
0.0
 11
-177.75
 21
87.616626221
 31
0.0
  0
LINE
  5
B15
330
1F
100
AcDbEntity
  8
SYSTEM_ANNOTATION
  6
CONTINUOUS
 62
     3
100
AcDbLine
 10
-175.75
 20
-37.87220874
 30
0.0
 11
-175.75
 21
-34.87220874
 31
0.0
  0
LINE
  5
B16
330
1F
100
AcDbEntity
  8
SYSTEM_ANNOTATION
  6
CONTINUOUS
 62
     3
100
AcDbLine
 10
-176.25
 20
-37.87220874
 30
0.0
 11
-176.25
 21
-34.87220874
 31
0.0
  0
LINE
  5
B17
330
1F
100
AcDbEntity
  8
SYSTEM_ANNOTATION
  6
CONTINUOUS
 62
     3
100
AcDbLine
 10
-175.75
 20
-37.87220874
 30
0.0
 11
-178.75
 21
-37.87220874
 31
0.0
  0
LINE
  5
B18
330
1F
100
AcDbEntity
  8
SYSTEM_ANNOTATION
  6
CONTINUOUS
 62
     3
100
AcDbLine
 10
-178.75
 20
-37.87220874
 30
0.0
 11
-177.75
 21
-38.12220874
 31
0.0
  0
LINE
  5
B19
330
1F
100
AcDbEntity
  8
SYSTEM_ANNOTATION
  6
CONTINUOUS
 62
     3
100
AcDbLine
 10
-178.75
 20
-37.87220874
 30
0.0
 11
-177.75
 21
-37.62220874
 31
0.0
  0
LINE
  5
B1A
330
1F
100
AcDbEntity
  8
SYSTEM_ANNOTATION
  6
CONTINUOUS
 62
     3
100
AcDbLine
 10
-191.5
 20
-8.701804721
 30
0.0
 11
-188.5
 21
-8.701804721
 31
0.0
  0
LINE
  5
B1B
330
1F
100
AcDbEntity
  8
SYSTEM_ANNOTATION
  6
CONTINUOUS
 62
     3
100
AcDbLine
 10
-191.5
 20
-9.201804721
 30
0.0
 11
-188.5
 21
-9.201804721
 31
0.0
  0
LINE
  5
B1C
330
1F
100
AcDbEntity
  8
SYSTEM_ANNOTATION
  6
CONTINUOUS
 62
     3
100
AcDbLine
 10
-191.5
 20
-8.701804721
 30
0.0
 11
-191.5
 21
-11.701804721
 31
0.0
  0
LINE
  5
B1D
330
1F
100
AcDbEntity
  8
SYSTEM_ANNOTATION
  6
CONTINUOUS
 62
     3
100
AcDbLine
 10
-191.5
 20
-11.701804721
 30
0.0
 11
-191.25
 21
-10.701804721
 31
0.0
  0
LINE
  5
B1E
330
1F
100
AcDbEntity
  8
SYSTEM_ANNOTATION
  6
CONTINUOUS
 62
     3
100
AcDbLine
 10
-191.5
 20
-11.701804721
 30
0.0
 11
-191.75
 21
-10.701804721
 31
0.0
  0
LINE
  5
B1F
330
1F
100
AcDbEntity
  8
SYSTEM_ANNOTATION
  6
CONTINUOUS
 62
     3
100
AcDbLine
 10
-160.5
 20
-8.701804721
 30
0.0
 11
-163.5
 21
-8.701804721
 31
0.0
  0
LINE
  5
B20
330
1F
100
AcDbEntity
  8
SYSTEM_ANNOTATION
  6
CONTINUOUS
 62
     3
100
AcDbLine
 10
-160.5
 20
-9.201804721
 30
0.0
 11
-163.5
 21
-9.201804721
 31
0.0
  0
LINE
  5
B21
330
1F
100
AcDbEntity
  8
SYSTEM_ANNOTATION
  6
CONTINUOUS
 62
     3
100
AcDbLine
 10
-160.5
 20
-8.701804721
 30
0.0
 11
-160.5
 21
-11.701804721
 31
0.0
  0
LINE
  5
B22
330
1F
100
AcDbEntity
  8
SYSTEM_ANNOTATION
  6
CONTINUOUS
 62
     3
100
AcDbLine
 10
-160.5
 20
-11.701804721
 30
0.0
 11
-160.25
 21
-10.701804721
 31
0.0
  0
LINE
  5
B23
330
1F
100
AcDbEntity
  8
SYSTEM_ANNOTATION
  6
CONTINUOUS
 62
     3
100
AcDbLine
 10
-160.5
 20
-11.701804721
 30
0.0
 11
-160.75
 21
-10.701804721
 31
0.0
  0
LINE
  5
B24
330
1F
100
AcDbEntity
  8
SYSTEM_ANNOTATION
  6
CONTINUOUS
 62
     3
100
AcDbLine
 10
-191.5
 20
-0.35722773
 30
0.0
 11
-188.5
 21
-0.35722773
 31
0.0
  0
LINE
  5
B25
330
1F
100
AcDbEntity
  8
SYSTEM_ANNOTATION
  6
CONTINUOUS
 62
     3
100
AcDbLine
 10
-191.5
 20
-0.85722773
 30
0.0
 11
-188.5
 21
-0.85722773
 31
0.0
  0
LINE
  5
B26
330
1F
100
AcDbEntity
  8
SYSTEM_ANNOTATION
  6
CONTINUOUS
 62
     3
100
AcDbLine
 10
-191.5
 20
-0.35722773
 30
0.0
 11
-191.5
 21
-3.35722773
 31
0.0
  0
LINE
  5
B27
330
1F
100
AcDbEntity
  8
SYSTEM_ANNOTATION
  6
CONTINUOUS
 62
     3
100
AcDbLine
 10
-191.5
 20
-3.35722773
 30
0.0
 11
-191.25
 21
-2.35722773
 31
0.0
  0
LINE
  5
B28
330
1F
100
AcDbEntity
  8
SYSTEM_ANNOTATION
  6
CONTINUOUS
 62
     3
100
AcDbLine
 10
-191.5
 20
-3.35722773
 30
0.0
 11
-191.75
 21
-2.35722773
 31
0.0
  0
LINE
  5
B29
330
1F
100
AcDbEntity
  8
SYSTEM_ANNOTATION
  6
CONTINUOUS
 62
     3
100
AcDbLine
 10
-160.5
 20
-0.35722773
 30
0.0
 11
-163.5
 21
-0.35722773
 31
0.0
  0
LINE
  5
B2A
330
1F
100
AcDbEntity
  8
SYSTEM_ANNOTATION
  6
CONTINUOUS
 62
     3
100
AcDbLine
 10
-160.5
 20
-0.85722773
 30
0.0
 11
-163.5
 21
-0.85722773
 31
0.0
  0
LINE
  5
B2B
330
1F
100
AcDbEntity
  8
SYSTEM_ANNOTATION
  6
CONTINUOUS
 62
     3
100
AcDbLine
 10
-160.5
 20
-0.35722773
 30
0.0
 11
-160.5
 21
-3.35722773
 31
0.0
  0
LINE
  5
B2C
330
1F
100
AcDbEntity
  8
SYSTEM_ANNOTATION
  6
CONTINUOUS
 62
     3
100
AcDbLine
 10
-160.5
 20
-3.35722773
 30
0.0
 11
-160.25
 21
-2.35722773
 31
0.0
  0
LINE
  5
B2D
330
1F
100
AcDbEntity
  8
SYSTEM_ANNOTATION
  6
CONTINUOUS
 62
     3
100
AcDbLine
 10
-160.5
 20
-3.35722773
 30
0.0
 11
-160.75
 21
-2.35722773
 31
0.0
  0
LINE
  5
B2E
330
1F
100
AcDbEntity
  8
SYSTEM_ANNOTATION
  6
CONTINUOUS
 62
     3
100
AcDbLine
 10
-191.5
 20
14.756313221
 30
0.0
 11
-188.5
 21
14.756313221
 31
0.0
  0
LINE
  5
B2F
330
1F
100
AcDbEntity
  8
SYSTEM_ANNOTATION
  6
CONTINUOUS
 62
     3
100
AcDbLine
 10
-191.5
 20
14.256313221
 30
0.0
 11
-188.5
 21
14.256313221
 31
0.0
  0
LINE
  5
B30
330
1F
100
AcDbEntity
  8
SYSTEM_ANNOTATION
  6
CONTINUOUS
 62
     3
100
AcDbLine
 10
-191.5
 20
14.756313221
 30
0.0
 11
-191.5
 21
11.756313221
 31
0.0
  0
LINE
  5
B31
330
1F
100
AcDbEntity
  8
SYSTEM_ANNOTATION
  6
CONTINUOUS
 62
     3
100
AcDbLine
 10
-191.5
 20
11.756313221
 30
0.0
 11
-191.25
 21
12.756313221
 31
0.0
  0
LINE
  5
B32
330
1F
100
AcDbEntity
  8
SYSTEM_ANNOTATION
  6
CONTINUOUS
 62
     3
100
AcDbLine
 10
-191.5
 20
11.756313221
 30
0.0
 11
-191.75
 21
12.756313221
 31
0.0
  0
LINE
  5
B33
330
1F
100
AcDbEntity
  8
SYSTEM_ANNOTATION
  6
CONTINUOUS
 62
     3
100
AcDbLine
 10
-160.5
 20
14.756313221
 30
0.0
 11
-163.5
 21
14.756313221
 31
0.0
  0
LINE
  5
B34
330
1F
100
AcDbEntity
  8
SYSTEM_ANNOTATION
  6
CONTINUOUS
 62
     3
100
AcDbLine
 10
-160.5
 20
14.256313221
 30
0.0
 11
-163.5
 21
14.256313221
 31
0.0
  0
LINE
  5
B35
330
1F
100
AcDbEntity
  8
SYSTEM_ANNOTATION
  6
CONTINUOUS
 62
     3
100
AcDbLine
 10
-160.5
 20
14.756313221
 30
0.0
 11
-160.5
 21
11.756313221
 31
0.0
  0
LINE
  5
B36
330
1F
100
AcDbEntity
  8
SYSTEM_ANNOTATION
  6
CONTINUOUS
 62
     3
100
AcDbLine
 10
-160.5
 20
11.756313221
 30
0.0
 11
-160.25
 21
12.756313221
 31
0.0
  0
LINE
  5
B37
330
1F
100
AcDbEntity
  8
SYSTEM_ANNOTATION
  6
CONTINUOUS
 62
     3
100
AcDbLine
 10
-160.5
 20
11.756313221
 30
0.0
 11
-160.75
 21
12.756313221
 31
0.0
  0
LINE
  5
B38
330
1F
100
AcDbEntity
  8
SYSTEM_ANNOTATION
  6
CONTINUOUS
 62
     3
100
AcDbLine
 10
-193.74813916
 20
51.99663134
 30
0.0
 11
-190.74813916
 21
51.99663134
 31
0.0
  0
LINE
  5
B39
330
1F
100
AcDbEntity
  8
SYSTEM_ANNOTATION
  6
CONTINUOUS
 62
     3
100
AcDbLine
 10
-193.74813916
 20
51.49663134
 30
0.0
 11
-190.74813916
 21
51.49663134
 31
0.0
  0
LINE
  5
B3A
330
1F
100
AcDbEntity
  8
SYSTEM_ANNOTATION
  6
CONTINUOUS
 62
     3
100
AcDbLine
 10
-193.74813916
 20
51.99663134
 30
0.0
 11
-193.74813916
 21
48.99663134
 31
0.0
  0
LINE
  5
B3B
330
1F
100
AcDbEntity
  8
SYSTEM_ANNOTATION
  6
CONTINUOUS
 62
     3
100
AcDbLine
 10
-193.74813916
 20
48.99663134
 30
0.0
 11
-193.49813916
 21
49.99663134
 31
0.0
  0
LINE
  5
B3C
330
1F
100
AcDbEntity
  8
SYSTEM_ANNOTATION
  6
CONTINUOUS
 62
     3
100
AcDbLine
 10
-193.74813916
 20
48.99663134
 30
0.0
 11
-193.99813916
 21
49.99663134
 31
0.0
  0
LINE
  5
B3D
330
1F
100
AcDbEntity
  8
SYSTEM_ANNOTATION
  6
CONTINUOUS
 62
     3
100
AcDbLine
 10
-158.25186084
 20
51.99663134
 30
0.0
 11
-161.25186084
 21
51.99663134
 31
0.0
  0
LINE
  5
B3E
330
1F
100
AcDbEntity
  8
SYSTEM_ANNOTATION
  6
CONTINUOUS
 62
     3
100
AcDbLine
 10
-158.25186084
 20
51.49663134
 30
0.0
 11
-161.25186084
 21
51.49663134
 31
0.0
  0
LINE
  5
B3F
330
1F
100
AcDbEntity
  8
SYSTEM_ANNOTATION
  6
CONTINUOUS
 62
     3
100
AcDbLine
 10
-158.25186084
 20
51.99663134
 30
0.0
 11
-158.25186084
 21
48.99663134
 31
0.0
  0
LINE
  5
B40
330
1F
100
AcDbEntity
  8
SYSTEM_ANNOTATION
  6
CONTINUOUS
 62
     3
100
AcDbLine
 10
-158.25186084
 20
48.99663134
 30
0.0
 11
-158.00186084
 21
49.99663134
 31
0.0
  0
LINE
  5
B41
330
1F
100
AcDbEntity
  8
SYSTEM_ANNOTATION
  6
CONTINUOUS
 62
     3
100
AcDbLine
 10
-158.25186084
 20
48.99663134
 30
0.0
 11
-158.50186084
 21
49.99663134
 31
0.0
  0
LINE
  5
B42
330
1F
100
AcDbEntity
  8
SYSTEM_ANNOTATION
  6
CONTINUOUS
 62
     3
100
AcDbLine
 10
-200.048039937
 20
65.203419273
 30
0.0
 11
-197.048039937
 21
65.203419273
 31
0.0
  0
LINE
  5
B43
330
1F
100
AcDbEntity
  8
SYSTEM_ANNOTATION
  6
CONTINUOUS
 62
     3
100
AcDbLine
 10
-200.048039937
 20
64.703419273
 30
0.0
 11
-197.048039937
 21
64.703419273
 31
0.0
  0
LINE
  5
B44
330
1F
100
AcDbEntity
  8
SYSTEM_ANNOTATION
  6
CONTINUOUS
 62
     3
100
AcDbLine
 10
-200.048039937
 20
65.203419273
 30
0.0
 11
-200.048039937
 21
62.203419273
 31
0.0
  0
LINE
  5
B45
330
1F
100
AcDbEntity
  8
SYSTEM_ANNOTATION
  6
CONTINUOUS
 62
     3
100
AcDbLine
 10
-200.048039937
 20
62.203419273
 30
0.0
 11
-199.798039937
 21
63.203419273
 31
0.0
  0
LINE
  5
B46
330
1F
100
AcDbEntity
  8
SYSTEM_ANNOTATION
  6
CONTINUOUS
 62
     3
100
AcDbLine
 10
-200.048039937
 20
62.203419273
 30
0.0
 11
-200.298039937
 21
63.203419273
 31
0.0
  0
LINE
  5
B47
330
1F
100
AcDbEntity
  8
SYSTEM_ANNOTATION
  6
CONTINUOUS
 62
     3
100
AcDbLine
 10
-160.5
 20
65.203419273
 30
0.0
 11
-163.5
 21
65.203419273
 31
0.0
  0
LINE
  5
B48
330
1F
100
AcDbEntity
  8
SYSTEM_ANNOTATION
  6
CONTINUOUS
 62
     3
100
AcDbLine
 10
-160.5
 20
64.703419273
 30
0.0
 11
-163.5
 21
64.703419273
 31
0.0
  0
LINE
  5
B49
330
1F
100
AcDbEntity
  8
SYSTEM_ANNOTATION
  6
CONTINUOUS
 62
     3
100
AcDbLine
 10
-160.5
 20
65.203419273
 30
0.0
 11
-160.5
 21
62.203419273
 31
0.0
  0
LINE
  5
B4A
330
1F
100
AcDbEntity
  8
SYSTEM_ANNOTATION
  6
CONTINUOUS
 62
     3
100
AcDbLine
 10
-160.5
 20
62.203419273
 30
0.0
 11
-160.25
 21
63.203419273
 31
0.0
  0
LINE
  5
B4B
330
1F
100
AcDbEntity
  8
SYSTEM_ANNOTATION
  6
CONTINUOUS
 62
     3
100
AcDbLine
 10
-160.5
 20
62.203419273
 30
0.0
 11
-160.75
 21
63.203419273
 31
0.0
  0
LINE
  5
B4C
330
1F
100
AcDbEntity
  8
SYSTEM_ANNOTATION
  6
CONTINUOUS
 62
     3
100
AcDbLine
 10
-70.761427734
 20
-44.2
 30
0.0
 11
-51.761427734
 21
-44.2
 31
0.0
  0
LINE
  5
B4D
330
1F
100
AcDbEntity
  8
SYSTEM_ANNOTATION
  6
CONTINUOUS
 62
     3
100
AcDbLine
 10
12.320502949
 20
-68.426275139
 30
0.0
 11
31.320502949
 21
-68.426275139
 31
0.0
  0
LINE
  5
B4E
330
1F
100
AcDbEntity
  8
SYSTEM_ANNOTATION
  6
CONTINUOUS
 62
     3
100
AcDbLine
 10
12.320502949
 20
-28.745254667
 30
0.0
 11
31.320502949
 21
-28.745254667
 31
0.0
  0
LINE
  5
B4F
330
1F
100
AcDbEntity
  8
SYSTEM_ANNOTATION
  6
CONTINUOUS
 62
     3
100
AcDbLine
 10
12.320502949
 20
1.160973067
 30
0.0
 11
31.320502949
 21
1.160973067
 31
0.0
  0
LINE
  5
B50
330
1F
100
AcDbEntity
  8
SYSTEM_ANNOTATION
  6
CONTINUOUS
 62
     3
100
AcDbLine
 10
13.183789113
 20
71.092936172
 30
0.0
 11
32.183789113
 21
71.092936172
 31
0.0
  0
LINE
  5
B51
330
1F
100
AcDbEntity
  8
SYSTEM_ANNOTATION
  6
CONTINUOUS
 62
     3
100
AcDbLine
 10
-195.551302279
 20
-111.346450111
 30
0.0
 11
-156.448697721
 21
-111.346450111
 31
0.0
  0
LINE
  5
B52
330
1F
100
AcDbEntity
  8
SYSTEM_ANNOTATION
  6
CONTINUOUS
 62
     3
100
AcDbLine
 10
-195.551302279
 20
-111.846450111
 30
0.0
 11
-156.448697721
 21
-111.846450111
 31
0.0
  0
LINE
  5
B53
330
1F
100
AcDbEntity
  8
SYSTEM_ANNOTATION
  6
CONTINUOUS
 62
     1
100
AcDbLine
 10
-182.541795212
 20
-115.446450111
 30
0.0
 11
-170.919532653
 21
-115.446450111
 31
0.0
  0
LINE
  5
B54
330
1F
100
AcDbEntity
  8
SYSTEM_ANNOTATION
  6
CONTINUOUS
 62
     1
100
AcDbLine
 10
-182.541795212
 20
-118.646450111
 30
0.0
 11
-170.919532653
 21
-118.646450111
 31
0.0
  0
LINE
  5
B55
330
1F
100
AcDbEntity
  8
SYSTEM_ANNOTATION
  6
CONTINUOUS
 62
     1
100
AcDbLine
 10
-180.351131279
 20
-112.646450111
 30
0.0
 11
-180.351131279
 21
-121.446450111
 31
0.0
  0
LINE
  5
B56
330
1F
100
AcDbEntity
  8
SYSTEM_ANNOTATION
  6
CONTINUOUS
 62
     1
100
AcDbLine
 10
-200.4
 20
-24.5
 30
0.0
 11
-200.4
 21
-30.5
 31
0.0
  0
LINE
  5
B57
330
1F
100
AcDbEntity
  8
SYSTEM_ANNOTATION
  6
CONTINUOUS
 62
     1
100
AcDbLine
 10
-200.4
 20
-30.5
 30
0.0
 11
-200.4
 21
-30.5
 31
0.0
  0
LINE
  5
B58
330
1F
100
AcDbEntity
  8
SYSTEM_ANNOTATION
  6
CONTINUOUS
 62
     1
100
AcDbLine
 10
-200.4
 20
-30.5
 30
0.0
 11
-200.577165354
 21
-29.673228346
 31
0.0
  0
LINE
  5
B59
330
1F
100
AcDbEntity
  8
SYSTEM_ANNOTATION
  6
CONTINUOUS
 62
     1
100
AcDbLine
 10
-200.577165354
 20
-29.673228346
 30
0.0
 11
-200.222834646
 21
-29.673228346
 31
0.0
  0
LINE
  5
B5A
330
1F
100
AcDbEntity
  8
SYSTEM_ANNOTATION
  6
CONTINUOUS
 62
     1
100
AcDbLine
 10
-200.222834646
 20
-29.673228346
 30
0.0
 11
-200.4
 21
-30.5
 31
0.0
  0
LINE
  5
B5B
330
1F
100
AcDbEntity
  8
SYSTEM_ANNOTATION
  6
CONTINUOUS
 62
     1
100
AcDbLine
 10
-212.3
 20
80.75
 30
0.0
 11
-212.3
 21
74.75
 31
0.0
  0
LINE
  5
B5C
330
1F
100
AcDbEntity
  8
SYSTEM_ANNOTATION
  6
CONTINUOUS
 62
     1
100
AcDbLine
 10
-212.3
 20
74.75
 30
0.0
 11
-212.3
 21
74.75
 31
0.0
  0
LINE
  5
B5D
330
1F
100
AcDbEntity
  8
SYSTEM_ANNOTATION
  6
CONTINUOUS
 62
     1
100
AcDbLine
 10
-212.3
 20
74.75
 30
0.0
 11
-212.477165354
 21
75.576771654
 31
0.0
  0
LINE
  5
B5E
330
1F
100
AcDbEntity
  8
SYSTEM_ANNOTATION
  6
CONTINUOUS
 62
     1
100
AcDbLine
 10
-212.477165354
 20
75.576771654
 30
0.0
 11
-212.122834646
 21
75.576771654
 31
0.0
  0
LINE
  5
B5F
330
1F
100
AcDbEntity
  8
SYSTEM_ANNOTATION
  6
CONTINUOUS
 62
     1
100
AcDbLine
 10
-212.122834646
 20
75.576771654
 30
0.0
 11
-212.3
 21
74.75
 31
0.0
  0
LINE
  5
B60
330
1F
100
AcDbEntity
  8
SYSTEM_ANNOTATION
  6
CONTINUOUS
 62
     1
100
AcDbLine
 10
-205.3
 20
-27.0
 30
0.0
 11
-205.3
 21
-33.0
 31
0.0
  0
LINE
  5
B61
330
1F
100
AcDbEntity
  8
SYSTEM_ANNOTATION
  6
CONTINUOUS
 62
     1
100
AcDbLine
 10
-205.3
 20
-33.0
 30
0.0
 11
-205.3
 21
-33.0
 31
0.0
  0
LINE
  5
B62
330
1F
100
AcDbEntity
  8
SYSTEM_ANNOTATION
  6
CONTINUOUS
 62
     1
100
AcDbLine
 10
-205.3
 20
-33.0
 30
0.0
 11
-205.477165354
 21
-32.173228346
 31
0.0
  0
LINE
  5
B63
330
1F
100
AcDbEntity
  8
SYSTEM_ANNOTATION
  6
CONTINUOUS
 62
     1
100
AcDbLine
 10
-205.477165354
 20
-32.173228346
 30
0.0
 11
-205.122834646
 21
-32.173228346
 31
0.0
  0
LINE
  5
B64
330
1F
100
AcDbEntity
  8
SYSTEM_ANNOTATION
  6
CONTINUOUS
 62
     1
100
AcDbLine
 10
-205.122834646
 20
-32.173228346
 30
0.0
 11
-205.3
 21
-33.0
 31
0.0
  0
LINE
  5
B65
330
1F
100
AcDbEntity
  8
SYSTEM_ANNOTATION
  6
CONTINUOUS
 62
     1
100
AcDbLine
 10
-191.78
 20
-21.0
 30
0.0
 11
-183.5
 21
-21.0
 31
0.0
  0
LINE
  5
B66
330
1F
100
AcDbEntity
  8
SYSTEM_ANNOTATION
  6
CONTINUOUS
 62
     1
100
AcDbLine
 10
-183.5
 20
-21.0
 30
0.0
 11
-183.5
 21
-21.0
 31
0.0
  0
LINE
  5
B67
330
1F
100
AcDbEntity
  8
SYSTEM_ANNOTATION
  6
CONTINUOUS
 62
     1
100
AcDbLine
 10
-183.5
 20
-21.0
 30
0.0
 11
-184.326771654
 21
-21.177165354
 31
0.0
  0
LINE
  5
B68
330
1F
100
AcDbEntity
  8
SYSTEM_ANNOTATION
  6
CONTINUOUS
 62
     1
100
AcDbLine
 10
-184.326771654
 20
-21.177165354
 30
0.0
 11
-184.326771654
 21
-20.822834646
 31
0.0
  0
LINE
  5
B69
330
1F
100
AcDbEntity
  8
SYSTEM_ANNOTATION
  6
CONTINUOUS
 62
     1
100
AcDbLine
 10
-184.326771654
 20
-20.822834646
 30
0.0
 11
-183.5
 21
-21.0
 31
0.0
  0
LINE
  5
B6A
330
1F
100
AcDbEntity
  8
SYSTEM_ANNOTATION
  6
CONTINUOUS
 62
     1
100
AcDbLine
 10
-258.927786426
 20
19.75
 30
0.0
 11
-258.927786426
 21
13.75
 31
0.0
  0
LINE
  5
B6B
330
1F
100
AcDbEntity
  8
SYSTEM_ANNOTATION
  6
CONTINUOUS
 62
     1
100
AcDbLine
 10
-258.927786426
 20
13.75
 30
0.0
 11
-258.927786426
 21
13.75
 31
0.0
  0
LINE
  5
B6C
330
1F
100
AcDbEntity
  8
SYSTEM_ANNOTATION
  6
CONTINUOUS
 62
     1
100
AcDbLine
 10
-258.927786426
 20
13.75
 30
0.0
 11
-259.10495178
 21
14.576771654
 31
0.0
  0
LINE
  5
B6D
330
1F
100
AcDbEntity
  8
SYSTEM_ANNOTATION
  6
CONTINUOUS
 62
     1
100
AcDbLine
 10
-259.10495178
 20
14.576771654
 30
0.0
 11
-258.750621071
 21
14.576771654
 31
0.0
  0
LINE
  5
B6E
330
1F
100
AcDbEntity
  8
SYSTEM_ANNOTATION
  6
CONTINUOUS
 62
     1
100
AcDbLine
 10
-258.750621071
 20
14.576771654
 30
0.0
 11
-258.927786426
 21
13.75
 31
0.0
  0
LINE
  5
B6F
330
1F
100
AcDbEntity
  8
SYSTEM_ANNOTATION
  6
CONTINUOUS
 62
     1
100
AcDbLine
 10
-139.561427734
 20
19.75
 30
0.0
 11
-139.561427734
 21
13.75
 31
0.0
  0
LINE
  5
B70
330
1F
100
AcDbEntity
  8
SYSTEM_ANNOTATION
  6
CONTINUOUS
 62
     1
100
AcDbLine
 10
-139.561427734
 20
13.75
 30
0.0
 11
-139.561427734
 21
13.75
 31
0.0
  0
LINE
  5
B71
330
1F
100
AcDbEntity
  8
SYSTEM_ANNOTATION
  6
CONTINUOUS
 62
     1
100
AcDbLine
 10
-139.561427734
 20
13.75
 30
0.0
 11
-139.738593089
 21
14.576771654
 31
0.0
  0
LINE
  5
B72
330
1F
100
AcDbEntity
  8
SYSTEM_ANNOTATION
  6
CONTINUOUS
 62
     1
100
AcDbLine
 10
-139.738593089
 20
14.576771654
 30
0.0
 11
-139.38426238
 21
14.576771654
 31
0.0
  0
LINE
  5
B73
330
1F
100
AcDbEntity
  8
SYSTEM_ANNOTATION
  6
CONTINUOUS
 62
     1
100
AcDbLine
 10
-139.38426238
 20
14.576771654
 30
0.0
 11
-139.561427734
 21
13.75
 31
0.0
  0
ARC
  5
B74
330
1F
100
AcDbEntity
  8
SYSTEM_ANNOTATION
  6
CONTINUOUS
 62
     1
100
AcDbCircle
 10
-43.661306576
 20
71.474738974
 30
0.0
 40
8.026005982836137
100
AcDbArc
 50
190.157716064
 51
235.157716064
  0
LINE
  5
B75
330
1F
100
AcDbEntity
  8
SYSTEM_ANNOTATION
  6
CONTINUOUS
 62
     1
100
AcDbLine
 10
-51.561513161
 20
70.059285707
 30
0.0
 11
-51.561513161
 21
70.059285707
 31
0.0
  0
LINE
  5
B76
330
1F
100
AcDbEntity
  8
SYSTEM_ANNOTATION
  6
CONTINUOUS
 62
     1
100
AcDbLine
 10
-51.561513161
 20
70.059285707
 30
0.0
 11
-51.201434794
 21
69.294248127
 31
0.0
  0
LINE
  5
B77
330
1F
100
AcDbEntity
  8
SYSTEM_ANNOTATION
  6
CONTINUOUS
 62
     1
100
AcDbLine
 10
-51.201434794
 20
69.294248127
 30
0.0
 11
-51.546530245
 21
69.213877852
 31
0.0
  0
LINE
  5
B78
330
1F
100
AcDbEntity
  8
SYSTEM_ANNOTATION
  6
CONTINUOUS
 62
     1
100
AcDbLine
 10
-51.546530245
 20
69.213877852
 30
0.0
 11
-51.561513161
 21
70.059285707
 31
0.0
  0
ARC
  5
B79
330
1F
100
AcDbEntity
  8
SYSTEM_ANNOTATION
  6
CONTINUOUS
 62
     1
100
AcDbCircle
 10
-51.448052239
 20
69.767373473
 30
0.0
 40
0.3131870585964012
100
AcDbArc
 50
58.110087142
 51
111.240189496
  0
ARC
  5
B7A
330
1F
100
AcDbEntity
  8
SYSTEM_ANNOTATION
  6
CONTINUOUS
 62
     1
100
AcDbCircle
 10
-51.674974083
 20
70.351197942
 30
0.0
 40
0.3131870585964012
100
AcDbArc
 50
238.110087142
 51
291.240189496
  0
LINE
  5
B7B
330
1F
100
AcDbEntity
  8
SYSTEM_ANNOTATION
  6
CONTINUOUS
 62
     1
100
AcDbLine
 10
-194.84
 20
-30.5
 30
0.0
 11
-196.16
 21
-30.5
 31
0.0
  0
LINE
  5
B7C
330
1F
100
AcDbEntity
  8
SYSTEM_ANNOTATION
  6
CONTINUOUS
 62
     1
100
AcDbLine
 10
-195.5
 20
-29.84
 30
0.0
 11
-195.5
 21
-31.16
 31
0.0
  0
CIRCLE
  5
B7D
330
1F
100
AcDbEntity
  8
SYSTEM_ANNOTATION
  6
CONTINUOUS
 62
     1
100
AcDbCircle
 10
-195.5
 20
-30.5
 30
0.0
 40
0.55
  0
LINE
  5
B7E
330
1F
100
AcDbEntity
  8
SYSTEM_ANNOTATION
  6
CONTINUOUS
 62
     3
100
AcDbLine
 10
-195.5
 20
-30.6
 30
0.0
 11
-196.040832691
 21
-30.6
 31
0.0
  0
LINE
  5
B7F
330
1F
100
AcDbEntity
  8
SYSTEM_ANNOTATION
  6
CONTINUOUS
 62
     3
100
AcDbLine
 10
-195.5
 20
-30.4
 30
0.0
 11
-194.959167309
 21
-30.4
 31
0.0
  0
LINE
  5
B80
330
1F
100
AcDbEntity
  8
SYSTEM_ANNOTATION
  6
CONTINUOUS
 62
     3
100
AcDbLine
 10
-195.5
 20
-30.7
 30
0.0
 11
-196.012347538
 21
-30.7
 31
0.0
  0
LINE
  5
B81
330
1F
100
AcDbEntity
  8
SYSTEM_ANNOTATION
  6
CONTINUOUS
 62
     3
100
AcDbLine
 10
-195.5
 20
-30.3
 30
0.0
 11
-194.987652462
 21
-30.3
 31
0.0
  0
LINE
  5
B82
330
1F
100
AcDbEntity
  8
SYSTEM_ANNOTATION
  6
CONTINUOUS
 62
     3
100
AcDbLine
 10
-195.5
 20
-30.8
 30
0.0
 11
-195.960977223
 21
-30.8
 31
0.0
  0
LINE
  5
B83
330
1F
100
AcDbEntity
  8
SYSTEM_ANNOTATION
  6
CONTINUOUS
 62
     3
100
AcDbLine
 10
-195.5
 20
-30.2
 30
0.0
 11
-195.039022777
 21
-30.2
 31
0.0
  0
LINE
  5
B84
330
1F
100
AcDbEntity
  8
SYSTEM_ANNOTATION
  6
CONTINUOUS
 62
     3
100
AcDbLine
 10
-195.5
 20
-30.9
 30
0.0
 11
-195.877491722
 21
-30.9
 31
0.0
  0
LINE
  5
B85
330
1F
100
AcDbEntity
  8
SYSTEM_ANNOTATION
  6
CONTINUOUS
 62
     3
100
AcDbLine
 10
-195.5
 20
-30.1
 30
0.0
 11
-195.122508278
 21
-30.1
 31
0.0
  0
LINE
  5
B86
330
1F
100
AcDbEntity
  8
SYSTEM_ANNOTATION
  6
CONTINUOUS
 62
     3
100
AcDbLine
 10
-195.5
 20
-31.0
 30
0.0
 11
-195.729128785
 21
-31.0
 31
0.0
  0
LINE
  5
B87
330
1F
100
AcDbEntity
  8
SYSTEM_ANNOTATION
  6
CONTINUOUS
 62
     3
100
AcDbLine
 10
-195.5
 20
-30.0
 30
0.0
 11
-195.270871215
 21
-30.0
 31
0.0
  0
LINE
  5
B88
330
1F
100
AcDbEntity
  8
SYSTEM_ANNOTATION
  6
CONTINUOUS
 62
     1
100
AcDbLine
 10
-192.25
 20
-30.5
 30
0.0
 11
-195.5
 21
-30.5
 31
0.0
  0
CIRCLE
  5
B89
330
1F
100
AcDbEntity
  8
SYSTEM_ANNOTATION
  6
CONTINUOUS
 62
     3
100
AcDbCircle
 10
-176.0
 20
-21.0
 30
0.0
 40
1.5
  0
CIRCLE
  5
B8A
330
1F
100
AcDbEntity
  8
SYSTEM_ANNOTATION
  6
CONTINUOUS
 62
     3
100
AcDbCircle
 10
-222.627786426
 20
-21.0
 30
0.0
 40
1.5
  0
CIRCLE
  5
B8B
330
1F
100
AcDbEntity
  8
SYSTEM_ANNOTATION
  6
CONTINUOUS
 62
     3
100
AcDbCircle
 10
-121.261427734
 20
-21.0
 30
0.0
 40
1.5
  0
MTEXT
  5
B8C
330
1F
100
AcDbEntity
  8
USER_ANNOTATION
  6
CONTINUOUS
 62
     1
100
AcDbMText
 10
-63.340884727
 20
77.940555897
 30
0.0
 40
1.238613333
 41
0.0
 71
     7
 72
     1
  1
\A1;{\H0.70x;\S3#8;}
  7
ARIAL
  0
LINE
  5
B8D
330
1F
100
AcDbEntity
  8
USER_ANNOTATION
  6
CONTINUOUS
 62
     1
100
AcDbLine
 10
-61.261427734
 20
74.75
 30
0.0
 11
-61.261427734
 21
77.75
 31
0.0
  0
LINE
  5
B8E
330
1F
100
AcDbEntity
  8
USER_ANNOTATION
  6
CONTINUOUS
 62
     1
100
AcDbLine
 10
-61.261427734
 20
77.75
 30
0.0
 11
-63.340884727
 21
77.75
 31
0.0
  0
LINE
  5
B8F
330
1F
100
AcDbEntity
  8
USER_ANNOTATION
  6
CONTINUOUS
 62
     1
100
AcDbLine
 10
-61.261427734
 20
77.75
 30
0.0
 11
-61.497648207
 21
77.513779528
 31
0.0
  0
LINE
  5
B90
330
1F
100
AcDbEntity
  8
USER_ANNOTATION
  6
CONTINUOUS
 62
     1
100
AcDbLine
 10
-61.497648207
 20
77.513779528
 30
0.0
 11
-61.025207262
 21
77.986220472
 31
0.0
  0
LINE
  5
B91
330
1F
100
AcDbEntity
  8
USER_ANNOTATION
  6
CONTINUOUS
 62
     1
100
AcDbLine
 10
-61.025207262
 20
77.986220472
 30
0.0
 11
-61.261427734
 21
77.75
 31
0.0
  0
LINE
  5
B92
330
1F
100
AcDbEntity
  8
USER_ANNOTATION
  6
CONTINUOUS
 62
     1
100
AcDbLine
 10
-61.261427734
 20
77.75
 30
0.0
 11
-60.888927734
 21
77.75
 31
0.0
  0
LINE
  5
B93
330
1F
100
AcDbEntity
  8
USER_ANNOTATION
  6
CONTINUOUS
 62
     1
100
AcDbLine
 10
-60.888927734
 20
77.75
 30
0.0
 11
-60.888927734
 21
77.75
 31
0.0
  0
LINE
  5
B94
330
1F
100
AcDbEntity
  8
USER_ANNOTATION
  6
CONTINUOUS
 62
     1
100
AcDbLine
 10
-60.888927734
 20
77.75
 30
0.0
 11
-61.125148207
 21
77.513779528
 31
0.0
  0
LINE
  5
B95
330
1F
100
AcDbEntity
  8
USER_ANNOTATION
  6
CONTINUOUS
 62
     1
100
AcDbLine
 10
-61.125148207
 20
77.513779528
 30
0.0
 11
-60.652707262
 21
77.986220472
 31
0.0
  0
LINE
  5
B96
330
1F
100
AcDbEntity
  8
USER_ANNOTATION
  6
CONTINUOUS
 62
     1
100
AcDbLine
 10
-60.652707262
 20
77.986220472
 30
0.0
 11
-60.888927734
 21
77.75
 31
0.0
  0
LINE
  5
B97
330
1F
100
AcDbEntity
  8
USER_ANNOTATION
  6
CONTINUOUS
 62
     1
100
AcDbLine
 10
-60.888927734
 20
74.375
 30
0.0
 11
-60.888927734
 21
77.75
 31
0.0
  0
MTEXT
  5
B98
330
1F
100
AcDbEntity
  8
USER_ANNOTATION
  6
CONTINUOUS
 62
     1
100
AcDbMText
 10
-53.358770814
 20
77.940555897
 30
0.0
 40
1.238613333
 41
0.0
 71
     7
 72
     1
  1
\A1;1-7{\H0.70x;\S1#8;}
  7
ARIAL
  0
LINE
  5
B99
330
1F
100
AcDbEntity
  8
USER_ANNOTATION
  6
CONTINUOUS
 62
     1
100
AcDbLine
 10
-60.888927734
 20
74.375
 30
0.0
 11
-60.888927734
 21
77.75
 31
0.0
  0
LINE
  5
B9A
330
1F
100
AcDbEntity
  8
USER_ANNOTATION
  6
CONTINUOUS
 62
     1
100
AcDbLine
 10
-60.888927734
 20
77.75
 30
0.0
 11
-61.125148207
 21
77.513779528
 31
0.0
  0
LINE
  5
B9B
330
1F
100
AcDbEntity
  8
USER_ANNOTATION
  6
CONTINUOUS
 62
     1
100
AcDbLine
 10
-61.125148207
 20
77.513779528
 30
0.0
 11
-60.652707262
 21
77.986220472
 31
0.0
  0
LINE
  5
B9C
330
1F
100
AcDbEntity
  8
USER_ANNOTATION
  6
CONTINUOUS
 62
     1
100
AcDbLine
 10
-60.652707262
 20
77.986220472
 30
0.0
 11
-60.888927734
 21
77.75
 31
0.0
  0
LINE
  5
B9D
330
1F
100
AcDbEntity
  8
USER_ANNOTATION
  6
CONTINUOUS
 62
     1
100
AcDbLine
 10
-60.888927734
 20
77.75
 30
0.0
 11
-41.761427734
 21
77.75
 31
0.0
  0
LINE
  5
B9E
330
1F
100
AcDbEntity
  8
USER_ANNOTATION
  6
CONTINUOUS
 62
     1
100
AcDbLine
 10
-41.761427734
 20
77.75
 30
0.0
 11
-41.997648207
 21
77.513779528
 31
0.0
  0
LINE
  5
B9F
330
1F
100
AcDbEntity
  8
USER_ANNOTATION
  6
CONTINUOUS
 62
     1
100
AcDbLine
 10
-41.997648207
 20
77.513779528
 30
0.0
 11
-41.525207262
 21
77.986220472
 31
0.0
  0
LINE
  5
BA0
330
1F
100
AcDbEntity
  8
USER_ANNOTATION
  6
CONTINUOUS
 62
     1
100
AcDbLine
 10
-41.525207262
 20
77.986220472
 30
0.0
 11
-41.761427734
 21
77.75
 31
0.0
  0
LINE
  5
BA1
330
1F
100
AcDbEntity
  8
USER_ANNOTATION
  6
CONTINUOUS
 62
     1
100
AcDbLine
 10
-41.761427734
 20
75.0
 30
0.0
 11
-41.761427734
 21
77.75
 31
0.0
  0
MTEXT
  5
BA2
330
1F
100
AcDbEntity
  8
USER_ANNOTATION
  6
CONTINUOUS
 62
     1
100
AcDbMText
 10
-29.171477177
 20
70.306546393
 30
0.0
 40
1.238613333
 41
0.0
 71
     7
 72
     1
  1
\A1;6{\H0.70x;\S1#8;}
  7
ARIAL
 11
6.123031769111886E-17
 21
1.0
 31
0.0
  0
LINE
  5
BA3
330
1F
100
AcDbEntity
  8
USER_ANNOTATION
  6
CONTINUOUS
 62
     1
100
AcDbLine
 10
-41.511427734
 20
68.64
 30
0.0
 11
-28.98092128
 21
68.64
 31
0.0
  0
LINE
  5
BA4
330
1F
100
AcDbEntity
  8
USER_ANNOTATION
  6
CONTINUOUS
 62
     1
100
AcDbLine
 10
-28.98092128
 20
68.64
 30
0.0
 11
-28.744700807
 21
68.403779528
 31
0.0
  0
LINE
  5
BA5
330
1F
100
AcDbEntity
  8
USER_ANNOTATION
  6
CONTINUOUS
 62
     1
100
AcDbLine
 10
-28.744700807
 20
68.403779528
 30
0.0
 11
-29.217141752
 21
68.876220472
 31
0.0
  0
LINE
  5
BA6
330
1F
100
AcDbEntity
  8
USER_ANNOTATION
  6
CONTINUOUS
 62
     1
100
AcDbLine
 10
-29.217141752
 20
68.876220472
 30
0.0
 11
-28.98092128
 21
68.64
 31
0.0
  0
LINE
  5
BA7
330
1F
100
AcDbEntity
  8
USER_ANNOTATION
  6
CONTINUOUS
 62
     1
100
AcDbLine
 10
-28.98092128
 20
68.64
 30
0.0
 11
-28.98092128
 21
74.75
 31
0.0
  0
LINE
  5
BA8
330
1F
100
AcDbEntity
  8
USER_ANNOTATION
  6
CONTINUOUS
 62
     1
100
AcDbLine
 10
-28.98092128
 20
74.75
 30
0.0
 11
-28.744700807
 21
74.513779528
 31
0.0
  0
LINE
  5
BA9
330
1F
100
AcDbEntity
  8
USER_ANNOTATION
  6
CONTINUOUS
 62
     1
100
AcDbLine
 10
-28.744700807
 20
74.513779528
 30
0.0
 11
-29.217141752
 21
74.986220472
 31
0.0
  0
LINE
  5
BAA
330
1F
100
AcDbEntity
  8
USER_ANNOTATION
  6
CONTINUOUS
 62
     1
100
AcDbLine
 10
-29.217141752
 20
74.986220472
 30
0.0
 11
-28.98092128
 21
74.75
 31
0.0
  0
LINE
  5
BAB
330
1F
100
AcDbEntity
  8
USER_ANNOTATION
  6
CONTINUOUS
 62
     1
100
AcDbLine
 10
-41.511427734
 20
74.75
 30
0.0
 11
-39.36125433
 21
74.75
 31
0.0
  0
LINE
  5
BAC
330
1F
100
AcDbEntity
  8
USER_ANNOTATION
  6
CONTINUOUS
 62
     1
100
AcDbLine
 10
-34.432996036
 20
74.75
 30
0.0
 11
-28.98092128
 21
74.75
 31
0.0
  0
MTEXT
  5
BAD
330
1F
100
AcDbEntity
  8
USER_ANNOTATION
  6
CONTINUOUS
 62
     1
100
AcDbMText
 10
-81.685488411
 20
51.200555897
 30
0.0
 40
1.238613333
 41
0.0
 71
     7
 72
     1
  1
\A1;31-0{\H0.70x;\S1#2;}
  7
ARIAL
  0
LINE
  5
BAE
330
1F
100
AcDbEntity
  8
USER_ANNOTATION
  6
CONTINUOUS
 62
     1
100
AcDbLine
 10
-81.685488411
 20
51.01
 30
0.0
 11
-81.685488411
 21
51.01
 31
0.0
  0
LINE
  5
BAF
330
1F
100
AcDbEntity
  8
USER_ANNOTATION
  6
CONTINUOUS
 62
     1
100
AcDbLine
 10
-76.757230117
 20
51.01
 30
0.0
 11
-69.258927734
 21
51.01
 31
0.0
  0
LINE
  5
BB0
330
1F
100
AcDbEntity
  8
USER_ANNOTATION
  6
CONTINUOUS
 62
     1
100
AcDbLine
 10
-81.685488411
 20
51.01
 30
0.0
 11
-76.757230117
 21
51.01
 31
0.0
  0
MTEXT
  5
BB1
330
1F
100
AcDbEntity
  8
USER_ANNOTATION
  6
CONTINUOUS
 62
     1
100
AcDbMText
 10
-50.573423174
 20
47.841741895
 30
0.0
 40
1.238613333
 41
0.0
 71
     7
 72
     1
  1
\A1;{\H0.70x;\S5#8;}
  7
ARIAL
 11
6.123031769111886E-17
 21
1.0
 31
0.0
  0
LINE
  5
BB2
330
1F
100
AcDbEntity
  8
USER_ANNOTATION
  6
CONTINUOUS
 62
     1
100
AcDbLine
 10
-53.263927734
 20
51.01
 30
0.0
 11
-50.382867277
 21
51.01
 31
0.0
  0
LINE
  5
BB3
330
1F
100
AcDbEntity
  8
USER_ANNOTATION
  6
CONTINUOUS
 62
     1
100
AcDbLine
 10
-50.382867277
 20
51.01
 30
0.0
 11
-50.382867277
 21
47.841741895
 31
0.0
  0
LINE
  5
BB4
330
1F
100
AcDbEntity
  8
USER_ANNOTATION
  6
CONTINUOUS
 62
     1
100
AcDbLine
 10
-50.382867277
 20
51.01
 30
0.0
 11
-50.146646804
 21
50.773779528
 31
0.0
  0
LINE
  5
BB5
330
1F
100
AcDbEntity
  8
USER_ANNOTATION
  6
CONTINUOUS
 62
     1
100
AcDbLine
 10
-50.146646804
 20
50.773779528
 30
0.0
 11
-50.619087749
 21
51.246220472
 31
0.0
  0
LINE
  5
BB6
330
1F
100
AcDbEntity
  8
USER_ANNOTATION
  6
CONTINUOUS
 62
     1
100
AcDbLine
 10
-50.619087749
 20
51.246220472
 30
0.0
 11
-50.382867277
 21
51.01
 31
0.0
  0
LINE
  5
BB7
330
1F
100
AcDbEntity
  8
USER_ANNOTATION
  6
CONTINUOUS
 62
     1
100
AcDbLine
 10
-50.382867277
 20
51.01
 30
0.0
 11
-50.382867277
 21
51.635
 31
0.0
  0
LINE
  5
BB8
330
1F
100
AcDbEntity
  8
USER_ANNOTATION
  6
CONTINUOUS
 62
     1
100
AcDbLine
 10
-50.382867277
 20
51.635
 30
0.0
 11
-50.382867277
 21
51.635
 31
0.0
  0
LINE
  5
BB9
330
1F
100
AcDbEntity
  8
USER_ANNOTATION
  6
CONTINUOUS
 62
     1
100
AcDbLine
 10
-50.382867277
 20
51.635
 30
0.0
 11
-50.146646804
 21
51.398779528
 31
0.0
  0
LINE
  5
BBA
330
1F
100
AcDbEntity
  8
USER_ANNOTATION
  6
CONTINUOUS
 62
     1
100
AcDbLine
 10
-50.146646804
 20
51.398779528
 30
0.0
 11
-50.619087749
 21
51.871220472
 31
0.0
  0
LINE
  5
BBB
330
1F
100
AcDbEntity
  8
USER_ANNOTATION
  6
CONTINUOUS
 62
     1
100
AcDbLine
 10
-50.619087749
 20
51.871220472
 30
0.0
 11
-50.382867277
 21
51.635
 31
0.0
  0
LINE
  5
BBC
330
1F
100
AcDbEntity
  8
USER_ANNOTATION
  6
CONTINUOUS
 62
     1
100
AcDbLine
 10
-53.263927734
 20
51.635
 30
0.0
 11
-50.382867277
 21
51.635
 31
0.0
  0
MTEXT
  5
BBD
330
1F
100
AcDbEntity
  8
USER_ANNOTATION
  6
CONTINUOUS
 62
     1
100
AcDbMText
 10
-72.102659759
 20
48.434081802
 30
0.0
 40
1.238613333
 41
0.0
 71
     7
 72
     1
  1
\A1;{\H0.70x;\S5#8;}
  7
ARIAL
 11
6.123031769111886E-17
 21
1.0
 31
0.0
  0
LINE
  5
BBE
330
1F
100
AcDbEntity
  8
USER_ANNOTATION
  6
CONTINUOUS
 62
     1
100
AcDbLine
 10
-69.258927734
 20
51.01
 30
0.0
 11
-71.912103862
 21
51.01
 31
0.0
  0
LINE
  5
BBF
330
1F
100
AcDbEntity
  8
USER_ANNOTATION
  6
CONTINUOUS
 62
     1
100
AcDbLine
 10
-71.912103862
 20
51.01
 30
0.0
 11
-71.912103862
 21
48.434081802
 31
0.0
  0
LINE
  5
BC0
330
1F
100
AcDbEntity
  8
USER_ANNOTATION
  6
CONTINUOUS
 62
     1
100
AcDbLine
 10
-71.912103862
 20
51.01
 30
0.0
 11
-71.67588339
 21
50.773779528
 31
0.0
  0
LINE
  5
BC1
330
1F
100
AcDbEntity
  8
USER_ANNOTATION
  6
CONTINUOUS
 62
     1
100
AcDbLine
 10
-71.67588339
 20
50.773779528
 30
0.0
 11
-72.148324334
 21
51.246220472
 31
0.0
  0
LINE
  5
BC2
330
1F
100
AcDbEntity
  8
USER_ANNOTATION
  6
CONTINUOUS
 62
     1
100
AcDbLine
 10
-72.148324334
 20
51.246220472
 30
0.0
 11
-71.912103862
 21
51.01
 31
0.0
  0
LINE
  5
BC3
330
1F
100
AcDbEntity
  8
USER_ANNOTATION
  6
CONTINUOUS
 62
     1
100
AcDbLine
 10
-71.912103862
 20
51.01
 30
0.0
 11
-71.912103862
 21
51.635
 31
0.0
  0
LINE
  5
BC4
330
1F
100
AcDbEntity
  8
USER_ANNOTATION
  6
CONTINUOUS
 62
     1
100
AcDbLine
 10
-71.912103862
 20
51.635
 30
0.0
 11
-71.912103862
 21
51.635
 31
0.0
  0
LINE
  5
BC5
330
1F
100
AcDbEntity
  8
USER_ANNOTATION
  6
CONTINUOUS
 62
     1
100
AcDbLine
 10
-71.912103862
 20
51.635
 30
0.0
 11
-71.67588339
 21
51.398779528
 31
0.0
  0
LINE
  5
BC6
330
1F
100
AcDbEntity
  8
USER_ANNOTATION
  6
CONTINUOUS
 62
     1
100
AcDbLine
 10
-71.67588339
 20
51.398779528
 30
0.0
 11
-72.148324334
 21
51.871220472
 31
0.0
  0
LINE
  5
BC7
330
1F
100
AcDbEntity
  8
USER_ANNOTATION
  6
CONTINUOUS
 62
     1
100
AcDbLine
 10
-72.148324334
 20
51.871220472
 30
0.0
 11
-71.912103862
 21
51.635
 31
0.0
  0
LINE
  5
BC8
330
1F
100
AcDbEntity
  8
USER_ANNOTATION
  6
CONTINUOUS
 62
     1
100
AcDbLine
 10
-69.258927734
 20
51.635
 30
0.0
 11
-71.912103862
 21
51.635
 31
0.0
  0
MTEXT
  5
BC9
330
1F
100
AcDbEntity
  8
USER_ANNOTATION
  6
CONTINUOUS
 62
     1
100
AcDbMText
 10
-53.545020814
 20
83.812717604
 30
0.0
 40
1.238613333
 41
0.0
 71
     7
 72
     1
  1
\A1;1-7{\H0.70x;\S1#2;}
  7
ARIAL
  0
LINE
  5
BCA
330
1F
100
AcDbEntity
  8
USER_ANNOTATION
  6
CONTINUOUS
 62
     1
100
AcDbLine
 10
-61.261427734
 20
74.125
 30
0.0
 11
-61.261427734
 21
83.622161707
 31
0.0
  0
LINE
  5
BCB
330
1F
100
AcDbEntity
  8
USER_ANNOTATION
  6
CONTINUOUS
 62
     1
100
AcDbLine
 10
-61.261427734
 20
83.622161707
 30
0.0
 11
-61.497648207
 21
83.385941234
 31
0.0
  0
LINE
  5
BCC
330
1F
100
AcDbEntity
  8
USER_ANNOTATION
  6
CONTINUOUS
 62
     1
100
AcDbLine
 10
-61.497648207
 20
83.385941234
 30
0.0
 11
-61.025207262
 21
83.858382179
 31
0.0
  0
LINE
  5
BCD
330
1F
100
AcDbEntity
  8
USER_ANNOTATION
  6
CONTINUOUS
 62
     1
100
AcDbLine
 10
-61.025207262
 20
83.858382179
 30
0.0
 11
-61.261427734
 21
83.622161707
 31
0.0
  0
LINE
  5
BCE
330
1F
100
AcDbEntity
  8
USER_ANNOTATION
  6
CONTINUOUS
 62
     1
100
AcDbLine
 10
-61.261427734
 20
83.622161707
 30
0.0
 11
-41.761427734
 21
83.622161707
 31
0.0
  0
LINE
  5
BCF
330
1F
100
AcDbEntity
  8
USER_ANNOTATION
  6
CONTINUOUS
 62
     1
100
AcDbLine
 10
-41.761427734
 20
83.622161707
 30
0.0
 11
-41.997648207
 21
83.385941234
 31
0.0
  0
LINE
  5
BD0
330
1F
100
AcDbEntity
  8
USER_ANNOTATION
  6
CONTINUOUS
 62
     1
100
AcDbLine
 10
-41.997648207
 20
83.385941234
 30
0.0
 11
-41.525207262
 21
83.858382179
 31
0.0
  0
LINE
  5
BD1
330
1F
100
AcDbEntity
  8
USER_ANNOTATION
  6
CONTINUOUS
 62
     1
100
AcDbLine
 10
-41.525207262
 20
83.858382179
 30
0.0
 11
-41.761427734
 21
83.622161707
 31
0.0
  0
LINE
  5
BD2
330
1F
100
AcDbEntity
  8
USER_ANNOTATION
  6
CONTINUOUS
 62
     1
100
AcDbLine
 10
-41.761427734
 20
75.0
 30
0.0
 11
-41.761427734
 21
83.622161707
 31
0.0
  0
MTEXT
  5
BD3
330
1F
100
AcDbEntity
  8
USER_ANNOTATION
  6
CONTINUOUS
 62
     1
100
AcDbMText
 10
-178.967764564
 20
120.030011772
 30
0.0
 40
1.238613333
 41
0.0
 71
     7
 72
     1
  1
\A1;3{\H0.70x;\S1#4;}
  7
ARIAL
  0
LINE
  5
BD4
330
1F
100
AcDbEntity
  8
USER_ANNOTATION
  6
CONTINUOUS
 62
     1
100
AcDbLine
 10
-179.245
 20
118.198905092
 30
0.0
 11
-179.245
 21
119.839455875
 31
0.0
  0
LINE
  5
BD5
330
1F
100
AcDbEntity
  8
USER_ANNOTATION
  6
CONTINUOUS
 62
     1
100
AcDbLine
 10
-179.245
 20
119.839455875
 30
0.0
 11
-179.481220472
 21
119.603235403
 31
0.0
  0
LINE
  5
BD6
330
1F
100
AcDbEntity
  8
USER_ANNOTATION
  6
CONTINUOUS
 62
     1
100
AcDbLine
 10
-179.481220472
 20
119.603235403
 30
0.0
 11
-179.008779528
 21
120.075676347
 31
0.0
  0
LINE
  5
BD7
330
1F
100
AcDbEntity
  8
USER_ANNOTATION
  6
CONTINUOUS
 62
     1
100
AcDbLine
 10
-179.008779528
 20
120.075676347
 30
0.0
 11
-179.245
 21
119.839455875
 31
0.0
  0
LINE
  5
BD8
330
1F
100
AcDbEntity
  8
USER_ANNOTATION
  6
CONTINUOUS
 62
     1
100
AcDbLine
 10
-179.245
 20
119.839455875
 30
0.0
 11
-176.0
 21
119.839455875
 31
0.0
  0
LINE
  5
BD9
330
1F
100
AcDbEntity
  8
USER_ANNOTATION
  6
CONTINUOUS
 62
     1
100
AcDbLine
 10
-176.0
 20
119.839455875
 30
0.0
 11
-176.236220472
 21
119.603235403
 31
0.0
  0
LINE
  5
BDA
330
1F
100
AcDbEntity
  8
USER_ANNOTATION
  6
CONTINUOUS
 62
     1
100
AcDbLine
 10
-176.236220472
 20
119.603235403
 30
0.0
 11
-175.763779528
 21
120.075676347
 31
0.0
  0
LINE
  5
BDB
330
1F
100
AcDbEntity
  8
USER_ANNOTATION
  6
CONTINUOUS
 62
     1
100
AcDbLine
 10
-175.763779528
 20
120.075676347
 30
0.0
 11
-176.0
 21
119.839455875
 31
0.0
  0
LINE
  5
BDC
330
1F
100
AcDbEntity
  8
USER_ANNOTATION
  6
CONTINUOUS
 62
     1
100
AcDbLine
 10
-176.0
 20
104.448905092
 30
0.0
 11
-176.0
 21
119.839455875
 31
0.0
  0
MTEXT
  5
BDD
330
1F
100
AcDbEntity
  8
USER_ANNOTATION
  6
CONTINUOUS
 62
     1
100
AcDbMText
 10
-175.56041329
 20
120.030011772
 30
0.0
 40
1.238613333
 41
0.0
 71
     7
 72
     1
  1
\A1;3{\H0.70x;\S1#4;}
  7
ARIAL
  0
LINE
  5
BDE
330
1F
100
AcDbEntity
  8
USER_ANNOTATION
  6
CONTINUOUS
 62
     1
100
AcDbLine
 10
-176.0
 20
104.448905092
 30
0.0
 11
-176.0
 21
119.839455875
 31
0.0
  0
LINE
  5
BDF
330
1F
100
AcDbEntity
  8
USER_ANNOTATION
  6
CONTINUOUS
 62
     1
100
AcDbLine
 10
-176.0
 20
119.839455875
 30
0.0
 11
-176.236220472
 21
119.603235403
 31
0.0
  0
LINE
  5
BE0
330
1F
100
AcDbEntity
  8
USER_ANNOTATION
  6
CONTINUOUS
 62
     1
100
AcDbLine
 10
-176.236220472
 20
119.603235403
 30
0.0
 11
-175.763779528
 21
120.075676347
 31
0.0
  0
LINE
  5
BE1
330
1F
100
AcDbEntity
  8
USER_ANNOTATION
  6
CONTINUOUS
 62
     1
100
AcDbLine
 10
-175.763779528
 20
120.075676347
 30
0.0
 11
-176.0
 21
119.839455875
 31
0.0
  0
LINE
  5
BE2
330
1F
100
AcDbEntity
  8
USER_ANNOTATION
  6
CONTINUOUS
 62
     1
100
AcDbLine
 10
-176.0
 20
119.839455875
 30
0.0
 11
-172.755
 21
119.839455875
 31
0.0
  0
LINE
  5
BE3
330
1F
100
AcDbEntity
  8
USER_ANNOTATION
  6
CONTINUOUS
 62
     1
100
AcDbLine
 10
-172.755
 20
119.839455875
 30
0.0
 11
-172.991220472
 21
119.603235403
 31
0.0
  0
LINE
  5
BE4
330
1F
100
AcDbEntity
  8
USER_ANNOTATION
  6
CONTINUOUS
 62
     1
100
AcDbLine
 10
-172.991220472
 20
119.603235403
 30
0.0
 11
-172.518779528
 21
120.075676347
 31
0.0
  0
LINE
  5
BE5
330
1F
100
AcDbEntity
  8
USER_ANNOTATION
  6
CONTINUOUS
 62
     1
100
AcDbLine
 10
-172.518779528
 20
120.075676347
 30
0.0
 11
-172.755
 21
119.839455875
 31
0.0
  0
LINE
  5
BE6
330
1F
100
AcDbEntity
  8
USER_ANNOTATION
  6
CONTINUOUS
 62
     1
100
AcDbLine
 10
-172.755
 20
118.198905092
 30
0.0
 11
-172.755
 21
119.839455875
 31
0.0
  0
MTEXT
  5
BE7
330
1F
100
AcDbEntity
  8
USER_ANNOTATION
  6
CONTINUOUS
 62
     1
100
AcDbMText
 10
-177.283838877
 20
123.1232437
 30
0.0
 40
1.238613333
 41
0.0
 71
     7
 72
     1
  1
\A1;6{\H0.70x;\S1#2;}
  7
ARIAL
  0
LINE
  5
BE8
330
1F
100
AcDbEntity
  8
USER_ANNOTATION
  6
CONTINUOUS
 62
     1
100
AcDbLine
 10
-179.245
 20
118.198905092
 30
0.0
 11
-179.245
 21
122.932687803
 31
0.0
  0
LINE
  5
BE9
330
1F
100
AcDbEntity
  8
USER_ANNOTATION
  6
CONTINUOUS
 62
     1
100
AcDbLine
 10
-179.245
 20
122.932687803
 30
0.0
 11
-179.481220472
 21
122.696467331
 31
0.0
  0
LINE
  5
BEA
330
1F
100
AcDbEntity
  8
USER_ANNOTATION
  6
CONTINUOUS
 62
     1
100
AcDbLine
 10
-179.481220472
 20
122.696467331
 30
0.0
 11
-179.008779528
 21
123.168908275
 31
0.0
  0
LINE
  5
BEB
330
1F
100
AcDbEntity
  8
USER_ANNOTATION
  6
CONTINUOUS
 62
     1
100
AcDbLine
 10
-179.008779528
 20
123.168908275
 30
0.0
 11
-179.245
 21
122.932687803
 31
0.0
  0
LINE
  5
BEC
330
1F
100
AcDbEntity
  8
USER_ANNOTATION
  6
CONTINUOUS
 62
     1
100
AcDbLine
 10
-179.245
 20
122.932687803
 30
0.0
 11
-172.755
 21
122.932687803
 31
0.0
  0
LINE
  5
BED
330
1F
100
AcDbEntity
  8
USER_ANNOTATION
  6
CONTINUOUS
 62
     1
100
AcDbLine
 10
-172.755
 20
122.932687803
 30
0.0
 11
-172.991220472
 21
122.696467331
 31
0.0
  0
LINE
  5
BEE
330
1F
100
AcDbEntity
  8
USER_ANNOTATION
  6
CONTINUOUS
 62
     1
100
AcDbLine
 10
-172.991220472
 20
122.696467331
 30
0.0
 11
-172.518779528
 21
123.168908275
 31
0.0
  0
LINE
  5
BEF
330
1F
100
AcDbEntity
  8
USER_ANNOTATION
  6
CONTINUOUS
 62
     1
100
AcDbLine
 10
-172.518779528
 20
123.168908275
 30
0.0
 11
-172.755
 21
122.932687803
 31
0.0
  0
LINE
  5
BF0
330
1F
100
AcDbEntity
  8
USER_ANNOTATION
  6
CONTINUOUS
 62
     1
100
AcDbLine
 10
-172.755
 20
118.198905092
 30
0.0
 11
-172.755
 21
122.932687803
 31
0.0
  0
MTEXT
  5
BF1
330
1F
100
AcDbEntity
  8
USER_ANNOTATION
  6
CONTINUOUS
 62
     1
100
AcDbMText
 10
-22.663583183
 20
9.349735436
 30
0.0
 40
1.238613333
 41
0.0
 71
     7
 72
     1
  1
\A1;6{\H0.70x;\S1#8;}
  7
ARIAL
 11
6.123031769111886E-17
 21
1.0
 31
0.0
  0
LINE
  5
BF2
330
1F
100
AcDbEntity
  8
USER_ANNOTATION
  6
CONTINUOUS
 62
     1
100
AcDbLine
 10
-31.813927734
 20
7.64
 30
0.0
 11
-22.473027285
 21
7.64
 31
0.0
  0
LINE
  5
BF3
330
1F
100
AcDbEntity
  8
USER_ANNOTATION
  6
CONTINUOUS
 62
     1
100
AcDbLine
 10
-22.473027285
 20
7.64
 30
0.0
 11
-22.236806813
 21
7.403779528
 31
0.0
  0
LINE
  5
BF4
330
1F
100
AcDbEntity
  8
USER_ANNOTATION
  6
CONTINUOUS
 62
     1
100
AcDbLine
 10
-22.236806813
 20
7.403779528
 30
0.0
 11
-22.709247758
 21
7.876220472
 31
0.0
  0
LINE
  5
BF5
330
1F
100
AcDbEntity
  8
USER_ANNOTATION
  6
CONTINUOUS
 62
     1
100
AcDbLine
 10
-22.709247758
 20
7.876220472
 30
0.0
 11
-22.473027285
 21
7.64
 31
0.0
  0
LINE
  5
BF6
330
1F
100
AcDbEntity
  8
USER_ANNOTATION
  6
CONTINUOUS
 62
     1
100
AcDbLine
 10
-22.473027285
 20
7.64
 30
0.0
 11
-22.473027285
 21
13.75
 31
0.0
  0
LINE
  5
BF7
330
1F
100
AcDbEntity
  8
USER_ANNOTATION
  6
CONTINUOUS
 62
     1
100
AcDbLine
 10
-22.473027285
 20
13.75
 30
0.0
 11
-22.236806813
 21
13.513779528
 31
0.0
  0
LINE
  5
BF8
330
1F
100
AcDbEntity
  8
USER_ANNOTATION
  6
CONTINUOUS
 62
     1
100
AcDbLine
 10
-22.236806813
 20
13.513779528
 30
0.0
 11
-22.709247758
 21
13.986220472
 31
0.0
  0
LINE
  5
BF9
330
1F
100
AcDbEntity
  8
USER_ANNOTATION
  6
CONTINUOUS
 62
     1
100
AcDbLine
 10
-22.709247758
 20
13.986220472
 30
0.0
 11
-22.473027285
 21
13.75
 31
0.0
  0
LINE
  5
BFA
330
1F
100
AcDbEntity
  8
USER_ANNOTATION
  6
CONTINUOUS
 62
     1
100
AcDbLine
 10
-31.813927734
 20
13.75
 30
0.0
 11
-29.969995119
 21
13.75
 31
0.0
  0
LINE
  5
BFB
330
1F
100
AcDbEntity
  8
USER_ANNOTATION
  6
CONTINUOUS
 62
     1
100
AcDbLine
 10
-25.041736825
 20
13.75
 30
0.0
 11
-22.473027285
 21
13.75
 31
0.0
  0
MTEXT
  5
BFC
330
1F
100
AcDbEntity
  8
USER_ANNOTATION
  6
CONTINUOUS
 62
     1
100
AcDbMText
 10
-46.741932129
 20
17.724794702
 30
0.0
 40
1.238613333
 41
0.0
 71
     7
 72
     1
  1
\A1;2-9{\H0.70x;\S13#16;}
  7
ARIAL
  0
LINE
  5
BFD
330
1F
100
AcDbEntity
  8
USER_ANNOTATION
  6
CONTINUOUS
 62
     1
100
AcDbLine
 10
-60.888927734
 20
14.0
 30
0.0
 11
-60.888927734
 21
17.534238805
 31
0.0
  0
LINE
  5
BFE
330
1F
100
AcDbEntity
  8
USER_ANNOTATION
  6
CONTINUOUS
 62
     1
100
AcDbLine
 10
-60.888927734
 20
17.534238805
 30
0.0
 11
-61.125148207
 21
17.298018332
 31
0.0
  0
LINE
  5
BFF
330
1F
100
AcDbEntity
  8
USER_ANNOTATION
  6
CONTINUOUS
 62
     1
100
AcDbLine
 10
-61.125148207
 20
17.298018332
 30
0.0
 11
-60.652707262
 21
17.770459277
 31
0.0
  0
LINE
  5
C00
330
1F
100
AcDbEntity
  8
USER_ANNOTATION
  6
CONTINUOUS
 62
     1
100
AcDbLine
 10
-60.652707262
 20
17.770459277
 30
0.0
 11
-60.888927734
 21
17.534238805
 31
0.0
  0
LINE
  5
C01
330
1F
100
AcDbEntity
  8
USER_ANNOTATION
  6
CONTINUOUS
 62
     1
100
AcDbLine
 10
-60.888927734
 20
17.534238805
 30
0.0
 11
-32.063927734
 21
17.534238805
 31
0.0
  0
LINE
  5
C02
330
1F
100
AcDbEntity
  8
USER_ANNOTATION
  6
CONTINUOUS
 62
     1
100
AcDbLine
 10
-32.063927734
 20
17.534238805
 30
0.0
 11
-32.300148207
 21
17.298018332
 31
0.0
  0
LINE
  5
C03
330
1F
100
AcDbEntity
  8
USER_ANNOTATION
  6
CONTINUOUS
 62
     1
100
AcDbLine
 10
-32.300148207
 20
17.298018332
 30
0.0
 11
-31.827707262
 21
17.770459277
 31
0.0
  0
LINE
  5
C04
330
1F
100
AcDbEntity
  8
USER_ANNOTATION
  6
CONTINUOUS
 62
     1
100
AcDbLine
 10
-31.827707262
 20
17.770459277
 30
0.0
 11
-32.063927734
 21
17.534238805
 31
0.0
  0
LINE
  5
C05
330
1F
100
AcDbEntity
  8
USER_ANNOTATION
  6
CONTINUOUS
 62
     1
100
AcDbLine
 10
-32.063927734
 20
14.0
 30
0.0
 11
-32.063927734
 21
17.534238805
 31
0.0
  0
MTEXT
  5
C06
330
1F
100
AcDbEntity
  8
USER_ANNOTATION
  6
CONTINUOUS
 62
     1
100
AcDbMText
 10
-49.492762539
 20
24.585880909
 30
0.0
 40
1.238613333
 41
0.0
 71
     7
 72
     1
  1
\A1;2-10{\H0.70x;\S3#16;}
  7
ARIAL
  0
LINE
  5
C07
330
1F
100
AcDbEntity
  8
USER_ANNOTATION
  6
CONTINUOUS
 62
     1
100
AcDbLine
 10
-61.261427734
 20
13.75
 30
0.0
 11
-61.261427734
 21
24.395325011
 31
0.0
  0
LINE
  5
C08
330
1F
100
AcDbEntity
  8
USER_ANNOTATION
  6
CONTINUOUS
 62
     1
100
AcDbLine
 10
-61.261427734
 20
24.395325011
 30
0.0
 11
-61.497648207
 21
24.159104539
 31
0.0
  0
LINE
  5
C09
330
1F
100
AcDbEntity
  8
USER_ANNOTATION
  6
CONTINUOUS
 62
     1
100
AcDbLine
 10
-61.497648207
 20
24.159104539
 30
0.0
 11
-61.025207262
 21
24.631545484
 31
0.0
  0
LINE
  5
C0A
330
1F
100
AcDbEntity
  8
USER_ANNOTATION
  6
CONTINUOUS
 62
     1
100
AcDbLine
 10
-61.025207262
 20
24.631545484
 30
0.0
 11
-61.261427734
 21
24.395325011
 31
0.0
  0
LINE
  5
C0B
330
1F
100
AcDbEntity
  8
USER_ANNOTATION
  6
CONTINUOUS
 62
     1
100
AcDbLine
 10
-61.261427734
 20
24.395325011
 30
0.0
 11
-32.063927734
 21
24.395325011
 31
0.0
  0
LINE
  5
C0C
330
1F
100
AcDbEntity
  8
USER_ANNOTATION
  6
CONTINUOUS
 62
     1
100
AcDbLine
 10
-32.063927734
 20
24.395325011
 30
0.0
 11
-32.300148207
 21
24.159104539
 31
0.0
  0
LINE
  5
C0D
330
1F
100
AcDbEntity
  8
USER_ANNOTATION
  6
CONTINUOUS
 62
     1
100
AcDbLine
 10
-32.300148207
 20
24.159104539
 30
0.0
 11
-31.827707262
 21
24.631545484
 31
0.0
  0
LINE
  5
C0E
330
1F
100
AcDbEntity
  8
USER_ANNOTATION
  6
CONTINUOUS
 62
     1
100
AcDbLine
 10
-31.827707262
 20
24.631545484
 30
0.0
 11
-32.063927734
 21
24.395325011
 31
0.0
  0
LINE
  5
C0F
330
1F
100
AcDbEntity
  8
USER_ANNOTATION
  6
CONTINUOUS
 62
     1
100
AcDbLine
 10
-32.063927734
 20
14.0
 30
0.0
 11
-32.063927734
 21
24.395325011
 31
0.0
  0
MTEXT
  5
C10
330
1F
100
AcDbEntity
  8
USER_ANNOTATION
  6
CONTINUOUS
 62
     1
100
AcDbMText
 10
-64.033643109
 20
17.724794702
 30
0.0
 40
1.238613333
 41
0.0
 71
     7
 72
     1
  1
\A1;{\H0.70x;\S3#8;}
  7
ARIAL
  0
LINE
  5
C11
330
1F
100
AcDbEntity
  8
USER_ANNOTATION
  6
CONTINUOUS
 62
     1
100
AcDbLine
 10
-61.261427734
 20
13.75
 30
0.0
 11
-61.261427734
 21
17.534238805
 31
0.0
  0
LINE
  5
C12
330
1F
100
AcDbEntity
  8
USER_ANNOTATION
  6
CONTINUOUS
 62
     1
100
AcDbLine
 10
-61.261427734
 20
17.534238805
 30
0.0
 11
-64.033643109
 21
17.534238805
 31
0.0
  0
LINE
  5
C13
330
1F
100
AcDbEntity
  8
USER_ANNOTATION
  6
CONTINUOUS
 62
     1
100
AcDbLine
 10
-61.261427734
 20
17.534238805
 30
0.0
 11
-61.497648207
 21
17.298018332
 31
0.0
  0
LINE
  5
C14
330
1F
100
AcDbEntity
  8
USER_ANNOTATION
  6
CONTINUOUS
 62
     1
100
AcDbLine
 10
-61.497648207
 20
17.298018332
 30
0.0
 11
-61.025207262
 21
17.770459277
 31
0.0
  0
LINE
  5
C15
330
1F
100
AcDbEntity
  8
USER_ANNOTATION
  6
CONTINUOUS
 62
     1
100
AcDbLine
 10
-61.025207262
 20
17.770459277
 30
0.0
 11
-61.261427734
 21
17.534238805
 31
0.0
  0
LINE
  5
C16
330
1F
100
AcDbEntity
  8
USER_ANNOTATION
  6
CONTINUOUS
 62
     1
100
AcDbLine
 10
-61.261427734
 20
17.534238805
 30
0.0
 11
-60.888927734
 21
17.534238805
 31
0.0
  0
LINE
  5
C17
330
1F
100
AcDbEntity
  8
USER_ANNOTATION
  6
CONTINUOUS
 62
     1
100
AcDbLine
 10
-60.888927734
 20
17.534238805
 30
0.0
 11
-60.888927734
 21
17.534238805
 31
0.0
  0
LINE
  5
C18
330
1F
100
AcDbEntity
  8
USER_ANNOTATION
  6
CONTINUOUS
 62
     1
100
AcDbLine
 10
-60.888927734
 20
17.534238805
 30
0.0
 11
-61.125148207
 21
17.298018332
 31
0.0
  0
LINE
  5
C19
330
1F
100
AcDbEntity
  8
USER_ANNOTATION
  6
CONTINUOUS
 62
     1
100
AcDbLine
 10
-61.125148207
 20
17.298018332
 30
0.0
 11
-60.652707262
 21
17.770459277
 31
0.0
  0
LINE
  5
C1A
330
1F
100
AcDbEntity
  8
USER_ANNOTATION
  6
CONTINUOUS
 62
     1
100
AcDbLine
 10
-60.652707262
 20
17.770459277
 30
0.0
 11
-60.888927734
 21
17.534238805
 31
0.0
  0
LINE
  5
C1B
330
1F
100
AcDbEntity
  8
USER_ANNOTATION
  6
CONTINUOUS
 62
     1
100
AcDbLine
 10
-60.888927734
 20
14.0
 30
0.0
 11
-60.888927734
 21
17.534238805
 31
0.0
  0
MTEXT
  5
C1C
330
1F
100
AcDbEntity
  8
USER_ANNOTATION
  6
CONTINUOUS
 62
     1
100
AcDbMText
 10
36.864288888
 20
-13.684174038
 30
0.0
 40
1.238613333
 41
0.0
 71
     9
 72
     1
  1
\A1;{\H0.70x;\S1#4;}
  7
ARIAL
 11
6.123031769111886E-17
 21
1.0
 31
0.0
  0
LINE
  5
C1D
330
1F
100
AcDbEntity
  8
USER_ANNOTATION
  6
CONTINUOUS
 62
     1
100
AcDbLine
 10
34.362299797
 20
-12.980254667
 30
0.0
 11
35.99185266
 21
-12.980254667
 31
0.0
  0
LINE
  5
C1E
330
1F
100
AcDbEntity
  8
USER_ANNOTATION
  6
CONTINUOUS
 62
     1
100
AcDbLine
 10
35.99185266
 20
-12.980254667
 30
0.0
 11
36.346183368
 21
-13.334585376
 31
0.0
  0
LINE
  5
C1F
330
1F
100
AcDbEntity
  8
USER_ANNOTATION
  6
CONTINUOUS
 62
     1
100
AcDbLine
 10
36.346183368
 20
-13.334585376
 30
0.0
 11
37.054844786
 21
-13.334585376
 31
0.0
  0
LINE
  5
C20
330
1F
100
AcDbEntity
  8
USER_ANNOTATION
  6
CONTINUOUS
 62
     1
100
AcDbLine
 10
37.054844786
 20
-13.334585376
 30
0.0
 11
37.054844786
 21
-15.867961739
 31
0.0
  0
LINE
  5
C21
330
1F
100
AcDbEntity
  8
USER_ANNOTATION
  6
CONTINUOUS
 62
     1
100
AcDbLine
 10
37.054844786
 20
-13.334585376
 30
0.0
 11
37.291065258
 21
-13.570805848
 31
0.0
  0
LINE
  5
C22
330
1F
100
AcDbEntity
  8
USER_ANNOTATION
  6
CONTINUOUS
 62
     1
100
AcDbLine
 10
37.291065258
 20
-13.570805848
 30
0.0
 11
36.818624313
 21
-13.098364903
 31
0.0
  0
LINE
  5
C23
330
1F
100
AcDbEntity
  8
USER_ANNOTATION
  6
CONTINUOUS
 62
     1
100
AcDbLine
 10
36.818624313
 20
-13.098364903
 30
0.0
 11
37.054844786
 21
-13.334585376
 31
0.0
  0
LINE
  5
C24
330
1F
100
AcDbEntity
  8
USER_ANNOTATION
  6
CONTINUOUS
 62
     1
100
AcDbLine
 10
37.054844786
 20
-13.334585376
 30
0.0
 11
37.054844786
 21
-12.745254667
 31
0.0
  0
LINE
  5
C25
330
1F
100
AcDbEntity
  8
USER_ANNOTATION
  6
CONTINUOUS
 62
     1
100
AcDbLine
 10
37.054844786
 20
-12.745254667
 30
0.0
 11
37.054844786
 21
-12.745254667
 31
0.0
  0
LINE
  5
C26
330
1F
100
AcDbEntity
  8
USER_ANNOTATION
  6
CONTINUOUS
 62
     1
100
AcDbLine
 10
37.054844786
 20
-12.745254667
 30
0.0
 11
37.291065258
 21
-12.981475139
 31
0.0
  0
LINE
  5
C27
330
1F
100
AcDbEntity
  8
USER_ANNOTATION
  6
CONTINUOUS
 62
     1
100
AcDbLine
 10
37.291065258
 20
-12.981475139
 30
0.0
 11
36.818624313
 21
-12.509034195
 31
0.0
  0
LINE
  5
C28
330
1F
100
AcDbEntity
  8
USER_ANNOTATION
  6
CONTINUOUS
 62
     1
100
AcDbLine
 10
36.818624313
 20
-12.509034195
 30
0.0
 11
37.054844786
 21
-12.745254667
 31
0.0
  0
LINE
  5
C29
330
1F
100
AcDbEntity
  8
USER_ANNOTATION
  6
CONTINUOUS
 62
     1
100
AcDbLine
 10
22.612299797
 20
-12.745254667
 30
0.0
 11
37.054844786
 21
-12.745254667
 31
0.0
  0
MTEXT
  5
C2A
330
1F
100
AcDbEntity
  8
USER_ANNOTATION
  6
CONTINUOUS
 62
     1
100
AcDbMText
 10
7.480923493
 20
-13.230254667
 30
0.0
 40
1.238613333
 41
0.0
 71
     9
 72
     1
  1
\A1;{\H0.70x;\S1#4;}
  7
ARIAL
 11
6.123031769111886E-17
 21
1.0
 31
0.0
  0
LINE
  5
C2B
330
1F
100
AcDbEntity
  8
USER_ANNOTATION
  6
CONTINUOUS
 62
     1
100
AcDbLine
 10
10.862299797
 20
-12.980254667
 30
0.0
 11
8.734471516
 21
-12.980254667
 31
0.0
  0
LINE
  5
C2C
330
1F
100
AcDbEntity
  8
USER_ANNOTATION
  6
CONTINUOUS
 62
     1
100
AcDbLine
 10
8.734471516
 20
-12.980254667
 30
0.0
 11
8.380140807
 21
-13.334585376
 31
0.0
  0
LINE
  5
C2D
330
1F
100
AcDbEntity
  8
USER_ANNOTATION
  6
CONTINUOUS
 62
     1
100
AcDbLine
 10
8.380140807
 20
-13.334585376
 30
0.0
 11
7.67147939
 21
-13.334585376
 31
0.0
  0
LINE
  5
C2E
330
1F
100
AcDbEntity
  8
USER_ANNOTATION
  6
CONTINUOUS
 62
     1
100
AcDbLine
 10
7.67147939
 20
-13.334585376
 30
0.0
 11
7.67147939
 21
-15.414042368
 31
0.0
  0
LINE
  5
C2F
330
1F
100
AcDbEntity
  8
USER_ANNOTATION
  6
CONTINUOUS
 62
     1
100
AcDbLine
 10
7.67147939
 20
-13.334585376
 30
0.0
 11
7.907699863
 21
-13.570805848
 31
0.0
  0
LINE
  5
C30
330
1F
100
AcDbEntity
  8
USER_ANNOTATION
  6
CONTINUOUS
 62
     1
100
AcDbLine
 10
7.907699863
 20
-13.570805848
 30
0.0
 11
7.435258918
 21
-13.098364903
 31
0.0
  0
LINE
  5
C31
330
1F
100
AcDbEntity
  8
USER_ANNOTATION
  6
CONTINUOUS
 62
     1
100
AcDbLine
 10
7.435258918
 20
-13.098364903
 30
0.0
 11
7.67147939
 21
-13.334585376
 31
0.0
  0
LINE
  5
C32
330
1F
100
AcDbEntity
  8
USER_ANNOTATION
  6
CONTINUOUS
 62
     1
100
AcDbLine
 10
7.67147939
 20
-13.334585376
 30
0.0
 11
7.67147939
 21
-12.745254667
 31
0.0
  0
LINE
  5
C33
330
1F
100
AcDbEntity
  8
USER_ANNOTATION
  6
CONTINUOUS
 62
     1
100
AcDbLine
 10
7.67147939
 20
-12.745254667
 30
0.0
 11
7.67147939
 21
-12.745254667
 31
0.0
  0
LINE
  5
C34
330
1F
100
AcDbEntity
  8
USER_ANNOTATION
  6
CONTINUOUS
 62
     1
100
AcDbLine
 10
7.67147939
 20
-12.745254667
 30
0.0
 11
7.907699863
 21
-12.981475139
 31
0.0
  0
LINE
  5
C35
330
1F
100
AcDbEntity
  8
USER_ANNOTATION
  6
CONTINUOUS
 62
     1
100
AcDbLine
 10
7.907699863
 20
-12.981475139
 30
0.0
 11
7.435258918
 21
-12.509034195
 31
0.0
  0
LINE
  5
C36
330
1F
100
AcDbEntity
  8
USER_ANNOTATION
  6
CONTINUOUS
 62
     1
100
AcDbLine
 10
7.435258918
 20
-12.509034195
 30
0.0
 11
7.67147939
 21
-12.745254667
 31
0.0
  0
LINE
  5
C37
330
1F
100
AcDbEntity
  8
USER_ANNOTATION
  6
CONTINUOUS
 62
     1
100
AcDbLine
 10
22.362299797
 20
-12.745254667
 30
0.0
 11
7.67147939
 21
-12.745254667
 31
0.0
  0
MTEXT
  5
C38
330
1F
100
AcDbEntity
  8
USER_ANNOTATION
  6
CONTINUOUS
 62
     1
100
AcDbMText
 10
20.989799797
 20
61.940149912
 30
0.0
 40
1.238613333
 41
0.0
 71
     8
 72
     1
  1
\A1;3{\H0.70x;\S3#16;}
  7
ARIAL
  0
LINE
  5
C39
330
1F
100
AcDbEntity
  8
USER_ANNOTATION
  6
CONTINUOUS
 62
     1
100
AcDbLine
 10
19.367299797
 20
59.24469354
 30
0.0
 11
19.367299797
 21
61.749594015
 31
0.0
  0
LINE
  5
C3A
330
1F
100
AcDbEntity
  8
USER_ANNOTATION
  6
CONTINUOUS
 62
     1
100
AcDbLine
 10
19.367299797
 20
61.749594015
 30
0.0
 11
19.278579576
 21
61.749594015
 31
0.0
  0
LINE
  5
C3B
330
1F
100
AcDbEntity
  8
USER_ANNOTATION
  6
CONTINUOUS
 62
     1
100
AcDbLine
 10
19.367299797
 20
61.749594015
 30
0.0
 11
19.131079324
 21
61.513373542
 31
0.0
  0
LINE
  5
C3C
330
1F
100
AcDbEntity
  8
USER_ANNOTATION
  6
CONTINUOUS
 62
     1
100
AcDbLine
 10
19.131079324
 20
61.513373542
 30
0.0
 11
19.603520269
 21
61.985814487
 31
0.0
  0
LINE
  5
C3D
330
1F
100
AcDbEntity
  8
USER_ANNOTATION
  6
CONTINUOUS
 62
     1
100
AcDbLine
 10
19.603520269
 20
61.985814487
 30
0.0
 11
19.367299797
 21
61.749594015
 31
0.0
  0
LINE
  5
C3E
330
1F
100
AcDbEntity
  8
USER_ANNOTATION
  6
CONTINUOUS
 62
     1
100
AcDbLine
 10
19.367299797
 20
61.749594015
 30
0.0
 11
22.612299797
 21
61.749594015
 31
0.0
  0
LINE
  5
C3F
330
1F
100
AcDbEntity
  8
USER_ANNOTATION
  6
CONTINUOUS
 62
     1
100
AcDbLine
 10
22.612299797
 20
61.749594015
 30
0.0
 11
22.376079324
 21
61.513373542
 31
0.0
  0
LINE
  5
C40
330
1F
100
AcDbEntity
  8
USER_ANNOTATION
  6
CONTINUOUS
 62
     1
100
AcDbLine
 10
22.376079324
 20
61.513373542
 30
0.0
 11
22.848520269
 21
61.985814487
 31
0.0
  0
LINE
  5
C41
330
1F
100
AcDbEntity
  8
USER_ANNOTATION
  6
CONTINUOUS
 62
     1
100
AcDbLine
 10
22.848520269
 20
61.985814487
 30
0.0
 11
22.612299797
 21
61.749594015
 31
0.0
  0
LINE
  5
C42
330
1F
100
AcDbEntity
  8
USER_ANNOTATION
  6
CONTINUOUS
 62
     1
100
AcDbLine
 10
22.612299797
 20
25.04719354
 30
0.0
 11
22.612299797
 21
61.749594015
 31
0.0
  0
MTEXT
  5
C43
330
1F
100
AcDbEntity
  8
USER_ANNOTATION
  6
CONTINUOUS
 62
     1
100
AcDbMText
 10
24.854240198
 20
61.940149912
 30
0.0
 40
1.238613333
 41
0.0
 71
     8
 72
     1
  1
\A1;3{\H0.70x;\S1#4;}
  7
ARIAL
  0
LINE
  5
C44
330
1F
100
AcDbEntity
  8
USER_ANNOTATION
  6
CONTINUOUS
 62
     1
100
AcDbLine
 10
25.857299797
 20
59.24469354
 30
0.0
 11
25.857299797
 21
61.749594015
 31
0.0
  0
LINE
  5
C45
330
1F
100
AcDbEntity
  8
USER_ANNOTATION
  6
CONTINUOUS
 62
     1
100
AcDbLine
 10
25.857299797
 20
61.749594015
 30
0.0
 11
26.199504762
 21
61.749594015
 31
0.0
  0
LINE
  5
C46
330
1F
100
AcDbEntity
  8
USER_ANNOTATION
  6
CONTINUOUS
 62
     1
100
AcDbLine
 10
25.857299797
 20
61.749594015
 30
0.0
 11
26.093520269
 21
61.985814487
 31
0.0
  0
LINE
  5
C47
330
1F
100
AcDbEntity
  8
USER_ANNOTATION
  6
CONTINUOUS
 62
     1
100
AcDbLine
 10
26.093520269
 20
61.985814487
 30
0.0
 11
25.621079324
 21
61.513373542
 31
0.0
  0
LINE
  5
C48
330
1F
100
AcDbEntity
  8
USER_ANNOTATION
  6
CONTINUOUS
 62
     1
100
AcDbLine
 10
25.621079324
 20
61.513373542
 30
0.0
 11
25.857299797
 21
61.749594015
 31
0.0
  0
LINE
  5
C49
330
1F
100
AcDbEntity
  8
USER_ANNOTATION
  6
CONTINUOUS
 62
     1
100
AcDbLine
 10
25.857299797
 20
61.749594015
 30
0.0
 11
22.612299797
 21
61.749594015
 31
0.0
  0
LINE
  5
C4A
330
1F
100
AcDbEntity
  8
USER_ANNOTATION
  6
CONTINUOUS
 62
     1
100
AcDbLine
 10
22.612299797
 20
61.749594015
 30
0.0
 11
22.848520269
 21
61.985814487
 31
0.0
  0
LINE
  5
C4B
330
1F
100
AcDbEntity
  8
USER_ANNOTATION
  6
CONTINUOUS
 62
     1
100
AcDbLine
 10
22.848520269
 20
61.985814487
 30
0.0
 11
22.376079324
 21
61.513373542
 31
0.0
  0
LINE
  5
C4C
330
1F
100
AcDbEntity
  8
USER_ANNOTATION
  6
CONTINUOUS
 62
     1
100
AcDbLine
 10
22.376079324
 20
61.513373542
 30
0.0
 11
22.612299797
 21
61.749594015
 31
0.0
  0
LINE
  5
C4D
330
1F
100
AcDbEntity
  8
USER_ANNOTATION
  6
CONTINUOUS
 62
     1
100
AcDbLine
 10
22.612299797
 20
25.04719354
 30
0.0
 11
22.612299797
 21
61.749594015
 31
0.0
  0
MTEXT
  5
C4E
330
1F
100
AcDbEntity
  8
USER_ANNOTATION
  6
CONTINUOUS
 62
     1
100
AcDbMText
 10
3.35135872
 20
24.31219354
 30
0.0
 40
1.238613333
 41
0.0
 71
     9
 72
     1
  1
\A1;{\H0.70x;\S1#4;}
  7
ARIAL
 11
6.123031769111886E-17
 21
1.0
 31
0.0
  0
LINE
  5
C4F
330
1F
100
AcDbEntity
  8
USER_ANNOTATION
  6
CONTINUOUS
 62
     1
100
AcDbLine
 10
10.862299797
 20
24.56219354
 30
0.0
 11
4.604906744
 21
24.56219354
 31
0.0
  0
LINE
  5
C50
330
1F
100
AcDbEntity
  8
USER_ANNOTATION
  6
CONTINUOUS
 62
     1
100
AcDbLine
 10
4.604906744
 20
24.56219354
 30
0.0
 11
4.250576035
 21
24.207862831
 31
0.0
  0
LINE
  5
C51
330
1F
100
AcDbEntity
  8
USER_ANNOTATION
  6
CONTINUOUS
 62
     1
100
AcDbLine
 10
4.250576035
 20
24.207862831
 30
0.0
 11
3.541914618
 21
24.207862831
 31
0.0
  0
LINE
  5
C52
330
1F
100
AcDbEntity
  8
USER_ANNOTATION
  6
CONTINUOUS
 62
     1
100
AcDbLine
 10
3.541914618
 20
24.207862831
 30
0.0
 11
3.541914618
 21
22.128405839
 31
0.0
  0
LINE
  5
C53
330
1F
100
AcDbEntity
  8
USER_ANNOTATION
  6
CONTINUOUS
 62
     1
100
AcDbLine
 10
3.541914618
 20
24.207862831
 30
0.0
 11
3.77813509
 21
23.971642359
 31
0.0
  0
LINE
  5
C54
330
1F
100
AcDbEntity
  8
USER_ANNOTATION
  6
CONTINUOUS
 62
     1
100
AcDbLine
 10
3.77813509
 20
23.971642359
 30
0.0
 11
3.305694145
 21
24.444083304
 31
0.0
  0
LINE
  5
C55
330
1F
100
AcDbEntity
  8
USER_ANNOTATION
  6
CONTINUOUS
 62
     1
100
AcDbLine
 10
3.305694145
 20
24.444083304
 30
0.0
 11
3.541914618
 21
24.207862831
 31
0.0
  0
LINE
  5
C56
330
1F
100
AcDbEntity
  8
USER_ANNOTATION
  6
CONTINUOUS
 62
     1
100
AcDbLine
 10
3.541914618
 20
24.207862831
 30
0.0
 11
3.541914618
 21
24.79719354
 31
0.0
  0
LINE
  5
C57
330
1F
100
AcDbEntity
  8
USER_ANNOTATION
  6
CONTINUOUS
 62
     1
100
AcDbLine
 10
3.541914618
 20
24.79719354
 30
0.0
 11
3.541914618
 21
24.79719354
 31
0.0
  0
LINE
  5
C58
330
1F
100
AcDbEntity
  8
USER_ANNOTATION
  6
CONTINUOUS
 62
     1
100
AcDbLine
 10
3.541914618
 20
24.79719354
 30
0.0
 11
3.77813509
 21
24.560973067
 31
0.0
  0
LINE
  5
C59
330
1F
100
AcDbEntity
  8
USER_ANNOTATION
  6
CONTINUOUS
 62
     1
100
AcDbLine
 10
3.77813509
 20
24.560973067
 30
0.0
 11
3.305694145
 21
25.033414012
 31
0.0
  0
LINE
  5
C5A
330
1F
100
AcDbEntity
  8
USER_ANNOTATION
  6
CONTINUOUS
 62
     1
100
AcDbLine
 10
3.305694145
 20
25.033414012
 30
0.0
 11
3.541914618
 21
24.79719354
 31
0.0
  0
LINE
  5
C5B
330
1F
100
AcDbEntity
  8
USER_ANNOTATION
  6
CONTINUOUS
 62
     1
100
AcDbLine
 10
22.362299797
 20
24.79719354
 30
0.0
 11
3.541914618
 21
24.79719354
 31
0.0
  0
MTEXT
  5
C5C
330
1F
100
AcDbEntity
  8
USER_ANNOTATION
  6
CONTINUOUS
 62
     1
100
AcDbMText
 10
37.785900581
 20
23.607207765
 30
0.0
 40
1.238613333
 41
0.0
 71
     9
 72
     1
  1
\A1;{\H0.70x;\S1#4;}
  7
ARIAL
 11
6.123031769111886E-17
 21
1.0
 31
0.0
  0
LINE
  5
C5D
330
1F
100
AcDbEntity
  8
USER_ANNOTATION
  6
CONTINUOUS
 62
     1
100
AcDbLine
 10
34.362299797
 20
24.56219354
 30
0.0
 11
36.913464353
 21
24.56219354
 31
0.0
  0
LINE
  5
C5E
330
1F
100
AcDbEntity
  8
USER_ANNOTATION
  6
CONTINUOUS
 62
     1
100
AcDbLine
 10
36.913464353
 20
24.56219354
 30
0.0
 11
37.267795061
 21
24.207862831
 31
0.0
  0
LINE
  5
C5F
330
1F
100
AcDbEntity
  8
USER_ANNOTATION
  6
CONTINUOUS
 62
     1
100
AcDbLine
 10
37.267795061
 20
24.207862831
 30
0.0
 11
37.976456479
 21
24.207862831
 31
0.0
  0
LINE
  5
C60
330
1F
100
AcDbEntity
  8
USER_ANNOTATION
  6
CONTINUOUS
 62
     1
100
AcDbLine
 10
37.976456479
 20
24.207862831
 30
0.0
 11
37.976456479
 21
21.423420064
 31
0.0
  0
LINE
  5
C61
330
1F
100
AcDbEntity
  8
USER_ANNOTATION
  6
CONTINUOUS
 62
     1
100
AcDbLine
 10
37.976456479
 20
24.207862831
 30
0.0
 11
38.212676951
 21
23.971642359
 31
0.0
  0
LINE
  5
C62
330
1F
100
AcDbEntity
  8
USER_ANNOTATION
  6
CONTINUOUS
 62
     1
100
AcDbLine
 10
38.212676951
 20
23.971642359
 30
0.0
 11
37.740236006
 21
24.444083304
 31
0.0
  0
LINE
  5
C63
330
1F
100
AcDbEntity
  8
USER_ANNOTATION
  6
CONTINUOUS
 62
     1
100
AcDbLine
 10
37.740236006
 20
24.444083304
 30
0.0
 11
37.976456479
 21
24.207862831
 31
0.0
  0
LINE
  5
C64
330
1F
100
AcDbEntity
  8
USER_ANNOTATION
  6
CONTINUOUS
 62
     1
100
AcDbLine
 10
37.976456479
 20
24.207862831
 30
0.0
 11
37.976456479
 21
24.79719354
 31
0.0
  0
LINE
  5
C65
330
1F
100
AcDbEntity
  8
USER_ANNOTATION
  6
CONTINUOUS
 62
     1
100
AcDbLine
 10
37.976456479
 20
24.79719354
 30
0.0
 11
37.976456479
 21
24.79719354
 31
0.0
  0
LINE
  5
C66
330
1F
100
AcDbEntity
  8
USER_ANNOTATION
  6
CONTINUOUS
 62
     1
100
AcDbLine
 10
37.976456479
 20
24.79719354
 30
0.0
 11
38.212676951
 21
24.560973067
 31
0.0
  0
LINE
  5
C67
330
1F
100
AcDbEntity
  8
USER_ANNOTATION
  6
CONTINUOUS
 62
     1
100
AcDbLine
 10
38.212676951
 20
24.560973067
 30
0.0
 11
37.740236006
 21
25.033414012
 31
0.0
  0
LINE
  5
C68
330
1F
100
AcDbEntity
  8
USER_ANNOTATION
  6
CONTINUOUS
 62
     1
100
AcDbLine
 10
37.740236006
 20
25.033414012
 30
0.0
 11
37.976456479
 21
24.79719354
 31
0.0
  0
LINE
  5
C69
330
1F
100
AcDbEntity
  8
USER_ANNOTATION
  6
CONTINUOUS
 62
     1
100
AcDbLine
 10
22.612299797
 20
24.79719354
 30
0.0
 11
37.976456479
 21
24.79719354
 31
0.0
  0
MTEXT
  5
C6A
330
1F
100
AcDbEntity
  8
USER_ANNOTATION
  6
CONTINUOUS
 62
     1
100
AcDbMText
 10
27.643136188
 20
121.075179828
 30
0.0
 40
1.238613333
 41
0.0
 71
     9
 72
     1
  1
\A1;{\H0.70x;\S3#4;}
  7
ARIAL
 11
6.123031769111886E-17
 21
1.0
 31
0.0
  0
LINE
  5
C6B
330
1F
100
AcDbEntity
  8
USER_ANNOTATION
  6
CONTINUOUS
 62
     1
100
AcDbLine
 10
23.000352319
 20
121.395581624
 30
0.0
 11
27.833692086
 21
121.395581624
 31
0.0
  0
LINE
  5
C6C
330
1F
100
AcDbEntity
  8
USER_ANNOTATION
  6
CONTINUOUS
 62
     1
100
AcDbLine
 10
27.833692086
 20
121.395581624
 30
0.0
 11
27.833692086
 21
119.245722836
 31
0.0
  0
LINE
  5
C6D
330
1F
100
AcDbEntity
  8
USER_ANNOTATION
  6
CONTINUOUS
 62
     1
100
AcDbLine
 10
27.833692086
 20
121.395581624
 30
0.0
 11
28.069912558
 21
121.159361151
 31
0.0
  0
LINE
  5
C6E
330
1F
100
AcDbEntity
  8
USER_ANNOTATION
  6
CONTINUOUS
 62
     1
100
AcDbLine
 10
28.069912558
 20
121.159361151
 30
0.0
 11
27.597471613
 21
121.631802096
 31
0.0
  0
LINE
  5
C6F
330
1F
100
AcDbEntity
  8
USER_ANNOTATION
  6
CONTINUOUS
 62
     1
100
AcDbLine
 10
27.597471613
 20
121.631802096
 30
0.0
 11
27.833692086
 21
121.395581624
 31
0.0
  0
LINE
  5
C70
330
1F
100
AcDbEntity
  8
USER_ANNOTATION
  6
CONTINUOUS
 62
     1
100
AcDbLine
 10
27.833692086
 20
121.395581624
 30
0.0
 11
27.833692086
 21
122.145581624
 31
0.0
  0
LINE
  5
C71
330
1F
100
AcDbEntity
  8
USER_ANNOTATION
  6
CONTINUOUS
 62
     1
100
AcDbLine
 10
27.833692086
 20
122.145581624
 30
0.0
 11
27.833692086
 21
122.145581624
 31
0.0
  0
LINE
  5
C72
330
1F
100
AcDbEntity
  8
USER_ANNOTATION
  6
CONTINUOUS
 62
     1
100
AcDbLine
 10
27.833692086
 20
122.145581624
 30
0.0
 11
28.069912558
 21
121.909361151
 31
0.0
  0
LINE
  5
C73
330
1F
100
AcDbEntity
  8
USER_ANNOTATION
  6
CONTINUOUS
 62
     1
100
AcDbLine
 10
28.069912558
 20
121.909361151
 30
0.0
 11
27.597471613
 21
122.381802096
 31
0.0
  0
LINE
  5
C74
330
1F
100
AcDbEntity
  8
USER_ANNOTATION
  6
CONTINUOUS
 62
     1
100
AcDbLine
 10
27.597471613
 20
122.381802096
 30
0.0
 11
27.833692086
 21
122.145581624
 31
0.0
  0
LINE
  5
C75
330
1F
100
AcDbEntity
  8
USER_ANNOTATION
  6
CONTINUOUS
 62
     1
100
AcDbLine
 10
23.750352319
 20
122.145581624
 30
0.0
 11
27.833692086
 21
122.145581624
 31
0.0
  0
MTEXT
  5
C76
330
1F
100
AcDbEntity
  8
USER_ANNOTATION
  6
CONTINUOUS
 62
     1
100
AcDbMText
 10
-76.569903971
 20
10.920543008
 30
0.0
 40
1.238613333
 41
0.0
 71
     7
 72
     1
  1
\A1;{\H0.70x;\S3#4;}
  7
ARIAL
 11
6.123031769111886E-17
 21
1.0
 31
0.0
  0
LINE
  5
C77
330
1F
100
AcDbEntity
  8
USER_ANNOTATION
  6
CONTINUOUS
 62
     1
100
AcDbLine
 10
-69.258927734
 20
13.0
 30
0.0
 11
-76.379348073
 21
13.0
 31
0.0
  0
LINE
  5
C78
330
1F
100
AcDbEntity
  8
USER_ANNOTATION
  6
CONTINUOUS
 62
     1
100
AcDbLine
 10
-76.379348073
 20
13.0
 30
0.0
 11
-76.379348073
 21
10.920543008
 31
0.0
  0
LINE
  5
C79
330
1F
100
AcDbEntity
  8
USER_ANNOTATION
  6
CONTINUOUS
 62
     1
100
AcDbLine
 10
-76.379348073
 20
13.0
 30
0.0
 11
-76.143127601
 21
12.763779528
 31
0.0
  0
LINE
  5
C7A
330
1F
100
AcDbEntity
  8
USER_ANNOTATION
  6
CONTINUOUS
 62
     1
100
AcDbLine
 10
-76.143127601
 20
12.763779528
 30
0.0
 11
-76.615568546
 21
13.236220472
 31
0.0
  0
LINE
  5
C7B
330
1F
100
AcDbEntity
  8
USER_ANNOTATION
  6
CONTINUOUS
 62
     1
100
AcDbLine
 10
-76.615568546
 20
13.236220472
 30
0.0
 11
-76.379348073
 21
13.0
 31
0.0
  0
LINE
  5
C7C
330
1F
100
AcDbEntity
  8
USER_ANNOTATION
  6
CONTINUOUS
 62
     1
100
AcDbLine
 10
-76.379348073
 20
13.0
 30
0.0
 11
-76.379348073
 21
13.75
 31
0.0
  0
LINE
  5
C7D
330
1F
100
AcDbEntity
  8
USER_ANNOTATION
  6
CONTINUOUS
 62
     1
100
AcDbLine
 10
-76.379348073
 20
13.75
 30
0.0
 11
-76.379348073
 21
13.75
 31
0.0
  0
LINE
  5
C7E
330
1F
100
AcDbEntity
  8
USER_ANNOTATION
  6
CONTINUOUS
 62
     1
100
AcDbLine
 10
-76.379348073
 20
13.75
 30
0.0
 11
-76.143127601
 21
13.513779528
 31
0.0
  0
LINE
  5
C7F
330
1F
100
AcDbEntity
  8
USER_ANNOTATION
  6
CONTINUOUS
 62
     1
100
AcDbLine
 10
-76.143127601
 20
13.513779528
 30
0.0
 11
-76.615568546
 21
13.986220472
 31
0.0
  0
LINE
  5
C80
330
1F
100
AcDbEntity
  8
USER_ANNOTATION
  6
CONTINUOUS
 62
     1
100
AcDbLine
 10
-76.615568546
 20
13.986220472
 30
0.0
 11
-76.379348073
 21
13.75
 31
0.0
  0
LINE
  5
C81
330
1F
100
AcDbEntity
  8
USER_ANNOTATION
  6
CONTINUOUS
 62
     1
100
AcDbLine
 10
-69.258927734
 20
13.75
 30
0.0
 11
-76.379348073
 21
13.75
 31
0.0
  0
MTEXT
  5
C82
330
1F
100
AcDbEntity
  8
USER_ANNOTATION
  6
CONTINUOUS
 62
     1
100
AcDbMText
 10
-86.443631919
 20
13.190555897
 30
0.0
 40
1.238613333
 41
0.0
 71
     7
 72
     1
  1
\A1;17-11{\H0.70x;\S1#2;}
  7
ARIAL
  0
LINE
  5
C83
330
1F
100
AcDbEntity
  8
USER_ANNOTATION
  6
CONTINUOUS
 62
     1
100
AcDbLine
 10
-86.443631919
 20
13.0
 30
0.0
 11
-86.443631919
 21
13.0
 31
0.0
  0
LINE
  5
C84
330
1F
100
AcDbEntity
  8
USER_ANNOTATION
  6
CONTINUOUS
 62
     1
100
AcDbLine
 10
-80.654301489
 20
13.0
 30
0.0
 11
-69.258927734
 21
13.0
 31
0.0
  0
LINE
  5
C85
330
1F
100
AcDbEntity
  8
USER_ANNOTATION
  6
CONTINUOUS
 62
     1
100
AcDbLine
 10
-86.443631919
 20
13.0
 30
0.0
 11
-80.654301489
 21
13.0
 31
0.0
  0
MTEXT
  5
C86
330
1F
100
AcDbEntity
  8
USER_ANNOTATION
  6
CONTINUOUS
 62
     1
100
AcDbMText
 10
-19.617107621
 20
14.932262227
 30
0.0
 40
1.238613333
 41
0.0
 71
     7
 72
     1
  1
\A1;{\H0.70x;\S3#4;}
  7
ARIAL
 11
6.123031769111886E-17
 21
1.0
 31
0.0
  0
LINE
  5
C87
330
1F
100
AcDbEntity
  8
USER_ANNOTATION
  6
CONTINUOUS
 62
     1
100
AcDbLine
 10
-53.138927734
 20
13.75
 30
0.0
 11
-29.969995119
 21
13.75
 31
0.0
  0
LINE
  5
C88
330
1F
100
AcDbEntity
  8
USER_ANNOTATION
  6
CONTINUOUS
 62
     1
100
AcDbLine
 10
-25.041736825
 20
13.75
 30
0.0
 11
-19.426551723
 21
13.75
 31
0.0
  0
LINE
  5
C89
330
1F
100
AcDbEntity
  8
USER_ANNOTATION
  6
CONTINUOUS
 62
     1
100
AcDbLine
 10
-19.426551723
 20
13.75
 30
0.0
 11
-19.426551723
 21
16.761719219
 31
0.0
  0
LINE
  5
C8A
330
1F
100
AcDbEntity
  8
USER_ANNOTATION
  6
CONTINUOUS
 62
     1
100
AcDbLine
 10
-19.426551723
 20
13.75
 30
0.0
 11
-19.662772196
 21
13.986220472
 31
0.0
  0
LINE
  5
C8B
330
1F
100
AcDbEntity
  8
USER_ANNOTATION
  6
CONTINUOUS
 62
     1
100
AcDbLine
 10
-19.662772196
 20
13.986220472
 30
0.0
 11
-19.190331251
 21
13.513779528
 31
0.0
  0
LINE
  5
C8C
330
1F
100
AcDbEntity
  8
USER_ANNOTATION
  6
CONTINUOUS
 62
     1
100
AcDbLine
 10
-19.190331251
 20
13.513779528
 30
0.0
 11
-19.426551723
 21
13.75
 31
0.0
  0
LINE
  5
C8D
330
1F
100
AcDbEntity
  8
USER_ANNOTATION
  6
CONTINUOUS
 62
     1
100
AcDbLine
 10
-19.426551723
 20
13.75
 30
0.0
 11
-19.426551723
 21
13.0
 31
0.0
  0
LINE
  5
C8E
330
1F
100
AcDbEntity
  8
USER_ANNOTATION
  6
CONTINUOUS
 62
     1
100
AcDbLine
 10
-19.426551723
 20
13.0
 30
0.0
 11
-19.426551723
 21
13.0
 31
0.0
  0
LINE
  5
C8F
330
1F
100
AcDbEntity
  8
USER_ANNOTATION
  6
CONTINUOUS
 62
     1
100
AcDbLine
 10
-19.426551723
 20
13.0
 30
0.0
 11
-19.662772196
 21
13.236220472
 31
0.0
  0
LINE
  5
C90
330
1F
100
AcDbEntity
  8
USER_ANNOTATION
  6
CONTINUOUS
 62
     1
100
AcDbLine
 10
-19.662772196
 20
13.236220472
 30
0.0
 11
-19.190331251
 21
12.763779528
 31
0.0
  0
LINE
  5
C91
330
1F
100
AcDbEntity
  8
USER_ANNOTATION
  6
CONTINUOUS
 62
     1
100
AcDbLine
 10
-19.190331251
 20
12.763779528
 30
0.0
 11
-19.426551723
 21
13.0
 31
0.0
  0
LINE
  5
C92
330
1F
100
AcDbEntity
  8
USER_ANNOTATION
  6
CONTINUOUS
 62
     1
100
AcDbLine
 10
-53.263927734
 20
13.0
 30
0.0
 11
-19.426551723
 21
13.0
 31
0.0
  0
MTEXT
  5
C93
330
1F
100
AcDbEntity
  8
USER_ANNOTATION
  6
CONTINUOUS
 62
     1
100
AcDbMText
 10
-18.327871843
 20
13.190555897
 30
0.0
 40
1.238613333
 41
0.0
 71
     7
 72
     1
  1
\A1;17-11{\H0.70x;\S1#2;}
  7
ARIAL
  0
TEXT
  5
C94
330
1F
100
AcDbEntity
  8
USER_ANNOTATION
  6
CONTINUOUS
 62
     1
100
AcDbText
 10
-17.554532299
 20
11.153989744
 30
0.0
 40
1.238613333
  1
@p853
 41
0.8
  7
ARIAL
100
AcDbText
  0
LINE
  5
C95
330
1F
100
AcDbEntity
  8
USER_ANNOTATION
  6
CONTINUOUS
 62
     1
100
AcDbLine
 10
-53.263927734
 20
13.0
 30
0.0
 11
-17.554532299
 21
13.0
 31
0.0
  0
LINE
  5
C96
330
1F
100
AcDbEntity
  8
USER_ANNOTATION
  6
CONTINUOUS
 62
     1
100
AcDbLine
 10
-12.538541414
 20
13.0
 30
0.0
 11
-12.538541414
 21
13.0
 31
0.0
  0
LINE
  5
C97
330
1F
100
AcDbEntity
  8
USER_ANNOTATION
  6
CONTINUOUS
 62
     1
100
AcDbLine
 10
-12.538541414
 20
13.0
 30
0.0
 11
-18.327871843
 21
13.0
 31
0.0
  0
MTEXT
  5
C98
330
1F
100
AcDbEntity
  8
USER_ANNOTATION
  6
CONTINUOUS
 62
     1
100
AcDbMText
 10
-46.895072931
 20
-12.429456992
 30
0.0
 40
1.238613333
 41
0.0
 71
     7
 72
     1
  1
\A1;{\H0.70x;\S3#4;}
  7
ARIAL
 11
6.123031769111886E-17
 21
1.0
 31
0.0
  0
LINE
  5
C99
330
1F
100
AcDbEntity
  8
USER_ANNOTATION
  6
CONTINUOUS
 62
     1
100
AcDbLine
 10
-53.263927734
 20
-10.35
 30
0.0
 11
-46.704517034
 21
-10.35
 31
0.0
  0
LINE
  5
C9A
330
1F
100
AcDbEntity
  8
USER_ANNOTATION
  6
CONTINUOUS
 62
     1
100
AcDbLine
 10
-46.704517034
 20
-10.35
 30
0.0
 11
-46.704517034
 21
-12.429456992
 31
0.0
  0
LINE
  5
C9B
330
1F
100
AcDbEntity
  8
USER_ANNOTATION
  6
CONTINUOUS
 62
     1
100
AcDbLine
 10
-46.704517034
 20
-10.35
 30
0.0
 11
-46.468296561
 21
-10.586220472
 31
0.0
  0
LINE
  5
C9C
330
1F
100
AcDbEntity
  8
USER_ANNOTATION
  6
CONTINUOUS
 62
     1
100
AcDbLine
 10
-46.468296561
 20
-10.586220472
 30
0.0
 11
-46.940737506
 21
-10.113779528
 31
0.0
  0
LINE
  5
C9D
330
1F
100
AcDbEntity
  8
USER_ANNOTATION
  6
CONTINUOUS
 62
     1
100
AcDbLine
 10
-46.940737506
 20
-10.113779528
 30
0.0
 11
-46.704517034
 21
-10.35
 31
0.0
  0
LINE
  5
C9E
330
1F
100
AcDbEntity
  8
USER_ANNOTATION
  6
CONTINUOUS
 62
     1
100
AcDbLine
 10
-46.704517034
 20
-10.35
 30
0.0
 11
-46.704517034
 21
-9.6
 31
0.0
  0
LINE
  5
C9F
330
1F
100
AcDbEntity
  8
USER_ANNOTATION
  6
CONTINUOUS
 62
     1
100
AcDbLine
 10
-46.704517034
 20
-9.6
 30
0.0
 11
-46.704517034
 21
-9.6
 31
0.0
  0
LINE
  5
CA0
330
1F
100
AcDbEntity
  8
USER_ANNOTATION
  6
CONTINUOUS
 62
     1
100
AcDbLine
 10
-46.704517034
 20
-9.6
 30
0.0
 11
-46.468296561
 21
-9.836220472
 31
0.0
  0
LINE
  5
CA1
330
1F
100
AcDbEntity
  8
USER_ANNOTATION
  6
CONTINUOUS
 62
     1
100
AcDbLine
 10
-46.468296561
 20
-9.836220472
 30
0.0
 11
-46.940737506
 21
-9.363779528
 31
0.0
  0
LINE
  5
CA2
330
1F
100
AcDbEntity
  8
USER_ANNOTATION
  6
CONTINUOUS
 62
     1
100
AcDbLine
 10
-46.940737506
 20
-9.363779528
 30
0.0
 11
-46.704517034
 21
-9.6
 31
0.0
  0
LINE
  5
CA3
330
1F
100
AcDbEntity
  8
USER_ANNOTATION
  6
CONTINUOUS
 62
     1
100
AcDbLine
 10
-53.263927734
 20
-9.6
 30
0.0
 11
-46.704517034
 21
-9.6
 31
0.0
  0
MTEXT
  5
CA4
330
1F
100
AcDbEntity
  8
USER_ANNOTATION
  6
CONTINUOUS
 62
     1
100
AcDbMText
 10
-42.816477273
 20
-10.159444103
 30
0.0
 40
1.238613333
 41
0.0
 71
     7
 72
     1
  1
\A1;16-0{\H0.70x;\S1#8;}
  7
ARIAL
  0
LINE
  5
CA5
330
1F
100
AcDbEntity
  8
USER_ANNOTATION
  6
CONTINUOUS
 62
     1
100
AcDbLine
 10
-53.263927734
 20
-10.35
 30
0.0
 11
-42.816477273
 21
-10.35
 31
0.0
  0
LINE
  5
CA6
330
1F
100
AcDbEntity
  8
USER_ANNOTATION
  6
CONTINUOUS
 62
     1
100
AcDbLine
 10
-37.888218978
 20
-10.35
 30
0.0
 11
-37.888218978
 21
-10.35
 31
0.0
  0
LINE
  5
CA7
330
1F
100
AcDbEntity
  8
USER_ANNOTATION
  6
CONTINUOUS
 62
     1
100
AcDbLine
 10
-37.888218978
 20
-10.35
 30
0.0
 11
-42.816477273
 21
-10.35
 31
0.0
  0
MTEXT
  5
CA8
330
1F
100
AcDbEntity
  8
USER_ANNOTATION
  6
CONTINUOUS
 62
     1
100
AcDbMText
 10
-76.008894333
 20
-12.429456992
 30
0.0
 40
1.238613333
 41
0.0
 71
     7
 72
     1
  1
\A1;{\H0.70x;\S3#4;}
  7
ARIAL
 11
6.123031769111886E-17
 21
1.0
 31
0.0
  0
LINE
  5
CA9
330
1F
100
AcDbEntity
  8
USER_ANNOTATION
  6
CONTINUOUS
 62
     1
100
AcDbLine
 10
-69.258927734
 20
-10.35
 30
0.0
 11
-75.818338435
 21
-10.35
 31
0.0
  0
LINE
  5
CAA
330
1F
100
AcDbEntity
  8
USER_ANNOTATION
  6
CONTINUOUS
 62
     1
100
AcDbLine
 10
-75.818338435
 20
-10.35
 30
0.0
 11
-75.818338435
 21
-12.429456992
 31
0.0
  0
LINE
  5
CAB
330
1F
100
AcDbEntity
  8
USER_ANNOTATION
  6
CONTINUOUS
 62
     1
100
AcDbLine
 10
-75.818338435
 20
-10.35
 30
0.0
 11
-75.582117963
 21
-10.586220472
 31
0.0
  0
LINE
  5
CAC
330
1F
100
AcDbEntity
  8
USER_ANNOTATION
  6
CONTINUOUS
 62
     1
100
AcDbLine
 10
-75.582117963
 20
-10.586220472
 30
0.0
 11
-76.054558908
 21
-10.113779528
 31
0.0
  0
LINE
  5
CAD
330
1F
100
AcDbEntity
  8
USER_ANNOTATION
  6
CONTINUOUS
 62
     1
100
AcDbLine
 10
-76.054558908
 20
-10.113779528
 30
0.0
 11
-75.818338435
 21
-10.35
 31
0.0
  0
LINE
  5
CAE
330
1F
100
AcDbEntity
  8
USER_ANNOTATION
  6
CONTINUOUS
 62
     1
100
AcDbLine
 10
-75.818338435
 20
-10.35
 30
0.0
 11
-75.818338435
 21
-9.6
 31
0.0
  0
LINE
  5
CAF
330
1F
100
AcDbEntity
  8
USER_ANNOTATION
  6
CONTINUOUS
 62
     1
100
AcDbLine
 10
-75.818338435
 20
-9.6
 30
0.0
 11
-75.818338435
 21
-9.6
 31
0.0
  0
LINE
  5
CB0
330
1F
100
AcDbEntity
  8
USER_ANNOTATION
  6
CONTINUOUS
 62
     1
100
AcDbLine
 10
-75.818338435
 20
-9.6
 30
0.0
 11
-75.582117963
 21
-9.836220472
 31
0.0
  0
LINE
  5
CB1
330
1F
100
AcDbEntity
  8
USER_ANNOTATION
  6
CONTINUOUS
 62
     1
100
AcDbLine
 10
-75.582117963
 20
-9.836220472
 30
0.0
 11
-76.054558908
 21
-9.363779528
 31
0.0
  0
LINE
  5
CB2
330
1F
100
AcDbEntity
  8
USER_ANNOTATION
  6
CONTINUOUS
 62
     1
100
AcDbLine
 10
-76.054558908
 20
-9.363779528
 30
0.0
 11
-75.818338435
 21
-9.6
 31
0.0
  0
LINE
  5
CB3
330
1F
100
AcDbEntity
  8
USER_ANNOTATION
  6
CONTINUOUS
 62
     1
100
AcDbLine
 10
-69.258927734
 20
-9.6
 30
0.0
 11
-75.818338435
 21
-9.6
 31
0.0
  0
MTEXT
  5
CB4
330
1F
100
AcDbEntity
  8
USER_ANNOTATION
  6
CONTINUOUS
 62
     1
100
AcDbMText
 10
-83.63463649
 20
-10.159444103
 30
0.0
 40
1.238613333
 41
0.0
 71
     7
 72
     1
  1
\A1;16-0{\H0.70x;\S1#8;}
  7
ARIAL
  0
LINE
  5
CB5
330
1F
100
AcDbEntity
  8
USER_ANNOTATION
  6
CONTINUOUS
 62
     1
100
AcDbLine
 10
-83.63463649
 20
-10.35
 30
0.0
 11
-83.63463649
 21
-10.35
 31
0.0
  0
LINE
  5
CB6
330
1F
100
AcDbEntity
  8
USER_ANNOTATION
  6
CONTINUOUS
 62
     1
100
AcDbLine
 10
-78.706378196
 20
-10.35
 30
0.0
 11
-69.258927734
 21
-10.35
 31
0.0
  0
LINE
  5
CB7
330
1F
100
AcDbEntity
  8
USER_ANNOTATION
  6
CONTINUOUS
 62
     1
100
AcDbLine
 10
-83.63463649
 20
-10.35
 30
0.0
 11
-78.706378196
 21
-10.35
 31
0.0
  0
MTEXT
  5
CB8
330
1F
100
AcDbEntity
  8
USER_ANNOTATION
  6
CONTINUOUS
 62
     1
100
AcDbMText
 10
-29.969995119
 20
13.940555897
 30
0.0
 40
1.238613333
 41
0.0
 71
     7
 72
     1
  1
\A1;18-0{\H0.70x;\S1#4;}
  7
ARIAL
  0
LINE
  5
CB9
330
1F
100
AcDbEntity
  8
USER_ANNOTATION
  6
CONTINUOUS
 62
     1
100
AcDbLine
 10
-31.813927734
 20
13.75
 30
0.0
 11
-29.969995119
 21
13.75
 31
0.0
  0
LINE
  5
CBA
330
1F
100
AcDbEntity
  8
USER_ANNOTATION
  6
CONTINUOUS
 62
     1
100
AcDbLine
 10
-25.041736825
 20
13.75
 30
0.0
 11
-25.041736825
 21
13.75
 31
0.0
  0
LINE
  5
CBB
330
1F
100
AcDbEntity
  8
USER_ANNOTATION
  6
CONTINUOUS
 62
     1
100
AcDbLine
 10
-25.041736825
 20
13.75
 30
0.0
 11
-29.969995119
 21
13.75
 31
0.0
  0
MTEXT
  5
CBC
330
1F
100
AcDbEntity
  8
USER_ANNOTATION
  6
CONTINUOUS
 62
     1
100
AcDbMText
 10
-39.36125433
 20
74.940555897
 30
0.0
 40
1.238613333
 41
0.0
 71
     7
 72
     1
  1
\A1;33-0{\H0.70x;\S1#4;}
  7
ARIAL
  0
LINE
  5
CBD
330
1F
100
AcDbEntity
  8
USER_ANNOTATION
  6
CONTINUOUS
 62
     1
100
AcDbLine
 10
-41.511427734
 20
74.75
 30
0.0
 11
-39.36125433
 21
74.75
 31
0.0
  0
LINE
  5
CBE
330
1F
100
AcDbEntity
  8
USER_ANNOTATION
  6
CONTINUOUS
 62
     1
100
AcDbLine
 10
-34.432996036
 20
74.75
 30
0.0
 11
-34.432996036
 21
74.75
 31
0.0
  0
LINE
  5
CBF
330
1F
100
AcDbEntity
  8
USER_ANNOTATION
  6
CONTINUOUS
 62
     1
100
AcDbLine
 10
-34.432996036
 20
74.75
 30
0.0
 11
-39.36125433
 21
74.75
 31
0.0
  0
MTEXT
  5
CC0
330
1F
100
AcDbEntity
  8
USER_ANNOTATION
  6
CONTINUOUS
 62
     1
100
AcDbMText
 10
26.279707005
 20
115.947176986
 30
0.0
 40
1.238613333
 41
0.0
 71
     9
 72
     1
  1
\A1;{\H0.70x;\S3#4;}
  7
ARIAL
  0
LINE
  5
CC1
330
1F
100
AcDbEntity
  8
USER_ANNOTATION
  6
CONTINUOUS
 62
     1
100
AcDbLine
 10
23.750352319
 20
121.895581624
 30
0.0
 11
23.750352319
 21
115.756621088
 31
0.0
  0
LINE
  5
CC2
330
1F
100
AcDbEntity
  8
USER_ANNOTATION
  6
CONTINUOUS
 62
     1
100
AcDbLine
 10
23.750352319
 20
115.756621088
 30
0.0
 11
26.279707005
 21
115.756621088
 31
0.0
  0
LINE
  5
CC3
330
1F
100
AcDbEntity
  8
USER_ANNOTATION
  6
CONTINUOUS
 62
     1
100
AcDbLine
 10
23.750352319
 20
115.756621088
 30
0.0
 11
23.986572791
 21
115.992841561
 31
0.0
  0
LINE
  5
CC4
330
1F
100
AcDbEntity
  8
USER_ANNOTATION
  6
CONTINUOUS
 62
     1
100
AcDbLine
 10
23.986572791
 20
115.992841561
 30
0.0
 11
23.514131846
 21
115.520400616
 31
0.0
  0
LINE
  5
CC5
330
1F
100
AcDbEntity
  8
USER_ANNOTATION
  6
CONTINUOUS
 62
     1
100
AcDbLine
 10
23.514131846
 20
115.520400616
 30
0.0
 11
23.750352319
 21
115.756621088
 31
0.0
  0
LINE
  5
CC6
330
1F
100
AcDbEntity
  8
USER_ANNOTATION
  6
CONTINUOUS
 62
     1
100
AcDbLine
 10
23.750352319
 20
115.756621088
 30
0.0
 11
23.000352319
 21
115.756621088
 31
0.0
  0
LINE
  5
CC7
330
1F
100
AcDbEntity
  8
USER_ANNOTATION
  6
CONTINUOUS
 62
     1
100
AcDbLine
 10
23.000352319
 20
115.756621088
 30
0.0
 11
23.000352319
 21
115.756621088
 31
0.0
  0
LINE
  5
CC8
330
1F
100
AcDbEntity
  8
USER_ANNOTATION
  6
CONTINUOUS
 62
     1
100
AcDbLine
 10
23.000352319
 20
115.756621088
 30
0.0
 11
23.236572791
 21
115.992841561
 31
0.0
  0
LINE
  5
CC9
330
1F
100
AcDbEntity
  8
USER_ANNOTATION
  6
CONTINUOUS
 62
     1
100
AcDbLine
 10
23.236572791
 20
115.992841561
 30
0.0
 11
22.764131846
 21
115.520400616
 31
0.0
  0
LINE
  5
CCA
330
1F
100
AcDbEntity
  8
USER_ANNOTATION
  6
CONTINUOUS
 62
     1
100
AcDbLine
 10
22.764131846
 20
115.520400616
 30
0.0
 11
23.000352319
 21
115.756621088
 31
0.0
  0
LINE
  5
CCB
330
1F
100
AcDbEntity
  8
USER_ANNOTATION
  6
CONTINUOUS
 62
     1
100
AcDbLine
 10
23.000352319
 20
121.145581624
 30
0.0
 11
23.000352319
 21
115.756621088
 31
0.0
  0
MTEXT
  5
CCC
330
1F
100
AcDbEntity
  8
USER_ANNOTATION
  6
CONTINUOUS
 62
     1
100
AcDbMText
 10
-205.625248701
 20
74.315555897
 30
0.0
 40
1.238613333
 41
0.0
 71
     7
 72
     1
  1
\A1;32-11{\H0.70x;\S5#8;}
  7
ARIAL
  0
LINE
  5
CCD
330
1F
100
AcDbEntity
  8
USER_ANNOTATION
  6
CONTINUOUS
 62
     1
100
AcDbLine
 10
-205.625248701
 20
74.125
 30
0.0
 11
-205.625248701
 21
74.125
 31
0.0
  0
LINE
  5
CCE
330
1F
100
AcDbEntity
  8
USER_ANNOTATION
  6
CONTINUOUS
 62
     1
100
AcDbLine
 10
-199.835918271
 20
74.125
 30
0.0
 11
-182.56
 21
74.125
 31
0.0
  0
LINE
  5
CCF
330
1F
100
AcDbEntity
  8
USER_ANNOTATION
  6
CONTINUOUS
 62
     1
100
AcDbLine
 10
-205.625248701
 20
74.125
 30
0.0
 11
-199.835918271
 21
74.125
 31
0.0
  0
TEXT
  5
CD0
330
1F
100
AcDbEntity
  8
USER_ANNOTATION
  6
CONTINUOUS
 62
     1
100
AcDbText
 10
32.808687501
 20
-105.827029157
 30
0.0
 40
1.85792
  1
1
 41
0.8
  7
ARIAL
100
AcDbText
  0
LINE
  5
CD1
330
1F
100
AcDbEntity
  8
USER_ANNOTATION
  6
CONTINUOUS
 62
     1
100
AcDbLine
 10
32.705241602
 20
-97.851402106
 30
0.0
 11
32.705241602
 21
-106.541613773
 31
0.0
  0
LINE
  5
CD2
330
1F
100
AcDbEntity
  8
USER_ANNOTATION
  6
CONTINUOUS
 62
     1
100
AcDbLine
 10
32.705241602
 20
-106.541613773
 30
0.0
 11
32.46902113
 21
-106.777834245
 31
0.0
  0
LINE
  5
CD3
330
1F
100
AcDbEntity
  8
USER_ANNOTATION
  6
CONTINUOUS
 62
     1
100
AcDbLine
 10
32.46902113
 20
-106.777834245
 30
0.0
 11
32.941462075
 21
-106.3053933
 31
0.0
  0
LINE
  5
CD4
330
1F
100
AcDbEntity
  8
USER_ANNOTATION
  6
CONTINUOUS
 62
     1
100
AcDbLine
 10
32.941462075
 20
-106.3053933
 30
0.0
 11
32.705241602
 21
-106.541613773
 31
0.0
  0
LINE
  5
CD5
330
1F
100
AcDbEntity
  8
USER_ANNOTATION
  6
CONTINUOUS
 62
     1
100
AcDbLine
 10
32.705241602
 20
-106.541613773
 30
0.0
 11
34.203741602
 21
-106.541613773
 31
0.0
  0
LINE
  5
CD6
330
1F
100
AcDbEntity
  8
USER_ANNOTATION
  6
CONTINUOUS
 62
     1
100
AcDbLine
 10
34.203741602
 20
-106.541613773
 30
0.0
 11
34.203741602
 21
-106.541613773
 31
0.0
  0
LINE
  5
CD7
330
1F
100
AcDbEntity
  8
USER_ANNOTATION
  6
CONTINUOUS
 62
     1
100
AcDbLine
 10
34.203741602
 20
-106.541613773
 30
0.0
 11
33.96752113
 21
-106.777834245
 31
0.0
  0
LINE
  5
CD8
330
1F
100
AcDbEntity
  8
USER_ANNOTATION
  6
CONTINUOUS
 62
     1
100
AcDbLine
 10
33.96752113
 20
-106.777834245
 30
0.0
 11
34.439962075
 21
-106.3053933
 31
0.0
  0
LINE
  5
CD9
330
1F
100
AcDbEntity
  8
USER_ANNOTATION
  6
CONTINUOUS
 62
     1
100
AcDbLine
 10
34.439962075
 20
-106.3053933
 30
0.0
 11
34.203741602
 21
-106.541613773
 31
0.0
  0
LINE
  5
CDA
330
1F
100
AcDbEntity
  8
USER_ANNOTATION
  6
CONTINUOUS
 62
     1
100
AcDbLine
 10
34.203741602
 20
-98.101402106
 30
0.0
 11
34.203741602
 21
-106.541613773
 31
0.0
  0
TEXT
  5
CDB
330
1F
100
AcDbEntity
  8
USER_ANNOTATION
  6
CONTINUOUS
 62
     1
100
AcDbText
 10
20.730525497
 20
-95.350333356
 30
0.0
 40
1.85792
  1
1
 50
90.0
 41
0.8
  7
ARIAL
100
AcDbText
  0
LINE
  5
CDC
330
1F
100
AcDbEntity
  8
USER_ANNOTATION
  6
CONTINUOUS
 62
     1
100
AcDbLine
 10
16.027116696
 20
-96.352152294
 30
0.0
 11
21.445110112
 21
-96.352152294
 31
0.0
  0
LINE
  5
CDD
330
1F
100
AcDbEntity
  8
USER_ANNOTATION
  6
CONTINUOUS
 62
     1
100
AcDbLine
 10
21.445110112
 20
-96.352152294
 30
0.0
 11
21.445110112
 21
-94.058725153
 31
0.0
  0
LINE
  5
CDE
330
1F
100
AcDbEntity
  8
USER_ANNOTATION
  6
CONTINUOUS
 62
     1
100
AcDbLine
 10
21.445110112
 20
-96.352152294
 30
0.0
 11
21.20888964
 21
-96.115931821
 31
0.0
  0
LINE
  5
CDF
330
1F
100
AcDbEntity
  8
USER_ANNOTATION
  6
CONTINUOUS
 62
     1
100
AcDbLine
 10
21.20888964
 20
-96.115931821
 30
0.0
 11
21.681330584
 21
-96.588372766
 31
0.0
  0
LINE
  5
CE0
330
1F
100
AcDbEntity
  8
USER_ANNOTATION
  6
CONTINUOUS
 62
     1
100
AcDbLine
 10
21.681330584
 20
-96.588372766
 30
0.0
 11
21.445110112
 21
-96.352152294
 31
0.0
  0
LINE
  5
CE1
330
1F
100
AcDbEntity
  8
USER_ANNOTATION
  6
CONTINUOUS
 62
     1
100
AcDbLine
 10
21.445110112
 20
-96.352152294
 30
0.0
 11
21.445110112
 21
-97.851402106
 31
0.0
  0
LINE
  5
CE2
330
1F
100
AcDbEntity
  8
USER_ANNOTATION
  6
CONTINUOUS
 62
     1
100
AcDbLine
 10
21.445110112
 20
-97.851402106
 30
0.0
 11
21.445110112
 21
-97.851402106
 31
0.0
  0
LINE
  5
CE3
330
1F
100
AcDbEntity
  8
USER_ANNOTATION
  6
CONTINUOUS
 62
     1
100
AcDbLine
 10
21.445110112
 20
-97.851402106
 30
0.0
 11
21.20888964
 21
-97.615181634
 31
0.0
  0
LINE
  5
CE4
330
1F
100
AcDbEntity
  8
USER_ANNOTATION
  6
CONTINUOUS
 62
     1
100
AcDbLine
 10
21.20888964
 20
-97.615181634
 30
0.0
 11
21.681330584
 21
-98.087622579
 31
0.0
  0
LINE
  5
CE5
330
1F
100
AcDbEntity
  8
USER_ANNOTATION
  6
CONTINUOUS
 62
     1
100
AcDbLine
 10
21.681330584
 20
-98.087622579
 30
0.0
 11
21.445110112
 21
-97.851402106
 31
0.0
  0
LINE
  5
CE6
330
1F
100
AcDbEntity
  8
USER_ANNOTATION
  6
CONTINUOUS
 62
     1
100
AcDbLine
 10
16.775241602
 20
-97.851402106
 30
0.0
 11
21.445110112
 21
-97.851402106
 31
0.0
  0
MTEXT
  5
CE7
330
1F
100
AcDbEntity
  8
USER_ANNOTATION
  6
CONTINUOUS
 62
     1
100
AcDbMText
 10
46.794249102
 20
-95.195213305
 30
0.0
 40
1.85792
 41
0.0
 71
     7
 72
     1
  1
\A1;1{\H0.70x;\S1#16;}
  7
ARIAL
 11
6.123031769111886E-17
 21
1.0
 31
0.0
  0
LINE
  5
CE8
330
1F
100
AcDbEntity
  8
USER_ANNOTATION
  6
CONTINUOUS
 62
     1
100
AcDbLine
 10
35.990241602
 20
-96.253902106
 30
0.0
 11
47.080082948
 21
-96.253902106
 31
0.0
  0
LINE
  5
CE9
330
1F
100
AcDbEntity
  8
USER_ANNOTATION
  6
CONTINUOUS
 62
     1
100
AcDbLine
 10
47.080082948
 20
-96.253902106
 30
0.0
 11
47.080082948
 21
-90.061552641
 31
0.0
  0
LINE
  5
CEA
330
1F
100
AcDbEntity
  8
USER_ANNOTATION
  6
CONTINUOUS
 62
     1
100
AcDbLine
 10
47.080082948
 20
-96.253902106
 30
0.0
 11
46.843862475
 21
-96.017681634
 31
0.0
  0
LINE
  5
CEB
330
1F
100
AcDbEntity
  8
USER_ANNOTATION
  6
CONTINUOUS
 62
     1
100
AcDbLine
 10
46.843862475
 20
-96.017681634
 30
0.0
 11
47.31630342
 21
-96.490122579
 31
0.0
  0
LINE
  5
CEC
330
1F
100
AcDbEntity
  8
USER_ANNOTATION
  6
CONTINUOUS
 62
     1
100
AcDbLine
 10
47.31630342
 20
-96.490122579
 30
0.0
 11
47.080082948
 21
-96.253902106
 31
0.0
  0
LINE
  5
CED
330
1F
100
AcDbEntity
  8
USER_ANNOTATION
  6
CONTINUOUS
 62
     1
100
AcDbLine
 10
47.080082948
 20
-96.253902106
 30
0.0
 11
47.080082948
 21
-97.851402106
 31
0.0
  0
LINE
  5
CEE
330
1F
100
AcDbEntity
  8
USER_ANNOTATION
  6
CONTINUOUS
 62
     1
100
AcDbLine
 10
47.080082948
 20
-97.851402106
 30
0.0
 11
47.080082948
 21
-97.851402106
 31
0.0
  0
LINE
  5
CEF
330
1F
100
AcDbEntity
  8
USER_ANNOTATION
  6
CONTINUOUS
 62
     1
100
AcDbLine
 10
47.080082948
 20
-97.851402106
 30
0.0
 11
46.843862475
 21
-97.615181634
 31
0.0
  0
LINE
  5
CF0
330
1F
100
AcDbEntity
  8
USER_ANNOTATION
  6
CONTINUOUS
 62
     1
100
AcDbLine
 10
46.843862475
 20
-97.615181634
 30
0.0
 11
47.31630342
 21
-98.087622579
 31
0.0
  0
LINE
  5
CF1
330
1F
100
AcDbEntity
  8
USER_ANNOTATION
  6
CONTINUOUS
 62
     1
100
AcDbLine
 10
47.31630342
 20
-98.087622579
 30
0.0
 11
47.080082948
 21
-97.851402106
 31
0.0
  0
LINE
  5
CF2
330
1F
100
AcDbEntity
  8
USER_ANNOTATION
  6
CONTINUOUS
 62
     1
100
AcDbLine
 10
34.391241602
 20
-97.851402106
 30
0.0
 11
47.080082948
 21
-97.851402106
 31
0.0
  0
MTEXT
  5
CF3
330
1F
100
AcDbEntity
  8
USER_ANNOTATION
  6
CONTINUOUS
 62
     1
100
AcDbMText
 10
-1.167015881
 20
-95.550638292
 30
0.0
 40
1.85792
 41
0.0
 71
     7
 72
     1
  1
\A1;1{\H0.70x;\S1#16;}
  7
ARIAL
 11
6.123031769111886E-17
 21
1.0
 31
0.0
  0
LINE
  5
CF4
330
1F
100
AcDbEntity
  8
USER_ANNOTATION
  6
CONTINUOUS
 62
     1
100
AcDbLine
 10
13.490241602
 20
-96.253902106
 30
0.0
 11
-0.881182035
 21
-96.253902106
 31
0.0
  0
LINE
  5
CF5
330
1F
100
AcDbEntity
  8
USER_ANNOTATION
  6
CONTINUOUS
 62
     1
100
AcDbLine
 10
-0.881182035
 20
-96.253902106
 30
0.0
 11
-0.881182035
 21
-90.416977628
 31
0.0
  0
LINE
  5
CF6
330
1F
100
AcDbEntity
  8
USER_ANNOTATION
  6
CONTINUOUS
 62
     1
100
AcDbLine
 10
-0.881182035
 20
-96.253902106
 30
0.0
 11
-1.117402507
 21
-96.017681634
 31
0.0
  0
LINE
  5
CF7
330
1F
100
AcDbEntity
  8
USER_ANNOTATION
  6
CONTINUOUS
 62
     1
100
AcDbLine
 10
-1.117402507
 20
-96.017681634
 30
0.0
 11
-0.644961562
 21
-96.490122579
 31
0.0
  0
LINE
  5
CF8
330
1F
100
AcDbEntity
  8
USER_ANNOTATION
  6
CONTINUOUS
 62
     1
100
AcDbLine
 10
-0.644961562
 20
-96.490122579
 30
0.0
 11
-0.881182035
 21
-96.253902106
 31
0.0
  0
LINE
  5
CF9
330
1F
100
AcDbEntity
  8
USER_ANNOTATION
  6
CONTINUOUS
 62
     1
100
AcDbLine
 10
-0.881182035
 20
-96.253902106
 30
0.0
 11
-0.881182035
 21
-97.851402106
 31
0.0
  0
LINE
  5
CFA
330
1F
100
AcDbEntity
  8
USER_ANNOTATION
  6
CONTINUOUS
 62
     1
100
AcDbLine
 10
-0.881182035
 20
-97.851402106
 30
0.0
 11
-0.881182035
 21
-97.851402106
 31
0.0
  0
LINE
  5
CFB
330
1F
100
AcDbEntity
  8
USER_ANNOTATION
  6
CONTINUOUS
 62
     1
100
AcDbLine
 10
-0.881182035
 20
-97.851402106
 30
0.0
 11
-1.117402507
 21
-97.615181634
 31
0.0
  0
LINE
  5
CFC
330
1F
100
AcDbEntity
  8
USER_ANNOTATION
  6
CONTINUOUS
 62
     1
100
AcDbLine
 10
-1.117402507
 20
-97.615181634
 30
0.0
 11
-0.644961562
 21
-98.087622579
 31
0.0
  0
LINE
  5
CFD
330
1F
100
AcDbEntity
  8
USER_ANNOTATION
  6
CONTINUOUS
 62
     1
100
AcDbLine
 10
-0.644961562
 20
-98.087622579
 30
0.0
 11
-0.881182035
 21
-97.851402106
 31
0.0
  0
LINE
  5
CFE
330
1F
100
AcDbEntity
  8
USER_ANNOTATION
  6
CONTINUOUS
 62
     1
100
AcDbLine
 10
15.089241602
 20
-97.851402106
 30
0.0
 11
-0.881182035
 21
-97.851402106
 31
0.0
  0
MTEXT
  5
CFF
330
1F
100
AcDbEntity
  8
USER_ANNOTATION
  6
CONTINUOUS
 62
     1
100
AcDbMText
 10
26.832169085
 20
-91.079140903
 30
0.0
 40
1.85792
 41
0.0
 71
     7
 72
     1
  1
\A1;1{\H0.70x;\S11#16;}
  7
ARIAL
  0
LINE
  5
D00
330
1F
100
AcDbEntity
  8
USER_ANNOTATION
  6
CONTINUOUS
 62
     1
100
AcDbLine
 10
33.453366508
 20
-96.352152294
 30
0.0
 11
33.453366508
 21
-91.364974749
 31
0.0
  0
LINE
  5
D01
330
1F
100
AcDbEntity
  8
USER_ANNOTATION
  6
CONTINUOUS
 62
     1
100
AcDbLine
 10
33.453366508
 20
-91.364974749
 30
0.0
 11
26.832169085
 21
-91.364974749
 31
0.0
  0
LINE
  5
D02
330
1F
100
AcDbEntity
  8
USER_ANNOTATION
  6
CONTINUOUS
 62
     1
100
AcDbLine
 10
33.453366508
 20
-91.364974749
 30
0.0
 11
33.217146036
 21
-91.601195221
 31
0.0
  0
LINE
  5
D03
330
1F
100
AcDbEntity
  8
USER_ANNOTATION
  6
CONTINUOUS
 62
     1
100
AcDbLine
 10
33.217146036
 20
-91.601195221
 30
0.0
 11
33.689586981
 21
-91.128754276
 31
0.0
  0
LINE
  5
D04
330
1F
100
AcDbEntity
  8
USER_ANNOTATION
  6
CONTINUOUS
 62
     1
100
AcDbLine
 10
33.689586981
 20
-91.128754276
 30
0.0
 11
33.453366508
 21
-91.364974749
 31
0.0
  0
LINE
  5
D05
330
1F
100
AcDbEntity
  8
USER_ANNOTATION
  6
CONTINUOUS
 62
     1
100
AcDbLine
 10
33.453366508
 20
-91.364974749
 30
0.0
 11
35.990241602
 21
-91.364974749
 31
0.0
  0
LINE
  5
D06
330
1F
100
AcDbEntity
  8
USER_ANNOTATION
  6
CONTINUOUS
 62
     1
100
AcDbLine
 10
35.990241602
 20
-91.364974749
 30
0.0
 11
35.75402113
 21
-91.601195221
 31
0.0
  0
LINE
  5
D07
330
1F
100
AcDbEntity
  8
USER_ANNOTATION
  6
CONTINUOUS
 62
     1
100
AcDbLine
 10
35.75402113
 20
-91.601195221
 30
0.0
 11
36.226462075
 21
-91.128754276
 31
0.0
  0
LINE
  5
D08
330
1F
100
AcDbEntity
  8
USER_ANNOTATION
  6
CONTINUOUS
 62
     1
100
AcDbLine
 10
36.226462075
 20
-91.128754276
 30
0.0
 11
35.990241602
 21
-91.364974749
 31
0.0
  0
LINE
  5
D09
330
1F
100
AcDbEntity
  8
USER_ANNOTATION
  6
CONTINUOUS
 62
     1
100
AcDbLine
 10
35.990241602
 20
-96.253902106
 30
0.0
 11
35.990241602
 21
-91.364974749
 31
0.0
  0
MTEXT
  5
D0A
330
1F
100
AcDbEntity
  8
USER_ANNOTATION
  6
CONTINUOUS
 62
     1
100
AcDbMText
 10
15.688990397
 20
-91.495536583
 30
0.0
 40
1.85792
 41
0.0
 71
     7
 72
     1
  1
\A1;1{\H0.70x;\S11#16;}
  7
ARIAL
  0
LINE
  5
D0B
330
1F
100
AcDbEntity
  8
USER_ANNOTATION
  6
CONTINUOUS
 62
     1
100
AcDbLine
 10
16.027116696
 20
-96.352152294
 30
0.0
 11
16.027116696
 21
-91.781370429
 31
0.0
  0
LINE
  5
D0C
330
1F
100
AcDbEntity
  8
USER_ANNOTATION
  6
CONTINUOUS
 62
     1
100
AcDbLine
 10
16.027116696
 20
-91.781370429
 30
0.0
 11
21.920518033
 21
-91.781370429
 31
0.0
  0
LINE
  5
D0D
330
1F
100
AcDbEntity
  8
USER_ANNOTATION
  6
CONTINUOUS
 62
     1
100
AcDbLine
 10
16.027116696
 20
-91.781370429
 30
0.0
 11
16.263337168
 21
-91.545149957
 31
0.0
  0
LINE
  5
D0E
330
1F
100
AcDbEntity
  8
USER_ANNOTATION
  6
CONTINUOUS
 62
     1
100
AcDbLine
 10
16.263337168
 20
-91.545149957
 30
0.0
 11
15.790896223
 21
-92.017590902
 31
0.0
  0
LINE
  5
D0F
330
1F
100
AcDbEntity
  8
USER_ANNOTATION
  6
CONTINUOUS
 62
     1
100
AcDbLine
 10
15.790896223
 20
-92.017590902
 30
0.0
 11
16.027116696
 21
-91.781370429
 31
0.0
  0
LINE
  5
D10
330
1F
100
AcDbEntity
  8
USER_ANNOTATION
  6
CONTINUOUS
 62
     1
100
AcDbLine
 10
16.027116696
 20
-91.781370429
 30
0.0
 11
13.490241602
 21
-91.781370429
 31
0.0
  0
LINE
  5
D11
330
1F
100
AcDbEntity
  8
USER_ANNOTATION
  6
CONTINUOUS
 62
     1
100
AcDbLine
 10
13.490241602
 20
-91.781370429
 30
0.0
 11
13.726462075
 21
-91.545149957
 31
0.0
  0
LINE
  5
D12
330
1F
100
AcDbEntity
  8
USER_ANNOTATION
  6
CONTINUOUS
 62
     1
100
AcDbLine
 10
13.726462075
 20
-91.545149957
 30
0.0
 11
13.25402113
 21
-92.017590902
 31
0.0
  0
LINE
  5
D13
330
1F
100
AcDbEntity
  8
USER_ANNOTATION
  6
CONTINUOUS
 62
     1
100
AcDbLine
 10
13.25402113
 20
-92.017590902
 30
0.0
 11
13.490241602
 21
-91.781370429
 31
0.0
  0
LINE
  5
D14
330
1F
100
AcDbEntity
  8
USER_ANNOTATION
  6
CONTINUOUS
 62
     1
100
AcDbLine
 10
13.490241602
 20
-96.253902106
 30
0.0
 11
13.490241602
 21
-91.781370429
 31
0.0
  0
TEXT
  5
D15
330
1F
100
AcDbEntity
  8
USER_ANNOTATION
  6
CONTINUOUS
 62
     1
100
AcDbText
 10
27.382382288
 20
-94.993303801
 30
0.0
 40
1.85792
  1
1
 50
90.0
 41
0.8
  7
ARIAL
100
AcDbText
  0
LINE
  5
D16
330
1F
100
AcDbEntity
  8
USER_ANNOTATION
  6
CONTINUOUS
 62
     1
100
AcDbLine
 10
33.453366508
 20
-96.352152294
 30
0.0
 11
28.096966903
 21
-96.352152294
 31
0.0
  0
LINE
  5
D17
330
1F
100
AcDbEntity
  8
USER_ANNOTATION
  6
CONTINUOUS
 62
     1
100
AcDbLine
 10
28.096966903
 20
-96.352152294
 30
0.0
 11
28.096966903
 21
-93.701695598
 31
0.0
  0
LINE
  5
D18
330
1F
100
AcDbEntity
  8
USER_ANNOTATION
  6
CONTINUOUS
 62
     1
100
AcDbLine
 10
28.096966903
 20
-96.352152294
 30
0.0
 11
27.860746431
 21
-96.115931821
 31
0.0
  0
LINE
  5
D19
330
1F
100
AcDbEntity
  8
USER_ANNOTATION
  6
CONTINUOUS
 62
     1
100
AcDbLine
 10
27.860746431
 20
-96.115931821
 30
0.0
 11
28.333187376
 21
-96.588372766
 31
0.0
  0
LINE
  5
D1A
330
1F
100
AcDbEntity
  8
USER_ANNOTATION
  6
CONTINUOUS
 62
     1
100
AcDbLine
 10
28.333187376
 20
-96.588372766
 30
0.0
 11
28.096966903
 21
-96.352152294
 31
0.0
  0
LINE
  5
D1B
330
1F
100
AcDbEntity
  8
USER_ANNOTATION
  6
CONTINUOUS
 62
     1
100
AcDbLine
 10
28.096966903
 20
-96.352152294
 30
0.0
 11
28.096966903
 21
-97.851402106
 31
0.0
  0
LINE
  5
D1C
330
1F
100
AcDbEntity
  8
USER_ANNOTATION
  6
CONTINUOUS
 62
     1
100
AcDbLine
 10
28.096966903
 20
-97.851402106
 30
0.0
 11
28.096966903
 21
-97.851402106
 31
0.0
  0
LINE
  5
D1D
330
1F
100
AcDbEntity
  8
USER_ANNOTATION
  6
CONTINUOUS
 62
     1
100
AcDbLine
 10
28.096966903
 20
-97.851402106
 30
0.0
 11
27.860746431
 21
-97.615181634
 31
0.0
  0
LINE
  5
D1E
330
1F
100
AcDbEntity
  8
USER_ANNOTATION
  6
CONTINUOUS
 62
     1
100
AcDbLine
 10
27.860746431
 20
-97.615181634
 30
0.0
 11
28.333187376
 21
-98.087622579
 31
0.0
  0
LINE
  5
D1F
330
1F
100
AcDbEntity
  8
USER_ANNOTATION
  6
CONTINUOUS
 62
     1
100
AcDbLine
 10
28.333187376
 20
-98.087622579
 30
0.0
 11
28.096966903
 21
-97.851402106
 31
0.0
  0
LINE
  5
D20
330
1F
100
AcDbEntity
  8
USER_ANNOTATION
  6
CONTINUOUS
 62
     1
100
AcDbLine
 10
32.705241602
 20
-97.851402106
 30
0.0
 11
28.096966903
 21
-97.851402106
 31
0.0
  0
TEXT
  5
D21
330
1F
100
AcDbEntity
  8
USER_ANNOTATION
  6
CONTINUOUS
 62
     1
100
AcDbText
 10
15.380187501
 20
-105.06017016
 30
0.0
 40
1.85792
  1
1
 41
0.8
  7
ARIAL
100
AcDbText
  0
LINE
  5
D22
330
1F
100
AcDbEntity
  8
USER_ANNOTATION
  6
CONTINUOUS
 62
     1
100
AcDbLine
 10
15.276741602
 20
-98.101402106
 30
0.0
 11
15.276741602
 21
-105.774754776
 31
0.0
  0
LINE
  5
D23
330
1F
100
AcDbEntity
  8
USER_ANNOTATION
  6
CONTINUOUS
 62
     1
100
AcDbLine
 10
15.276741602
 20
-105.774754776
 30
0.0
 11
15.04052113
 21
-106.010975248
 31
0.0
  0
LINE
  5
D24
330
1F
100
AcDbEntity
  8
USER_ANNOTATION
  6
CONTINUOUS
 62
     1
100
AcDbLine
 10
15.04052113
 20
-106.010975248
 30
0.0
 11
15.512962075
 21
-105.538534303
 31
0.0
  0
LINE
  5
D25
330
1F
100
AcDbEntity
  8
USER_ANNOTATION
  6
CONTINUOUS
 62
     1
100
AcDbLine
 10
15.512962075
 20
-105.538534303
 30
0.0
 11
15.276741602
 21
-105.774754776
 31
0.0
  0
LINE
  5
D26
330
1F
100
AcDbEntity
  8
USER_ANNOTATION
  6
CONTINUOUS
 62
     1
100
AcDbLine
 10
15.276741602
 20
-105.774754776
 30
0.0
 11
16.775241602
 21
-105.774754776
 31
0.0
  0
LINE
  5
D27
330
1F
100
AcDbEntity
  8
USER_ANNOTATION
  6
CONTINUOUS
 62
     1
100
AcDbLine
 10
16.775241602
 20
-105.774754776
 30
0.0
 11
16.775241602
 21
-105.774754776
 31
0.0
  0
LINE
  5
D28
330
1F
100
AcDbEntity
  8
USER_ANNOTATION
  6
CONTINUOUS
 62
     1
100
AcDbLine
 10
16.775241602
 20
-105.774754776
 30
0.0
 11
16.53902113
 21
-106.010975248
 31
0.0
  0
LINE
  5
D29
330
1F
100
AcDbEntity
  8
USER_ANNOTATION
  6
CONTINUOUS
 62
     1
100
AcDbLine
 10
16.53902113
 20
-106.010975248
 30
0.0
 11
17.011462075
 21
-105.538534303
 31
0.0
  0
LINE
  5
D2A
330
1F
100
AcDbEntity
  8
USER_ANNOTATION
  6
CONTINUOUS
 62
     1
100
AcDbLine
 10
17.011462075
 20
-105.538534303
 30
0.0
 11
16.775241602
 21
-105.774754776
 31
0.0
  0
LINE
  5
D2B
330
1F
100
AcDbEntity
  8
USER_ANNOTATION
  6
CONTINUOUS
 62
     1
100
AcDbLine
 10
16.775241602
 20
-97.851402106
 30
0.0
 11
16.775241602
 21
-105.774754776
 31
0.0
  0
MTEXT
  5
D2C
330
1F
100
AcDbEntity
  8
USER_ANNOTATION
  6
CONTINUOUS
 62
     1
100
AcDbMText
 10
6.901683412
 20
-105.48892093
 30
0.0
 40
1.85792
 41
0.0
 71
     7
 72
     1
  1
\A1;1{\H0.70x;\S3#16;}
  7
ARIAL
  0
LINE
  5
D2D
330
1F
100
AcDbEntity
  8
USER_ANNOTATION
  6
CONTINUOUS
 62
     1
100
AcDbLine
 10
13.490241602
 20
-96.503902106
 30
0.0
 11
13.490241602
 21
-105.774754776
 31
0.0
  0
LINE
  5
D2E
330
1F
100
AcDbEntity
  8
USER_ANNOTATION
  6
CONTINUOUS
 62
     1
100
AcDbLine
 10
13.490241602
 20
-105.774754776
 30
0.0
 11
6.901683412
 21
-105.774754776
 31
0.0
  0
LINE
  5
D2F
330
1F
100
AcDbEntity
  8
USER_ANNOTATION
  6
CONTINUOUS
 62
     1
100
AcDbLine
 10
13.490241602
 20
-105.774754776
 30
0.0
 11
13.25402113
 21
-106.010975248
 31
0.0
  0
LINE
  5
D30
330
1F
100
AcDbEntity
  8
USER_ANNOTATION
  6
CONTINUOUS
 62
     1
100
AcDbLine
 10
13.25402113
 20
-106.010975248
 30
0.0
 11
13.726462075
 21
-105.538534303
 31
0.0
  0
LINE
  5
D31
330
1F
100
AcDbEntity
  8
USER_ANNOTATION
  6
CONTINUOUS
 62
     1
100
AcDbLine
 10
13.726462075
 20
-105.538534303
 30
0.0
 11
13.490241602
 21
-105.774754776
 31
0.0
  0
LINE
  5
D32
330
1F
100
AcDbEntity
  8
USER_ANNOTATION
  6
CONTINUOUS
 62
     1
100
AcDbLine
 10
13.490241602
 20
-105.774754776
 30
0.0
 11
15.276741602
 21
-105.774754776
 31
0.0
  0
LINE
  5
D33
330
1F
100
AcDbEntity
  8
USER_ANNOTATION
  6
CONTINUOUS
 62
     1
100
AcDbLine
 10
15.276741602
 20
-105.774754776
 30
0.0
 11
15.04052113
 21
-106.010975248
 31
0.0
  0
LINE
  5
D34
330
1F
100
AcDbEntity
  8
USER_ANNOTATION
  6
CONTINUOUS
 62
     1
100
AcDbLine
 10
15.04052113
 20
-106.010975248
 30
0.0
 11
15.512962075
 21
-105.538534303
 31
0.0
  0
LINE
  5
D35
330
1F
100
AcDbEntity
  8
USER_ANNOTATION
  6
CONTINUOUS
 62
     1
100
AcDbLine
 10
15.512962075
 20
-105.538534303
 30
0.0
 11
15.276741602
 21
-105.774754776
 31
0.0
  0
LINE
  5
D36
330
1F
100
AcDbEntity
  8
USER_ANNOTATION
  6
CONTINUOUS
 62
     1
100
AcDbLine
 10
15.276741602
 20
-98.101402106
 30
0.0
 11
15.276741602
 21
-105.774754776
 31
0.0
  0
MTEXT
  5
D37
330
1F
100
AcDbEntity
  8
USER_ANNOTATION
  6
CONTINUOUS
 62
     1
100
AcDbMText
 10
36.877573928
 20
-106.255779927
 30
0.0
 40
1.85792
 41
0.0
 71
     7
 72
     1
  1
\A1;1{\H0.70x;\S3#16;}
  7
ARIAL
  0
LINE
  5
D38
330
1F
100
AcDbEntity
  8
USER_ANNOTATION
  6
CONTINUOUS
 62
     1
100
AcDbLine
 10
35.990241602
 20
-96.503902106
 30
0.0
 11
35.990241602
 21
-106.541613773
 31
0.0
  0
LINE
  5
D39
330
1F
100
AcDbEntity
  8
USER_ANNOTATION
  6
CONTINUOUS
 62
     1
100
AcDbLine
 10
35.990241602
 20
-106.541613773
 30
0.0
 11
42.011234592
 21
-106.541613773
 31
0.0
  0
LINE
  5
D3A
330
1F
100
AcDbEntity
  8
USER_ANNOTATION
  6
CONTINUOUS
 62
     1
100
AcDbLine
 10
35.990241602
 20
-106.541613773
 30
0.0
 11
36.226462075
 21
-106.3053933
 31
0.0
  0
LINE
  5
D3B
330
1F
100
AcDbEntity
  8
USER_ANNOTATION
  6
CONTINUOUS
 62
     1
100
AcDbLine
 10
36.226462075
 20
-106.3053933
 30
0.0
 11
35.75402113
 21
-106.777834245
 31
0.0
  0
LINE
  5
D3C
330
1F
100
AcDbEntity
  8
USER_ANNOTATION
  6
CONTINUOUS
 62
     1
100
AcDbLine
 10
35.75402113
 20
-106.777834245
 30
0.0
 11
35.990241602
 21
-106.541613773
 31
0.0
  0
LINE
  5
D3D
330
1F
100
AcDbEntity
  8
USER_ANNOTATION
  6
CONTINUOUS
 62
     1
100
AcDbLine
 10
35.990241602
 20
-106.541613773
 30
0.0
 11
34.203741602
 21
-106.541613773
 31
0.0
  0
LINE
  5
D3E
330
1F
100
AcDbEntity
  8
USER_ANNOTATION
  6
CONTINUOUS
 62
     1
100
AcDbLine
 10
34.203741602
 20
-106.541613773
 30
0.0
 11
34.439962075
 21
-106.3053933
 31
0.0
  0
LINE
  5
D3F
330
1F
100
AcDbEntity
  8
USER_ANNOTATION
  6
CONTINUOUS
 62
     1
100
AcDbLine
 10
34.439962075
 20
-106.3053933
 30
0.0
 11
33.96752113
 21
-106.777834245
 31
0.0
  0
LINE
  5
D40
330
1F
100
AcDbEntity
  8
USER_ANNOTATION
  6
CONTINUOUS
 62
     1
100
AcDbLine
 10
33.96752113
 20
-106.777834245
 30
0.0
 11
34.203741602
 21
-106.541613773
 31
0.0
  0
LINE
  5
D41
330
1F
100
AcDbEntity
  8
USER_ANNOTATION
  6
CONTINUOUS
 62
     1
100
AcDbLine
 10
34.203741602
 20
-98.101402106
 30
0.0
 11
34.203741602
 21
-106.541613773
 31
0.0
  0
MTEXT
  5
D42
330
1F
100
AcDbEntity
  8
USER_ANNOTATION
  6
CONTINUOUS
 62
     1
100
AcDbMText
 10
-147.046080766
 20
12.268952337
 30
0.0
 40
1.238613333
 41
0.0
 71
     8
 72
     1
  1
\A1;3{\H0.70x;\S5#8;}
  7
ARIAL
 11
6.123031769111886E-17
 21
1.0
 31
0.0
  0
LINE
  5
D43
330
1F
100
AcDbEntity
  8
USER_ANNOTATION
  6
CONTINUOUS
 62
     1
100
AcDbLine
 10
-146.855524869
 20
10.10400012
 30
0.0
 11
-146.855524869
 21
10.10400012
 31
0.0
  0
LINE
  5
D44
330
1F
100
AcDbEntity
  8
USER_ANNOTATION
  6
CONTINUOUS
 62
     1
100
AcDbLine
 10
-146.855524869
 20
10.10400012
 30
0.0
 11
-146.619304397
 21
9.867779648
 31
0.0
  0
LINE
  5
D45
330
1F
100
AcDbEntity
  8
USER_ANNOTATION
  6
CONTINUOUS
 62
     1
100
AcDbLine
 10
-146.619304397
 20
9.867779648
 30
0.0
 11
-147.091745341
 21
10.340220592
 31
0.0
  0
LINE
  5
D46
330
1F
100
AcDbEntity
  8
USER_ANNOTATION
  6
CONTINUOUS
 62
     1
100
AcDbLine
 10
-147.091745341
 20
10.340220592
 30
0.0
 11
-146.855524869
 21
10.10400012
 31
0.0
  0
LINE
  5
D47
330
1F
100
AcDbEntity
  8
USER_ANNOTATION
  6
CONTINUOUS
 62
     1
100
AcDbLine
 10
-146.855524869
 20
10.10400012
 30
0.0
 11
-146.855524869
 21
13.75
 31
0.0
  0
LINE
  5
D48
330
1F
100
AcDbEntity
  8
USER_ANNOTATION
  6
CONTINUOUS
 62
     1
100
AcDbLine
 10
-146.855524869
 20
13.75
 30
0.0
 11
-146.619304397
 21
13.513779528
 31
0.0
  0
LINE
  5
D49
330
1F
100
AcDbEntity
  8
USER_ANNOTATION
  6
CONTINUOUS
 62
     1
100
AcDbLine
 10
-146.619304397
 20
13.513779528
 30
0.0
 11
-147.091745341
 21
13.986220472
 31
0.0
  0
LINE
  5
D4A
330
1F
100
AcDbEntity
  8
USER_ANNOTATION
  6
CONTINUOUS
 62
     1
100
AcDbLine
 10
-147.091745341
 20
13.986220472
 30
0.0
 11
-146.855524869
 21
13.75
 31
0.0
  0
LINE
  5
D4B
330
1F
100
AcDbEntity
  8
USER_ANNOTATION
  6
CONTINUOUS
 62
     1
100
AcDbLine
 10
-144.261427734
 20
13.75
 30
0.0
 11
-146.855524869
 21
13.75
 31
0.0
  0
MTEXT
  5
D4C
330
1F
100
AcDbEntity
  8
USER_ANNOTATION
  6
CONTINUOUS
 62
     1
100
AcDbMText
 10
-148.364378075
 20
73.02
 30
0.0
 40
1.238613333
 41
0.0
 71
     8
 72
     1
  1
\A1;3{\H0.70x;\S7#16;}
  7
ARIAL
 11
6.123031769111886E-17
 21
1.0
 31
0.0
  0
LINE
  5
D4D
330
1F
100
AcDbEntity
  8
USER_ANNOTATION
  6
CONTINUOUS
 62
     1
100
AcDbLine
 10
-166.0
 20
71.29
 30
0.0
 11
-148.173822177
 21
71.29
 31
0.0
  0
LINE
  5
D4E
330
1F
100
AcDbEntity
  8
USER_ANNOTATION
  6
CONTINUOUS
 62
     1
100
AcDbLine
 10
-148.173822177
 20
71.29
 30
0.0
 11
-147.937601705
 21
71.053779528
 31
0.0
  0
LINE
  5
D4F
330
1F
100
AcDbEntity
  8
USER_ANNOTATION
  6
CONTINUOUS
 62
     1
100
AcDbLine
 10
-147.937601705
 20
71.053779528
 30
0.0
 11
-148.41004265
 21
71.526220472
 31
0.0
  0
LINE
  5
D50
330
1F
100
AcDbEntity
  8
USER_ANNOTATION
  6
CONTINUOUS
 62
     1
100
AcDbLine
 10
-148.41004265
 20
71.526220472
 30
0.0
 11
-148.173822177
 21
71.29
 31
0.0
  0
LINE
  5
D51
330
1F
100
AcDbEntity
  8
USER_ANNOTATION
  6
CONTINUOUS
 62
     1
100
AcDbLine
 10
-148.173822177
 20
71.29
 30
0.0
 11
-148.173822177
 21
74.75
 31
0.0
  0
LINE
  5
D52
330
1F
100
AcDbEntity
  8
USER_ANNOTATION
  6
CONTINUOUS
 62
     1
100
AcDbLine
 10
-148.173822177
 20
74.75
 30
0.0
 11
-147.937601705
 21
74.513779528
 31
0.0
  0
LINE
  5
D53
330
1F
100
AcDbEntity
  8
USER_ANNOTATION
  6
CONTINUOUS
 62
     1
100
AcDbLine
 10
-147.937601705
 20
74.513779528
 30
0.0
 11
-148.41004265
 21
74.986220472
 31
0.0
  0
LINE
  5
D54
330
1F
100
AcDbEntity
  8
USER_ANNOTATION
  6
CONTINUOUS
 62
     1
100
AcDbLine
 10
-148.41004265
 20
74.986220472
 30
0.0
 11
-148.173822177
 21
74.75
 31
0.0
  0
LINE
  5
D55
330
1F
100
AcDbEntity
  8
USER_ANNOTATION
  6
CONTINUOUS
 62
     1
100
AcDbLine
 10
-168.25
 20
74.75
 30
0.0
 11
-148.173822177
 21
74.75
 31
0.0
  0
MTEXT
  5
D56
330
1F
100
AcDbEntity
  8
USER_ANNOTATION
  6
CONTINUOUS
 62
     1
100
AcDbMText
 10
-195.694123465
 20
78.202490116
 30
0.0
 40
1.238613333
 41
0.0
 71
     8
 72
     1
  1
\A1;3{\H0.70x;\S7#16;}
  7
ARIAL
 11
6.123031769111886E-17
 21
1.0
 31
0.0
  0
LINE
  5
D57
330
1F
100
AcDbEntity
  8
USER_ANNOTATION
  6
CONTINUOUS
 62
     1
100
AcDbLine
 10
-183.75
 20
74.75
 30
0.0
 11
-195.503567567
 21
74.75
 31
0.0
  0
LINE
  5
D58
330
1F
100
AcDbEntity
  8
USER_ANNOTATION
  6
CONTINUOUS
 62
     1
100
AcDbLine
 10
-195.503567567
 20
74.75
 30
0.0
 11
-195.503567567
 21
79.913710337
 31
0.0
  0
LINE
  5
D59
330
1F
100
AcDbEntity
  8
USER_ANNOTATION
  6
CONTINUOUS
 62
     1
100
AcDbLine
 10
-195.503567567
 20
74.75
 30
0.0
 11
-195.73978804
 21
74.986220472
 31
0.0
  0
LINE
  5
D5A
330
1F
100
AcDbEntity
  8
USER_ANNOTATION
  6
CONTINUOUS
 62
     1
100
AcDbLine
 10
-195.73978804
 20
74.986220472
 30
0.0
 11
-195.267347095
 21
74.513779528
 31
0.0
  0
LINE
  5
D5B
330
1F
100
AcDbEntity
  8
USER_ANNOTATION
  6
CONTINUOUS
 62
     1
100
AcDbLine
 10
-195.267347095
 20
74.513779528
 30
0.0
 11
-195.503567567
 21
74.75
 31
0.0
  0
LINE
  5
D5C
330
1F
100
AcDbEntity
  8
USER_ANNOTATION
  6
CONTINUOUS
 62
     1
100
AcDbLine
 10
-195.503567567
 20
74.75
 30
0.0
 11
-195.503567567
 21
71.29
 31
0.0
  0
LINE
  5
D5D
330
1F
100
AcDbEntity
  8
USER_ANNOTATION
  6
CONTINUOUS
 62
     1
100
AcDbLine
 10
-195.503567567
 20
71.29
 30
0.0
 11
-195.73978804
 21
71.526220472
 31
0.0
  0
LINE
  5
D5E
330
1F
100
AcDbEntity
  8
USER_ANNOTATION
  6
CONTINUOUS
 62
     1
100
AcDbLine
 10
-195.73978804
 20
71.526220472
 30
0.0
 11
-195.267347095
 21
71.053779528
 31
0.0
  0
LINE
  5
D5F
330
1F
100
AcDbEntity
  8
USER_ANNOTATION
  6
CONTINUOUS
 62
     1
100
AcDbLine
 10
-195.267347095
 20
71.053779528
 30
0.0
 11
-195.503567567
 21
71.29
 31
0.0
  0
LINE
  5
D60
330
1F
100
AcDbEntity
  8
USER_ANNOTATION
  6
CONTINUOUS
 62
     1
100
AcDbLine
 10
-186.0
 20
71.29
 30
0.0
 11
-195.503567567
 21
71.29
 31
0.0
  0
MTEXT
  5
D61
330
1F
100
AcDbEntity
  8
USER_ANNOTATION
  6
CONTINUOUS
 62
     1
100
AcDbMText
 10
-74.62582478
 20
73.875
 30
0.0
 40
1.238613333
 41
0.0
 71
     9
 72
     1
  1
\A1;{\H0.70x;\S5#8;}
  7
ARIAL
 11
6.123031769111886E-17
 21
1.0
 31
0.0
  0
LINE
  5
D62
330
1F
100
AcDbEntity
  8
USER_ANNOTATION
  6
CONTINUOUS
 62
     1
100
AcDbLine
 10
-69.311427734
 20
74.125
 30
0.0
 11
-74.435268882
 21
74.125
 31
0.0
  0
LINE
  5
D63
330
1F
100
AcDbEntity
  8
USER_ANNOTATION
  6
CONTINUOUS
 62
     1
100
AcDbLine
 10
-74.435268882
 20
74.125
 30
0.0
 11
-74.435268882
 21
72.045543008
 31
0.0
  0
LINE
  5
D64
330
1F
100
AcDbEntity
  8
USER_ANNOTATION
  6
CONTINUOUS
 62
     1
100
AcDbLine
 10
-74.435268882
 20
74.125
 30
0.0
 11
-74.19904841
 21
73.888779528
 31
0.0
  0
LINE
  5
D65
330
1F
100
AcDbEntity
  8
USER_ANNOTATION
  6
CONTINUOUS
 62
     1
100
AcDbLine
 10
-74.19904841
 20
73.888779528
 30
0.0
 11
-74.671489355
 21
74.361220472
 31
0.0
  0
LINE
  5
D66
330
1F
100
AcDbEntity
  8
USER_ANNOTATION
  6
CONTINUOUS
 62
     1
100
AcDbLine
 10
-74.671489355
 20
74.361220472
 30
0.0
 11
-74.435268882
 21
74.125
 31
0.0
  0
LINE
  5
D67
330
1F
100
AcDbEntity
  8
USER_ANNOTATION
  6
CONTINUOUS
 62
     1
100
AcDbLine
 10
-74.435268882
 20
74.125
 30
0.0
 11
-74.435268882
 21
74.75
 31
0.0
  0
LINE
  5
D68
330
1F
100
AcDbEntity
  8
USER_ANNOTATION
  6
CONTINUOUS
 62
     1
100
AcDbLine
 10
-74.435268882
 20
74.75
 30
0.0
 11
-74.435268882
 21
74.75
 31
0.0
  0
LINE
  5
D69
330
1F
100
AcDbEntity
  8
USER_ANNOTATION
  6
CONTINUOUS
 62
     1
100
AcDbLine
 10
-74.435268882
 20
74.75
 30
0.0
 11
-74.19904841
 21
74.513779528
 31
0.0
  0
LINE
  5
D6A
330
1F
100
AcDbEntity
  8
USER_ANNOTATION
  6
CONTINUOUS
 62
     1
100
AcDbLine
 10
-74.19904841
 20
74.513779528
 30
0.0
 11
-74.671489355
 21
74.986220472
 31
0.0
  0
LINE
  5
D6B
330
1F
100
AcDbEntity
  8
USER_ANNOTATION
  6
CONTINUOUS
 62
     1
100
AcDbLine
 10
-74.671489355
 20
74.986220472
 30
0.0
 11
-74.435268882
 21
74.75
 31
0.0
  0
LINE
  5
D6C
330
1F
100
AcDbEntity
  8
USER_ANNOTATION
  6
CONTINUOUS
 62
     1
100
AcDbLine
 10
-69.311427734
 20
74.75
 30
0.0
 11
-74.435268882
 21
74.75
 31
0.0
  0
MTEXT
  5
D6D
330
1F
100
AcDbEntity
  8
USER_ANNOTATION
  6
CONTINUOUS
 62
     1
100
AcDbMText
 10
-82.980509448
 20
74.315555897
 30
0.0
 40
1.238613333
 41
0.0
 71
     7
 72
     1
  1
\A1;32-11{\H0.70x;\S5#8;}
  7
ARIAL
  0
TEXT
  5
D6E
330
1F
100
AcDbEntity
  8
USER_ANNOTATION
  6
CONTINUOUS
 62
     1
100
AcDbText
 10
-82.980509448
 20
72.278989744
 30
0.0
 40
1.238613333
  1
@p838
 41
0.8
  7
ARIAL
100
AcDbText
  0
LINE
  5
D6F
330
1F
100
AcDbEntity
  8
USER_ANNOTATION
  6
CONTINUOUS
 62
     1
100
AcDbLine
 10
-82.980509448
 20
74.125
 30
0.0
 11
-82.980509448
 21
74.125
 31
0.0
  0
LINE
  5
D70
330
1F
100
AcDbEntity
  8
USER_ANNOTATION
  6
CONTINUOUS
 62
     1
100
AcDbLine
 10
-77.191179018
 20
74.125
 30
0.0
 11
-69.311427734
 21
74.125
 31
0.0
  0
LINE
  5
D71
330
1F
100
AcDbEntity
  8
USER_ANNOTATION
  6
CONTINUOUS
 62
     1
100
AcDbLine
 10
-82.980509448
 20
74.125
 30
0.0
 11
-77.191179018
 21
74.125
 31
0.0
  0
LINE
  5
D72
330
1F
100
AcDbEntity
  8
USER_ANNOTATION
  6
CONTINUOUS
 62
     1
100
AcDbLine
 10
-49.853331574
 20
0.232510208
 30
0.0
 11
-40.563731574
 21
0.232510208
 31
0.0
  0
LINE
  5
D73
330
1F
100
AcDbEntity
  8
USER_ANNOTATION
  6
CONTINUOUS
 62
     1
100
AcDbLine
 10
-44.627931574
 20
0.232510208
 30
0.0
 11
-44.627931574
 21
-2.089889792
 31
0.0
  0
LINE
  5
D74
330
1F
100
AcDbEntity
  8
USER_ANNOTATION
  6
CONTINUOUS
 62
     1
100
AcDbLine
 10
-44.627931574
 20
-2.089889792
 30
0.0
 11
-42.305531574
 21
0.232510208
 31
0.0
  0
LINE
  5
D75
330
1F
100
AcDbEntity
  8
USER_ANNOTATION
  6
CONTINUOUS
 62
     1
100
AcDbLine
 10
-44.627931574
 20
0.232510208
 30
0.0
 11
-44.627931574
 21
2.554910208
 31
0.0
  0
LINE
  5
D76
330
1F
100
AcDbEntity
  8
USER_ANNOTATION
  6
CONTINUOUS
 62
     1
100
AcDbLine
 10
-44.627931574
 20
2.554910208
 30
0.0
 11
-42.305531574
 21
0.232510208
 31
0.0
  0
MTEXT
  5
D77
330
1F
100
AcDbEntity
  8
USER_ANNOTATION
  6
CONTINUOUS
 62
     1
100
AcDbMText
 10
-45.208531574
 20
0.190826106
 30
0.0
 40
1.238613333
 41
0.0
 71
     3
 72
     1
  1
\A1;{\H0.70x;\S1#4;}
  7
ARIAL
  0
MTEXT
  5
D78
330
1F
100
AcDbEntity
  8
USER_ANNOTATION
  6
CONTINUOUS
 62
     1
100
AcDbMText
 10
-45.208531574
 20
0.945606106
 30
0.0
 40
1.238613333
 41
0.0
 71
     9
 72
     1
  1
\A1;{\H0.70x;\S1#4;}
  7
ARIAL
  0
LINE
  5
D79
330
1F
100
AcDbEntity
  8
USER_ANNOTATION
  6
CONTINUOUS
 62
     1
100
AcDbLine
 10
-51.572267196
 20
59.974536819
 30
0.0
 11
-42.282667196
 21
59.974536819
 31
0.0
  0
LINE
  5
D7A
330
1F
100
AcDbEntity
  8
USER_ANNOTATION
  6
CONTINUOUS
 62
     1
100
AcDbLine
 10
-46.346867196
 20
59.974536819
 30
0.0
 11
-46.346867196
 21
57.652136819
 31
0.0
  0
LINE
  5
D7B
330
1F
100
AcDbEntity
  8
USER_ANNOTATION
  6
CONTINUOUS
 62
     1
100
AcDbLine
 10
-46.346867196
 20
57.652136819
 30
0.0
 11
-44.024467196
 21
59.974536819
 31
0.0
  0
LINE
  5
D7C
330
1F
100
AcDbEntity
  8
USER_ANNOTATION
  6
CONTINUOUS
 62
     1
100
AcDbLine
 10
-46.346867196
 20
59.974536819
 30
0.0
 11
-46.346867196
 21
62.296936819
 31
0.0
  0
LINE
  5
D7D
330
1F
100
AcDbEntity
  8
USER_ANNOTATION
  6
CONTINUOUS
 62
     1
100
AcDbLine
 10
-46.346867196
 20
62.296936819
 30
0.0
 11
-44.024467196
 21
59.974536819
 31
0.0
  0
MTEXT
  5
D7E
330
1F
100
AcDbEntity
  8
USER_ANNOTATION
  6
CONTINUOUS
 62
     1
100
AcDbMText
 10
-46.927467196
 20
59.932852717
 30
0.0
 40
1.238613333
 41
0.0
 71
     3
 72
     1
  1
\A1;{\H0.70x;\S1#4;}
  7
ARIAL
  0
MTEXT
  5
D7F
330
1F
100
AcDbEntity
  8
USER_ANNOTATION
  6
CONTINUOUS
 62
     1
100
AcDbMText
 10
-46.927467196
 20
60.687632717
 30
0.0
 40
1.238613333
 41
0.0
 71
     9
 72
     1
  1
\A1;{\H0.70x;\S1#4;}
  7
ARIAL
  0
LINE
  5
D80
330
1F
100
AcDbEntity
  8
USER_ANNOTATION
  6
CONTINUOUS
 62
     1
100
AcDbLine
 10
16.825224251
 20
-60.099707137
 30
0.0
 11
6.374424251
 21
-60.099707137
 31
0.0
  0
LINE
  5
D81
330
1F
100
AcDbEntity
  8
USER_ANNOTATION
  6
CONTINUOUS
 62
     1
100
AcDbLine
 10
6.374424251
 20
-60.099707137
 30
0.0
 11
5.14278566
 21
-58.868068545
 31
0.0
  0
LINE
  5
D82
330
1F
100
AcDbEntity
  8
USER_ANNOTATION
  6
CONTINUOUS
 62
     1
100
AcDbLine
 10
6.374424251
 20
-60.099707137
 30
0.0
 11
5.14278566
 21
-61.331345728
 31
0.0
  0
LINE
  5
D83
330
1F
100
AcDbEntity
  8
USER_ANNOTATION
  6
CONTINUOUS
 62
     1
100
AcDbLine
 10
12.761024251
 20
-60.099707137
 30
0.0
 11
12.761024251
 21
-62.422107137
 31
0.0
  0
LINE
  5
D84
330
1F
100
AcDbEntity
  8
USER_ANNOTATION
  6
CONTINUOUS
 62
     1
100
AcDbLine
 10
12.761024251
 20
-62.422107137
 30
0.0
 11
15.083424251
 21
-60.099707137
 31
0.0
  0
LINE
  5
D85
330
1F
100
AcDbEntity
  8
USER_ANNOTATION
  6
CONTINUOUS
 62
     1
100
AcDbLine
 10
12.761024251
 20
-60.099707137
 30
0.0
 11
12.761024251
 21
-57.777307137
 31
0.0
  0
LINE
  5
D86
330
1F
100
AcDbEntity
  8
USER_ANNOTATION
  6
CONTINUOUS
 62
     1
100
AcDbLine
 10
12.761024251
 20
-57.777307137
 30
0.0
 11
15.083424251
 21
-60.099707137
 31
0.0
  0
MTEXT
  5
D87
330
1F
100
AcDbEntity
  8
USER_ANNOTATION
  6
CONTINUOUS
 62
     1
100
AcDbMText
 10
5.013224251
 20
-59.623317393
 30
0.0
 40
1.238613333
 41
8.670293333
 71
     6
 72
     1
  1
3 SIDES\PTYP
  7
ARIAL
  0
MTEXT
  5
D88
330
1F
100
AcDbEntity
  8
USER_ANNOTATION
  6
CONTINUOUS
 62
     1
100
AcDbMText
 10
12.180424251
 20
-60.141391239
 30
0.0
 40
1.238613333
 41
0.0
 71
     3
 72
     1
  1
\A1;{\H0.70x;\S5#16;}
  7
ARIAL
  0
MTEXT
  5
D89
330
1F
100
AcDbEntity
  8
USER_ANNOTATION
  6
CONTINUOUS
 62
     1
100
AcDbMText
 10
12.180424251
 20
-59.386611239
 30
0.0
 40
1.238613333
 41
0.0
 71
     9
 72
     1
  1
\A1;{\H0.70x;\S5#16;}
  7
ARIAL
  0
LINE
  5
D8A
330
1F
100
AcDbEntity
  8
USER_ANNOTATION
  6
CONTINUOUS
 62
     1
100
AcDbLine
 10
29.360246492
 20
99.335946166
 30
0.0
 11
39.811046492
 21
99.335946166
 31
0.0
  0
LINE
  5
D8B
330
1F
100
AcDbEntity
  8
USER_ANNOTATION
  6
CONTINUOUS
 62
     1
100
AcDbLine
 10
39.811046492
 20
99.335946166
 30
0.0
 11
41.042685083
 21
100.567584757
 31
0.0
  0
LINE
  5
D8C
330
1F
100
AcDbEntity
  8
USER_ANNOTATION
  6
CONTINUOUS
 62
     1
100
AcDbLine
 10
39.811046492
 20
99.335946166
 30
0.0
 11
41.042685083
 21
98.104307574
 31
0.0
  0
LINE
  5
D8D
330
1F
100
AcDbEntity
  8
USER_ANNOTATION
  6
CONTINUOUS
 62
     1
100
AcDbLine
 10
35.746846492
 20
99.335946166
 30
0.0
 11
35.746846492
 21
97.013546166
 31
0.0
  0
LINE
  5
D8E
330
1F
100
AcDbEntity
  8
USER_ANNOTATION
  6
CONTINUOUS
 62
     1
100
AcDbLine
 10
35.746846492
 20
97.013546166
 30
0.0
 11
38.069246492
 21
99.335946166
 31
0.0
  0
LINE
  5
D8F
330
1F
100
AcDbEntity
  8
USER_ANNOTATION
  6
CONTINUOUS
 62
     1
100
AcDbLine
 10
35.746846492
 20
99.335946166
 30
0.0
 11
35.746846492
 21
101.658346166
 31
0.0
  0
LINE
  5
D90
330
1F
100
AcDbEntity
  8
USER_ANNOTATION
  6
CONTINUOUS
 62
     1
100
AcDbLine
 10
35.746846492
 20
101.658346166
 30
0.0
 11
38.069246492
 21
99.335946166
 31
0.0
  0
MTEXT
  5
D91
330
1F
100
AcDbEntity
  8
USER_ANNOTATION
  6
CONTINUOUS
 62
     1
100
AcDbMText
 10
41.172246492
 20
99.812335909
 30
0.0
 40
1.238613333
 41
8.670293333
 71
     4
 72
     1
  1
3 SIDES\PTYP
  7
ARIAL
  0
MTEXT
  5
D92
330
1F
100
AcDbEntity
  8
USER_ANNOTATION
  6
CONTINUOUS
 62
     1
100
AcDbMText
 10
35.166246492
 20
99.294262063
 30
0.0
 40
1.238613333
 41
0.0
 71
     3
 72
     1
  1
\A1;{\H0.70x;\S5#16;}
  7
ARIAL
  0
MTEXT
  5
D93
330
1F
100
AcDbEntity
  8
USER_ANNOTATION
  6
CONTINUOUS
 62
     1
100
AcDbMText
 10
35.166246492
 20
100.049042063
 30
0.0
 40
1.238613333
 41
0.0
 71
     9
 72
     1
  1
\A1;{\H0.70x;\S5#16;}
  7
ARIAL
  0
LINE
  5
D94
330
1F
100
AcDbEntity
  8
USER_ANNOTATION
  6
CONTINUOUS
 62
     1
100
AcDbLine
 10
-166.761731518
 20
113.652267875
 30
0.0
 11
-157.472131518
 21
113.652267875
 31
0.0
  0
LINE
  5
D95
330
1F
100
AcDbEntity
  8
USER_ANNOTATION
  6
CONTINUOUS
 62
     1
100
AcDbLine
 10
-157.472131518
 20
113.652267875
 30
0.0
 11
-156.240492926
 21
114.883906467
 31
0.0
  0
LINE
  5
D96
330
1F
100
AcDbEntity
  8
USER_ANNOTATION
  6
CONTINUOUS
 62
     1
100
AcDbLine
 10
-157.472131518
 20
113.652267875
 30
0.0
 11
-156.240492926
 21
112.420629284
 31
0.0
  0
LINE
  5
D97
330
1F
100
AcDbEntity
  8
USER_ANNOTATION
  6
CONTINUOUS
 62
     1
100
AcDbLine
 10
-161.536331518
 20
113.652267875
 30
0.0
 11
-161.536331518
 21
111.329867875
 31
0.0
  0
LINE
  5
D98
330
1F
100
AcDbEntity
  8
USER_ANNOTATION
  6
CONTINUOUS
 62
     1
100
AcDbLine
 10
-161.536331518
 20
111.329867875
 30
0.0
 11
-159.213931518
 21
113.652267875
 31
0.0
  0
TEXT
  5
D99
330
1F
100
AcDbEntity
  8
USER_ANNOTATION
  6
CONTINUOUS
 62
     1
100
AcDbText
 10
-156.110931518
 20
113.27115608
 30
0.0
 40
1.238613333
  1
3 SIDES
  7
ARIAL
 11
-156.110931518
 21
113.890462747
 31
0.0
100
AcDbText
 73
     2
  0
MTEXT
  5
D9A
330
1F
100
AcDbEntity
  8
USER_ANNOTATION
  6
CONTINUOUS
 62
     1
100
AcDbMText
 10
-162.116931518
 20
113.610583773
 30
0.0
 40
1.238613333
 41
0.0
 71
     3
 72
     1
  1
\A1;{\H0.70x;\S1#4;}
  7
ARIAL
  0
LINE
  5
D9B
330
1F
100
AcDbEntity
  8
USER_ANNOTATION
  6
CONTINUOUS
 62
     1
100
AcDbLine
 10
33.285243333
 20
-18.172513358
 30
0.0
 11
42.574843333
 21
-18.172513358
 31
0.0
  0
LINE
  5
D9C
330
1F
100
AcDbEntity
  8
USER_ANNOTATION
  6
CONTINUOUS
 62
     1
100
AcDbLine
 10
42.574843333
 20
-18.172513358
 30
0.0
 11
43.806481925
 21
-16.940874766
 31
0.0
  0
LINE
  5
D9D
330
1F
100
AcDbEntity
  8
USER_ANNOTATION
  6
CONTINUOUS
 62
     1
100
AcDbLine
 10
42.574843333
 20
-18.172513358
 30
0.0
 11
43.806481925
 21
-19.404151949
 31
0.0
  0
LINE
  5
D9E
330
1F
100
AcDbEntity
  8
USER_ANNOTATION
  6
CONTINUOUS
 62
     1
100
AcDbLine
 10
38.510643333
 20
-18.172513358
 30
0.0
 11
38.510643333
 21
-20.494913358
 31
0.0
  0
LINE
  5
D9F
330
1F
100
AcDbEntity
  8
USER_ANNOTATION
  6
CONTINUOUS
 62
     1
100
AcDbLine
 10
38.510643333
 20
-20.494913358
 30
0.0
 11
40.833043333
 21
-18.172513358
 31
0.0
  0
TEXT
  5
DA0
330
1F
100
AcDbEntity
  8
USER_ANNOTATION
  6
CONTINUOUS
 62
     1
100
AcDbText
 10
43.936043333
 20
-18.553625152
 30
0.0
 40
1.238613333
  1
TYP
  7
ARIAL
 11
43.936043333
 21
-17.934318486
 31
0.0
100
AcDbText
 73
     2
  0
MTEXT
  5
DA1
330
1F
100
AcDbEntity
  8
USER_ANNOTATION
  6
CONTINUOUS
 62
     1
100
AcDbMText
 10
37.930043333
 20
-18.21419746
 30
0.0
 40
1.238613333
 41
0.0
 71
     3
 72
     1
  1
\A1;{\H0.70x;\S1#4;}
  7
ARIAL
  0
LINE
  5
DA2
330
1F
100
AcDbEntity
  8
USER_ANNOTATION
  6
CONTINUOUS
 62
     1
100
AcDbLine
 10
9.069943267
 20
-19.397611197
 30
0.0
 11
-0.219656733
 21
-19.397611197
 31
0.0
  0
LINE
  5
DA3
330
1F
100
AcDbEntity
  8
USER_ANNOTATION
  6
CONTINUOUS
 62
     1
100
AcDbLine
 10
-0.219656733
 20
-19.397611197
 30
0.0
 11
-1.451295325
 21
-18.165972606
 31
0.0
  0
LINE
  5
DA4
330
1F
100
AcDbEntity
  8
USER_ANNOTATION
  6
CONTINUOUS
 62
     1
100
AcDbLine
 10
-0.219656733
 20
-19.397611197
 30
0.0
 11
-1.451295325
 21
-20.629249789
 31
0.0
  0
LINE
  5
DA5
330
1F
100
AcDbEntity
  8
USER_ANNOTATION
  6
CONTINUOUS
 62
     1
100
AcDbLine
 10
5.005743267
 20
-19.397611197
 30
0.0
 11
5.005743267
 21
-21.720011197
 31
0.0
  0
LINE
  5
DA6
330
1F
100
AcDbEntity
  8
USER_ANNOTATION
  6
CONTINUOUS
 62
     1
100
AcDbLine
 10
5.005743267
 20
-21.720011197
 30
0.0
 11
7.328143267
 21
-19.397611197
 31
0.0
  0
TEXT
  5
DA7
330
1F
100
AcDbEntity
  8
USER_ANNOTATION
  6
CONTINUOUS
 62
     1
100
AcDbText
 10
-4.946066083
 20
-19.778722992
 30
0.0
 40
1.238613333
  1
TYP
  7
ARIAL
 72
     2
 11
-1.580856733
 21
-19.159416326
 31
0.0
100
AcDbText
 73
     2
  0
MTEXT
  5
DA8
330
1F
100
AcDbEntity
  8
USER_ANNOTATION
  6
CONTINUOUS
 62
     1
100
AcDbMText
 10
4.425143267
 20
-19.4392953
 30
0.0
 40
1.238613333
 41
0.0
 71
     3
 72
     1
  1
\A1;{\H0.70x;\S1#4;}
  7
ARIAL
  0
LINE
  5
DA9
330
1F
100
AcDbEntity
  8
USER_ANNOTATION
  6
CONTINUOUS
 62
     1
100
AcDbLine
 10
-163.509823979
 20
90.243591498
 30
0.0
 11
-157.703823979
 21
90.243591498
 31
0.0
  0
LINE
  5
DAA
330
1F
100
AcDbEntity
  8
USER_ANNOTATION
  6
CONTINUOUS
 62
     1
100
AcDbLine
 10
-161.187423979
 20
87.921191498
 30
0.0
 11
-161.187423979
 21
90.243591498
 31
0.0
  0
LINE
  5
DAB
330
1F
100
AcDbEntity
  8
USER_ANNOTATION
  6
CONTINUOUS
 62
     1
100
AcDbLine
 10
-160.026223979
 20
87.921191498
 30
0.0
 11
-160.026223979
 21
90.243591498
 31
0.0
  0
LINE
  5
DAC
330
1F
100
AcDbEntity
  8
USER_ANNOTATION
  6
CONTINUOUS
 62
     1
100
AcDbLine
 10
3.535080709
 20
-103.435246652
 30
0.0
 11
-2.270919291
 21
-103.435246652
 31
0.0
  0
LINE
  5
DAD
330
1F
100
AcDbEntity
  8
USER_ANNOTATION
  6
CONTINUOUS
 62
     1
100
AcDbLine
 10
-2.270919291
 20
-103.435246652
 30
0.0
 11
-3.502557882
 21
-102.20360806
 31
0.0
  0
LINE
  5
DAE
330
1F
100
AcDbEntity
  8
USER_ANNOTATION
  6
CONTINUOUS
 62
     1
100
AcDbLine
 10
-2.270919291
 20
-103.435246652
 30
0.0
 11
-3.502557882
 21
-104.666885243
 31
0.0
  0
LINE
  5
DAF
330
1F
100
AcDbEntity
  8
USER_ANNOTATION
  6
CONTINUOUS
 62
     1
100
AcDbLine
 10
0.632080709
 20
-105.757646652
 30
0.0
 11
0.632080709
 21
-103.435246652
 31
0.0
  0
LINE
  5
DB0
330
1F
100
AcDbEntity
  8
USER_ANNOTATION
  6
CONTINUOUS
 62
     1
100
AcDbLine
 10
0.632080709
 20
-103.435246652
 30
0.0
 11
2.954480709
 21
-105.757646652
 31
0.0
  0
LINE
  5
DB1
330
1F
100
AcDbEntity
  8
USER_ANNOTATION
  6
CONTINUOUS
 62
     1
100
AcDbLine
 10
-0.529119291
 20
-103.435246652
 30
0.0
 11
-0.238819291
 21
-103.144946652
 31
0.0
  0
LINE
  5
DB2
330
1F
100
AcDbEntity
  8
USER_ANNOTATION
  6
CONTINUOUS
 62
     1
100
AcDbLine
 10
-0.238819291
 20
-103.144946652
 30
0.0
 11
0.051480709
 21
-102.970766652
 31
0.0
  0
LINE
  5
DB3
330
1F
100
AcDbEntity
  8
USER_ANNOTATION
  6
CONTINUOUS
 62
     1
100
AcDbLine
 10
0.051480709
 20
-102.970766652
 30
0.0
 11
0.341780709
 21
-102.882515452
 31
0.0
  0
LINE
  5
DB4
330
1F
100
AcDbEntity
  8
USER_ANNOTATION
  6
CONTINUOUS
 62
     1
100
AcDbLine
 10
0.341780709
 20
-102.882515452
 30
0.0
 11
0.632080709
 21
-102.854646652
 31
0.0
  0
LINE
  5
DB5
330
1F
100
AcDbEntity
  8
USER_ANNOTATION
  6
CONTINUOUS
 62
     1
100
AcDbLine
 10
0.632080709
 20
-102.854646652
 30
0.0
 11
0.922380709
 21
-102.882515452
 31
0.0
  0
LINE
  5
DB6
330
1F
100
AcDbEntity
  8
USER_ANNOTATION
  6
CONTINUOUS
 62
     1
100
AcDbLine
 10
0.922380709
 20
-102.882515452
 30
0.0
 11
1.212680709
 21
-102.970766652
 31
0.0
  0
LINE
  5
DB7
330
1F
100
AcDbEntity
  8
USER_ANNOTATION
  6
CONTINUOUS
 62
     1
100
AcDbLine
 10
1.212680709
 20
-102.970766652
 30
0.0
 11
1.502980709
 21
-103.144946652
 31
0.0
  0
LINE
  5
DB8
330
1F
100
AcDbEntity
  8
USER_ANNOTATION
  6
CONTINUOUS
 62
     1
100
AcDbLine
 10
1.502980709
 20
-103.144946652
 30
0.0
 11
1.793280709
 21
-103.435246652
 31
0.0
  0
MTEXT
  5
DB9
330
1F
100
AcDbEntity
  8
USER_ANNOTATION
  6
CONTINUOUS
 62
     1
100
AcDbMText
 10
-3.632119291
 20
-102.958856908
 30
0.0
 40
1.238613333
 41
19.817813333
 71
     6
 72
     1
  1
TC-U4b (AT WEB &\PFLANGES)
  7
ARIAL
  0
TEXT
  5
DBA
330
1F
100
AcDbEntity
  8
USER_ANNOTATION
  6
CONTINUOUS
 62
     1
100
AcDbText
 10
0.632080709
 20
-107.383326652
 30
0.0
 40
1.238613333
  1
45
  7
ARIAL
 11
0.632080709
 21
-106.144713318
 31
0.0
100
AcDbText
 73
     3
  0
LINE
  5
DBB
330
1F
100
AcDbEntity
  8
USER_ANNOTATION
  6
CONTINUOUS
 62
     1
100
AcDbLine
 10
35.990241602
 20
-96.253902106
 30
0.0
 11
48.775572466
 21
-83.480570871
 31
0.0
  0
LINE
  5
DBC
330
1F
100
AcDbEntity
  8
USER_ANNOTATION
  6
CONTINUOUS
 62
     1
100
AcDbLine
 10
42.421853123
 20
-89.828326952
 30
0.0
 11
42.421853123
 21
-83.833958232
 31
0.0
  0
LINE
  5
DBD
330
1F
100
AcDbEntity
  8
USER_ANNOTATION
  6
CONTINUOUS
 62
     1
100
AcDbLine
 10
42.421853123
 20
-83.833958232
 30
0.0
 11
48.421853123
 21
-83.833958232
 31
0.0
  0
TEXT
  5
DBE
330
1F
100
AcDbEntity
  8
USER_ANNOTATION
  6
CONTINUOUS
 62
     1
100
AcDbText
 10
44.459519844
 20
-82.857568488
 30
0.0
 40
1.238613333
  1
12
  7
ARIAL
 72
     1
 11
45.421853123
 21
-82.857568488
 31
0.0
100
AcDbText
  0
TEXT
  5
DBF
330
1F
100
AcDbEntity
  8
USER_ANNOTATION
  6
CONTINUOUS
 62
     1
100
AcDbText
 10
39.997186566
 20
-87.212254387
 30
0.0
 40
1.238613333
  1
12
  7
ARIAL
 72
     2
 11
41.921853123
 21
-86.59294772
 31
0.0
100
AcDbText
 73
     2
  0
LINE
  5
DC0
330
1F
100
AcDbEntity
  8
USER_ANNOTATION
  6
CONTINUOUS
 62
     1
100
AcDbLine
 10
13.490241602
 20
-96.253902106
 30
0.0
 11
0.072879942
 21
-82.849133265
 31
0.0
  0
LINE
  5
DC1
330
1F
100
AcDbEntity
  8
USER_ANNOTATION
  6
CONTINUOUS
 62
     1
100
AcDbLine
 10
6.426599285
 20
-89.196889346
 30
0.0
 11
6.426599285
 21
-83.202520626
 31
0.0
  0
LINE
  5
DC2
330
1F
100
AcDbEntity
  8
USER_ANNOTATION
  6
CONTINUOUS
 62
     1
100
AcDbLine
 10
6.426599285
 20
-83.202520626
 30
0.0
 11
0.426599285
 21
-83.202520626
 31
0.0
  0
TEXT
  5
DC3
330
1F
100
AcDbEntity
  8
USER_ANNOTATION
  6
CONTINUOUS
 62
     1
100
AcDbText
 10
2.464266006
 20
-82.226130882
 30
0.0
 40
1.238613333
  1
12
  7
ARIAL
 72
     1
 11
3.426599285
 21
-82.226130882
 31
0.0
100
AcDbText
  0
TEXT
  5
DC4
330
1F
100
AcDbEntity
  8
USER_ANNOTATION
  6
CONTINUOUS
 62
     1
100
AcDbText
 10
6.926599285
 20
-86.580816781
 30
0.0
 40
1.238613333
  1
12
  7
ARIAL
 11
6.926599285
 21
-85.961510114
 31
0.0
100
AcDbText
 73
     2
  0
LINE
  5
DC5
330
1F
100
AcDbEntity
  8
USER_ANNOTATION
  6
CONTINUOUS
 62
     1
100
AcDbLine
 10
23.000352319
 20
121.395581624
 30
0.0
 11
12.184537304
 21
110.579766609
 31
0.0
  0
LINE
  5
DC6
330
1F
100
AcDbEntity
  8
USER_ANNOTATION
  6
CONTINUOUS
 62
     1
100
AcDbLine
 10
12.538090694
 20
110.933319999
 30
0.0
 11
12.538090694
 21
116.933319999
 31
0.0
  0
LINE
  5
DC7
330
1F
100
AcDbEntity
  8
USER_ANNOTATION
  6
CONTINUOUS
 62
     1
100
AcDbLine
 10
12.538090694
 20
116.933319999
 30
0.0
 11
18.538090694
 21
116.933319999
 31
0.0
  0
TEXT
  5
DC8
330
1F
100
AcDbEntity
  8
USER_ANNOTATION
  6
CONTINUOUS
 62
     1
100
AcDbText
 10
14.575757415
 20
117.909709743
 30
0.0
 40
1.238613333
  1
12
  7
ARIAL
 72
     1
 11
15.538090694
 21
117.909709743
 31
0.0
100
AcDbText
  0
TEXT
  5
DC9
330
1F
100
AcDbEntity
  8
USER_ANNOTATION
  6
CONTINUOUS
 62
     1
100
AcDbText
 10
10.113424137
 20
113.552208205
 30
0.0
 40
1.238613333
  1
12
  7
ARIAL
 72
     2
 11
12.038090694
 21
114.171514871
 31
0.0
100
AcDbText
 73
     2
  0
TEXT
  5
DCA
330
1F
100
AcDbEntity
  8
USER_ANNOTATION
  6
CONTINUOUS
 62
     1
100
AcDbText
 10
-207.791774544
 20
68.025908594
 30
0.0
 40
1.238613333
  1
SQ CUT
 50
90.0
 41
0.8
  7
ARIAL
100
AcDbText
  0
TEXT
  5
DCB
330
1F
100
AcDbEntity
  8
USER_ANNOTATION
  6
CONTINUOUS
 62
     1
100
AcDbText
 10
39.771485045
 20
24.103537118
 30
0.0
 40
1.238613333
  1
C
 41
0.8
  7
ARIAL
100
AcDbText
  0
TEXT
  5
DCC
330
1F
100
AcDbEntity
  8
USER_ANNOTATION
  6
CONTINUOUS
 62
     1
100
AcDbText
 10
40.21447745
 20
23.638647253
 30
0.0
 40
1.238613333
  1
L
 41
0.8
  7
ARIAL
100
AcDbText
  0
TEXT
  5
DCD
330
1F
100
AcDbEntity
  8
USER_ANNOTATION
  6
CONTINUOUS
 62
     1
100
AcDbText
 10
22.163053215
 20
12.290242884
 30
0.0
 40
1.238613333
  1
C
 41
0.8
  7
ARIAL
100
AcDbText
  0
TEXT
  5
DCE
330
1F
100
AcDbEntity
  8
USER_ANNOTATION
  6
CONTINUOUS
 62
     1
100
AcDbText
 10
22.606045619
 20
11.825353019
 30
0.0
 40
1.238613333
  1
L
 41
0.8
  7
ARIAL
100
AcDbText
  0
TEXT
  5
DCF
330
1F
100
AcDbEntity
  8
USER_ANNOTATION
  6
CONTINUOUS
 62
     1
100
AcDbText
 10
36.197649144
 20
86.043485325
 30
0.0
 40
1.238613333
  1
C
 41
0.8
  7
ARIAL
100
AcDbText
  0
TEXT
  5
DD0
330
1F
100
AcDbEntity
  8
USER_ANNOTATION
  6
CONTINUOUS
 62
     1
100
AcDbText
 10
36.640641548
 20
85.57859546
 30
0.0
 40
1.238613333
  1
L
 41
0.8
  7
ARIAL
100
AcDbText
  0
TEXT
  5
DD1
330
1F
100
AcDbEntity
  8
USER_ANNOTATION
  6
CONTINUOUS
 62
     1
100
AcDbText
 10
22.163053215
 20
96.748913452
 30
0.0
 40
1.238613333
  1
C
 41
0.8
  7
ARIAL
100
AcDbText
  0
TEXT
  5
DD2
330
1F
100
AcDbEntity
  8
USER_ANNOTATION
  6
CONTINUOUS
 62
     1
100
AcDbText
 10
22.606045619
 20
96.284023587
 30
0.0
 40
1.238613333
  1
L
 41
0.8
  7
ARIAL
100
AcDbText
  0
TEXT
  5
DD3
330
1F
100
AcDbEntity
  8
USER_ANNOTATION
  6
CONTINUOUS
 62
     1
100
AcDbText
 10
39.655209749
 20
-13.438911089
 30
0.0
 40
1.238613333
  1
C
 41
0.8
  7
ARIAL
100
AcDbText
  0
TEXT
  5
DD4
330
1F
100
AcDbEntity
  8
USER_ANNOTATION
  6
CONTINUOUS
 62
     1
100
AcDbText
 10
40.098202153
 20
-13.903800954
 30
0.0
 40
1.238613333
  1
L
 41
0.8
  7
ARIAL
100
AcDbText
  0
TEXT
  5
DD5
330
1F
100
AcDbEntity
  8
USER_ANNOTATION
  6
CONTINUOUS
 62
     1
100
AcDbText
 10
22.163053215
 20
-22.049797642
 30
0.0
 40
1.238613333
  1
C
 41
0.8
  7
ARIAL
100
AcDbText
  0
TEXT
  5
DD6
330
1F
100
AcDbEntity
  8
USER_ANNOTATION
  6
CONTINUOUS
 62
     1
100
AcDbText
 10
22.606045619
 20
-22.514687508
 30
0.0
 40
1.238613333
  1
L
 41
0.8
  7
ARIAL
100
AcDbText
  0
TEXT
  5
DD7
330
1F
100
AcDbEntity
  8
USER_ANNOTATION
  6
CONTINUOUS
 62
     1
100
AcDbText
 10
22.163053215
 20
-58.652088193
 30
0.0
 40
1.238613333
  1
C
 41
0.8
  7
ARIAL
100
AcDbText
  0
TEXT
  5
DD8
330
1F
100
AcDbEntity
  8
USER_ANNOTATION
  6
CONTINUOUS
 62
     1
100
AcDbText
 10
22.606045619
 20
-59.116978058
 30
0.0
 40
1.238613333
  1
L
 41
0.8
  7
ARIAL
100
AcDbText
  0
TEXT
  5
DD9
330
1F
100
AcDbEntity
  8
USER_ANNOTATION
  6
CONTINUOUS
 62
     1
100
AcDbText
 10
36.272716472
 20
-48.483711089
 30
0.0
 40
1.238613333
  1
C
 41
0.8
  7
ARIAL
100
AcDbText
  0
TEXT
  5
DDA
330
1F
100
AcDbEntity
  8
USER_ANNOTATION
  6
CONTINUOUS
 62
     1
100
AcDbText
 10
36.715708876
 20
-48.948600954
 30
0.0
 40
1.238613333
  1
L
 41
0.8
  7
ARIAL
100
AcDbText
  0
TEXT
  5
DDB
330
1F
100
AcDbEntity
  8
USER_ANNOTATION
  6
CONTINUOUS
 62
     1
100
AcDbText
 10
-172.541261748
 20
-45.857493293
 30
0.0
 40
1.238613333
  1
DETAIL-1
 41
0.8
  7
ARIAL
100
AcDbText
  0
TEXT
  5
DDC
330
1F
100
AcDbEntity
  8
USER_ANNOTATION
  6
CONTINUOUS
 62
     1
100
AcDbText
 10
20.185490738
 20
104.040396412
 30
0.0
 40
1.238613333
  1
611C1
 41
0.8
  7
ARIAL
100
AcDbText
  0
TEXT
  5
DDD
330
1F
100
AcDbEntity
  8
USER_ANNOTATION
  6
CONTINUOUS
 62
     3
100
AcDbText
 10
16.465643993
 20
107.000991284
 30
0.0
 40
1.85792
  1
Section F-F
 41
0.8
  7
ARIAL
100
AcDbText
  0
TEXT
  5
DDE
330
1F
100
AcDbEntity
  8
USER_ANNOTATION
  6
CONTINUOUS
 62
     1
100
AcDbText
 10
26.317959034
 20
-107.739743172
 30
0.0
 40
1.238613333
  1
TYP
 41
0.8
  7
ARIAL
100
AcDbText
  0
MTEXT
  5
DDF
330
1F
100
AcDbEntity
  8
USER_ANNOTATION
  6
CONTINUOUS
 62
     1
100
AcDbMText
 10
25.897647725
 20
-105.287004753
 30
0.0
 40
1.238613333
 41
0.0
 71
     7
 72
     1
  1
\A1;R={\H0.70x;\S1#2;}
  7
ARIAL
  0
TEXT
  5
DE0
330
1F
100
AcDbEntity
  8
USER_ANNOTATION
  6
CONTINUOUS
 62
     3
100
AcDbText
 10
19.943286749
 20
-112.379570439
 30
0.0
 40
1.85792
  1
F
  7
ARIAL
100
AcDbText
  0
TEXT
  5
DE1
330
1F
100
AcDbEntity
  8
USER_ANNOTATION
  6
CONTINUOUS
 62
     3
100
AcDbText
 10
21.472676191
 20
-117.429388646
 30
0.0
 40
1.85792
  1
DETAIL-1
 41
0.8
  7
ARIAL
100
AcDbText
  0
TEXT
  5
DE2
330
1F
100
AcDbEntity
  8
USER_ANNOTATION
  6
CONTINUOUS
 62
     1
100
AcDbText
 10
23.148705097
 20
-121.512988646
 30
0.0
 40
1.85792
  1
611C1
 41
0.8
  7
ARIAL
100
AcDbText
  0
TEXT
  5
DE3
330
1F
100
AcDbEntity
  8
USER_ANNOTATION
  6
CONTINUOUS
 62
     3
100
AcDbText
 10
20.646113155
 20
-81.810679271
 30
0.0
 40
1.85792
  1
F
  7
ARIAL
100
AcDbText
  0
MTEXT
  5
DE4
330
1F
100
AcDbEntity
  8
USER_ANNOTATION
  6
CONTINUOUS
 62
     1
100
AcDbMText
 10
-108.587672223
 20
46.603665452
 30
0.0
 40
1.238613333
 41
0.0
 71
     5
 72
     1
  1
\A1;{\H0.70x;\S9#16;}
  7
ARIAL
  0
LINE
  5
DE5
330
1F
100
AcDbEntity
  8
USER_ANNOTATION
  6
CONTINUOUS
 62
     1
100
AcDbLine
 10
-108.587672223
 20
43.943149838
 30
0.0
 11
-111.05763194
 21
46.413109555
 31
0.0
  0
LINE
  5
DE6
330
1F
100
AcDbEntity
  8
USER_ANNOTATION
  6
CONTINUOUS
 62
     1
100
AcDbLine
 10
-111.05763194
 20
46.413109555
 30
0.0
 11
-108.587672223
 21
48.883069272
 31
0.0
  0
LINE
  5
DE7
330
1F
100
AcDbEntity
  8
USER_ANNOTATION
  6
CONTINUOUS
 62
     1
100
AcDbLine
 10
-108.587672223
 20
48.883069272
 30
0.0
 11
-106.117712506
 21
46.413109555
 31
0.0
  0
LINE
  5
DE8
330
1F
100
AcDbEntity
  8
USER_ANNOTATION
  6
CONTINUOUS
 62
     1
100
AcDbLine
 10
-106.117712506
 20
46.413109555
 30
0.0
 11
-108.587672223
 21
43.943149838
 31
0.0
  0
CIRCLE
  5
DE9
330
1F
100
AcDbEntity
  8
USER_ANNOTATION
  6
CONTINUOUS
 62
     1
100
AcDbCircle
 10
-106.117712506
 20
47.648089413
 30
0.0
 40
0.3087449645996094
  0
LINE
  5
DEA
330
1F
100
AcDbEntity
  8
USER_ANNOTATION
  6
CONTINUOUS
 62
     1
100
AcDbLine
 10
-105.654595059
 20
48.11120686
 30
0.0
 11
-106.580829953
 21
47.184971966
 31
0.0
  0
MTEXT
  5
DEB
330
1F
100
AcDbEntity
  8
USER_ANNOTATION
  6
CONTINUOUS
 62
     1
100
AcDbMText
 10
-237.117841464
 20
27.603665452
 30
0.0
 40
1.238613333
 41
0.0
 71
     5
 72
     1
  1
\A1;{\H0.70x;\S9#16;}
  7
ARIAL
  0
LINE
  5
DEC
330
1F
100
AcDbEntity
  8
USER_ANNOTATION
  6
CONTINUOUS
 62
     1
100
AcDbLine
 10
-237.117841464
 20
24.943149838
 30
0.0
 11
-239.58780118
 21
27.413109555
 31
0.0
  0
LINE
  5
DED
330
1F
100
AcDbEntity
  8
USER_ANNOTATION
  6
CONTINUOUS
 62
     1
100
AcDbLine
 10
-239.58780118
 20
27.413109555
 30
0.0
 11
-237.117841464
 21
29.883069272
 31
0.0
  0
LINE
  5
DEE
330
1F
100
AcDbEntity
  8
USER_ANNOTATION
  6
CONTINUOUS
 62
     1
100
AcDbLine
 10
-237.117841464
 20
29.883069272
 30
0.0
 11
-234.647881747
 21
27.413109555
 31
0.0
  0
LINE
  5
DEF
330
1F
100
AcDbEntity
  8
USER_ANNOTATION
  6
CONTINUOUS
 62
     1
100
AcDbLine
 10
-234.647881747
 20
27.413109555
 30
0.0
 11
-237.117841464
 21
24.943149838
 31
0.0
  0
CIRCLE
  5
DF0
330
1F
100
AcDbEntity
  8
USER_ANNOTATION
  6
CONTINUOUS
 62
     1
100
AcDbCircle
 10
-234.647881747
 20
28.648089413
 30
0.0
 40
0.3087449645996094
  0
LINE
  5
DF1
330
1F
100
AcDbEntity
  8
USER_ANNOTATION
  6
CONTINUOUS
 62
     1
100
AcDbLine
 10
-234.1847643
 20
29.11120686
 30
0.0
 11
-235.110999194
 21
28.184971966
 31
0.0
  0
MTEXT
  5
DF2
330
1F
100
AcDbEntity
  8
USER_ANNOTATION
  6
CONTINUOUS
 62
     1
100
AcDbMText
 10
-107.291946131
 20
27.603665452
 30
0.0
 40
1.238613333
 41
0.0
 71
     5
 72
     1
  1
\A1;{\H0.70x;\S9#16;}
  7
ARIAL
  0
LINE
  5
DF3
330
1F
100
AcDbEntity
  8
USER_ANNOTATION
  6
CONTINUOUS
 62
     1
100
AcDbLine
 10
-107.291946131
 20
24.943149838
 30
0.0
 11
-109.761905847
 21
27.413109555
 31
0.0
  0
LINE
  5
DF4
330
1F
100
AcDbEntity
  8
USER_ANNOTATION
  6
CONTINUOUS
 62
     1
100
AcDbLine
 10
-109.761905847
 20
27.413109555
 30
0.0
 11
-107.291946131
 21
29.883069272
 31
0.0
  0
LINE
  5
DF5
330
1F
100
AcDbEntity
  8
USER_ANNOTATION
  6
CONTINUOUS
 62
     1
100
AcDbLine
 10
-107.291946131
 20
29.883069272
 30
0.0
 11
-104.821986414
 21
27.413109555
 31
0.0
  0
LINE
  5
DF6
330
1F
100
AcDbEntity
  8
USER_ANNOTATION
  6
CONTINUOUS
 62
     1
100
AcDbLine
 10
-104.821986414
 20
27.413109555
 30
0.0
 11
-107.291946131
 21
24.943149838
 31
0.0
  0
CIRCLE
  5
DF7
330
1F
100
AcDbEntity
  8
USER_ANNOTATION
  6
CONTINUOUS
 62
     1
100
AcDbCircle
 10
-104.821986414
 20
28.648089413
 30
0.0
 40
0.3087449645996094
  0
LINE
  5
DF8
330
1F
100
AcDbEntity
  8
USER_ANNOTATION
  6
CONTINUOUS
 62
     1
100
AcDbLine
 10
-104.358868967
 20
29.11120686
 30
0.0
 11
-105.285103861
 21
28.184971966
 31
0.0
  0
LINE
  5
DF9
330
1F
100
AcDbEntity
  8
USER_ANNOTATION
  6
SDS2_7
 62
     1
100
AcDbLine
 10
22.612299797
 20
-47.790054667
 30
0.0
 11
22.612299797
 21
-56.806077937
 31
0.0
  0
LINE
  5
DFA
330
1F
100
AcDbEntity
  8
USER_ANNOTATION
  6
SDS2_7
 62
     1
100
AcDbLine
 10
22.612299797
 20
-57.958431772
 30
0.0
 11
22.612299797
 21
-57.958431772
 31
0.0
  0
LINE
  5
DFB
330
1F
100
AcDbEntity
  8
USER_ANNOTATION
  6
SDS2_7
 62
     1
100
AcDbLine
 10
22.612299797
 20
-47.790054667
 30
0.0
 11
36.272716472
 21
-47.790054667
 31
0.0
  0
LINE
  5
DFC
330
1F
100
AcDbEntity
  8
USER_ANNOTATION
  6
SDS2_7
 62
     1
100
AcDbLine
 10
36.721963054
 20
-47.790054667
 30
0.0
 11
36.721963054
 21
-47.790054667
 31
0.0
  0
LINE
  5
DFD
330
1F
100
AcDbEntity
  8
USER_ANNOTATION
  6
SDS2_7
 62
     1
100
AcDbLine
 10
22.612299797
 20
-12.745254667
 30
0.0
 11
22.612299797
 21
-20.203787386
 31
0.0
  0
LINE
  5
DFE
330
1F
100
AcDbEntity
  8
USER_ANNOTATION
  6
SDS2_7
 62
     1
100
AcDbLine
 10
22.612299797
 20
-21.356141221
 30
0.0
 11
22.612299797
 21
-21.356141221
 31
0.0
  0
LINE
  5
DFF
330
1F
100
AcDbEntity
  8
USER_ANNOTATION
  6
SDS2_7
 62
     1
100
AcDbLine
 10
22.612299797
 20
-12.745254667
 30
0.0
 11
39.655209749
 21
-12.745254667
 31
0.0
  0
LINE
  5
E00
330
1F
100
AcDbEntity
  8
USER_ANNOTATION
  6
SDS2_7
 62
     1
100
AcDbLine
 10
40.104456331
 20
-12.745254667
 30
0.0
 11
40.104456331
 21
-12.745254667
 31
0.0
  0
LINE
  5
E01
330
1F
100
AcDbEntity
  8
USER_ANNOTATION
  6
SDS2_7
 62
     1
100
AcDbLine
 10
22.612299797
 20
24.79719354
 30
0.0
 11
22.612299797
 21
14.13625314
 31
0.0
  0
LINE
  5
E02
330
1F
100
AcDbEntity
  8
USER_ANNOTATION
  6
SDS2_7
 62
     1
100
AcDbLine
 10
22.612299797
 20
12.983899306
 30
0.0
 11
22.612299797
 21
12.983899306
 31
0.0
  0
LINE
  5
E03
330
1F
100
AcDbEntity
  8
USER_ANNOTATION
  6
SDS2_7
 62
     1
100
AcDbLine
 10
22.612299797
 20
24.79719354
 30
0.0
 11
39.771485045
 21
24.79719354
 31
0.0
  0
LINE
  5
E04
330
1F
100
AcDbEntity
  8
USER_ANNOTATION
  6
SDS2_7
 62
     1
100
AcDbLine
 10
40.220731627
 20
24.79719354
 30
0.0
 11
40.220731627
 21
24.79719354
 31
0.0
  0
LINE
  5
E05
330
1F
100
AcDbEntity
  8
USER_ANNOTATION
  6
SDS2_7
 62
     1
100
AcDbLine
 10
22.612299797
 20
86.737141747
 30
0.0
 11
22.612299797
 21
95.391461578
 31
0.0
  0
LINE
  5
E06
330
1F
100
AcDbEntity
  8
USER_ANNOTATION
  6
SDS2_7
 62
     1
100
AcDbLine
 10
22.612299797
 20
97.442569874
 30
0.0
 11
22.612299797
 21
97.442569874
 31
0.0
  0
LINE
  5
E07
330
1F
100
AcDbEntity
  8
USER_ANNOTATION
  6
SDS2_7
 62
     1
100
AcDbLine
 10
22.612299797
 20
86.737141747
 30
0.0
 11
36.197649144
 21
86.737141747
 31
0.0
  0
LINE
  5
E08
330
1F
100
AcDbEntity
  8
USER_ANNOTATION
  6
SDS2_7
 62
     1
100
AcDbLine
 10
36.646895726
 20
86.737141747
 30
0.0
 11
36.646895726
 21
86.737141747
 31
0.0
  0
LINE
  5
E09
330
1F
100
AcDbEntity
  8
USER_ANNOTATION
  6
SDS2_8
 62
     1
100
AcDbLine
 10
-157.356695294
 20
-39.168621642
 30
0.0
 11
-157.35669528
 21
-27.252079106
 31
0.0
  0
LINE
  5
E0A
330
1F
100
AcDbEntity
  8
USER_ANNOTATION
  6
SDS2_8
 62
     1
100
AcDbLine
 10
-173.058124717
 20
-46.140860842
 30
0.0
 11
-175.842026512
 21
-41.766547566
 31
0.0
  0
LINE
  5
E0B
330
1F
100
AcDbEntity
  8
USER_ANNOTATION
  6
SDS2_8
 62
     1
100
AcDbLine
 10
-190.902386763
 20
-41.766547573
 30
0.0
 11
-179.329938665
 21
-41.766547573
 31
0.0
  0
LINE
  5
E0C
330
1F
100
AcDbEntity
  8
USER_ANNOTATION
  6
SDS2_8
 62
     1
100
AcDbLine
 10
-193.5003127
 20
-39.168621639
 30
0.0
 11
-193.500312695
 21
-27.252079106
 31
0.0
  0
LINE
  5
E0D
330
1F
100
AcDbEntity
  8
USER_ANNOTATION
  6
SDS2_8
 62
     1
100
AcDbLine
 10
-179.329938657
 20
-41.772348742
 30
0.0
 11
-173.058124717
 21
-46.140860842
 31
0.0
  0
LINE
  5
E0E
330
1F
100
AcDbEntity
  8
USER_ANNOTATION
  6
SDS2_8
 62
     1
100
AcDbLine
 10
-159.954621205
 20
-24.65415318
 30
0.0
 11
-190.902386769
 21
-24.65415318
 31
0.0
  0
LINE
  5
E0F
330
1F
100
AcDbEntity
  8
USER_ANNOTATION
  6
SDS2_8
 62
     1
100
AcDbLine
 10
-175.8420265
 20
-41.766547573
 30
0.0
 11
-159.954621199
 21
-41.766547573
 31
0.0
  0
LINE
  5
E10
330
1F
100
AcDbEntity
  8
USER_ANNOTATION
  6
CONTINUOUS
 62
     1
100
AcDbLine
 10
-173.058124717
 20
-46.140860842
 30
0.0
 11
-165.309712684
 21
-46.140860842
 31
0.0
  0
LINE
  5
E11
330
1F
100
AcDbEntity
  8
USER_ANNOTATION
  6
CONTINUOUS
 62
     2
100
AcDbLine
 10
23.000352319
 20
125.046604873
 30
0.0
 11
23.000352319
 21
121.395581624
 31
0.0
  0
LINE
  5
E12
330
1F
100
AcDbEntity
  8
USER_ANNOTATION
  6
CONTINUOUS
 62
     2
100
AcDbLine
 10
23.750352319
 20
125.046604873
 30
0.0
 11
23.750352319
 21
122.145581624
 31
0.0
  0
LINE
  5
E13
330
1F
100
AcDbEntity
  8
USER_ANNOTATION
  6
CONTINUOUS
 62
     1
100
AcDbLine
 10
23.167018985
 20
125.046604873
 30
0.0
 11
21.682643985
 21
125.046604873
 31
0.0
  0
LINE
  5
E14
330
1F
100
AcDbEntity
  8
USER_ANNOTATION
  6
CONTINUOUS
 62
     1
100
AcDbLine
 10
23.167018985
 20
125.046604873
 30
0.0
 11
23.375352319
 21
124.629938206
 31
0.0
  0
LINE
  5
E15
330
1F
100
AcDbEntity
  8
USER_ANNOTATION
  6
CONTINUOUS
 62
     1
100
AcDbLine
 10
23.375352319
 20
125.46327154
 30
0.0
 11
23.583685652
 21
125.046604873
 31
0.0
  0
LINE
  5
E16
330
1F
100
AcDbEntity
  8
USER_ANNOTATION
  6
CONTINUOUS
 62
     1
100
AcDbLine
 10
23.375352319
 20
124.629938206
 30
0.0
 11
23.375352319
 21
125.46327154
 31
0.0
  0
LINE
  5
E17
330
1F
100
AcDbEntity
  8
USER_ANNOTATION
  6
CONTINUOUS
 62
     1
100
AcDbLine
 10
23.583685652
 20
125.046604873
 30
0.0
 11
25.074310795
 21
125.046604873
 31
0.0
  0
LINE
  5
E18
330
1F
100
AcDbEntity
  8
USER_ANNOTATION
  6
CONTINUOUS
 62
     2
100
AcDbLine
 10
23.750352319
 20
122.145581624
 30
0.0
 11
23.000352319
 21
121.395581624
 31
0.0
  0
LINE
  5
E19
330
1F
100
AcDbEntity
  8
USER_ANNOTATION
  6
CONTINUOUS
 62
     3
100
AcDbLine
 10
12.966689306
 20
106.086406668
 30
0.0
 11
31.966689306
 21
106.086406668
 31
0.0
  0
LINE
  5
E1A
330
1F
100
AcDbEntity
  8
USER_ANNOTATION
  6
SDS2_5
 62
     1
100
AcDbLine
 10
-181.309249812
 20
-29.75
 30
0.0
 11
-170.690750188
 21
-29.75
 31
0.0
  0
LINE
  5
E1B
330
1F
100
AcDbEntity
  8
USER_ANNOTATION
  6
CONTINUOUS
 62
     1
100
AcDbLine
 10
23.666975104
 20
-74.655669511
 30
0.0
 11
7.635725104
 21
-74.655669511
 31
0.0
  0
LINE
  5
E1C
330
1F
100
AcDbEntity
  8
USER_ANNOTATION
  6
CONTINUOUS
 62
     1
100
AcDbLine
 10
28.166975104
 20
-74.655669506
 30
0.0
 11
44.265726648
 21
-74.655669506
 31
0.0
  0
LINE
  5
E1D
330
1F
100
AcDbEntity
  8
USER_ANNOTATION
  6
CONTINUOUS
 62
     3
100
AcDbLine
 10
12.320502949
 20
-118.443973261
 30
0.0
 11
40.820502949
 21
-118.443973261
 31
0.0
  0
LINE
  5
E1E
330
1F
100
AcDbEntity
  8
USER_ANNOTATION
  6
CONTINUOUS
 62
     1
100
AcDbLine
 10
25.916975104
 20
-70.155669506
 30
0.0
 11
28.166975104
 21
-74.655669506
 31
0.0
  0
LINE
  5
E1F
330
1F
100
AcDbEntity
  8
USER_ANNOTATION
  6
CONTINUOUS
 62
     3
100
AcDbLine
 10
21.805809705
 20
-108.609077054
 30
0.0
 11
21.805809705
 21
-104.109077054
 31
0.0
  0
LINE
  5
E20
330
1F
100
AcDbEntity
  8
USER_ANNOTATION
  6
CONTINUOUS
 62
     1
100
AcDbLine
 10
25.916975104
 20
-79.155669506
 30
0.0
 11
25.916975104
 21
-70.155669506
 31
0.0
  0
LINE
  5
E21
330
1F
100
AcDbEntity
  8
USER_ANNOTATION
  6
CONTINUOUS
 62
     1
100
AcDbLine
 10
23.666975104
 20
-74.655669506
 30
0.0
 11
25.916975104
 21
-79.155669506
 31
0.0
  0
LINE
  5
E22
330
1F
100
AcDbEntity
  8
USER_ANNOTATION
  6
CONTINUOUS
 62
     3
100
AcDbLine
 10
17.305809705
 20
-108.609077054
 30
0.0
 11
18.805809705
 21
-108.984077054
 31
0.0
  0
LINE
  5
E23
330
1F
100
AcDbEntity
  8
USER_ANNOTATION
  6
SDS2_5
 62
     1
100
AcDbLine
 10
16.77627311
 20
-96.726402106
 30
0.0
 11
32.704210094
 21
-96.726402106
 31
0.0
  0
LINE
  5
E24
330
1F
100
AcDbEntity
  8
USER_ANNOTATION
  6
CONTINUOUS
 62
     3
100
AcDbLine
 10
18.167052901
 20
-83.388878205
 30
0.0
 11
19.667052901
 21
-83.013878205
 31
0.0
  0
LINE
  5
E25
330
1F
100
AcDbEntity
  8
USER_ANNOTATION
  6
CONTINUOUS
 62
     3
100
AcDbLine
 10
21.917052901
 20
-83.388878205
 30
0.0
 11
21.917052901
 21
-87.673512031
 31
0.0
  0
LINE
  5
E26
330
1F
100
AcDbEntity
  8
USER_ANNOTATION
  6
CONTINUOUS
 62
     3
100
AcDbLine
 10
21.917052901
 20
-87.888878205
 30
0.0
 11
21.917052901
 21
-87.888878205
 31
0.0
  0
LINE
  5
E27
330
1F
100
AcDbEntity
  8
USER_ANNOTATION
  6
CONTINUOUS
 62
     3
100
AcDbLine
 10
18.167052901
 20
-83.388878205
 30
0.0
 11
19.667052901
 21
-83.763878205
 31
0.0
  0
LINE
  5
E28
330
1F
100
AcDbEntity
  8
USER_ANNOTATION
  6
CONTINUOUS
 62
     3
100
AcDbLine
 10
22.667052901
 20
-83.388878205
 30
0.0
 11
18.167052901
 21
-83.388878205
 31
0.0
  0
LINE
  5
E29
330
1F
100
AcDbEntity
  8
USER_ANNOTATION
  6
CONTINUOUS
 62
     3
100
AcDbLine
 10
21.805809705
 20
-108.609077054
 30
0.0
 11
17.305809705
 21
-108.609077054
 31
0.0
  0
LINE
  5
E2A
330
1F
100
AcDbEntity
  8
USER_ANNOTATION
  6
CONTINUOUS
 62
     3
100
AcDbLine
 10
21.055809705
 20
-108.609077054
 30
0.0
 11
21.055809705
 21
-104.109077054
 31
0.0
  0
LINE
  5
E2B
330
1F
100
AcDbEntity
  8
USER_ANNOTATION
  6
CONTINUOUS
 62
     3
100
AcDbLine
 10
22.667052901
 20
-83.388878205
 30
0.0
 11
22.667052901
 21
-87.888878205
 31
0.0
  0
LINE
  5
E2C
330
1F
100
AcDbEntity
  8
USER_ANNOTATION
  6
CONTINUOUS
 62
     3
100
AcDbLine
 10
17.305809705
 20
-108.609077054
 30
0.0
 11
18.805809705
 21
-108.234077054
 31
0.0
  0
LINE
  5
E2D
330
1F
100
AcDbEntity
  8
USER_ANNOTATION
  6
CONTINUOUS
 62
     2
100
AcDbLine
 10
15.275241602
 20
-97.851402106
 30
0.0
 11
15.275241602
 21
-74.708615243
 31
0.0
  0
LINE
  5
E2E
330
1F
100
AcDbEntity
  8
USER_ANNOTATION
  6
CONTINUOUS
 62
     2
100
AcDbLine
 10
13.490241602
 20
-74.708615243
 30
0.0
 11
13.490241602
 21
-96.253902106
 31
0.0
  0
LINE
  5
E2F
330
1F
100
AcDbEntity
  8
USER_ANNOTATION
  6
CONTINUOUS
 62
     2
100
AcDbLine
 10
13.490241602
 20
-96.253902106
 30
0.0
 11
15.089241602
 21
-97.851402106
 31
0.0
  0
LINE
  5
E30
330
1F
100
AcDbEntity
  8
USER_ANNOTATION
  6
CONTINUOUS
 62
     2
100
AcDbLine
 10
35.990241602
 20
-96.253902106
 30
0.0
 11
35.990241602
 21
-74.708615243
 31
0.0
  0
LINE
  5
E31
330
1F
100
AcDbEntity
  8
USER_ANNOTATION
  6
CONTINUOUS
 62
     2
100
AcDbLine
 10
34.205241602
 20
-74.708615243
 30
0.0
 11
34.205241602
 21
-97.851402106
 31
0.0
  0
LINE
  5
E32
330
1F
100
AcDbEntity
  8
USER_ANNOTATION
  6
CONTINUOUS
 62
     2
100
AcDbLine
 10
34.391241602
 20
-97.851402106
 30
0.0
 11
35.990241602
 21
-96.253902106
 31
0.0
  0
LINE
  5
E33
330
1F
100
AcDbEntity
  8
USER_ANNOTATION
  6
CONTINUOUS
 62
     2
100
AcDbLine
 10
15.276741602
 20
-96.351402106
 30
0.0
 11
15.333867844
 21
-96.064302899
 31
0.0
  0
LINE
  5
E34
330
1F
100
AcDbEntity
  8
USER_ANNOTATION
  6
CONTINUOUS
 62
     2
100
AcDbLine
 10
15.333867844
 20
-96.064302899
 30
0.0
 11
15.424818321
 21
-95.928241139
 31
0.0
  0
LINE
  5
E35
330
1F
100
AcDbEntity
  8
USER_ANNOTATION
  6
CONTINUOUS
 62
     2
100
AcDbLine
 10
15.276741602
 20
-97.851402106
 30
0.0
 11
15.276741602
 21
-96.351402106
 31
0.0
  0
LINE
  5
E36
330
1F
100
AcDbEntity
  8
USER_ANNOTATION
  6
CONTINUOUS
 62
     2
100
AcDbLine
 10
34.203741602
 20
-96.351402106
 30
0.0
 11
34.203741602
 21
-97.851402106
 31
0.0
  0
LINE
  5
E37
330
1F
100
AcDbEntity
  8
USER_ANNOTATION
  6
CONTINUOUS
 62
     2
100
AcDbLine
 10
34.055664883
 20
-95.928241139
 30
0.0
 11
34.146615361
 21
-96.064302899
 31
0.0
  0
LINE
  5
E38
330
1F
100
AcDbEntity
  8
USER_ANNOTATION
  6
CONTINUOUS
 62
     2
100
AcDbLine
 10
34.146615361
 20
-96.064302899
 30
0.0
 11
34.203741602
 21
-96.351402106
 31
0.0
  0
LINE
  5
E39
330
1F
100
AcDbEntity
  8
USER_ANNOTATION
  6
CONTINUOUS
 62
     2
100
AcDbLine
 10
33.983939056
 20
-95.820939421
 30
0.0
 11
34.055664883
 21
-95.928241139
 31
0.0
  0
LINE
  5
E3A
330
1F
100
AcDbEntity
  8
USER_ANNOTATION
  6
CONTINUOUS
 62
     2
100
AcDbLine
 10
33.629706427
 20
-95.636398177
 30
0.0
 11
33.74049425
 21
-95.658384849
 31
0.0
  0
LINE
  5
E3B
330
1F
100
AcDbEntity
  8
USER_ANNOTATION
  6
CONTINUOUS
 62
     2
100
AcDbLine
 10
33.74049425
 20
-95.658384849
 30
0.0
 11
33.983939056
 21
-95.820939421
 31
0.0
  0
LINE
  5
E3C
330
1F
100
AcDbEntity
  8
USER_ANNOTATION
  6
CONTINUOUS
 62
     2
100
AcDbLine
 10
15.739988954
 20
-95.658384849
 30
0.0
 11
15.850776777
 21
-95.636398177
 31
0.0
  0
LINE
  5
E3D
330
1F
100
AcDbEntity
  8
USER_ANNOTATION
  6
CONTINUOUS
 62
     2
100
AcDbLine
 10
15.424818321
 20
-95.928241139
 30
0.0
 11
15.496544148
 21
-95.820939421
 31
0.0
  0
LINE
  5
E3E
330
1F
100
AcDbEntity
  8
USER_ANNOTATION
  6
CONTINUOUS
 62
     2
100
AcDbLine
 10
15.496544148
 20
-95.820939421
 30
0.0
 11
15.739988954
 21
-95.658384849
 31
0.0
  0
LINE
  5
E3F
330
1F
100
AcDbEntity
  8
USER_ANNOTATION
  6
CONTINUOUS
 62
     2
100
AcDbLine
 10
16.314187297
 20
-95.65867202
 30
0.0
 11
16.488268658
 21
-95.775162703
 31
0.0
  0
LINE
  5
E40
330
1F
100
AcDbEntity
  8
USER_ANNOTATION
  6
CONTINUOUS
 62
     2
100
AcDbLine
 10
15.850776777
 20
-95.636398177
 30
0.0
 11
16.027116696
 21
-95.6014022
 31
0.0
  0
LINE
  5
E41
330
1F
100
AcDbEntity
  8
USER_ANNOTATION
  6
CONTINUOUS
 62
     2
100
AcDbLine
 10
16.027116696
 20
-95.6014022
 30
0.0
 11
16.314187297
 21
-95.65867202
 31
0.0
  0
LINE
  5
E42
330
1F
100
AcDbEntity
  8
USER_ANNOTATION
  6
CONTINUOUS
 62
     2
100
AcDbLine
 10
33.453366508
 20
-95.6014022
 30
0.0
 11
33.629706427
 21
-95.636398177
 31
0.0
  0
LINE
  5
E43
330
1F
100
AcDbEntity
  8
USER_ANNOTATION
  6
CONTINUOUS
 62
     2
100
AcDbLine
 10
32.992214547
 20
-95.775162703
 30
0.0
 11
33.166295907
 21
-95.65867202
 31
0.0
  0
LINE
  5
E44
330
1F
100
AcDbEntity
  8
USER_ANNOTATION
  6
CONTINUOUS
 62
     2
100
AcDbLine
 10
33.166295907
 20
-95.65867202
 30
0.0
 11
33.453366508
 21
-95.6014022
 31
0.0
  0
LINE
  5
E45
330
1F
100
AcDbEntity
  8
USER_ANNOTATION
  6
CONTINUOUS
 62
     2
100
AcDbLine
 10
16.719902185
 20
-96.064996089
 30
0.0
 11
16.776741227
 21
-96.352152294
 31
0.0
  0
LINE
  5
E46
330
1F
100
AcDbEntity
  8
USER_ANNOTATION
  6
CONTINUOUS
 62
     2
100
AcDbLine
 10
16.776741227
 20
-96.352152294
 30
0.0
 11
16.775241602
 21
-97.851402106
 31
0.0
  0
LINE
  5
E47
330
1F
100
AcDbEntity
  8
USER_ANNOTATION
  6
CONTINUOUS
 62
     2
100
AcDbLine
 10
16.488268658
 20
-95.775162703
 30
0.0
 11
16.557469386
 21
-95.821470017
 31
0.0
  0
LINE
  5
E48
330
1F
100
AcDbEntity
  8
USER_ANNOTATION
  6
CONTINUOUS
 62
     2
100
AcDbLine
 10
16.557469386
 20
-95.821470017
 30
0.0
 11
16.719902185
 21
-96.064996089
 31
0.0
  0
LINE
  5
E49
330
1F
100
AcDbEntity
  8
USER_ANNOTATION
  6
CONTINUOUS
 62
     2
100
AcDbLine
 10
32.703741977
 20
-96.352152294
 30
0.0
 11
32.760581019
 21
-96.064996089
 31
0.0
  0
LINE
  5
E4A
330
1F
100
AcDbEntity
  8
USER_ANNOTATION
  6
CONTINUOUS
 62
     2
100
AcDbLine
 10
32.760581019
 20
-96.064996089
 30
0.0
 11
32.923013819
 21
-95.821470017
 31
0.0
  0
LINE
  5
E4B
330
1F
100
AcDbEntity
  8
USER_ANNOTATION
  6
CONTINUOUS
 62
     2
100
AcDbLine
 10
32.923013819
 20
-95.821470017
 30
0.0
 11
32.992214547
 21
-95.775162703
 31
0.0
  0
LINE
  5
E4C
330
1F
100
AcDbEntity
  8
USER_ANNOTATION
  6
CONTINUOUS
 62
     2
100
AcDbLine
 10
32.705241602
 20
-97.851402106
 30
0.0
 11
32.703741977
 21
-96.352152294
 31
0.0
  0
LINE
  5
E4D
330
1F
100
AcDbEntity
  8
USER_ANNOTATION
  6
CONTINUOUS
 62
     2
100
AcDbLine
 10
0.740241602
 20
-97.851402106
 30
0.0
 11
0.740241602
 21
-101.601402106
 31
0.0
  0
LINE
  5
E4E
330
1F
100
AcDbEntity
  8
USER_ANNOTATION
  6
CONTINUOUS
 62
     2
100
AcDbLine
 10
0.740241602
 20
-101.601402106
 30
0.0
 11
48.740241602
 21
-101.601402106
 31
0.0
  0
LINE
  5
E4F
330
1F
100
AcDbEntity
  8
USER_ANNOTATION
  6
CONTINUOUS
 62
     2
100
AcDbLine
 10
48.740241602
 20
-101.601402106
 30
0.0
 11
48.740241602
 21
-97.851402106
 31
0.0
  0
LINE
  5
E50
330
1F
100
AcDbEntity
  8
USER_ANNOTATION
  6
CONTINUOUS
 62
     2
100
AcDbLine
 10
48.740241602
 20
-97.851402106
 30
0.0
 11
0.740241602
 21
-97.851402106
 31
0.0
  0
LINE
  5
E51
330
1F
100
AcDbEntity
  8
USER_ANNOTATION
  6
CONTINUOUS
 62
     1
100
AcDbLine
 10
-237.117841464
 20
43.943149838
 30
0.0
 11
-237.117841464
 21
42.0
 31
0.0
  0
LINE
  5
E52
330
1F
100
AcDbEntity
  8
USER_ANNOTATION
  6
CONTINUOUS
 62
     1
100
AcDbLine
 10
-237.117841464
 20
42.0
 30
0.0
 11
-237.117841464
 21
42.0
 31
0.0
  0
LINE
  5
E53
330
1F
100
AcDbEntity
  8
USER_ANNOTATION
  6
CONTINUOUS
 62
     1
100
AcDbLine
 10
-237.117841464
 20
42.0
 30
0.0
 11
-237.295006818
 21
42.826771654
 31
0.0
  0
LINE
  5
E54
330
1F
100
AcDbEntity
  8
USER_ANNOTATION
  6
CONTINUOUS
 62
     1
100
AcDbLine
 10
-237.295006818
 20
42.826771654
 30
0.0
 11
-236.940676109
 21
42.826771654
 31
0.0
  0
LINE
  5
E55
330
1F
100
AcDbEntity
  8
USER_ANNOTATION
  6
CONTINUOUS
 62
     1
100
AcDbLine
 10
-236.940676109
 20
42.826771654
 30
0.0
 11
-237.117841464
 21
42.0
 31
0.0
  0
LINE
  5
E56
330
1F
100
AcDbEntity
  8
USER_ANNOTATION
  6
CONTINUOUS
 62
     1
100
AcDbLine
 10
-108.587672223
 20
43.943149838
 30
0.0
 11
-108.587672223
 21
42.0
 31
0.0
  0
LINE
  5
E57
330
1F
100
AcDbEntity
  8
USER_ANNOTATION
  6
CONTINUOUS
 62
     1
100
AcDbLine
 10
-108.587672223
 20
42.0
 30
0.0
 11
-108.587672223
 21
42.0
 31
0.0
  0
LINE
  5
E58
330
1F
100
AcDbEntity
  8
USER_ANNOTATION
  6
CONTINUOUS
 62
     1
100
AcDbLine
 10
-108.587672223
 20
42.0
 30
0.0
 11
-108.764837577
 21
42.826771654
 31
0.0
  0
LINE
  5
E59
330
1F
100
AcDbEntity
  8
USER_ANNOTATION
  6
CONTINUOUS
 62
     1
100
AcDbLine
 10
-108.764837577
 20
42.826771654
 30
0.0
 11
-108.410506869
 21
42.826771654
 31
0.0
  0
LINE
  5
E5A
330
1F
100
AcDbEntity
  8
USER_ANNOTATION
  6
CONTINUOUS
 62
     1
100
AcDbLine
 10
-108.410506869
 20
42.826771654
 30
0.0
 11
-108.587672223
 21
42.0
 31
0.0
  0
LINE
  5
E5B
330
1F
100
AcDbEntity
  8
USER_ANNOTATION
  6
CONTINUOUS
 62
     1
100
AcDbLine
 10
-207.315384801
 20
68.125
 30
0.0
 11
-207.315384801
 21
74.125
 31
0.0
  0
LINE
  5
E5C
330
1F
100
AcDbEntity
  8
USER_ANNOTATION
  6
CONTINUOUS
 62
     1
100
AcDbLine
 10
-207.315384801
 20
74.125
 30
0.0
 11
-207.315384801
 21
74.125
 31
0.0
  0
LINE
  5
E5D
330
1F
100
AcDbEntity
  8
USER_ANNOTATION
  6
CONTINUOUS
 62
     1
100
AcDbLine
 10
-207.315384801
 20
74.125
 30
0.0
 11
-207.138219446
 21
73.298228346
 31
0.0
  0
LINE
  5
E5E
330
1F
100
AcDbEntity
  8
USER_ANNOTATION
  6
CONTINUOUS
 62
     1
100
AcDbLine
 10
-207.138219446
 20
73.298228346
 30
0.0
 11
-207.492550155
 21
73.298228346
 31
0.0
  0
LINE
  5
E5F
330
1F
100
AcDbEntity
  8
USER_ANNOTATION
  6
CONTINUOUS
 62
     1
100
AcDbLine
 10
-207.492550155
 20
73.298228346
 30
0.0
 11
-207.315384801
 21
74.125
 31
0.0
  0
LINE
  5
E60
330
1F
100
AcDbEntity
  8
USER_ANNOTATION
  6
CONTINUOUS
 62
     1
100
AcDbLine
 10
-49.853331574
 20
0.232510208
 30
0.0
 11
-60.888927734
 21
10.893547784
 31
0.0
  0
LINE
  5
E61
330
1F
100
AcDbEntity
  8
USER_ANNOTATION
  6
CONTINUOUS
 62
     1
100
AcDbLine
 10
-60.888927734
 20
10.893547784
 30
0.0
 11
-60.888927734
 21
10.893547784
 31
0.0
  0
LINE
  5
E62
330
1F
100
AcDbEntity
  8
USER_ANNOTATION
  6
CONTINUOUS
 62
     1
100
AcDbLine
 10
-60.888927734
 20
10.893547784
 30
0.0
 11
-60.171214202
 21
10.446528528
 31
0.0
  0
LINE
  5
E63
330
1F
100
AcDbEntity
  8
USER_ANNOTATION
  6
CONTINUOUS
 62
     1
100
AcDbLine
 10
-60.171214202
 20
10.446528528
 30
0.0
 11
-60.417401817
 21
10.191691503
 31
0.0
  0
LINE
  5
E64
330
1F
100
AcDbEntity
  8
USER_ANNOTATION
  6
CONTINUOUS
 62
     1
100
AcDbLine
 10
-60.417401817
 20
10.191691503
 30
0.0
 11
-60.888927734
 21
10.893547784
 31
0.0
  0
LINE
  5
E65
330
1F
100
AcDbEntity
  8
USER_ANNOTATION
  6
CONTINUOUS
 62
     1
100
AcDbLine
 10
-51.572267196
 20
59.974536819
 30
0.0
 11
-60.888927734
 21
70.983321782
 31
0.0
  0
LINE
  5
E66
330
1F
100
AcDbEntity
  8
USER_ANNOTATION
  6
CONTINUOUS
 62
     1
100
AcDbLine
 10
-60.888927734
 20
70.983321782
 30
0.0
 11
-60.888927734
 21
70.983321782
 31
0.0
  0
LINE
  5
E67
330
1F
100
AcDbEntity
  8
USER_ANNOTATION
  6
CONTINUOUS
 62
     1
100
AcDbLine
 10
-60.888927734
 20
70.983321782
 30
0.0
 11
-60.219593422
 21
70.466668601
 31
0.0
  0
LINE
  5
E68
330
1F
100
AcDbEntity
  8
USER_ANNOTATION
  6
CONTINUOUS
 62
     1
100
AcDbLine
 10
-60.219593422
 20
70.466668601
 30
0.0
 11
-60.490066031
 21
70.237769455
 31
0.0
  0
LINE
  5
E69
330
1F
100
AcDbEntity
  8
USER_ANNOTATION
  6
CONTINUOUS
 62
     1
100
AcDbLine
 10
-60.490066031
 20
70.237769455
 30
0.0
 11
-60.888927734
 21
70.983321782
 31
0.0
  0
LINE
  5
E6A
330
1F
100
AcDbEntity
  8
USER_ANNOTATION
  6
CONTINUOUS
 62
     1
100
AcDbLine
 10
16.825224251
 20
-60.099707137
 30
0.0
 11
24.201915304
 21
-48.162554667
 31
0.0
  0
LINE
  5
E6B
330
1F
100
AcDbEntity
  8
USER_ANNOTATION
  6
CONTINUOUS
 62
     1
100
AcDbLine
 10
24.201915304
 20
-48.162554667
 30
0.0
 11
24.201915304
 21
-48.162554667
 31
0.0
  0
LINE
  5
E6C
330
1F
100
AcDbEntity
  8
USER_ANNOTATION
  6
CONTINUOUS
 62
     1
100
AcDbLine
 10
24.201915304
 20
-48.162554667
 30
0.0
 11
23.918003816
 21
-48.95900504
 31
0.0
  0
LINE
  5
E6D
330
1F
100
AcDbEntity
  8
USER_ANNOTATION
  6
CONTINUOUS
 62
     1
100
AcDbLine
 10
23.918003816
 20
-48.95900504
 30
0.0
 11
23.616582233
 21
-48.772738349
 31
0.0
  0
LINE
  5
E6E
330
1F
100
AcDbEntity
  8
USER_ANNOTATION
  6
CONTINUOUS
 62
     1
100
AcDbLine
 10
23.616582233
 20
-48.772738349
 30
0.0
 11
24.201915304
 21
-48.162554667
 31
0.0
  0
LINE
  5
E6F
330
1F
100
AcDbEntity
  8
USER_ANNOTATION
  6
CONTINUOUS
 62
     1
100
AcDbLine
 10
29.360246492
 20
99.335946166
 30
0.0
 11
23.941510616
 21
87.109641747
 31
0.0
  0
LINE
  5
E70
330
1F
100
AcDbEntity
  8
USER_ANNOTATION
  6
CONTINUOUS
 62
     1
100
AcDbLine
 10
23.941510616
 20
87.109641747
 30
0.0
 11
23.941510616
 21
87.109641747
 31
0.0
  0
LINE
  5
E71
330
1F
100
AcDbEntity
  8
USER_ANNOTATION
  6
CONTINUOUS
 62
     1
100
AcDbLine
 10
23.941510616
 20
87.109641747
 30
0.0
 11
24.114540402
 21
87.937288787
 31
0.0
  0
LINE
  5
E72
330
1F
100
AcDbEntity
  8
USER_ANNOTATION
  6
CONTINUOUS
 62
     1
100
AcDbLine
 10
24.114540402
 20
87.937288787
 30
0.0
 11
24.438480964
 21
87.793717329
 31
0.0
  0
LINE
  5
E73
330
1F
100
AcDbEntity
  8
USER_ANNOTATION
  6
CONTINUOUS
 62
     1
100
AcDbLine
 10
24.438480964
 20
87.793717329
 30
0.0
 11
23.941510616
 21
87.109641747
 31
0.0
  0
LINE
  5
E74
330
1F
100
AcDbEntity
  8
USER_ANNOTATION
  6
CONTINUOUS
 62
     1
100
AcDbLine
 10
-173.536588437
 20
100.317647643
 30
0.0
 11
-175.309457148
 21
104.069264455
 31
0.0
  0
LINE
  5
E75
330
1F
100
AcDbEntity
  8
USER_ANNOTATION
  6
CONTINUOUS
 62
     1
100
AcDbLine
 10
-175.309457148
 20
104.069264455
 30
0.0
 11
-175.309457148
 21
104.069264455
 31
0.0
  0
LINE
  5
E76
330
1F
100
AcDbEntity
  8
USER_ANNOTATION
  6
CONTINUOUS
 62
     1
100
AcDbLine
 10
-175.309457148
 20
104.069264455
 30
0.0
 11
-174.79603268
 21
103.39745031
 31
0.0
  0
LINE
  5
E77
330
1F
100
AcDbEntity
  8
USER_ANNOTATION
  6
CONTINUOUS
 62
     1
100
AcDbLine
 10
-174.79603268
 20
103.39745031
 30
0.0
 11
-175.116393795
 21
103.246060062
 31
0.0
  0
LINE
  5
E78
330
1F
100
AcDbEntity
  8
USER_ANNOTATION
  6
CONTINUOUS
 62
     1
100
AcDbLine
 10
-175.116393795
 20
103.246060062
 30
0.0
 11
-175.309457148
 21
104.069264455
 31
0.0
  0
LINE
  5
E79
330
1F
100
AcDbEntity
  8
USER_ANNOTATION
  6
CONTINUOUS
 62
     1
100
AcDbLine
 10
-166.761731518
 20
113.652267875
 30
0.0
 11
-175.587897962
 21
104.824900246
 31
0.0
  0
LINE
  5
E7A
330
1F
100
AcDbEntity
  8
USER_ANNOTATION
  6
CONTINUOUS
 62
     1
100
AcDbLine
 10
-175.587897962
 20
104.824900246
 30
0.0
 11
-175.587897962
 21
104.824900246
 31
0.0
  0
LINE
  5
E7B
330
1F
100
AcDbEntity
  8
USER_ANNOTATION
  6
CONTINUOUS
 62
     1
100
AcDbLine
 10
-175.587897962
 20
104.824900246
 30
0.0
 11
-175.128605246
 21
105.534822165
 31
0.0
  0
LINE
  5
E7C
330
1F
100
AcDbEntity
  8
USER_ANNOTATION
  6
CONTINUOUS
 62
     1
100
AcDbLine
 10
-175.128605246
 20
105.534822165
 30
0.0
 11
-174.878038552
 21
105.284289567
 31
0.0
  0
LINE
  5
E7D
330
1F
100
AcDbEntity
  8
USER_ANNOTATION
  6
CONTINUOUS
 62
     1
100
AcDbLine
 10
-174.878038552
 20
105.284289567
 30
0.0
 11
-175.587897962
 21
104.824900246
 31
0.0
  0
LINE
  5
E7E
330
1F
100
AcDbEntity
  8
USER_ANNOTATION
  6
CONTINUOUS
 62
     1
100
AcDbLine
 10
-166.761731518
 20
113.652267875
 30
0.0
 11
-173.536588437
 21
100.317647643
 31
0.0
  0
LINE
  5
E7F
330
1F
100
AcDbEntity
  8
USER_ANNOTATION
  6
CONTINUOUS
 62
     1
100
AcDbLine
 10
-173.536588437
 20
100.317647643
 30
0.0
 11
-173.536588437
 21
100.317647643
 31
0.0
  0
LINE
  5
E80
330
1F
100
AcDbEntity
  8
USER_ANNOTATION
  6
CONTINUOUS
 62
     1
100
AcDbLine
 10
-49.853331574
 20
0.232510208
 30
0.0
 11
-58.010508061
 21
12.692527339
 31
0.0
  0
LINE
  5
E81
330
1F
100
AcDbEntity
  8
USER_ANNOTATION
  6
CONTINUOUS
 62
     1
100
AcDbLine
 10
-58.010508061
 20
12.692527339
 30
0.0
 11
-58.010508061
 21
12.692527339
 31
0.0
  0
LINE
  5
E82
330
1F
100
AcDbEntity
  8
USER_ANNOTATION
  6
CONTINUOUS
 62
     1
100
AcDbLine
 10
-58.010508061
 20
12.692527339
 30
0.0
 11
-57.409433375
 21
12.097844103
 31
0.0
  0
LINE
  5
E83
330
1F
100
AcDbEntity
  8
USER_ANNOTATION
  6
CONTINUOUS
 62
     1
100
AcDbLine
 10
-57.409433375
 20
12.097844103
 30
0.0
 11
-57.705885747
 21
11.903766174
 31
0.0
  0
LINE
  5
E84
330
1F
100
AcDbEntity
  8
USER_ANNOTATION
  6
CONTINUOUS
 62
     1
100
AcDbLine
 10
-57.705885747
 20
11.903766174
 30
0.0
 11
-58.010508061
 21
12.692527339
 31
0.0
  0
LINE
  5
E85
330
1F
100
AcDbEntity
  8
USER_ANNOTATION
  6
CONTINUOUS
 62
     1
100
AcDbLine
 10
-51.572267196
 20
59.974536819
 30
0.0
 11
-58.285264309
 21
73.692527339
 31
0.0
  0
LINE
  5
E86
330
1F
100
AcDbEntity
  8
USER_ANNOTATION
  6
CONTINUOUS
 62
     1
100
AcDbLine
 10
-58.285264309
 20
73.692527339
 30
0.0
 11
-58.285264309
 21
73.692527339
 31
0.0
  0
LINE
  5
E87
330
1F
100
AcDbEntity
  8
USER_ANNOTATION
  6
CONTINUOUS
 62
     1
100
AcDbLine
 10
-58.285264309
 20
73.692527339
 30
0.0
 11
-57.762724004
 21
73.027778846
 31
0.0
  0
LINE
  5
E88
330
1F
100
AcDbEntity
  8
USER_ANNOTATION
  6
CONTINUOUS
 62
     1
100
AcDbLine
 10
-57.762724004
 20
73.027778846
 30
0.0
 11
-58.080990341
 21
72.87203293
 31
0.0
  0
LINE
  5
E89
330
1F
100
AcDbEntity
  8
USER_ANNOTATION
  6
CONTINUOUS
 62
     1
100
AcDbLine
 10
-58.080990341
 20
72.87203293
 30
0.0
 11
-58.285264309
 21
73.692527339
 31
0.0
  0
LINE
  5
E8A
330
1F
100
AcDbEntity
  8
USER_ANNOTATION
  6
CONTINUOUS
 62
     1
100
AcDbLine
 10
33.285243333
 20
-18.172513358
 30
0.0
 11
30.112299797
 21
-13.355254667
 31
0.0
  0
LINE
  5
E8B
330
1F
100
AcDbEntity
  8
USER_ANNOTATION
  6
CONTINUOUS
 62
     1
100
AcDbLine
 10
30.112299797
 20
-13.355254667
 30
0.0
 11
30.112299797
 21
-13.355254667
 31
0.0
  0
LINE
  5
E8C
330
1F
100
AcDbEntity
  8
USER_ANNOTATION
  6
CONTINUOUS
 62
     1
100
AcDbLine
 10
30.112299797
 20
-13.355254667
 30
0.0
 11
30.715031479
 21
-13.948258418
 31
0.0
  0
LINE
  5
E8D
330
1F
100
AcDbEntity
  8
USER_ANNOTATION
  6
CONTINUOUS
 62
     1
100
AcDbLine
 10
30.715031479
 20
-13.948258418
 30
0.0
 11
30.419121794
 21
-14.143162778
 31
0.0
  0
LINE
  5
E8E
330
1F
100
AcDbEntity
  8
USER_ANNOTATION
  6
CONTINUOUS
 62
     1
100
AcDbLine
 10
30.419121794
 20
-14.143162778
 30
0.0
 11
30.112299797
 21
-13.355254667
 31
0.0
  0
LINE
  5
E8F
330
1F
100
AcDbEntity
  8
USER_ANNOTATION
  6
CONTINUOUS
 62
     1
100
AcDbLine
 10
9.069943267
 20
-19.397611197
 30
0.0
 11
15.112299797
 21
-13.355254667
 31
0.0
  0
LINE
  5
E90
330
1F
100
AcDbEntity
  8
USER_ANNOTATION
  6
CONTINUOUS
 62
     1
100
AcDbLine
 10
15.112299797
 20
-13.355254667
 30
0.0
 11
15.112299797
 21
-13.355254667
 31
0.0
  0
LINE
  5
E91
330
1F
100
AcDbEntity
  8
USER_ANNOTATION
  6
CONTINUOUS
 62
     1
100
AcDbLine
 10
15.112299797
 20
-13.355254667
 30
0.0
 11
14.652958778
 21
-14.065145333
 31
0.0
  0
LINE
  5
E92
330
1F
100
AcDbEntity
  8
USER_ANNOTATION
  6
CONTINUOUS
 62
     1
100
AcDbLine
 10
14.652958778
 20
-14.065145333
 30
0.0
 11
14.402409131
 21
-13.814595686
 31
0.0
  0
LINE
  5
E93
330
1F
100
AcDbEntity
  8
USER_ANNOTATION
  6
CONTINUOUS
 62
     1
100
AcDbLine
 10
14.402409131
 20
-13.814595686
 30
0.0
 11
15.112299797
 21
-13.355254667
 31
0.0
  0
LINE
  5
E94
330
1F
100
AcDbEntity
  8
USER_ANNOTATION
  6
CONTINUOUS
 62
     1
100
AcDbLine
 10
-163.509823979
 20
90.243591498
 30
0.0
 11
-168.5
 21
100.257356147
 31
0.0
  0
LINE
  5
E95
330
1F
100
AcDbEntity
  8
USER_ANNOTATION
  6
CONTINUOUS
 62
     1
100
AcDbLine
 10
-168.5
 20
100.257356147
 30
0.0
 11
-168.5
 21
100.257356147
 31
0.0
  0
LINE
  5
E96
330
1F
100
AcDbEntity
  8
USER_ANNOTATION
  6
CONTINUOUS
 62
     1
100
AcDbLine
 10
-168.5
 20
100.257356147
 30
0.0
 11
-167.972677247
 21
99.596394995
 31
0.0
  0
LINE
  5
E97
330
1F
100
AcDbEntity
  8
USER_ANNOTATION
  6
CONTINUOUS
 62
     1
100
AcDbLine
 10
-167.972677247
 20
99.596394995
 30
0.0
 11
-168.289811619
 21
99.438356895
 31
0.0
  0
LINE
  5
E98
330
1F
100
AcDbEntity
  8
USER_ANNOTATION
  6
CONTINUOUS
 62
     1
100
AcDbLine
 10
-168.289811619
 20
99.438356895
 30
0.0
 11
-168.5
 21
100.257356147
 31
0.0
  0
LINE
  5
E99
330
1F
100
AcDbEntity
  8
USER_ANNOTATION
  6
CONTINUOUS
 62
     1
100
AcDbLine
 10
-185.77091992
 20
96.875826015
 30
0.0
 11
-183.5
 21
99.146745935
 31
0.0
  0
LINE
  5
E9A
330
1F
100
AcDbEntity
  8
USER_ANNOTATION
  6
CONTINUOUS
 62
     1
100
AcDbLine
 10
-183.5
 20
99.146745935
 30
0.0
 11
-183.5
 21
99.146745935
 31
0.0
  0
LINE
  5
E9B
330
1F
100
AcDbEntity
  8
USER_ANNOTATION
  6
CONTINUOUS
 62
     1
100
AcDbLine
 10
-183.5
 20
99.146745935
 30
0.0
 11
-183.959341019
 21
98.436855269
 31
0.0
  0
LINE
  5
E9C
330
1F
100
AcDbEntity
  8
USER_ANNOTATION
  6
CONTINUOUS
 62
     1
100
AcDbLine
 10
-183.959341019
 20
98.436855269
 30
0.0
 11
-184.209890666
 21
98.687404915
 31
0.0
  0
LINE
  5
E9D
330
1F
100
AcDbEntity
  8
USER_ANNOTATION
  6
CONTINUOUS
 62
     1
100
AcDbLine
 10
-184.209890666
 20
98.687404915
 30
0.0
 11
-183.5
 21
99.146745935
 31
0.0
  0
LINE
  5
E9E
330
1F
100
AcDbEntity
  8
USER_ANNOTATION
  6
CONTINUOUS
 62
     1
100
AcDbLine
 10
-163.509823979
 20
90.243591498
 30
0.0
 11
-185.77091992
 21
96.875826015
 31
0.0
  0
LINE
  5
E9F
330
1F
100
AcDbEntity
  8
USER_ANNOTATION
  6
CONTINUOUS
 62
     1
100
AcDbLine
 10
-185.77091992
 20
96.875826015
 30
0.0
 11
-185.77091992
 21
96.875826015
 31
0.0
  0
LINE
  5
EA0
330
1F
100
AcDbEntity
  8
USER_ANNOTATION
  6
CONTINUOUS
 62
     1
100
AcDbLine
 10
7.35008509
 20
-95.636815489
 30
0.0
 11
14.248637673
 21
-97.198902106
 31
0.0
  0
LINE
  5
EA1
330
1F
100
AcDbEntity
  8
USER_ANNOTATION
  6
CONTINUOUS
 62
     1
100
AcDbLine
 10
14.248637673
 20
-97.198902106
 30
0.0
 11
14.248637673
 21
-97.198902106
 31
0.0
  0
LINE
  5
EA2
330
1F
100
AcDbEntity
  8
USER_ANNOTATION
  6
CONTINUOUS
 62
     1
100
AcDbLine
 10
14.248637673
 20
-97.198902106
 30
0.0
 11
13.403153832
 21
-97.189103934
 31
0.0
  0
LINE
  5
EA3
330
1F
100
AcDbEntity
  8
USER_ANNOTATION
  6
CONTINUOUS
 62
     1
100
AcDbLine
 10
13.403153832
 20
-97.189103934
 30
0.0
 11
13.481406298
 21
-96.843522102
 31
0.0
  0
LINE
  5
EA4
330
1F
100
AcDbEntity
  8
USER_ANNOTATION
  6
CONTINUOUS
 62
     1
100
AcDbLine
 10
13.481406298
 20
-96.843522102
 30
0.0
 11
14.248637673
 21
-97.198902106
 31
0.0
  0
LINE
  5
EA5
330
1F
100
AcDbEntity
  8
USER_ANNOTATION
  6
CONTINUOUS
 62
     1
100
AcDbLine
 10
29.852838766
 20
-104.426329533
 30
0.0
 11
31.352838766
 21
-104.426329533
 31
0.0
  0
LINE
  5
EA6
330
1F
100
AcDbEntity
  8
USER_ANNOTATION
  6
CONTINUOUS
 62
     1
100
AcDbLine
 10
31.352838766
 20
-104.426329533
 30
0.0
 11
31.352838766
 21
-104.426329533
 31
0.0
  0
LINE
  5
EA7
330
1F
100
AcDbEntity
  8
USER_ANNOTATION
  6
CONTINUOUS
 62
     1
100
AcDbLine
 10
31.352838766
 20
-104.426329533
 30
0.0
 11
33.234351855
 21
-95.652495899
 31
0.0
  0
LINE
  5
EA8
330
1F
100
AcDbEntity
  8
USER_ANNOTATION
  6
CONTINUOUS
 62
     1
100
AcDbLine
 10
33.234351855
 20
-95.652495899
 30
0.0
 11
33.234351855
 21
-95.652495899
 31
0.0
  0
LINE
  5
EA9
330
1F
100
AcDbEntity
  8
USER_ANNOTATION
  6
CONTINUOUS
 62
     1
100
AcDbLine
 10
33.234351855
 20
-95.652495899
 30
0.0
 11
33.234222322
 21
-96.498036503
 31
0.0
  0
LINE
  5
EAA
330
1F
100
AcDbEntity
  8
USER_ANNOTATION
  6
CONTINUOUS
 62
     1
100
AcDbLine
 10
33.234222322
 20
-96.498036503
 30
0.0
 11
32.887768277
 21
-96.423740837
 31
0.0
  0
LINE
  5
EAB
330
1F
100
AcDbEntity
  8
USER_ANNOTATION
  6
CONTINUOUS
 62
     1
100
AcDbLine
 10
32.887768277
 20
-96.423740837
 30
0.0
 11
33.234351855
 21
-95.652495899
 31
0.0
  0
LINE
  5
EAC
330
1F
100
AcDbEntity
  8
USER_ANNOTATION
  6
CONTINUOUS
 62
     1
100
AcDbLine
 10
3.535080709
 20
-103.435246652
 30
0.0
 11
7.35008509
 21
-95.636815489
 31
0.0
  0
LINE
  5
EAD
330
1F
100
AcDbEntity
  8
USER_ANNOTATION
  6
CONTINUOUS
 62
     1
100
AcDbLine
 10
7.35008509
 20
-95.636815489
 30
0.0
 11
7.35008509
 21
-95.636815489
 31
0.0
  0
LINE
  5
EAE
330
1F
100
AcDbEntity
  8
USER_ANNOTATION
  6
CONTINUOUS
 62
     1
100
AcDbLine
 10
-237.117841464
 20
24.943149838
 30
0.0
 11
-237.117841464
 21
23.0
 31
0.0
  0
LINE
  5
EAF
330
1F
100
AcDbEntity
  8
USER_ANNOTATION
  6
CONTINUOUS
 62
     1
100
AcDbLine
 10
-237.117841464
 20
23.0
 30
0.0
 11
-237.117841464
 21
23.0
 31
0.0
  0
LINE
  5
EB0
330
1F
100
AcDbEntity
  8
USER_ANNOTATION
  6
CONTINUOUS
 62
     1
100
AcDbLine
 10
-237.117841464
 20
23.0
 30
0.0
 11
-237.295006818
 21
23.826771654
 31
0.0
  0
LINE
  5
EB1
330
1F
100
AcDbEntity
  8
USER_ANNOTATION
  6
CONTINUOUS
 62
     1
100
AcDbLine
 10
-237.295006818
 20
23.826771654
 30
0.0
 11
-236.940676109
 21
23.826771654
 31
0.0
  0
LINE
  5
EB2
330
1F
100
AcDbEntity
  8
USER_ANNOTATION
  6
CONTINUOUS
 62
     1
100
AcDbLine
 10
-236.940676109
 20
23.826771654
 30
0.0
 11
-237.117841464
 21
23.0
 31
0.0
  0
LINE
  5
EB3
330
1F
100
AcDbEntity
  8
USER_ANNOTATION
  6
CONTINUOUS
 62
     1
100
AcDbLine
 10
-107.291946131
 20
24.943149838
 30
0.0
 11
-107.291946131
 21
23.0
 31
0.0
  0
LINE
  5
EB4
330
1F
100
AcDbEntity
  8
USER_ANNOTATION
  6
CONTINUOUS
 62
     1
100
AcDbLine
 10
-107.291946131
 20
23.0
 30
0.0
 11
-107.291946131
 21
23.0
 31
0.0
  0
LINE
  5
EB5
330
1F
100
AcDbEntity
  8
USER_ANNOTATION
  6
CONTINUOUS
 62
     1
100
AcDbLine
 10
-107.291946131
 20
23.0
 30
0.0
 11
-107.469111485
 21
23.826771654
 31
0.0
  0
LINE
  5
EB6
330
1F
100
AcDbEntity
  8
USER_ANNOTATION
  6
CONTINUOUS
 62
     1
100
AcDbLine
 10
-107.469111485
 20
23.826771654
 30
0.0
 11
-107.114780776
 21
23.826771654
 31
0.0
  0
LINE
  5
EB7
330
1F
100
AcDbEntity
  8
USER_ANNOTATION
  6
CONTINUOUS
 62
     1
100
AcDbLine
 10
-107.114780776
 20
23.826771654
 30
0.0
 11
-107.291946131
 21
23.0
 31
0.0
  0
ARC
  5
EB8
330
1F
100
AcDbEntity
  8
USER_ANNOTATION
  6
CONTINUOUS
 62
     1
100
AcDbCircle
 10
-190.902386777
 20
-27.25207911
 30
0.0
 40
2.597925925925925
100
AcDbArc
 50
90.000000029
 51
179.999999971
  0
ARC
  5
EB9
330
1F
100
AcDbEntity
  8
USER_ANNOTATION
  6
CONTINUOUS
 62
     1
100
AcDbCircle
 10
-190.902386782
 20
-39.168621641
 30
0.0
 40
2.597925925925925
100
AcDbArc
 50
180.000000029
 51
269.999999971
  0
ARC
  5
EBA
330
1F
100
AcDbEntity
  8
USER_ANNOTATION
  6
CONTINUOUS
 62
     1
100
AcDbCircle
 10
-159.954621221
 20
-39.168621641
 30
0.0
 40
2.597925925925925
100
AcDbArc
 50
270.000000029
 51
359.999999971
  0
ARC
  5
EBB
330
1F
100
AcDbEntity
  8
USER_ANNOTATION
  6
CONTINUOUS
 62
     1
100
AcDbCircle
 10
-159.954621216
 20
-27.25207911
 30
0.0
 40
2.597925925925925
100
AcDbArc
 50
0.000000029
 51
89.999999971
  0
TEXT
  5
EBC
330
1F
100
AcDbEntity
  8
USER_ADJUSTED
  6
CONTINUOUS
 62
     1
100
AcDbText
 10
-95.747570562
 20
30.952758763
 30
0.0
 40
1.238613333
  1
1-9
 50
90.0
 41
0.8
  7
ARIAL
100
AcDbText
  0
TEXT
  5
EBD
330
1F
100
AcDbEntity
  8
USER_ADJUSTED
  6
CONTINUOUS
 62
     1
100
AcDbText
 10
-90.686598296
 20
29.447205507
 30
0.0
 40
1.238613333
  1
HOLES
 50
90.0
 41
0.8
  7
ARIAL
100
AcDbText
  0
TEXT
  5
EBE
330
1F
100
AcDbEntity
  8
USER_ADJUSTED
  6
CONTINUOUS
 62
     1
100
AcDbText
 10
-93.425170562
 20
26.306824778
 30
0.0
 40
1.238613333
  1
SAFETY CABLE
 50
90.0
 41
0.8
  7
ARIAL
100
AcDbText
  0
LINE
  5
EBF
330
1F
100
AcDbEntity
  8
USER_ADJUSTED
  6
CONTINUOUS
 62
     1
100
AcDbLine
 10
-118.511427734
 20
23.0
 30
0.0
 11
-102.932075517
 21
23.0
 31
0.0
  0
LINE
  5
EC0
330
1F
100
AcDbEntity
  8
USER_ADJUSTED
  6
CONTINUOUS
 62
     1
100
AcDbLine
 10
-98.003817223
 20
23.0
 30
0.0
 11
-95.271180818
 21
23.0
 31
0.0
  0
LINE
  5
EC1
330
1F
100
AcDbEntity
  8
USER_ADJUSTED
  6
CONTINUOUS
 62
     1
100
AcDbLine
 10
-95.271180818
 20
23.0
 30
0.0
 11
-95.034960346
 21
22.763779528
 31
0.0
  0
LINE
  5
EC2
330
1F
100
AcDbEntity
  8
USER_ADJUSTED
  6
CONTINUOUS
 62
     1
100
AcDbLine
 10
-95.034960346
 20
22.763779528
 30
0.0
 11
-95.50740129
 21
23.236220472
 31
0.0
  0
LINE
  5
EC3
330
1F
100
AcDbEntity
  8
USER_ADJUSTED
  6
CONTINUOUS
 62
     1
100
AcDbLine
 10
-95.50740129
 20
23.236220472
 30
0.0
 11
-95.271180818
 21
23.0
 31
0.0
  0
LINE
  5
EC4
330
1F
100
AcDbEntity
  8
USER_ADJUSTED
  6
CONTINUOUS
 62
     1
100
AcDbLine
 10
-95.271180818
 20
23.0
 30
0.0
 11
-95.271180818
 21
42.0
 31
0.0
  0
LINE
  5
EC5
330
1F
100
AcDbEntity
  8
USER_ADJUSTED
  6
CONTINUOUS
 62
     1
100
AcDbLine
 10
-95.271180818
 20
42.0
 30
0.0
 11
-95.034960346
 21
41.763779528
 31
0.0
  0
LINE
  5
EC6
330
1F
100
AcDbEntity
  8
USER_ADJUSTED
  6
CONTINUOUS
 62
     1
100
AcDbLine
 10
-95.034960346
 20
41.763779528
 30
0.0
 11
-95.50740129
 21
42.236220472
 31
0.0
  0
LINE
  5
EC7
330
1F
100
AcDbEntity
  8
USER_ADJUSTED
  6
CONTINUOUS
 62
     1
100
AcDbLine
 10
-95.50740129
 20
42.236220472
 30
0.0
 11
-95.271180818
 21
42.0
 31
0.0
  0
LINE
  5
EC8
330
1F
100
AcDbEntity
  8
USER_ADJUSTED
  6
CONTINUOUS
 62
     1
100
AcDbLine
 10
-118.511427734
 20
42.0
 30
0.0
 11
-104.179224254
 21
42.0
 31
0.0
  0
LINE
  5
EC9
330
1F
100
AcDbEntity
  8
USER_ADJUSTED
  6
CONTINUOUS
 62
     1
100
AcDbLine
 10
-99.25096596
 20
42.0
 30
0.0
 11
-95.271180818
 21
42.0
 31
0.0
  0
TEXT
  5
ECA
330
1F
100
AcDbEntity
  8
USER_ADJUSTED
  6
CONTINUOUS
 62
     1
100
AcDbText
 10
-249.563811924
 20
32.458225589
 30
0.0
 40
1.238613333
  1
1-9
 50
90.0
 41
0.8
  7
ARIAL
100
AcDbText
  0
TEXT
  5
ECB
330
1F
100
AcDbEntity
  8
USER_ADJUSTED
  6
CONTINUOUS
 62
     1
100
AcDbText
 10
-244.502839658
 20
30.952672334
 30
0.0
 40
1.238613333
  1
HOLES
 50
90.0
 41
0.8
  7
ARIAL
100
AcDbText
  0
TEXT
  5
ECC
330
1F
100
AcDbEntity
  8
USER_ADJUSTED
  6
CONTINUOUS
 62
     1
100
AcDbText
 10
-247.241411924
 20
27.812291605
 30
0.0
 40
1.238613333
  1
SAFETY CABLE
 50
90.0
 41
0.8
  7
ARIAL
100
AcDbText
  0
LINE
  5
ECD
330
1F
100
AcDbEntity
  8
USER_ADJUSTED
  6
CONTINUOUS
 62
     1
100
AcDbLine
 10
-225.377786426
 20
23.0
 30
0.0
 11
-240.513678326
 21
23.0
 31
0.0
  0
LINE
  5
ECE
330
1F
100
AcDbEntity
  8
USER_ADJUSTED
  6
CONTINUOUS
 62
     1
100
AcDbLine
 10
-245.44193662
 20
23.0
 30
0.0
 11
-249.08742218
 21
23.0
 31
0.0
  0
LINE
  5
ECF
330
1F
100
AcDbEntity
  8
USER_ADJUSTED
  6
CONTINUOUS
 62
     1
100
AcDbLine
 10
-249.08742218
 20
23.0
 30
0.0
 11
-248.851201708
 21
22.763779528
 31
0.0
  0
LINE
  5
ED0
330
1F
100
AcDbEntity
  8
USER_ADJUSTED
  6
CONTINUOUS
 62
     1
100
AcDbLine
 10
-248.851201708
 20
22.763779528
 30
0.0
 11
-249.323642653
 21
23.236220472
 31
0.0
  0
LINE
  5
ED1
330
1F
100
AcDbEntity
  8
USER_ADJUSTED
  6
CONTINUOUS
 62
     1
100
AcDbLine
 10
-249.323642653
 20
23.236220472
 30
0.0
 11
-249.08742218
 21
23.0
 31
0.0
  0
LINE
  5
ED2
330
1F
100
AcDbEntity
  8
USER_ADJUSTED
  6
CONTINUOUS
 62
     1
100
AcDbLine
 10
-249.08742218
 20
23.0
 30
0.0
 11
-249.08742218
 21
42.0
 31
0.0
  0
LINE
  5
ED3
330
1F
100
AcDbEntity
  8
USER_ADJUSTED
  6
CONTINUOUS
 62
     1
100
AcDbLine
 10
-249.08742218
 20
42.0
 30
0.0
 11
-248.851201708
 21
41.763779528
 31
0.0
  0
LINE
  5
ED4
330
1F
100
AcDbEntity
  8
USER_ADJUSTED
  6
CONTINUOUS
 62
     1
100
AcDbLine
 10
-248.851201708
 20
41.763779528
 30
0.0
 11
-249.323642653
 21
42.236220472
 31
0.0
  0
LINE
  5
ED5
330
1F
100
AcDbEntity
  8
USER_ADJUSTED
  6
CONTINUOUS
 62
     1
100
AcDbLine
 10
-249.323642653
 20
42.236220472
 30
0.0
 11
-249.08742218
 21
42.0
 31
0.0
  0
LINE
  5
ED6
330
1F
100
AcDbEntity
  8
USER_ADJUSTED
  6
CONTINUOUS
 62
     1
100
AcDbLine
 10
-225.377786426
 20
42.0
 30
0.0
 11
-239.817580301
 21
42.0
 31
0.0
  0
LINE
  5
ED7
330
1F
100
AcDbEntity
  8
USER_ADJUSTED
  6
CONTINUOUS
 62
     1
100
AcDbLine
 10
-244.745838595
 20
42.0
 30
0.0
 11
-249.08742218
 21
42.0
 31
0.0
  0
MTEXT
  5
ED8
330
1F
100
AcDbEntity
  8
USER_ADJUSTED
  6
CONTINUOUS
 62
     1
100
AcDbMText
 10
-220.641810472
 20
46.308211353
 30
0.0
 40
1.238613333
 41
0.0
 71
     7
 72
     1
  1
\A1;2{\H0.70x;\S3#4;}
  7
ARIAL
  0
LINE
  5
ED9
330
1F
100
AcDbEntity
  8
USER_ADJUSTED
  6
CONTINUOUS
 62
     1
100
AcDbLine
 10
-222.627786426
 20
13.75
 30
0.0
 11
-222.627786426
 21
46.117655456
 31
0.0
  0
LINE
  5
EDA
330
1F
100
AcDbEntity
  8
USER_ADJUSTED
  6
CONTINUOUS
 62
     1
100
AcDbLine
 10
-222.627786426
 20
46.117655456
 30
0.0
 11
-217.951281344
 21
46.117655456
 31
0.0
  0
LINE
  5
EDB
330
1F
100
AcDbEntity
  8
USER_ADJUSTED
  6
CONTINUOUS
 62
     1
100
AcDbLine
 10
-222.627786426
 20
46.117655456
 30
0.0
 11
-222.391565953
 21
46.353875928
 31
0.0
  0
LINE
  5
EDC
330
1F
100
AcDbEntity
  8
USER_ADJUSTED
  6
CONTINUOUS
 62
     1
100
AcDbLine
 10
-222.391565953
 20
46.353875928
 30
0.0
 11
-222.864006898
 21
45.881434983
 31
0.0
  0
LINE
  5
EDD
330
1F
100
AcDbEntity
  8
USER_ADJUSTED
  6
CONTINUOUS
 62
     1
100
AcDbLine
 10
-222.864006898
 20
45.881434983
 30
0.0
 11
-222.627786426
 21
46.117655456
 31
0.0
  0
LINE
  5
EDE
330
1F
100
AcDbEntity
  8
USER_ADJUSTED
  6
CONTINUOUS
 62
     1
100
AcDbLine
 10
-222.627786426
 20
46.117655456
 30
0.0
 11
-225.377786426
 21
46.117655456
 31
0.0
  0
LINE
  5
EDF
330
1F
100
AcDbEntity
  8
USER_ADJUSTED
  6
CONTINUOUS
 62
     1
100
AcDbLine
 10
-225.377786426
 20
46.117655456
 30
0.0
 11
-225.141565953
 21
46.353875928
 31
0.0
  0
LINE
  5
EE0
330
1F
100
AcDbEntity
  8
USER_ADJUSTED
  6
CONTINUOUS
 62
     1
100
AcDbLine
 10
-225.141565953
 20
46.353875928
 30
0.0
 11
-225.614006898
 21
45.881434983
 31
0.0
  0
LINE
  5
EE1
330
1F
100
AcDbEntity
  8
USER_ADJUSTED
  6
CONTINUOUS
 62
     1
100
AcDbLine
 10
-225.614006898
 20
45.881434983
 30
0.0
 11
-225.377786426
 21
46.117655456
 31
0.0
  0
LINE
  5
EE2
330
1F
100
AcDbEntity
  8
USER_ADJUSTED
  6
CONTINUOUS
 62
     1
100
AcDbLine
 10
-225.377786426
 20
23.0
 30
0.0
 11
-225.377786426
 21
46.117655456
 31
0.0
  0
MTEXT
  5
EE3
330
1F
100
AcDbEntity
  8
USER_ADJUSTED
  6
CONTINUOUS
 62
     1
100
AcDbMText
 10
-125.390207229
 20
46.635919883
 30
0.0
 40
1.238613333
 41
0.0
 71
     7
 72
     1
  1
\A1;2{\H0.70x;\S3#4;}
  7
ARIAL
  0
LINE
  5
EE4
330
1F
100
AcDbEntity
  8
USER_ADJUSTED
  6
CONTINUOUS
 62
     1
100
AcDbLine
 10
-121.261427734
 20
13.75
 30
0.0
 11
-121.261427734
 21
46.445363985
 31
0.0
  0
LINE
  5
EE5
330
1F
100
AcDbEntity
  8
USER_ADJUSTED
  6
CONTINUOUS
 62
     1
100
AcDbLine
 10
-121.261427734
 20
46.445363985
 30
0.0
 11
-125.390207229
 21
46.445363985
 31
0.0
  0
LINE
  5
EE6
330
1F
100
AcDbEntity
  8
USER_ADJUSTED
  6
CONTINUOUS
 62
     1
100
AcDbLine
 10
-121.261427734
 20
46.445363985
 30
0.0
 11
-121.497648207
 21
46.209143513
 31
0.0
  0
LINE
  5
EE7
330
1F
100
AcDbEntity
  8
USER_ADJUSTED
  6
CONTINUOUS
 62
     1
100
AcDbLine
 10
-121.497648207
 20
46.209143513
 30
0.0
 11
-121.025207262
 21
46.681584458
 31
0.0
  0
LINE
  5
EE8
330
1F
100
AcDbEntity
  8
USER_ADJUSTED
  6
CONTINUOUS
 62
     1
100
AcDbLine
 10
-121.025207262
 20
46.681584458
 30
0.0
 11
-121.261427734
 21
46.445363985
 31
0.0
  0
LINE
  5
EE9
330
1F
100
AcDbEntity
  8
USER_ADJUSTED
  6
CONTINUOUS
 62
     1
100
AcDbLine
 10
-121.261427734
 20
46.445363985
 30
0.0
 11
-118.511427734
 21
46.445363985
 31
0.0
  0
LINE
  5
EEA
330
1F
100
AcDbEntity
  8
USER_ADJUSTED
  6
CONTINUOUS
 62
     1
100
AcDbLine
 10
-118.511427734
 20
46.445363985
 30
0.0
 11
-118.747648207
 21
46.209143513
 31
0.0
  0
LINE
  5
EEB
330
1F
100
AcDbEntity
  8
USER_ADJUSTED
  6
CONTINUOUS
 62
     1
100
AcDbLine
 10
-118.747648207
 20
46.209143513
 30
0.0
 11
-118.275207262
 21
46.681584458
 31
0.0
  0
LINE
  5
EEC
330
1F
100
AcDbEntity
  8
USER_ADJUSTED
  6
CONTINUOUS
 62
     1
100
AcDbLine
 10
-118.275207262
 20
46.681584458
 30
0.0
 11
-118.511427734
 21
46.445363985
 31
0.0
  0
LINE
  5
EED
330
1F
100
AcDbEntity
  8
USER_ADJUSTED
  6
CONTINUOUS
 62
     1
100
AcDbLine
 10
-118.511427734
 20
23.0
 30
0.0
 11
-118.511427734
 21
46.445363985
 31
0.0
  0
MTEXT
  5
EEE
330
1F
100
AcDbEntity
  8
USER_ADJUSTED
  6
CONTINUOUS
 62
     1
100
AcDbMText
 10
-43.485037676
 20
51.200555897
 30
0.0
 40
1.238613333
 41
0.0
 71
     7
 72
     1
  1
\A1;31-0{\H0.70x;\S1#2;}
  7
ARIAL
  0
LINE
  5
EEF
330
1F
100
AcDbEntity
  8
USER_ADJUSTED
  6
CONTINUOUS
 62
     1
100
AcDbLine
 10
-53.263927734
 20
51.01
 30
0.0
 11
-43.485037676
 21
51.01
 31
0.0
  0
LINE
  5
EF0
330
1F
100
AcDbEntity
  8
USER_ADJUSTED
  6
CONTINUOUS
 62
     1
100
AcDbLine
 10
-38.556779382
 20
51.01
 30
0.0
 11
-38.556779382
 21
51.01
 31
0.0
  0
LINE
  5
EF1
330
1F
100
AcDbEntity
  8
USER_ADJUSTED
  6
CONTINUOUS
 62
     1
100
AcDbLine
 10
-38.556779382
 20
51.01
 30
0.0
 11
-43.485037676
 21
51.01
 31
0.0
  0
TEXT
  5
EF2
330
1F
100
AcDbEntity
  8
USER_ADJUSTED
  6
CONTINUOUS
 62
     1
100
AcDbText
 10
-192.366849935
 20
110.391684017
 30
0.0
 40
1.238613333
  1
(CNTR)
 41
0.8
  7
ARIAL
100
AcDbText
  0
TEXT
  5
EF3
330
1F
100
AcDbEntity
  8
USER_ADJUSTED
  6
CONTINUOUS
 62
     1
100
AcDbText
 10
-191.856556966
 20
113.130256283
 30
0.0
 40
1.238613333
  1
1-
 41
0.8
  7
ARIAL
100
AcDbText
  0
TEXT
  5
EF4
330
1F
100
AcDbEntity
  8
USER_ADJUSTED
  6
CONTINUOUS
 62
     1
100
AcDbText
 10
-190.479899935
 20
113.130256283
 30
0.0
 40
1.238613333
  1
p838
 41
0.8
  7
ARIAL
100
AcDbText
  0
TEXT
  5
EF5
330
1F
100
AcDbEntity
  8
USER_ADJUSTED
  6
CONTINUOUS
 62
     1
100
AcDbText
 10
-183.854893028
 20
-96.03647299
 30
0.0
 40
1.238613333
  1
3
 41
0.8
  7
ARIAL
 72
     1
 11
-183.469959717
 21
-95.417166323
 31
0.0
100
AcDbText
 73
     2
  0
LINE
  5
EF6
330
1F
100
AcDbEntity
  8
USER_ADJUSTED
  6
CONTINUOUS
 62
     1
100
AcDbLine
 10
-181.0
 20
-95.655361195
 30
0.0
 11
-183.469959717
 21
-93.185401478
 31
0.0
  0
LINE
  5
EF7
330
1F
100
AcDbEntity
  8
USER_ADJUSTED
  6
CONTINUOUS
 62
     1
100
AcDbLine
 10
-183.469959717
 20
-93.185401478
 30
0.0
 11
-185.939919434
 21
-95.655361195
 31
0.0
  0
LINE
  5
EF8
330
1F
100
AcDbEntity
  8
USER_ADJUSTED
  6
CONTINUOUS
 62
     1
100
AcDbLine
 10
-185.939919434
 20
-95.655361195
 30
0.0
 11
-183.469959717
 21
-98.125320912
 31
0.0
  0
LINE
  5
EF9
330
1F
100
AcDbEntity
  8
USER_ADJUSTED
  6
CONTINUOUS
 62
     1
100
AcDbLine
 10
-183.469959717
 20
-98.125320912
 30
0.0
 11
-181.0
 21
-95.655361195
 31
0.0
  0
CIRCLE
  5
EFA
330
1F
100
AcDbEntity
  8
USER_ADJUSTED
  6
CONTINUOUS
 62
     1
100
AcDbCircle
 10
-181.0
 20
-94.420381337
 30
0.0
 40
0.3087449645996094
  0
LINE
  5
EFB
330
1F
100
AcDbEntity
  8
USER_ADJUSTED
  6
CONTINUOUS
 62
     1
100
AcDbLine
 10
-181.463117447
 20
-94.883498783
 30
0.0
 11
-180.536882553
 21
-93.95726389
 31
0.0
  0
MTEXT
  5
EFC
330
1F
100
AcDbEntity
  8
USER_ADJUSTED
  6
CONTINUOUS
 62
     1
100
AcDbMText
 10
-183.469959717
 20
-98.648931168
 30
0.0
 40
1.238613333
 41
6.193066667
 71
     2
 72
     1
  1
GROUT\PHOLE
  7
ARIAL
  0
MTEXT
  5
EFD
330
1F
100
AcDbEntity
  8
USER_ADJUSTED
  6
CONTINUOUS
 62
     1
100
AcDbMText
 10
-194.969959717
 20
-53.047858428
 30
0.0
 40
1.238613333
 41
0.0
 71
     5
 72
     1
  1
\A1;3{\H0.70x;\S1#4;}
  7
ARIAL
  0
LINE
  5
EFE
330
1F
100
AcDbEntity
  8
USER_ADJUSTED
  6
CONTINUOUS
 62
     1
100
AcDbLine
 10
-192.5
 20
-53.238414326
 30
0.0
 11
-194.969959717
 21
-50.768454609
 31
0.0
  0
LINE
  5
EFF
330
1F
100
AcDbEntity
  8
USER_ADJUSTED
  6
CONTINUOUS
 62
     1
100
AcDbLine
 10
-194.969959717
 20
-50.768454609
 30
0.0
 11
-197.439919434
 21
-53.238414326
 31
0.0
  0
LINE
  5
F00
330
1F
100
AcDbEntity
  8
USER_ADJUSTED
  6
CONTINUOUS
 62
     1
100
AcDbLine
 10
-197.439919434
 20
-53.238414326
 30
0.0
 11
-194.969959717
 21
-55.708374043
 31
0.0
  0
LINE
  5
F01
330
1F
100
AcDbEntity
  8
USER_ADJUSTED
  6
CONTINUOUS
 62
     1
100
AcDbLine
 10
-194.969959717
 20
-55.708374043
 30
0.0
 11
-192.5
 21
-53.238414326
 31
0.0
  0
CIRCLE
  5
F02
330
1F
100
AcDbEntity
  8
USER_ADJUSTED
  6
CONTINUOUS
 62
     1
100
AcDbCircle
 10
-192.5
 20
-52.003434468
 30
0.0
 40
0.3087449645996094
  0
LINE
  5
F03
330
1F
100
AcDbEntity
  8
USER_ADJUSTED
  6
CONTINUOUS
 62
     1
100
AcDbLine
 10
-192.963117447
 20
-52.466551914
 30
0.0
 11
-192.036882553
 21
-51.540317021
 31
0.0
  0
MTEXT
  5
F04
330
1F
100
AcDbEntity
  8
USER_ADJUSTED
  6
CONTINUOUS
 62
     1
100
AcDbMText
 10
-237.117841464
 20
46.603665452
 30
0.0
 40
1.238613333
 41
0.0
 71
     5
 72
     1
  1
\A1;{\H0.70x;\S9#16;}
  7
ARIAL
  0
LINE
  5
F05
330
1F
100
AcDbEntity
  8
USER_ADJUSTED
  6
CONTINUOUS
 62
     1
100
AcDbLine
 10
-237.117841464
 20
43.943149838
 30
0.0
 11
-239.58780118
 21
46.413109555
 31
0.0
  0
LINE
  5
F06
330
1F
100
AcDbEntity
  8
USER_ADJUSTED
  6
CONTINUOUS
 62
     1
100
AcDbLine
 10
-239.58780118
 20
46.413109555
 30
0.0
 11
-237.117841464
 21
48.883069272
 31
0.0
  0
LINE
  5
F07
330
1F
100
AcDbEntity
  8
USER_ADJUSTED
  6
CONTINUOUS
 62
     1
100
AcDbLine
 10
-237.117841464
 20
48.883069272
 30
0.0
 11
-234.647881747
 21
46.413109555
 31
0.0
  0
LINE
  5
F08
330
1F
100
AcDbEntity
  8
USER_ADJUSTED
  6
CONTINUOUS
 62
     1
100
AcDbLine
 10
-234.647881747
 20
46.413109555
 30
0.0
 11
-237.117841464
 21
43.943149838
 31
0.0
  0
CIRCLE
  5
F09
330
1F
100
AcDbEntity
  8
USER_ADJUSTED
  6
CONTINUOUS
 62
     1
100
AcDbCircle
 10
-234.647881747
 20
47.648089413
 30
0.0
 40
0.3087449645996094
  0
LINE
  5
F0A
330
1F
100
AcDbEntity
  8
USER_ADJUSTED
  6
CONTINUOUS
 62
     1
100
AcDbLine
 10
-234.1847643
 20
48.11120686
 30
0.0
 11
-235.110999194
 21
47.184971966
 31
0.0
  0
ARC
  5
F0B
330
1F
100
AcDbEntity
  8
USER_ADJUSTED
  6
CONTINUOUS
 62
     1
100
AcDbCircle
 10
34.245222112
 20
83.284168078
 30
0.0
 40
7.854908777851355
100
AcDbArc
 50
200.955427523
 51
245.955427523
  0
LINE
  5
F0C
330
1F
100
AcDbEntity
  8
USER_ADJUSTED
  6
CONTINUOUS
 62
     1
100
AcDbLine
 10
26.909845393
 20
80.474926132
 30
0.0
 11
26.909845393
 21
80.474926132
 31
0.0
  0
LINE
  5
F0D
330
1F
100
AcDbEntity
  8
USER_ADJUSTED
  6
CONTINUOUS
 62
     1
100
AcDbLine
 10
26.909845393
 20
80.474926132
 30
0.0
 11
27.407640362
 21
79.791450383
 31
0.0
  0
LINE
  5
F0E
330
1F
100
AcDbEntity
  8
USER_ADJUSTED
  6
CONTINUOUS
 62
     1
100
AcDbLine
 10
27.407640362
 20
79.791450383
 30
0.0
 11
27.08387318
 21
79.647488364
 31
0.0
  0
LINE
  5
F0F
330
1F
100
AcDbEntity
  8
USER_ADJUSTED
  6
CONTINUOUS
 62
     1
100
AcDbLine
 10
27.08387318
 20
79.647488364
 30
0.0
 11
26.909845393
 21
80.474926132
 31
0.0
  0
ARC
  5
F10
330
1F
100
AcDbEntity
  8
USER_ADJUSTED
  6
CONTINUOUS
 62
     1
100
AcDbCircle
 10
27.076283058
 20
80.2096251
 30
0.0
 40
0.3131870585964092
100
AcDbArc
 50
68.972166599
 51
122.102268953
  0
ARC
  5
F11
330
1F
100
AcDbEntity
  8
USER_ADJUSTED
  6
CONTINUOUS
 62
     1
100
AcDbCircle
 10
26.743407729
 20
80.740227164
 30
0.0
 40
0.3131870585964092
100
AcDbArc
 50
248.972166599
 51
302.102268953
  0
ARC
  5
F12
330
1F
100
AcDbEntity
  8
USER_ADJUSTED
  6
CONTINUOUS
 62
     1
100
AcDbCircle
 10
10.772798638
 20
87.200058235
 30
0.0
 40
9.998693106570949
100
AcDbArc
 50
32.295497491
 51
77.295497491
  0
LINE
  5
F13
330
1F
100
AcDbEntity
  8
USER_ADJUSTED
  6
CONTINUOUS
 62
     1
100
AcDbLine
 10
19.224732136
 20
92.54221922
 30
0.0
 11
19.224732136
 21
92.54221922
 31
0.0
  0
LINE
  5
F14
330
1F
100
AcDbEntity
  8
USER_ADJUSTED
  6
CONTINUOUS
 62
     1
100
AcDbLine
 10
19.224732136
 20
92.54221922
 30
0.0
 11
18.60876616
 21
93.121464286
 31
0.0
  0
LINE
  5
F15
330
1F
100
AcDbEntity
  8
USER_ADJUSTED
  6
CONTINUOUS
 62
     1
100
AcDbLine
 10
18.60876616
 20
93.121464286
 30
0.0
 11
18.900200175
 21
93.322999558
 31
0.0
  0
LINE
  5
F16
330
1F
100
AcDbEntity
  8
USER_ADJUSTED
  6
CONTINUOUS
 62
     1
100
AcDbLine
 10
18.900200175
 20
93.322999558
 30
0.0
 11
19.224732136
 21
92.54221922
 31
0.0
  0
ARC
  5
F17
330
1F
100
AcDbEntity
  8
USER_ADJUSTED
  6
CONTINUOUS
 62
     1
100
AcDbCircle
 10
19.011959521
 20
92.772032075
 30
0.0
 40
0.3131870585964053
100
AcDbArc
 50
259.665008763
 51
312.795111117
  0
ARC
  5
F18
330
1F
100
AcDbEntity
  8
USER_ADJUSTED
  6
CONTINUOUS
 62
     1
100
AcDbCircle
 10
19.437504751
 20
92.312406366
 30
0.0
 40
0.3131870585964053
100
AcDbArc
 50
79.665008763
 51
132.795111117
  0
ARC
  5
F19
330
1F
100
AcDbEntity
  8
USER_ADJUSTED
  6
CONTINUOUS
 62
     1
100
AcDbCircle
 10
33.336730236
 20
22.531811804
 30
0.0
 40
8.484276148152045
100
AcDbArc
 50
211.564273957
 51
256.564273957
  0
LINE
  5
F1A
330
1F
100
AcDbEntity
  8
USER_ADJUSTED
  6
CONTINUOUS
 62
     1
100
AcDbLine
 10
26.107673106
 20
18.090677402
 30
0.0
 11
26.107673106
 21
18.090677402
 31
0.0
  0
LINE
  5
F1B
330
1F
100
AcDbEntity
  8
USER_ADJUSTED
  6
CONTINUOUS
 62
     1
100
AcDbLine
 10
26.107673106
 20
18.090677402
 30
0.0
 11
26.720516773
 21
17.508129918
 31
0.0
  0
LINE
  5
F1C
330
1F
100
AcDbEntity
  8
USER_ADJUSTED
  6
CONTINUOUS
 62
     1
100
AcDbLine
 10
26.720516773
 20
17.508129918
 30
0.0
 11
26.428003726
 21
17.308164
 31
0.0
  0
LINE
  5
F1D
330
1F
100
AcDbEntity
  8
USER_ADJUSTED
  6
CONTINUOUS
 62
     1
100
AcDbLine
 10
26.428003726
 20
17.308164
 30
0.0
 11
26.107673106
 21
18.090677402
 31
0.0
  0
ARC
  5
F1E
330
1F
100
AcDbEntity
  8
USER_ADJUSTED
  6
CONTINUOUS
 62
     1
100
AcDbCircle
 10
26.319207416
 20
17.859724225
 30
0.0
 40
0.3131870585964024
100
AcDbArc
 50
79.357045466
 51
132.48714782
  0
ARC
  5
F1F
330
1F
100
AcDbEntity
  8
USER_ADJUSTED
  6
CONTINUOUS
 62
     1
100
AcDbCircle
 10
25.896138797
 20
18.321630578
 30
0.0
 40
0.3131870585964024
100
AcDbArc
 50
259.357045466
 51
312.48714782
  0
ARC
  5
F20
330
1F
100
AcDbEntity
  8
USER_ADJUSTED
  6
CONTINUOUS
 62
     1
100
AcDbCircle
 10
11.367815813
 20
27.33039459
 30
0.0
 40
7.922910457341304
100
AcDbArc
 50
28.434436224
 51
73.434436224
  0
LINE
  5
F21
330
1F
100
AcDbEntity
  8
USER_ADJUSTED
  6
CONTINUOUS
 62
     1
100
AcDbLine
 10
18.33492657
 20
31.102910703
 30
0.0
 11
18.33492657
 21
31.102910703
 31
0.0
  0
LINE
  5
F22
330
1F
100
AcDbEntity
  8
USER_ADJUSTED
  6
CONTINUOUS
 62
     1
100
AcDbLine
 10
18.33492657
 20
31.102910703
 30
0.0
 11
17.752680587
 21
31.716040823
 31
0.0
  0
LINE
  5
F23
330
1F
100
AcDbEntity
  8
USER_ADJUSTED
  6
CONTINUOUS
 62
     1
100
AcDbLine
 10
17.752680587
 20
31.716040823
 30
0.0
 11
18.05503843
 21
31.90078385
 31
0.0
  0
LINE
  5
F24
330
1F
100
AcDbEntity
  8
USER_ADJUSTED
  6
CONTINUOUS
 62
     1
100
AcDbLine
 10
18.05503843
 20
31.90078385
 30
0.0
 11
18.33492657
 21
31.102910703
 31
0.0
  0
ARC
  5
F25
330
1F
100
AcDbEntity
  8
USER_ADJUSTED
  6
CONTINUOUS
 62
     1
100
AcDbCircle
 10
18.135481691
 20
31.344380937
 30
0.0
 40
0.3131870585964031
100
AcDbArc
 50
256.425259235
 51
309.55536159
  0
ARC
  5
F26
330
1F
100
AcDbEntity
  8
USER_ADJUSTED
  6
CONTINUOUS
 62
     1
100
AcDbCircle
 10
18.534371449
 20
30.861440468
 30
0.0
 40
0.3131870585964031
100
AcDbArc
 50
76.425259235
 51
129.55536159
  0
ARC
  5
F27
330
1F
100
AcDbEntity
  8
USER_ADJUSTED
  6
CONTINUOUS
 62
     1
100
AcDbCircle
 10
32.39614299
 20
-51.339870897
 30
0.0
 40
6.973966332145785
100
AcDbArc
 50
199.963333657
 51
244.963333657
  0
LINE
  5
F28
330
1F
100
AcDbEntity
  8
USER_ADJUSTED
  6
CONTINUOUS
 62
     1
100
AcDbLine
 10
25.841233204
 20
-53.720913545
 30
0.0
 11
25.841233204
 21
-53.720913545
 31
0.0
  0
LINE
  5
F29
330
1F
100
AcDbEntity
  8
USER_ADJUSTED
  6
CONTINUOUS
 62
     1
100
AcDbLine
 10
25.841233204
 20
-53.720913545
 30
0.0
 11
26.331716243
 21
-54.409655382
 31
0.0
  0
LINE
  5
F2A
330
1F
100
AcDbEntity
  8
USER_ADJUSTED
  6
CONTINUOUS
 62
     1
100
AcDbLine
 10
26.331716243
 20
-54.409655382
 30
0.0
 11
26.006433273
 21
-54.550158905
 31
0.0
  0
LINE
  5
F2B
330
1F
100
AcDbEntity
  8
USER_ADJUSTED
  6
CONTINUOUS
 62
     1
100
AcDbLine
 10
26.006433273
 20
-54.550158905
 30
0.0
 11
25.841233204
 21
-53.720913545
 31
0.0
  0
ARC
  5
F2C
330
1F
100
AcDbEntity
  8
USER_ADJUSTED
  6
CONTINUOUS
 62
     1
100
AcDbCircle
 10
26.004834158
 20
-53.987973204
 30
0.0
 40
0.3131870585964074
100
AcDbArc
 50
68.361565609
 51
121.491667963
  0
ARC
  5
F2D
330
1F
100
AcDbEntity
  8
USER_ADJUSTED
  6
CONTINUOUS
 62
     1
100
AcDbCircle
 10
25.67763225
 20
-53.453853886
 30
0.0
 40
0.3131870585964074
100
AcDbArc
 50
248.361565609
 51
301.491667963
  0
ARC
  5
F2E
330
1F
100
AcDbEntity
  8
USER_ADJUSTED
  6
CONTINUOUS
 62
     1
100
AcDbCircle
 10
11.379867465
 20
-46.019134441
 30
0.0
 40
8.647308614249297
100
AcDbArc
 50
24.573568269
 51
69.573568269
  0
LINE
  5
F2F
330
1F
100
AcDbEntity
  8
USER_ADJUSTED
  6
CONTINUOUS
 62
     1
100
AcDbLine
 10
19.243972486
 20
-42.423053452
 30
0.0
 11
19.243972486
 21
-42.423053452
 31
0.0
  0
LINE
  5
F30
330
1F
100
AcDbEntity
  8
USER_ADJUSTED
  6
CONTINUOUS
 62
     1
100
AcDbLine
 10
19.243972486
 20
-42.423053452
 30
0.0
 11
18.707186244
 21
-41.769754546
 31
0.0
  0
LINE
  5
F31
330
1F
100
AcDbEntity
  8
USER_ADJUSTED
  6
CONTINUOUS
 62
     1
100
AcDbLine
 10
18.707186244
 20
-41.769754546
 30
0.0
 11
19.022011905
 21
-41.607165941
 31
0.0
  0
LINE
  5
F32
330
1F
100
AcDbEntity
  8
USER_ADJUSTED
  6
CONTINUOUS
 62
     1
100
AcDbLine
 10
19.022011905
 20
-41.607165941
 30
0.0
 11
19.243972486
 21
-42.423053452
 31
0.0
  0
ARC
  5
F33
330
1F
100
AcDbEntity
  8
USER_ADJUSTED
  6
CONTINUOUS
 62
     1
100
AcDbCircle
 10
19.062354249
 20
-42.167904574
 30
0.0
 40
0.3131870585964078
100
AcDbArc
 50
252.313645555
 51
305.44374791
  0
ARC
  5
F34
330
1F
100
AcDbEntity
  8
USER_ADJUSTED
  6
CONTINUOUS
 62
     1
100
AcDbCircle
 10
19.425590723
 20
-42.678202329
 30
0.0
 40
0.3131870585964078
100
AcDbArc
 50
72.313645555
 51
125.44374791
  0
ARC
  5
F35
330
1F
100
AcDbEntity
  8
USER_ADJUSTED
  6
CONTINUOUS
 62
     1
100
AcDbCircle
 10
-187.559704089
 20
107.854859973
 30
0.0
 40
6.070960100041857
100
AcDbArc
 50
37.67441846
 51
82.67441846
  0
LINE
  5
F36
330
1F
100
AcDbEntity
  8
USER_ADJUSTED
  6
CONTINUOUS
 62
     1
100
AcDbLine
 10
-182.754560479
 20
111.565271194
 30
0.0
 11
-182.754560479
 21
111.565271194
 31
0.0
  0
LINE
  5
F37
330
1F
100
AcDbEntity
  8
USER_ADJUSTED
  6
CONTINUOUS
 62
     1
100
AcDbLine
 10
-182.754560479
 20
111.565271194
 30
0.0
 11
-183.435774854
 21
112.066156316
 31
0.0
  0
LINE
  5
F38
330
1F
100
AcDbEntity
  8
USER_ADJUSTED
  6
CONTINUOUS
 62
     1
100
AcDbLine
 10
-183.435774854
 20
112.066156316
 30
0.0
 11
-183.170720176
 21
112.301307902
 31
0.0
  0
LINE
  5
F39
330
1F
100
AcDbEntity
  8
USER_ADJUSTED
  6
CONTINUOUS
 62
     1
100
AcDbLine
 10
-183.170720176
 20
112.301307902
 30
0.0
 11
-182.754560479
 21
111.565271194
 31
0.0
  0
ARC
  5
F3A
330
1F
100
AcDbEntity
  8
USER_ADJUSTED
  6
CONTINUOUS
 62
     1
100
AcDbCircle
 10
-182.993449953
 20
111.767800089
 30
0.0
 40
0.3131870585963977
100
AcDbArc
 50
266.578842824
 51
319.708945178
  0
ARC
  5
F3B
330
1F
100
AcDbEntity
  8
USER_ADJUSTED
  6
CONTINUOUS
 62
     1
100
AcDbCircle
 10
-182.515671006
 20
111.362742299
 30
0.0
 40
0.3131870585963977
100
AcDbArc
 50
86.578842824
 51
139.708945178
  0
LINE
  5
F3C
330
1F
100
AcDbEntity
  8
USER_ADJUSTED
  6
CONTINUOUS
 62
     1
100
AcDbLine
 10
-181.0
 20
-95.655361195
 30
0.0
 11
-173.0
 21
-95.655361195
 31
0.0
  0
LINE
  5
F3D
330
1F
100
AcDbEntity
  8
USER_ADJUSTED
  6
CONTINUOUS
 62
     1
100
AcDbLine
 10
-173.0
 20
-95.655361195
 30
0.0
 11
-173.0
 21
-95.655361195
 31
0.0
  0
LINE
  5
F3E
330
1F
100
AcDbEntity
  8
USER_ADJUSTED
  6
CONTINUOUS
 62
     1
100
AcDbLine
 10
-173.0
 20
-95.655361195
 30
0.0
 11
-173.826771654
 21
-95.832526549
 31
0.0
  0
LINE
  5
F3F
330
1F
100
AcDbEntity
  8
USER_ADJUSTED
  6
CONTINUOUS
 62
     1
100
AcDbLine
 10
-173.826771654
 20
-95.832526549
 30
0.0
 11
-173.826771654
 21
-95.478195841
 31
0.0
  0
LINE
  5
F40
330
1F
100
AcDbEntity
  8
USER_ADJUSTED
  6
CONTINUOUS
 62
     1
100
AcDbLine
 10
-173.826771654
 20
-95.478195841
 30
0.0
 11
-173.0
 21
-95.655361195
 31
0.0
  0
LINE
  5
F41
330
1F
100
AcDbEntity
  8
USER_ADJUSTED
  6
CONTINUOUS
 62
     1
100
AcDbLine
 10
-181.0
 20
-95.655361195
 30
0.0
 11
-179.0
 21
-95.655361195
 31
0.0
  0
LINE
  5
F42
330
1F
100
AcDbEntity
  8
USER_ADJUSTED
  6
CONTINUOUS
 62
     1
100
AcDbLine
 10
-179.0
 20
-95.655361195
 30
0.0
 11
-179.0
 21
-95.655361195
 31
0.0
  0
LINE
  5
F43
330
1F
100
AcDbEntity
  8
USER_ADJUSTED
  6
CONTINUOUS
 62
     1
100
AcDbLine
 10
-179.0
 20
-95.655361195
 30
0.0
 11
-179.826771654
 21
-95.832526549
 31
0.0
  0
LINE
  5
F44
330
1F
100
AcDbEntity
  8
USER_ADJUSTED
  6
CONTINUOUS
 62
     1
100
AcDbLine
 10
-179.826771654
 20
-95.832526549
 30
0.0
 11
-179.826771654
 21
-95.478195841
 31
0.0
  0
LINE
  5
F45
330
1F
100
AcDbEntity
  8
USER_ADJUSTED
  6
CONTINUOUS
 62
     1
100
AcDbLine
 10
-179.826771654
 20
-95.478195841
 30
0.0
 11
-179.0
 21
-95.655361195
 31
0.0
  0
LINE
  5
F46
330
1F
100
AcDbEntity
  8
USER_ADJUSTED
  6
CONTINUOUS
 62
     1
100
AcDbLine
 10
-192.5
 20
-53.238414326
 30
0.0
 11
-188.5
 21
-53.238414326
 31
0.0
  0
LINE
  5
F47
330
1F
100
AcDbEntity
  8
USER_ADJUSTED
  6
CONTINUOUS
 62
     1
100
AcDbLine
 10
-188.5
 20
-53.238414326
 30
0.0
 11
-188.5
 21
-53.238414326
 31
0.0
  0
LINE
  5
F48
330
1F
100
AcDbEntity
  8
USER_ADJUSTED
  6
CONTINUOUS
 62
     1
100
AcDbLine
 10
-188.5
 20
-53.238414326
 30
0.0
 11
-189.326771654
 21
-53.41557968
 31
0.0
  0
LINE
  5
F49
330
1F
100
AcDbEntity
  8
USER_ADJUSTED
  6
CONTINUOUS
 62
     1
100
AcDbLine
 10
-189.326771654
 20
-53.41557968
 30
0.0
 11
-189.326771654
 21
-53.061248972
 31
0.0
  0
LINE
  5
F4A
330
1F
100
AcDbEntity
  8
USER_ADJUSTED
  6
CONTINUOUS
 62
     1
100
AcDbLine
 10
-189.326771654
 20
-53.061248972
 30
0.0
 11
-188.5
 21
-53.238414326
 31
0.0
  0
LINE
  5
F4B
330
1F
100
AcDbEntity
  8
USER_ADJUSTED
  6
CONTINUOUS
 62
     1
100
AcDbLine
 10
-192.5
 20
-53.238414326
 30
0.0
 11
-163.5
 21
-53.238414326
 31
0.0
  0
LINE
  5
F4C
330
1F
100
AcDbEntity
  8
USER_ADJUSTED
  6
CONTINUOUS
 62
     1
100
AcDbLine
 10
-163.5
 20
-53.238414326
 30
0.0
 11
-163.5
 21
-53.238414326
 31
0.0
  0
LINE
  5
F4D
330
1F
100
AcDbEntity
  8
USER_ADJUSTED
  6
CONTINUOUS
 62
     1
100
AcDbLine
 10
-163.5
 20
-53.238414326
 30
0.0
 11
-164.326771654
 21
-53.41557968
 31
0.0
  0
LINE
  5
F4E
330
1F
100
AcDbEntity
  8
USER_ADJUSTED
  6
CONTINUOUS
 62
     1
100
AcDbLine
 10
-164.326771654
 20
-53.41557968
 30
0.0
 11
-164.326771654
 21
-53.061248972
 31
0.0
  0
LINE
  5
F4F
330
1F
100
AcDbEntity
  8
USER_ADJUSTED
  6
CONTINUOUS
 62
     1
100
AcDbLine
 10
-164.326771654
 20
-53.061248972
 30
0.0
 11
-163.5
 21
-53.238414326
 31
0.0
  0
ARC
  5
F50
330
1F
100
AcDbEntity
  8
USER_ADJUSTED
  6
CONTINUOUS
 62
     1
100
AcDbCircle
 10
-159.589197294
 20
-82.941865536
 30
0.0
 40
8.332550076701933
100
AcDbArc
 50
200.283724454
 51
245.283724454
  0
LINE
  5
F51
330
1F
100
AcDbEntity
  8
USER_ADJUSTED
  6
CONTINUOUS
 62
     1
100
AcDbLine
 10
-167.405024675
 20
-85.830504164
 30
0.0
 11
-167.405024675
 21
-85.830504164
 31
0.0
  0
LINE
  5
F52
330
1F
100
AcDbEntity
  8
USER_ADJUSTED
  6
CONTINUOUS
 62
     1
100
AcDbLine
 10
-167.405024675
 20
-85.830504164
 30
0.0
 11
-166.9173607
 21
-86.521244909
 31
0.0
  0
LINE
  5
F53
330
1F
100
AcDbEntity
  8
USER_ADJUSTED
  6
CONTINUOUS
 62
     1
100
AcDbLine
 10
-166.9173607
 20
-86.521244909
 30
0.0
 11
-167.243215208
 21
-86.66041779
 31
0.0
  0
LINE
  5
F54
330
1F
100
AcDbEntity
  8
USER_ADJUSTED
  6
CONTINUOUS
 62
     1
100
AcDbLine
 10
-167.243215208
 20
-86.66041779
 30
0.0
 11
-167.405024675
 21
-85.830504164
 31
0.0
  0
ARC
  5
F55
330
1F
100
AcDbEntity
  8
USER_ADJUSTED
  6
CONTINUOUS
 62
     1
100
AcDbCircle
 10
-167.242516591
 20
-86.098230248
 30
0.0
 40
0.3131870585963843
100
AcDbArc
 50
68.127390514
 51
121.257492868
  0
ARC
  5
F56
330
1F
100
AcDbEntity
  8
USER_ADJUSTED
  6
CONTINUOUS
 62
     1
100
AcDbCircle
 10
-167.567532759
 20
-85.56277808
 30
0.0
 40
0.3131870585963843
100
AcDbArc
 50
248.127390514
 51
301.257492868
  0
ARC
  5
F57
330
1F
100
AcDbEntity
  8
USER_ADJUSTED
  6
CONTINUOUS
 62
     1
100
AcDbCircle
 10
-36.946254855
 20
10.117564691
 30
0.0
 40
5.354375218459733
100
AcDbArc
 50
192.448342065
 51
237.448342065
  0
LINE
  5
F58
330
1F
100
AcDbEntity
  8
USER_ADJUSTED
  6
CONTINUOUS
 62
     1
100
AcDbLine
 10
-42.174752741
 20
8.963379335
 30
0.0
 11
-42.174752741
 21
8.963379335
 31
0.0
  0
LINE
  5
F59
330
1F
100
AcDbEntity
  8
USER_ADJUSTED
  6
CONTINUOUS
 62
     1
100
AcDbLine
 10
-42.174752741
 20
8.963379335
 30
0.0
 11
-41.765200362
 21
8.223645748
 31
0.0
  0
LINE
  5
F5A
330
1F
100
AcDbEntity
  8
USER_ADJUSTED
  6
CONTINUOUS
 62
     1
100
AcDbLine
 10
-41.765200362
 20
8.223645748
 30
0.0
 11
-42.104271406
 21
8.120781381
 31
0.0
  0
LINE
  5
F5B
330
1F
100
AcDbEntity
  8
USER_ADJUSTED
  6
CONTINUOUS
 62
     1
100
AcDbLine
 10
-42.104271406
 20
8.120781381
 30
0.0
 11
-42.174752741
 21
8.963379335
 31
0.0
  0
ARC
  5
F5C
330
1F
100
AcDbEntity
  8
USER_ADJUSTED
  6
CONTINUOUS
 62
     1
100
AcDbCircle
 10
-42.042362539
 20
8.679550217
 30
0.0
 40
0.3131870585964032
100
AcDbArc
 50
61.876282857
 51
115.006385212
  0
ARC
  5
F5D
330
1F
100
AcDbEntity
  8
USER_ADJUSTED
  6
CONTINUOUS
 62
     1
100
AcDbCircle
 10
-42.307142943
 20
9.247208453
 30
0.0
 40
0.3131870585964032
100
AcDbArc
 50
241.876282857
 51
295.006385212
  0
ARC
  5
F5E
330
1F
100
AcDbEntity
  8
USER_ADJUSTED
  6
CONTINUOUS
 62
     1
100
AcDbCircle
 10
-195.674137069
 20
54.467145765
 30
0.0
 40
11.13030008736294
100
AcDbArc
 50
311.64361371
 51
356.64361371
  0
LINE
  5
F5F
330
1F
100
AcDbEntity
  8
USER_ADJUSTED
  6
CONTINUOUS
 62
     1
100
AcDbLine
 10
-184.562928976
 20
53.815505723
 30
0.0
 11
-184.562928976
 21
53.815505723
 31
0.0
  0
LINE
  5
F60
330
1F
100
AcDbEntity
  8
USER_ADJUSTED
  6
CONTINUOUS
 62
     1
100
AcDbLine
 10
-184.562928976
 20
53.815505723
 30
0.0
 11
-184.465600073
 21
52.97558548
 31
0.0
  0
LINE
  5
F61
330
1F
100
AcDbEntity
  8
USER_ADJUSTED
  6
CONTINUOUS
 62
     1
100
AcDbLine
 10
-184.465600073
 20
52.97558548
 30
0.0
 11
-184.818308466
 21
53.009453463
 31
0.0
  0
LINE
  5
F62
330
1F
100
AcDbEntity
  8
USER_ADJUSTED
  6
CONTINUOUS
 62
     1
100
AcDbLine
 10
-184.818308466
 20
53.009453463
 30
0.0
 11
-184.562928976
 21
53.815505723
 31
0.0
  0
ARC
  5
F63
330
1F
100
AcDbEntity
  8
USER_ADJUSTED
  6
CONTINUOUS
 62
     1
100
AcDbCircle
 10
-184.548474912
 20
53.502652381
 30
0.0
 40
0.3131870585964071
100
AcDbArc
 50
39.515125555
 51
92.645227909
  0
ARC
  5
F64
330
1F
100
AcDbEntity
  8
USER_ADJUSTED
  6
CONTINUOUS
 62
     1
100
AcDbCircle
 10
-184.57738304
 20
54.128359066
 30
0.0
 40
0.3131870585964071
100
AcDbArc
 50
219.515125555
 51
272.645227909
  0
ARC
  5
F65
330
1F
100
AcDbEntity
  8
USER_ADJUSTED
  6
CONTINUOUS
 62
     1
100
AcDbCircle
 10
-196.826896813
 20
-4.39752506
 30
0.0
 40
12.14893539379186
100
AcDbArc
 50
304.778587558
 51
349.778587558
  0
LINE
  5
F66
330
1F
100
AcDbEntity
  8
USER_ADJUSTED
  6
CONTINUOUS
 62
     1
100
AcDbLine
 10
-184.870772805
 20
-6.553384494
 30
0.0
 11
-184.870772805
 21
-6.553384494
 31
0.0
  0
LINE
  5
F67
330
1F
100
AcDbEntity
  8
USER_ADJUSTED
  6
CONTINUOUS
 62
     1
100
AcDbLine
 10
-184.870772805
 20
-6.553384494
 30
0.0
 11
-184.871903329
 21
-7.398924352
 31
0.0
  0
LINE
  5
F68
330
1F
100
AcDbEntity
  8
USER_ADJUSTED
  6
CONTINUOUS
 62
     1
100
AcDbLine
 10
-184.871903329
 20
-7.398924352
 30
0.0
 11
-185.218269176
 21
-7.324218589
 31
0.0
  0
LINE
  5
F69
330
1F
100
AcDbEntity
  8
USER_ADJUSTED
  6
CONTINUOUS
 62
     1
100
AcDbLine
 10
-185.218269176
 20
-7.324218589
 30
0.0
 11
-184.870772805
 21
-6.553384494
 31
0.0
  0
ARC
  5
F6A
330
1F
100
AcDbEntity
  8
USER_ADJUSTED
  6
CONTINUOUS
 62
     1
100
AcDbCircle
 10
-184.892844617
 20
-6.865792831
 30
0.0
 40
0.3131870585963814
100
AcDbArc
 50
32.828635955
 51
85.958738309
  0
ARC
  5
F6B
330
1F
100
AcDbEntity
  8
USER_ADJUSTED
  6
CONTINUOUS
 62
     1
100
AcDbCircle
 10
-184.848700993
 20
-6.240976158
 30
0.0
 40
0.3131870585963814
100
AcDbArc
 50
212.828635955
 51
265.958738309
  0
ARC
  5
F6C
330
1F
100
AcDbEntity
  8
USER_ADJUSTED
  6
CONTINUOUS
 62
     1
100
AcDbCircle
 10
-156.002435298
 20
-4.341809586
 30
0.0
 40
11.92377415296905
100
AcDbArc
 50
192.022669248
 51
237.022669248
  0
LINE
  5
F6D
330
1F
100
AcDbEntity
  8
USER_ADJUSTED
  6
CONTINUOUS
 62
     1
100
AcDbLine
 10
-167.664664604
 20
-6.825516022
 30
0.0
 11
-167.664664604
 21
-6.825516022
 31
0.0
  0
LINE
  5
F6E
330
1F
100
AcDbEntity
  8
USER_ADJUSTED
  6
CONTINUOUS
 62
     1
100
AcDbLine
 10
-167.664664604
 20
-6.825516022
 30
0.0
 11
-167.29262232
 21
-7.584807447
 31
0.0
  0
LINE
  5
F6F
330
1F
100
AcDbEntity
  8
USER_ADJUSTED
  6
CONTINUOUS
 62
     1
100
AcDbLine
 10
-167.29262232
 20
-7.584807447
 30
0.0
 11
-167.636413738
 21
-7.67058455
 31
0.0
  0
LINE
  5
F70
330
1F
100
AcDbEntity
  8
USER_ADJUSTED
  6
CONTINUOUS
 62
     1
100
AcDbLine
 10
-167.636413738
 20
-7.67058455
 30
0.0
 11
-167.664664604
 21
-6.825516022
 31
0.0
  0
ARC
  5
F71
330
1F
100
AcDbEntity
  8
USER_ADJUSTED
  6
CONTINUOUS
 62
     1
100
AcDbCircle
 10
-167.546635711
 20
-7.115611375
 30
0.0
 40
0.313187058596401
100
AcDbArc
 50
59.00945717
 51
112.139559524
  0
ARC
  5
F72
330
1F
100
AcDbEntity
  8
USER_ADJUSTED
  6
CONTINUOUS
 62
     1
100
AcDbCircle
 10
-167.782693497
 20
-6.535420668
 30
0.0
 40
0.313187058596401
100
AcDbArc
 50
239.00945717
 51
292.139559524
  0
ARC
  5
F73
330
1F
100
AcDbEntity
  8
USER_ADJUSTED
  6
CONTINUOUS
 62
     1
100
AcDbCircle
 10
-156.677008442
 20
54.285324289
 30
0.0
 40
9.270686849100963
100
AcDbArc
 50
184.135718958
 51
229.135718958
  0
LINE
  5
F74
330
1F
100
AcDbEntity
  8
USER_ADJUSTED
  6
CONTINUOUS
 62
     1
100
AcDbLine
 10
-165.923554576
 20
53.616729322
 30
0.0
 11
-165.923554576
 21
53.616729322
 31
0.0
  0
LINE
  5
F75
330
1F
100
AcDbEntity
  8
USER_ADJUSTED
  6
CONTINUOUS
 62
     1
100
AcDbLine
 10
-165.923554576
 20
53.616729322
 30
0.0
 11
-165.651258936
 21
52.816233217
 31
0.0
  0
LINE
  5
F76
330
1F
100
AcDbEntity
  8
USER_ADJUSTED
  6
CONTINUOUS
 62
     1
100
AcDbLine
 10
-165.651258936
 20
52.816233217
 30
0.0
 11
-166.003175981
 21
52.77494588
 31
0.0
  0
LINE
  5
F77
330
1F
100
AcDbEntity
  8
USER_ADJUSTED
  6
CONTINUOUS
 62
     1
100
AcDbLine
 10
-166.003175981
 20
52.77494588
 30
0.0
 11
-165.923554576
 21
53.616729322
 31
0.0
  0
ARC
  5
F78
330
1F
100
AcDbEntity
  8
USER_ADJUSTED
  6
CONTINUOUS
 62
     1
100
AcDbCircle
 10
-165.843438526
 20
53.313962824
 30
0.0
 40
0.3131870585964097
100
AcDbArc
 50
51.691421637
 51
104.821523991
  0
ARC
  5
F79
330
1F
100
AcDbEntity
  8
USER_ADJUSTED
  6
CONTINUOUS
 62
     1
100
AcDbCircle
 10
-166.003670626
 20
53.919495819
 30
0.0
 40
0.3131870585964097
100
AcDbArc
 50
231.691421637
 51
284.821523991
  0
ENDSEC
  0
SECTION
  2
OBJECTS
  0
DICTIONARY
  5
C
330
0
100
AcDbDictionary
  3
ACAD_GROUP
350
D
  3
ACAD_IMAGE_DICT
350
6A
  3
ACAD_LAYOUT
350
1A
  3
ACAD_MATERIAL
350
43
  3
ACAD_MLEADERSTYLE
350
5B
  3
ACAD_MLINESTYLE
350
17
  3
ACAD_PLOTSETTINGS
350
19
  3
ACAD_SCALELIST
350
47
  3
ACAD_VISUALSTYLE
350
2A
  3
ACDBHEADERROUNDTRIPXREC
350
F7A
  3
ACDBVARIABLEDICTIONARY
350
F9B
  3
DWGPROPS
350
FA2
  0
DICTIONARY
  5
FA3
330
8
100
AcDbDictionary
280
     1
  3
ACAD_XREC_ROUNDTRIP
360
FA4
  0
DICTIONARY
  5
D
102
{ACAD_REACTORS
330
C
102
}
330
C
100
AcDbDictionary
  0
DICTIONARY
  5
6A
102
{ACAD_REACTORS
330
C
102
}
330
C
100
AcDbDictionary
  0
DICTIONARY
  5
1A
102
{ACAD_REACTORS
330
C
102
}
330
C
100
AcDbDictionary
  0
DICTIONARY
  5
43
102
{ACAD_REACTORS
330
C
102
}
330
C
100
AcDbDictionary
  3
BYBLOCK
350
45
  3
BYLAYER
350
44
  3
GLOBAL
350
46
  0
DICTIONARY
  5
5B
102
{ACAD_REACTORS
330
C
102
}
330
C
100
AcDbDictionary
  3
STANDARD
350
5C
  0
DICTIONARY
  5
17
102
{ACAD_REACTORS
330
C
102
}
330
C
100
AcDbDictionary
  3
STANDARD
350
18
  0
DICTIONARY
  5
19
102
{ACAD_REACTORS
330
C
102
}
330
C
100
AcDbDictionary
  0
DICTIONARY
  5
47
102
{ACAD_REACTORS
330
C
102
}
330
C
100
AcDbDictionary
  3
A0
350
48
  3
A1
350
49
  3
A2
350
4A
  3
A3
350
4B
  3
A4
350
4C
  3
A5
350
4D
  3
A6
350
4E
  3
A7
350
4F
  3
A8
350
50
  3
A9
350
51
  3
B1
350
52
  3
B2
350
53
  3
B3
350
54
  3
B4
350
55
  3
B5
350
56
  3
B6
350
57
  3
B7
350
58
  0
DICTIONARY
  5
2A
102
{ACAD_REACTORS
330
C
102
}
330
C
100
AcDbDictionary
  3
2DWIREFRAME
350
2F
  3
BASIC
350
32
  3
BRIGHTEN
350
36
  3
COLORCHANGE
350
3A
  3
CONCEPTUAL
350
34
  3
DIM
350
35
  3
EDGECOLOROFF
350
3D
  3
FACEPATTERN
350
39
  3
FLAT
350
2B
  3
FLATWITHEDGES
350
2C
  3
GOURAUD
350
2D
  3
GOURAUDWITHEDGES
350
2E
  3
HIDDEN
350
31
  3
JITTEROFF
350
3B
  3
LINEPATTERN
350
38
  3
OVERHANGOFF
350
3C
  3
REALISTIC
350
33
  3
SHADED
350
42
  3
SHADED_WITH_EDGES
350
41
  3
SHADES_OF_GRAY
350
3E
  3
SKETCHY
350
3F
  3
THICKEN
350
37
  3
WIREFRAME
350
30
  3
X-RAY
350
40
  0
DICTIONARY
  5
F7A
102
{ACAD_REACTORS
330
C
102
}
330
C
100
AcDbDictionary
  3
CEPSNID
350
F84
  3
CEPSNTYPE
350
F83
  3
DIMSTYLEDATA
350
F9A
  3
FINGERPRINTGUID
350
F85
  3
HYPERLINKBASE
350
F7D
  3
INSUNITS
350
F82
  3
LAYOUTDICT
350
F7F
  3
LWETCUNION
350
F81
  3
PLOTSETDICT
350
F80
  3
PSVPSCALE
350
F87
  3
PUCSBASE
350
F8A
  3
PUCSORGBACK
350
F90
  3
PUCSORGBOTTOM
350
F8C
  3
PUCSORGFRONT
350
F8F
  3
PUCSORGLEFT
350
F8D
  3
PUCSORGRIGHT
350
F8E
  3
PUCSORGTOP
350
F8B
  3
PUCSORTHOREF
350
F88
  3
PUCSORTHOVIEW
350
F89
  3
STYLESHEET
350
F7E
  3
TSTACKALIGN
350
F7B
  3
TSTACKSIZE
350
F7C
  3
UCSBASE
350
F93
  3
UCSORGBACK
350
F99
  3
UCSORGBOTTOM
350
F95
  3
UCSORGFRONT
350
F98
  3
UCSORGLEFT
350
F96
  3
UCSORGRIGHT
350
F97
  3
UCSORGTOP
350
F94
  3
UCSORTHOREF
350
F91
  3
UCSORTHOVIEW
350
F92
  3
VERSIONGUID
350
F86
  0
DICTIONARY
  5
F9B
102
{ACAD_REACTORS
330
C
102
}
330
C
100
AcDbDictionary
  3
CANNOSCALE
350
FA5
  3
CMLEADERSTYLE
350
F9D
  3
CTABLESTYLE
350
F9C
  3
DIMASSOC
350
FA0
  3
HIDETEXT
350
FA1
  3
MSLTSCALE
350
FA6
  0
XRECORD
  5
FA2
102
{ACAD_REACTORS
330
C
102
}
330
C
100
AcDbXrecord
  1
DWGPROPS COOKIE
  2

  3

  4

  6

  7

  8
subashragul.ts
  9

300
=
301
=
302
=
303
=
304
=
305
=
306
=
307
=
308
=
309
=
 40
0.0
 41
2461306.200592593
 42
2461306.200593449
  1

 90
        0
  0
XRECORD
  5
FA4
102
{ACAD_REACTORS
330
FA3
102
}
330
FA3
100
AcDbXrecord
102
VTR_0.000_0.000_1.000_1.000_VISUALSTYLE
340
2F
102
VTR_0.000_0.000_1.000_1.000_GRIDDISPLAY
 70
     3
102
VTR_0.000_0.000_1.000_1.000_GRIDMAJOR
 70
     5
102
VTR_0.000_0.000_1.000_1.000_DEFAULTLIGHTING
280
     1
102
VTR_0.000_0.000_1.000_1.000_DEFAULTLIGHTINGTYPE
 70
     1
102
VTR_0.000_0.000_1.000_1.000_BRIGHTNESS
141
0.0
102
VTR_0.000_0.000_1.000_1.000_CONTRAST
142
0.0
  0
MATERIAL
  5
45
102
{ACAD_REACTORS
330
43
102
}
102
{ACAD_XDICTIONARY
360
FA9
102
}
330
43
100
AcDbMaterial
  1
BYBLOCK
  0
MATERIAL
  5
44
102
{ACAD_REACTORS
330
43
102
}
102
{ACAD_XDICTIONARY
360
FA7
102
}
330
43
100
AcDbMaterial
  1
BYLAYER
  0
MATERIAL
  5
46
102
{ACAD_REACTORS
330
43
102
}
102
{ACAD_XDICTIONARY
360
FAB
102
}
330
43
100
AcDbMaterial
  1
GLOBAL
  0
ACAD_PROXY_OBJECT
  5
5C
102
{ACAD_REACTORS
330
5B
102
}
330
5B
100
AcDbProxyObject
 90
      499
 91
      505
 93
      610
310
40901902A4063FBFFFFFE056BD1B81E855B9FC0AD7A3703D0AD73F4214DD185B99185C9900AD7A3703D0AC73F90141901A02B5E8DC0F42B1CFC02B5E8DC0F42B1CFE5764000000000000300FC0
340
14
340
0
340
11
340
0
 94
        0
1001
ACAD_MLEADERVER
1070
     2
  0
MLINESTYLE
  5
18
102
{ACAD_REACTORS
330
17
102
}
330
17
100
AcDbMlineStyle
  2
Standard
 70
     0
  3

 62
   256
 51
90.0
 52
90.0
 71
     2
 49
0.5
 62
   256
  6
BYLAYER
 49
-0.5
 62
   256
  6
BYLAYER
  0
ACAD_PROXY_OBJECT
  5
48
102
{ACAD_REACTORS
330
47
102
}
330
47
100
AcDbProxyObject
 90
      499
 91
      503
 93
       41
310
903313A31580
  0
ACAD_PROXY_OBJECT
  5
49
102
{ACAD_REACTORS
330
47
102
}
330
47
100
AcDbProxyObject
 90
      499
 91
      503
 93
      257
310
90E312F31323822203D2031272D3022000000000000200FC000000000000284000
  0
ACAD_PROXY_OBJECT
  5
4A
102
{ACAD_REACTORS
330
47
102
}
330
47
100
AcDbProxyObject
 90
      499
 91
      503
 93
      249
310
90D312F363422203D2031272D3022000000000000240FC000000000000284000
  0
ACAD_PROXY_OBJECT
  5
4B
102
{ACAD_REACTORS
330
47
102
}
330
47
100
AcDbProxyObject
 90
      499
 91
      503
 93
      249
310
90D312F333222203D2031272D3022000000000000280FC000000000000284000
  0
ACAD_PROXY_OBJECT
  5
4C
102
{ACAD_REACTORS
330
47
102
}
330
47
100
AcDbProxyObject
 90
      499
 91
      503
 93
      249
310
90D312F313622203D2031272D30220000000000002C0FC000000000000284000
  0
ACAD_PROXY_OBJECT
  5
4D
102
{ACAD_REACTORS
330
47
102
}
330
47
100
AcDbProxyObject
 90
      499
 91
      503
 93
      249
310
90D332F333222203D2031272D30220000000000002E0FC000000000000284000
  0
ACAD_PROXY_OBJECT
  5
4E
102
{ACAD_REACTORS
330
47
102
}
330
47
100
AcDbProxyObject
 90
      499
 91
      503
 93
      241
310
90C312F3822203D2031272D3022000000000000300FC000000000000284000
  0
ACAD_PROXY_OBJECT
  5
4F
102
{ACAD_REACTORS
330
47
102
}
330
47
100
AcDbProxyObject
 90
      499
 91
      503
 93
      249
310
90D332F313622203D2031272D3022000000000000320FC000000000000284000
  0
ACAD_PROXY_OBJECT
  5
50
102
{ACAD_REACTORS
330
47
102
}
330
47
100
AcDbProxyObject
 90
      499
 91
      503
 93
      241
310
90C312F3422203D2031272D3022000000000000340FC000000000000284000
  0
ACAD_PROXY_OBJECT
  5
51
102
{ACAD_REACTORS
330
47
102
}
330
47
100
AcDbProxyObject
 90
      499
 91
      503
 93
      241
310
90C332F3822203D2031272D3022000000000000360FC000000000000284000
  0
ACAD_PROXY_OBJECT
  5
52
102
{ACAD_REACTORS
330
47
102
}
330
47
100
AcDbProxyObject
 90
      499
 91
      503
 93
      241
310
90C312F3222203D2031272D3022000000000000380FC000000000000284000
  0
ACAD_PROXY_OBJECT
  5
53
102
{ACAD_REACTORS
330
47
102
}
330
47
100
AcDbProxyObject
 90
      499
 91
      503
 93
      241
310
90C332F3422203D2031272D30220000000000003A0FC000000000000284000
  0
ACAD_PROXY_OBJECT
  5
54
102
{ACAD_REACTORS
330
47
102
}
330
47
100
AcDbProxyObject
 90
      499
 91
      503
 93
      161
310
90A3122203D2031272D30224000000000000284000
  0
ACAD_PROXY_OBJECT
  5
55
102
{ACAD_REACTORS
330
47
102
}
330
47
100
AcDbProxyObject
 90
      499
 91
      503
 93
      257
310
90E312D312F3222203D2031272D30220000000000003E0FC000000000000284000
  0
ACAD_PROXY_OBJECT
  5
56
102
{ACAD_REACTORS
330
47
102
}
330
47
100
AcDbProxyObject
 90
      499
 91
      503
 93
      225
310
90A3322203D2031272D302200000000000002100000000000000284000
  0
ACAD_PROXY_OBJECT
  5
57
102
{ACAD_REACTORS
330
47
102
}
330
47
100
AcDbProxyObject
 90
      499
 91
      503
 93
      225
310
90A3622203D2031272D302200000000000006100000000000000284000
  0
ACAD_PROXY_OBJECT
  5
58
102
{ACAD_REACTORS
330
47
102
}
330
47
100
AcDbProxyObject
 90
      499
 91
      503
 93
      249
310
90D31272D3022203D2031272D30220000000000000A100000000000000284000
  0
ACAD_PROXY_OBJECT
  5
2F
102
{ACAD_REACTORS
330
2A
102
}
330
2A
100
AcDbProxyObject
 90
      499
 91
      501
 93
      436
310
42CC9915DA5C99599C985B595049028333333333333E33F0000000000000F90107901411070040501600405405064090741402480A0340
1001
ACAD
1000
AcDbSavedByObjectVersion
1070
     0
  0
ACAD_PROXY_OBJECT
  5
32
102
{ACAD_REACTORS
330
2A
102
}
330
2A
100
AcDbProxyObject
 90
      499
 91
      501
 93
      388
310
4150985CDA58D07406404333333333333E33F0000000000000F90107A41107004050150841D405064090741402480A0350
1001
ACAD
1000
AcDbSavedByObjectVersion
1070
     0
  0
ACAD_PROXY_OBJECT
  5
36
102
{ACAD_REACTORS
330
2A
102
}
330
2A
100
AcDbProxyObject
 90
      499
 91
      501
 93
      428
310
42109C9A59DA1D195B90C409028333333333333E33F0000000000000F9010790141107004050150841D405064090741402480A029950
1001
ACAD
1000
AcDbSavedByObjectVersion
1070
     0
  0
ACAD_PROXY_OBJECT
  5
3A
102
{ACAD_REACTORS
330
2A
102
}
330
2A
100
AcDbProxyObject
 90
      499
 91
      501
 93
      452
310
42D0DBDB1BDC90DA185B99D95104090240C333333333333E33F0000000000000F90108901411070040501508421405064090741402480A0350
1001
ACAD
1000
AcDbSavedByObjectVersion
1070
     0
  0
ACAD_PROXY_OBJECT
  5
34
102
{ACAD_REACTORS
330
2A
102
}
330
2A
100
AcDbProxyObject
 90
      499
 91
      501
 93
      500
310
4290DBDB98D95C1D1D585B10940D028333333333333E33F0000000000000F90107902409070040501000000000018199010841D405064090740C02480A0340
1001
ACAD
1000
AcDbSavedByObjectVersion
1070
     0
  0
ACAD_PROXY_OBJECT
  5
35
102
{ACAD_REACTORS
330
2A
102
}
330
2A
100
AcDbProxyObject
 90
      499
 91
      501
 93
      412
310
40D11A5B50B409028333333333333E33F0000000000000F9010790141107004050150841D405064090741402480A02677FFFFFD0
1001
ACAD
1000
AcDbSavedByObjectVersion
1070
     0
  0
ACAD_PROXY_OBJECT
  5
3D
102
{ACAD_REACTORS
330
2A
102
}
330
2A
100
AcDbProxyObject
 90
      499
 91
      501
 93
      452
310
43115919D950DBDB1BDC93D999916409028333333333333E33F0000000000000F9010790141107004050150841D405064090741402480A0350
1001
ACAD
1000
AcDbSavedByObjectVersion
1070
     0
  0
ACAD_PROXY_OBJECT
  5
39
102
{ACAD_REACTORS
330
2A
102
}
330
2A
100
AcDbProxyObject
 90
      499
 91
      501
 93
      444
310
42D19858D95C185D1D195C9B90F409028333333333333E33F0000000000000F9010790141107004050150841D405064090741402480A0350
1001
ACAD
1000
AcDbSavedByObjectVersion
1070
     0
  0
ACAD_PROXY_OBJECT
  5
2B
102
{ACAD_REACTORS
330
2A
102
}
330
2A
100
AcDbProxyObject
 90
      499
 91
      501
 93
      380
310
41119B185D240901404333333333333E33F0000000000000F9010740A907004050150841D405064090741402480A1B50
1001
ACAD
1000
AcDbSavedByObjectVersion
1070
     0
  0
ACAD_PROXY_OBJECT
  5
2C
102
{ACAD_REACTORS
330
2A
102
}
330
2A
100
AcDbProxyObject
 90
      499
 91
      501
 93
      468
310
43519B185D15DA5D1A115919D95CD0140901404333333333333E33F0000000000000F90107409019070040501600405405064090741402480A1B50
1001
ACAD
1000
AcDbSavedByObjectVersion
1070
     0
  0
ACAD_PROXY_OBJECT
  5
2D
102
{ACAD_REACTORS
330
2A
102
}
330
2A
100
AcDbProxyObject
 90
      499
 91
      501
 93
      404
310
41D1DBDD5C985D5910240902404333333333333E33F0000000000000F9010740A9070040501641D405064090741402480A1B50
1001
ACAD
1000
AcDbSavedByObjectVersion
1070
     0
  0
ACAD_PROXY_OBJECT
  5
2E
102
{ACAD_REACTORS
330
2A
102
}
330
2A
100
AcDbProxyObject
 90
      499
 91
      501
 93
      492
310
4411DBDD5C985D5915DA5D1A115919D95CD0340902404333333333333E33F0000000000000F90107409019070040501600405405064090741402480A1B50
1001
ACAD
1000
AcDbSavedByObjectVersion
1070
     0
  0
ACAD_PROXY_OBJECT
  5
31
102
{ACAD_REACTORS
330
2A
102
}
330
2A
100
AcDbProxyObject
 90
      499
 91
      501
 93
      476
310
41921A5919195B90640502408333333333333E33F0000000000000F901079024090700405020000000000001110200405405064090740C02480A0340
1001
ACAD
1000
AcDbSavedByObjectVersion
1070
     0
  0
ACAD_PROXY_OBJECT
  5
3B
102
{ACAD_REACTORS
330
2A
102
}
330
2A
100
AcDbProxyObject
 90
      499
 91
      501
 93
      428
310
42529A5D1D195C93D999914409028333333333333E33F0000000000000F9010790141107004050150A41D405064090741402480A0350
1001
ACAD
1000
AcDbSavedByObjectVersion
1070
     0
  0
ACAD_PROXY_OBJECT
  5
38
102
{ACAD_REACTORS
330
2A
102
}
330
2A
100
AcDbProxyObject
 90
      499
 91
      501
 93
      444
310
42D31A5B995C185D1D195C9B90E409028333333333333E33F0000000000000F9010790141107004050750841D405064090741402483A0350
1001
ACAD
1000
AcDbSavedByObjectVersion
1070
     0
  0
ACAD_PROXY_OBJECT
  5
3C
102
{ACAD_REACTORS
330
2A
102
}
330
2A
100
AcDbProxyObject
 90
      499
 91
      501
 93
      444
310
42D3DD995C9A185B99D3D999915409028333333333333E33F0000000000000F9010790141107004050150941D405064090741402480A0350
1001
ACAD
1000
AcDbSavedByObjectVersion
1070
     0
  0
ACAD_PROXY_OBJECT
  5
33
102
{ACAD_REACTORS
330
2A
102
}
330
2A
100
AcDbProxyObject
 90
      499
 91
      501
 93
      428
310
425499585B1A5CDD1A58D08409038333333333333E33F0000000000000F9010740A907004050150800405405064090740C02480A1B40
1001
ACAD
1000
AcDbSavedByObjectVersion
1070
     0
  0
ACAD_PROXY_OBJECT
  5
42
102
{ACAD_REACTORS
330
2A
102
}
330
2A
100
AcDbProxyObject
 90
      499
 91
      501
 93
      420
310
4194DA1859195911B40902404333333333333E33F0000000000000F9010740A41107004050150800405405064090840C02480A0B40
1001
ACAD
1000
AcDbSavedByObjectVersion
1070
     0
  0
ACAD_PROXY_OBJECT
  5
41
102
{ACAD_REACTORS
330
2A
102
}
330
2A
100
AcDbProxyObject
 90
      499
 91
      501
 93
      516
310
4454DA18591959081DDA5D1A08195919D95CD1A40902404333333333333E33F0000000000000F901074090142907004050250800405405064090740C02480A0B40
1001
ACAD
1000
AcDbSavedByObjectVersion
1070
     0
  0
ACAD_PROXY_OBJECT
  5
3E
102
{ACAD_REACTORS
330
2A
102
}
330
2A
100
AcDbProxyObject
 90
      499
 91
      501
 93
      532
310
4394DA1859195CC81BD98811DC985E5174090240C333333333333E33F0000000000000F901079024090741D01000000000000111010841D405064090740C02480A0340
1001
ACAD
1000
AcDbSavedByObjectVersion
1070
     0
  0
ACAD_PROXY_OBJECT
  5
3F
102
{ACAD_REACTORS
330
2A
102
}
330
2A
100
AcDbProxyObject
 90
      499
 91
      501
 93
      476
310
41D4DAD95D18DA1E51840502408333333333333E33F0000000000000F901079024090741D01000000000000111010B41D405064090741802480A0340
1001
ACAD
1000
AcDbSavedByObjectVersion
1070
     0
  0
ACAD_PROXY_OBJECT
  5
37
102
{ACAD_REACTORS
330
2A
102
}
330
2A
100
AcDbProxyObject
 90
      499
 91
      501
 93
      412
310
41D51A1A58DAD95B90D409028333333333333E33F0000000000000F9010790141107004050150C41D405064090741402480A0350
1001
ACAD
1000
AcDbSavedByObjectVersion
1070
     0
  0
ACAD_PROXY_OBJECT
  5
30
102
{ACAD_REACTORS
330
2A
102
}
330
2A
100
AcDbProxyObject
 90
      499
 91
      501
 93
      420
310
4255DA5C99599C985B595059028333333333333E33F0000000000000F90107901411070040501600405405064090740C02480A0340
1001
ACAD
1000
AcDbSavedByObjectVersion
1070
     0
  0
ACAD_PROXY_OBJECT
  5
40
102
{ACAD_REACTORS
330
2A
102
}
330
2A
100
AcDbProxyObject
 90
      499
 91
      501
 93
      404
310
41560B54985E51940902404000000000000E03F0000000000000F9010740501907004050150841D405064090740C02480A1B40
1001
ACAD
1000
AcDbSavedByObjectVersion
1070
     0
  0
XRECORD
  5
F84
102
{ACAD_REACTORS
330
F7A
102
}
330
F7A
100
AcDbXrecord
340
0
  0
XRECORD
  5
F83
102
{ACAD_REACTORS
330
F7A
102
}
330
F7A
100
AcDbXrecord
 90
        0
  0
XRECORD
  5
F9A
102
{ACAD_REACTORS
330
F7A
102
}
330
F7A
100
AcDbXrecord
1000
DSTYLE
1002
{
1070
   276
 70
     1
1070
   277
 70
     4
1070
   340
340
11
1002
}
  0
XRECORD
  5
F85
102
{ACAD_REACTORS
330
F7A
102
}
330
F7A
100
AcDbXrecord
  1
{66337534-6335-7064-3479-717478387471}
  0
XRECORD
  5
F7D
102
{ACAD_REACTORS
330
F7A
102
}
330
F7A
100
AcDbXrecord
  1

  0
XRECORD
  5
F82
102
{ACAD_REACTORS
330
F7A
102
}
330
F7A
100
AcDbXrecord
 90
        1
  0
XRECORD
  5
F7F
102
{ACAD_REACTORS
330
F7A
102
}
330
F7A
100
AcDbXrecord
340
1A
  0
XRECORD
  5
F81
102
{ACAD_REACTORS
330
F7A
102
}
330
F7A
100
AcDbXrecord
 90
    10781
  0
XRECORD
  5
F80
102
{ACAD_REACTORS
330
F7A
102
}
330
F7A
100
AcDbXrecord
340
19
  0
XRECORD
  5
F87
102
{ACAD_REACTORS
330
F7A
102
}
330
F7A
100
AcDbXrecord
 40
0.0
  0
XRECORD
  5
F8A
102
{ACAD_REACTORS
330
F7A
102
}
330
F7A
100
AcDbXrecord
340
0
  0
XRECORD
  5
F90
102
{ACAD_REACTORS
330
F7A
102
}
330
F7A
100
AcDbXrecord
 10
0.0
 20
0.0
 30
0.0
  0
XRECORD
  5
F8C
102
{ACAD_REACTORS
330
F7A
102
}
330
F7A
100
AcDbXrecord
 10
0.0
 20
0.0
 30
0.0
  0
XRECORD
  5
F8F
102
{ACAD_REACTORS
330
F7A
102
}
330
F7A
100
AcDbXrecord
 10
0.0
 20
0.0
 30
0.0
  0
XRECORD
  5
F8D
102
{ACAD_REACTORS
330
F7A
102
}
330
F7A
100
AcDbXrecord
 10
0.0
 20
0.0
 30
0.0
  0
XRECORD
  5
F8E
102
{ACAD_REACTORS
330
F7A
102
}
330
F7A
100
AcDbXrecord
 10
0.0
 20
0.0
 30
0.0
  0
XRECORD
  5
F8B
102
{ACAD_REACTORS
330
F7A
102
}
330
F7A
100
AcDbXrecord
 10
0.0
 20
0.0
 30
0.0
  0
XRECORD
  5
F88
102
{ACAD_REACTORS
330
F7A
102
}
330
F7A
100
AcDbXrecord
340
0
  0
XRECORD
  5
F89
102
{ACAD_REACTORS
330
F7A
102
}
330
F7A
100
AcDbXrecord
 70
     0
  0
XRECORD
  5
F7E
102
{ACAD_REACTORS
330
F7A
102
}
330
F7A
100
AcDbXrecord
  1

  0
XRECORD
  5
F7B
102
{ACAD_REACTORS
330
F7A
102
}
330
F7A
100
AcDbXrecord
 90
        1
  0
XRECORD
  5
F7C
102
{ACAD_REACTORS
330
F7A
102
}
330
F7A
100
AcDbXrecord
 90
       70
  0
XRECORD
  5
F93
102
{ACAD_REACTORS
330
F7A
102
}
330
F7A
100
AcDbXrecord
340
0
  0
XRECORD
  5
F99
102
{ACAD_REACTORS
330
F7A
102
}
330
F7A
100
AcDbXrecord
 10
0.0
 20
0.0
 30
0.0
  0
XRECORD
  5
F95
102
{ACAD_REACTORS
330
F7A
102
}
330
F7A
100
AcDbXrecord
 10
0.0
 20
0.0
 30
0.0
  0
XRECORD
  5
F98
102
{ACAD_REACTORS
330
F7A
102
}
330
F7A
100
AcDbXrecord
 10
0.0
 20
0.0
 30
0.0
  0
XRECORD
  5
F96
102
{ACAD_REACTORS
330
F7A
102
}
330
F7A
100
AcDbXrecord
 10
0.0
 20
0.0
 30
0.0
  0
XRECORD
  5
F97
102
{ACAD_REACTORS
330
F7A
102
}
330
F7A
100
AcDbXrecord
 10
0.0
 20
0.0
 30
0.0
  0
XRECORD
  5
F94
102
{ACAD_REACTORS
330
F7A
102
}
330
F7A
100
AcDbXrecord
 10
0.0
 20
0.0
 30
0.0
  0
XRECORD
  5
F91
102
{ACAD_REACTORS
330
F7A
102
}
330
F7A
100
AcDbXrecord
340
0
  0
XRECORD
  5
F92
102
{ACAD_REACTORS
330
F7A
102
}
330
F7A
100
AcDbXrecord
 70
     0
  0
XRECORD
  5
F86
102
{ACAD_REACTORS
330
F7A
102
}
330
F7A
100
AcDbXrecord
  1
{FAEB1C32-E019-11D5-929B-00C0DF256EC4}
  0
DICTIONARYVAR
  5
FA5
102
{ACAD_REACTORS
330
F9B
102
}
330
F9B
100
DictionaryVariables
280
     0
  1
1:1
  0
DICTIONARYVAR
  5
F9D
102
{ACAD_REACTORS
330
F9B
102
}
330
F9B
100
DictionaryVariables
280
     0
  1
Standard
  0
DICTIONARYVAR
  5
F9C
102
{ACAD_REACTORS
330
F9B
102
}
330
F9B
100
DictionaryVariables
280
     0
  1
Standard
  0
DICTIONARYVAR
  5
FA0
102
{ACAD_REACTORS
330
F9B
102
}
330
F9B
100
DictionaryVariables
280
     0
  1
2
  0
DICTIONARYVAR
  5
FA1
102
{ACAD_REACTORS
330
F9B
102
}
330
F9B
100
DictionaryVariables
280
     0
  1
1
  0
DICTIONARYVAR
  5
FA6
102
{ACAD_REACTORS
330
F9B
102
}
330
F9B
100
DictionaryVariables
280
     0
  1
1
  0
DICTIONARY
  5
FA9
330
45
100
AcDbDictionary
280
     1
  3
ACAD_XREC_ROUNDTRIP
360
FAA
  0
DICTIONARY
  5
FA7
330
44
100
AcDbDictionary
280
     1
  3
ACAD_XREC_ROUNDTRIP
360
FA8
  0
DICTIONARY
  5
FAB
330
46
100
AcDbDictionary
280
     1
  3
ACAD_XREC_ROUNDTRIP
360
FAC
  0
XRECORD
  5
FAA
102
{ACAD_REACTORS
330
FA9
102
}
330
FA9
100
AcDbXrecord
102
MATERIAL
148
0.0
149
0.0
149
0.0
 93
        0
 94
      127
282
     0
 72
     1
 77
     1
171
     1
175
     1
179
     1
273
     0
  0
XRECORD
  5
FA8
102
{ACAD_REACTORS
330
FA7
102
}
330
FA7
100
AcDbXrecord
102
MATERIAL
148
0.0
149
0.0
149
0.0
 93
        0
 94
      127
282
     0
 72
     1
 77
     1
171
     1
175
     1
179
     1
273
     0
  0
XRECORD
  5
FAC
102
{ACAD_REACTORS
330
FAB
102
}
330
FAB
100
AcDbXrecord
102
MATERIAL
148
0.0
149
0.0
149
0.0
 93
        0
 94
      127
282
     0
 72
     1
 77
     1
171
     1
175
     1
179
     1
273
     0
  0
ENDSEC
  0
EOF
