  0
SECTION
  2
HEADER
  9
$ACADVER
  1
AC1014
  9
$ACADMAINTVER
 70
     9
  9
$DWGCODEPAGE
  3
ISO8859-1
  9
$INSBASE
 10
0.0
 20
0.0
 30
0.0
  9
$EXTMIN
 10
-1.000000000E+20
 20
-1.000000000E+20
 30
0.0
  9
$EXTMAX
 10
1.000000000E+20
 20
1.000000000E+20
 30
0.0
  9
$LIMMIN
 10
-137.694015104
 20
-116.198443066
  9
$LIMMAX
 10
194.727792689
 20
100.426403854
  9
$ORTHOMODE
 70
     0
  9
$REGENMODE
 70
     1
  9
$FILLMODE
 70
     1
  9
$QTEXTMODE
 70
     0
  9
$MIRRTEXT
 70
     1
  9
$DRAGMODE
 70
     2
  9
$LTSCALE
 40
83.105451948
  9
$OSMODE
 70
    37
  9
$ATTMODE
 70
     1
  9
$TEXTSIZE
 40
0.2
  9
$TRACEWID
 40
0.05
  9
$TEXTSTYLE
  7
STANDARD
  9
$CLAYER
  8
0
  9
$CELTYPE
  6
BYLAYER
  9
$CECOLOR
 62
   256
  9
$CELTSCALE
 40
1.0
  9
$DELOBJ
 70
     1
  9
$DISPSILH
 70
     0
  9
$DIMSCALE
 40
1.0
  9
$DIMASZ
 40
0.18
  9
$DIMEXO
 40
0.0625
  9
$DIMDLI
 40
0.38
  9
$DIMRND
 40
0.0
  9
$DIMDLE
 40
0.0
  9
$DIMEXE
 40
0.18
  9
$DIMTP
 40
0.0
  9
$DIMTM
 40
0.0
  9
$DIMTXT
 40
0.18
  9
$DIMCEN
 40
0.09
  9
$DIMTSZ
 40
0.0
  9
$DIMTOL
 70
     0
  9
$DIMLIM
 70
     0
  9
$DIMTIH
 70
     1
  9
$DIMTOH
 70
     1
  9
$DIMSE1
 70
     0
  9
$DIMSE2
 70
     0
  9
$DIMTAD
 70
     0
  9
$DIMZIN
 70
     0
  9
$DIMBLK
  1

  9
$DIMASO
 70
     1
  9
$DIMSHO
 70
     1
  9
$DIMPOST
  1

  9
$DIMAPOST
  1

  9
$DIMALT
 70
     0
  9
$DIMALTD
 70
     2
  9
$DIMALTF
 40
25.4
  9
$DIMLFAC
 40
1.0
  9
$DIMTOFL
 70
     0
  9
$DIMTVP
 40
0.0
  9
$DIMTIX
 70
     0
  9
$DIMSOXD
 70
     0
  9
$DIMSAH
 70
     0
  9
$DIMBLK1
  1

  9
$DIMBLK2
  1

  9
$DIMSTYLE
  2
STANDARD
  9
$DIMCLRD
 70
     0
  9
$DIMCLRE
 70
     0
  9
$DIMCLRT
 70
     0
  9
$DIMTFAC
 40
1.0
  9
$DIMGAP
 40
0.09
  9
$DIMJUST
 70
     0
  9
$DIMSD1
 70
     0
  9
$DIMSD2
 70
     0
  9
$DIMTOLJ
 70
     1
  9
$DIMTZIN
 70
     0
  9
$DIMALTZ
 70
     0
  9
$DIMALTTZ
 70
     0
  9
$DIMFIT
 70
     3
  9
$DIMUPT
 70
     0
  9
$DIMUNIT
 70
     4
  9
$DIMDEC
 70
     4
  9
$DIMTDEC
 70
     4
  9
$DIMALTU
 70
     2
  9
$DIMALTTD
 70
     2
  9
$DIMTXSTY
  7
STANDARD
  9
$DIMAUNIT
 70
     0
  9
$LUNITS
 70
     4
  9
$LUPREC
 70
     4
  9
$SKETCHINC
 40
0.1
  9
$FILLETRAD
 40
0.0
  9
$AUNITS
 70
     0
  9
$AUPREC
 70
     0
  9
$MENU
  1
.
  9
$ELEVATION
 40
0.0
  9
$PELEVATION
 40
0.0
  9
$THICKNESS
 40
0.0
  9
$LIMCHECK
 70
     0
  9
$CHAMFERA
 40
0.0
  9
$CHAMFERB
 40
0.0
  9
$CHAMFERC
 40
0.0
  9
$CHAMFERD
 40
0.0
  9
$SKPOLY
 70
     0
  9
$TDCREATE
 40
2461306.429761748
  9
$TDUPDATE
 40
2461306.429762396
  9
$TDINDWG
 40
0.0000000116
  9
$TDUSRTIMER
 40
0.0000000116
  9
$USRTIMER
 70
     1
  9
$ANGBASE
 50
0.0
  9
$ANGDIR
 70
     0
  9
$PDMODE
 70
     0
  9
$PDSIZE
 40
0.0
  9
$PLINEWID
 40
0.0
  9
$COORDS
 70
     1
  9
$SPLFRAME
 70
     0
  9
$SPLINETYPE
 70
     6
  9
$SPLINESEGS
 70
     8
  9
$ATTDIA
 70
     0
  9
$ATTREQ
 70
     1
  9
$HANDLING
 70
     1
  9
$HANDSEED
  5
D90
  9
$SURFTAB1
 70
     6
  9
$SURFTAB2
 70
     6
  9
$SURFTYPE
 70
     6
  9
$SURFU
 70
     6
  9
$SURFV
 70
     6
  9
$UCSNAME
  2

  9
$UCSORG
 10
0.0
 20
0.0
 30
0.0
  9
$UCSXDIR
 10
1.0
 20
0.0
 30
0.0
  9
$UCSYDIR
 10
0.0
 20
1.0
 30
0.0
  9
$PUCSNAME
  2

  9
$PUCSORG
 10
0.0
 20
0.0
 30
0.0
  9
$PUCSXDIR
 10
1.0
 20
0.0
 30
0.0
  9
$PUCSYDIR
 10
0.0
 20
1.0
 30
0.0
  9
$USERI1
 70
     0
  9
$USERI2
 70
     0
  9
$USERI3
 70
     0
  9
$USERI4
 70
     0
  9
$USERI5
 70
     0
  9
$USERR1
 40
0.0
  9
$USERR2
 40
0.0
  9
$USERR3
 40
0.0
  9
$USERR4
 40
0.0
  9
$USERR5
 40
0.0
  9
$WORLDVIEW
 70
     1
  9
$SHADEDGE
 70
     3
  9
$SHADEDIF
 70
    70
  9
$TILEMODE
 70
     1
  9
$MAXACTVP
 70
    64
  9
$PINSBASE
 10
0.0
 20
0.0
 30
0.0
  9
$PLIMCHECK
 70
     0
  9
$PEXTMIN
 10
1.000000000E+20
 20
1.000000000E+20
 30
1.000000000E+20
  9
$PEXTMAX
 10
-1.000000000E+20
 20
-1.000000000E+20
 30
-1.000000000E+20
  9
$PLIMMIN
 10
0.0
 20
0.0
  9
$PLIMMAX
 10
12.0
 20
9.0
  9
$UNITMODE
 70
     0
  9
$VISRETAIN
 70
     1
  9
$PLINEGEN
 70
     0
  9
$PSLTSCALE
 70
     1
  9
$TREEDEPTH
 70
  3020
  9
$PICKSTYLE
 70
     1
  9
$CMLSTYLE
  2
STANDARD
  9
$CMLJUST
 70
     0
  9
$CMLSCALE
 40
1.0
  9
$PROXYGRAPHICS
 70
     1
  9
$MEASUREMENT
 70
     0
  0
ENDSEC
  0
SECTION
  2
CLASSES
  0
CLASS
  1
ACDBDICTIONARYWDFLT
  2
AcDbDictionaryWithDefault
  3
ObjectDBX Classes
 90
        0
280
     0
281
     0
  0
CLASS
  1
VISUALSTYLE
  2
AcDbVisualStyle
  3
ObjectDBX Classes
 90
     4095
280
     0
281
     0
  0
CLASS
  1
MATERIAL
  2
AcDbMaterial
  3
ObjectDBX Classes
 90
     1153
280
     0
281
     0
  0
CLASS
  1
SCALE
  2
AcDbScale
  3
ObjectDBX Classes
 90
     1153
280
     0
281
     0
  0
CLASS
  1
TABLESTYLE
  2
AcDbTableStyle
  3
ObjectDBX Classes
 90
     4095
280
     0
281
     0
  0
CLASS
  1
MLEADERSTYLE
  2
AcDbMLeaderStyle
  3
ACDB_MLEADERSTYLE_CLASS
 90
     4095
280
     0
281
     0
  0
CLASS
  1
SUN
  2
AcDbSun
  3
SCENEOE
 90
     1153
280
     0
281
     0
  0
CLASS
  1
DICTIONARYVAR
  2
AcDbDictionaryVar
  3
ObjectDBX Classes
 90
        0
280
     0
281
     0
  0
CLASS
  1
XRECORD
  2
AcDbXrecord
  3
ObjectDBX Classes
 90
        0
280
     0
281
     0
  0
CLASS
  1
LWPOLYLINE
  2
AcDbPolyline
  3
ObjectDBX Classes
 90
        0
280
     0
281
     1
  0
CLASS
  1
HATCH
  2
AcDbHatch
  3
ObjectDBX Classes
 90
        0
280
     0
281
     1
  0
CLASS
  1
ACDBPLACEHOLDER
  2
AcDbPlaceHolder
  3
ObjectDBX Classes
 90
        0
280
     0
281
     0
  0
CLASS
  1
LAYOUT
  2
AcDbLayout
  3
ObjectDBX Classes
 90
        0
280
     0
281
     0
  0
ENDSEC
  0
SECTION
  2
TABLES
  0
TABLE
  2
VPORT
  5
8
102
{ACAD_XDICTIONARY
360
D85
102
}
330
0
100
AcDbSymbolTable
 70
     1
  0
VPORT
  5
29
330
8
100
AcDbSymbolTableRecord
100
AcDbViewportTableRecord
  2
*ACTIVE
 70
     0
 10
0.0
 20
0.0
 11
1.0
 21
1.0
 12
10.429906542
 22
4.5
 13
0.0
 23
0.0
 14
0.5
 24
0.5
 15
0.5
 25
0.5
 16
0.0
 26
0.0
 36
1.0
 17
0.0
 27
0.0
 37
0.0
 40
9.0
 41
1.972972973
 42
50.0
 43
0.0
 44
0.0
 50
0.0
 51
0.0
 71
     0
 72
   100
 73
     1
 74
     3
 75
     0
 76
     0
 77
     0
 78
     0
  0
ENDTAB
  0
TABLE
  2
LTYPE
  5
5
330
0
100
AcDbSymbolTable
 70
     7
  0
LTYPE
  5
14
330
5
100
AcDbSymbolTableRecord
100
AcDbLinetypeTableRecord
  2
BYBLOCK
 70
     0
  3

 72
    65
 73
     0
 40
0.0
  0
LTYPE
  5
15
330
5
100
AcDbSymbolTableRecord
100
AcDbLinetypeTableRecord
  2
BYLAYER
 70
     0
  3

 72
    65
 73
     0
 40
0.0
  0
LTYPE
  5
16
330
5
100
AcDbSymbolTableRecord
100
AcDbLinetypeTableRecord
  2
CONTINUOUS
 70
     0
  3
Solid line
 72
    65
 73
     0
 40
0.0
  0
LTYPE
  5
5E
330
5
100
AcDbSymbolTableRecord
100
AcDbLinetypeTableRecord
  2
SDS2_3
 70
     0
  3
. . . . . . . . . . . . . . . . . . . . . .
 72
    65
 73
     2
 40
0.05
 49
0.0
 74
     0
 49
-0.05
 74
     0
  0
LTYPE
  5
5F
330
5
100
AcDbSymbolTableRecord
100
AcDbLinetypeTableRecord
  2
SDS2_4
 70
     0
  3
...........................................
 72
    65
 73
     2
 40
0.025
 49
0.0
 74
     0
 49
-0.025
 74
     0
  0
LTYPE
  5
60
330
5
100
AcDbSymbolTableRecord
100
AcDbLinetypeTableRecord
  2
SDS2_5
 70
     0
  3
_ _ _ _ _ _ _ _ _ _ _ _ _
 72
    65
 73
     2
 40
0.04
 49
0.02
 74
     0
 49
-0.02
 74
     0
  0
LTYPE
  5
61
330
5
100
AcDbSymbolTableRecord
100
AcDbLinetypeTableRecord
  2
SDS2_6
 70
     0
  3
__ . __ . __ . __ . __ . __ . __ .
 72
    65
 73
     4
 40
0.2
 49
0.1
 74
     0
 49
-0.05
 74
     0
 49
0.0
 74
     0
 49
-0.05
 74
     0
  0
LTYPE
  5
62
330
5
100
AcDbSymbolTableRecord
100
AcDbLinetypeTableRecord
  2
SDS2_7
 70
     0
  3
___ _ ___ _ ___ _ ___ _
 72
    65
 73
     4
 40
0.175
 49
0.1
 74
     0
 49
-0.025
 74
     0
 49
0.025
 74
     0
 49
-0.025
 74
     0
  0
LTYPE
  5
63
330
5
100
AcDbSymbolTableRecord
100
AcDbLinetypeTableRecord
  2
SDS2_8
 70
     0
  3
___ _ _ ___ _ _ ___ _ _
 72
    65
 73
     6
 40
0.2
 49
0.1
 74
     0
 49
-0.02
 74
     0
 49
0.02
 74
     0
 49
-0.02
 74
     0
 49
0.02
 74
     0
 49
-0.02
 74
     0
  0
ENDTAB
  0
TABLE
  2
LAYER
  5
2
330
0
100
AcDbSymbolTable
 70
     7
  0
LAYER
  5
10
330
2
100
AcDbSymbolTableRecord
100
AcDbLayerTableRecord
  2
0
 70
     0
 62
     7
  6
CONTINUOUS
  0
LAYER
  5
64
330
2
100
AcDbSymbolTableRecord
100
AcDbLayerTableRecord
  2
OUTLINE
 70
     0
 62
     7
  6
CONTINUOUS
  0
LAYER
  5
65
330
2
100
AcDbSymbolTableRecord
100
AcDbLayerTableRecord
  2
SYSTEM_ANNOTATION
 70
     0
 62
     7
  6
CONTINUOUS
  0
LAYER
  5
66
330
2
100
AcDbSymbolTableRecord
100
AcDbLayerTableRecord
  2
USER_ANNOTATION
 70
     0
 62
     7
  6
CONTINUOUS
  0
LAYER
  5
67
330
2
100
AcDbSymbolTableRecord
100
AcDbLayerTableRecord
  2
REFERENCE_DIMENSION
 70
     0
 62
     7
  6
CONTINUOUS
  0
LAYER
  5
68
330
2
100
AcDbSymbolTableRecord
100
AcDbLayerTableRecord
  2
DETAIL_RULE_ANNOTATIONS
 70
     0
 62
     7
  6
CONTINUOUS
  0
LAYER
  5
69
330
2
100
AcDbSymbolTableRecord
100
AcDbLayerTableRecord
  2
USER_ADJUSTED
 70
     0
 62
     7
  6
CONTINUOUS
  0
ENDTAB
  0
TABLE
  2
STYLE
  5
3
330
0
100
AcDbSymbolTable
 70
     2
  0
STYLE
  5
11
330
3
100
AcDbSymbolTableRecord
100
AcDbTextStyleTableRecord
  2
STANDARD
 70
     0
 40
0.0
 41
1.0
 50
0.0
 71
     0
 42
0.2
  3
txt
  4

  0
STYLE
  5
ADB
330
3
100
AcDbSymbolTableRecord
100
AcDbTextStyleTableRecord
  2
ARIAL
 70
     0
 40
0.2
 41
0.8
 50
0.0
 71
     0
 42
0.2
  3
arial.ttf
  4

1001
ACAD
1000
Arial
1071
        0
  0
ENDTAB
  0
TABLE
  2
VIEW
  5
6
330
0
100
AcDbSymbolTable
 70
     0
  0
ENDTAB
  0
TABLE
  2
UCS
  5
7
330
0
100
AcDbSymbolTable
 70
     0
  0
ENDTAB
  0
TABLE
  2
APPID
  5
9
330
0
100
AcDbSymbolTable
 70
     2
  0
APPID
  5
12
330
9
100
AcDbSymbolTableRecord
100
AcDbRegAppTableRecord
  2
ACAD
 70
     0
  0
APPID
  5
D8F
330
9
100
AcDbSymbolTableRecord
100
AcDbRegAppTableRecord
  2
ACAD_MLEADERVER
 70
     0
  0
ENDTAB
  0
TABLE
  2
DIMSTYLE
  5
A
330
0
100
AcDbSymbolTable
 70
     1
  0
DIMSTYLE
105
27
330
A
100
AcDbSymbolTableRecord
100
AcDbDimStyleTableRecord
  2
STANDARD
 70
     0
  3

  4

  5

  6

  7

 40
1.0
 41
0.18
 42
0.0625
 43
0.38
 44
0.18
 45
0.0
 46
0.0
 47
0.0
 48
0.0
140
0.18
141
0.09
142
0.0
143
25.4
144
1.0
145
0.0
146
1.0
147
0.09
 71
     0
 72
     0
 73
     1
 74
     1
 75
     0
 76
     0
 77
     0
 78
     0
170
     0
171
     2
172
     0
173
     0
174
     0
175
     0
176
     0
177
     0
178
     0
270
     2
271
     4
272
     4
273
     2
274
     2
340
11
275
     0
280
     0
281
     0
282
     0
283
     1
284
     0
285
     0
286
     0
287
     3
288
     0
  0
ENDTAB
  0
TABLE
  2
BLOCK_RECORD
  5
1
330
0
100
AcDbSymbolTable
 70
     0
  0
BLOCK_RECORD
  5
1F
330
1
100
AcDbSymbolTableRecord
100
AcDbBlockTableRecord
  2
*MODEL_SPACE
  0
BLOCK_RECORD
  5
1B
330
1
100
AcDbSymbolTableRecord
100
AcDbBlockTableRecord
  2
*PAPER_SPACE
  0
ENDTAB
  0
ENDSEC
  0
SECTION
  2
BLOCKS
  0
BLOCK
  5
20
330
1F
100
AcDbEntity
  8
0
100
AcDbBlockBegin
  2
*MODEL_SPACE
 70
     0
 10
0.0
 20
0.0
 30
0.0
  3
*MODEL_SPACE
  1

  0
ENDBLK
  5
21
330
1F
100
AcDbEntity
  8
0
100
AcDbBlockEnd
  0
BLOCK
  5
1C
330
1B
100
AcDbEntity
 67
     1
  8
0
100
AcDbBlockBegin
  2
*PAPER_SPACE
 70
     0
 10
0.0
 20
0.0
 30
0.0
  3
*PAPER_SPACE
  1

  0
ENDBLK
  5
1D
330
1B
100
AcDbEntity
 67
     1
  8
0
100
AcDbBlockEnd
  0
ENDSEC
  0
SECTION
  2
ENTITIES
  0
LINE
  5
6B
330
1F
100
AcDbEntity
  8
OUTLINE
  6
CONTINUOUS
 62
     2
100
AcDbLine
 10
49.1875
 20
-26.275
 30
0.0
 11
5.5
 21
-26.275
 31
0.0
  0
LINE
  5
6C
330
1F
100
AcDbEntity
  8
OUTLINE
  6
CONTINUOUS
 62
     2
100
AcDbLine
 10
5.5
 20
-26.275
 30
0.0
 11
5.5
 21
-26.7
 31
0.0
  0
LINE
  5
6D
330
1F
100
AcDbEntity
  8
OUTLINE
  6
CONTINUOUS
 62
     2
100
AcDbLine
 10
5.5
 20
-26.7
 30
0.0
 11
49.1875
 21
-26.7
 31
0.0
  0
LINE
  5
6E
330
1F
100
AcDbEntity
  8
OUTLINE
  6
CONTINUOUS
 62
     2
100
AcDbLine
 10
49.1875
 20
-26.7
 30
0.0
 11
49.1875
 21
-26.275
 31
0.0
  0
LINE
  5
6F
330
1F
100
AcDbEntity
  8
OUTLINE
  6
CONTINUOUS
 62
     2
100
AcDbLine
 10
42.0625
 20
-9.0
 30
0.0
 11
5.5
 21
-9.0
 31
0.0
  0
LINE
  5
70
330
1F
100
AcDbEntity
  8
OUTLINE
  6
CONTINUOUS
 62
     2
100
AcDbLine
 10
5.5
 20
-9.0
 30
0.0
 11
5.5
 21
-9.425
 31
0.0
  0
LINE
  5
71
330
1F
100
AcDbEntity
  8
OUTLINE
  6
CONTINUOUS
 62
     2
100
AcDbLine
 10
5.5
 20
-9.425
 30
0.0
 11
42.0625
 21
-9.425
 31
0.0
  0
LINE
  5
72
330
1F
100
AcDbEntity
  8
OUTLINE
  6
CONTINUOUS
 62
     2
100
AcDbLine
 10
42.0625
 20
-9.425
 30
0.0
 11
42.0625
 21
-9.0
 31
0.0
  0
LINE
  5
73
330
1F
100
AcDbEntity
  8
OUTLINE
  6
CONTINUOUS
 62
     2
100
AcDbLine
 10
5.5
 20
-26.221715673
 30
0.0
 11
5.5
 21
-26.275
 31
0.0
  0
LINE
  5
74
330
1F
100
AcDbEntity
  8
OUTLINE
  6
CONTINUOUS
 62
     2
100
AcDbLine
 10
49.1875
 20
-26.275
 30
0.0
 11
49.1875
 21
-26.221715673
 31
0.0
  0
LINE
  5
75
330
1F
100
AcDbEntity
  8
OUTLINE
  6
CONTINUOUS
 62
     2
100
AcDbLine
 10
5.5
 20
-9.425
 30
0.0
 11
5.5
 21
-9.478284327
 31
0.0
  0
LINE
  5
76
330
1F
100
AcDbEntity
  8
OUTLINE
  6
CONTINUOUS
 62
     2
100
AcDbLine
 10
42.0625
 20
-9.478284327
 30
0.0
 11
42.0625
 21
-9.464583561
 31
0.0
  0
LINE
  5
77
330
1F
100
AcDbEntity
  8
OUTLINE
  6
CONTINUOUS
 62
     2
100
AcDbLine
 10
42.0625
 20
-9.464583561
 30
0.0
 11
42.0625
 21
-9.425
 31
0.0
  0
LINE
  5
78
330
1F
100
AcDbEntity
  8
OUTLINE
  6
CONTINUOUS
 62
     2
100
AcDbLine
 10
5.5
 20
-26.069974747
 30
0.0
 11
5.5
 21
-26.221715673
 31
0.0
  0
LINE
  5
79
330
1F
100
AcDbEntity
  8
OUTLINE
  6
CONTINUOUS
 62
     2
100
AcDbLine
 10
49.1875
 20
-26.221715673
 30
0.0
 11
49.1875
 21
-26.069974747
 31
0.0
  0
LINE
  5
7A
330
1F
100
AcDbEntity
  8
OUTLINE
  6
CONTINUOUS
 62
     2
100
AcDbLine
 10
5.5
 20
-9.478284327
 30
0.0
 11
5.5
 21
-9.630025253
 31
0.0
  0
LINE
  5
7B
330
1F
100
AcDbEntity
  8
OUTLINE
  6
CONTINUOUS
 62
     2
100
AcDbLine
 10
42.0625
 20
-9.630025253
 30
0.0
 11
42.0625
 21
-9.478284327
 31
0.0
  0
LINE
  5
7C
330
1F
100
AcDbEntity
  8
OUTLINE
  6
CONTINUOUS
 62
     2
100
AcDbLine
 10
5.5
 20
-9.630025253
 30
0.0
 11
5.5
 21
-9.857121597
 31
0.0
  0
LINE
  5
7D
330
1F
100
AcDbEntity
  8
OUTLINE
  6
CONTINUOUS
 62
     2
100
AcDbLine
 10
42.083807811
 20
-9.857121597
 30
0.0
 11
42.0625
 21
-9.75
 31
0.0
  0
LINE
  5
7E
330
1F
100
AcDbEntity
  8
OUTLINE
  6
CONTINUOUS
 62
     2
100
AcDbLine
 10
42.0625
 20
-9.75
 30
0.0
 11
42.0625
 21
-9.630025253
 31
0.0
  0
LINE
  5
7F
330
1F
100
AcDbEntity
  8
OUTLINE
  6
CONTINUOUS
 62
     2
100
AcDbLine
 10
5.5
 20
-25.842878403
 30
0.0
 11
5.5
 21
-26.069974747
 31
0.0
  0
LINE
  5
80
330
1F
100
AcDbEntity
  8
OUTLINE
  6
CONTINUOUS
 62
     2
100
AcDbLine
 10
49.1875
 20
-26.069974747
 30
0.0
 11
49.1875
 21
-25.842878403
 31
0.0
  0
LINE
  5
81
330
1F
100
AcDbEntity
  8
OUTLINE
  6
CONTINUOUS
 62
     2
100
AcDbLine
 10
5.5
 20
-9.857121597
 30
0.0
 11
5.5
 21
-10.125
 31
0.0
  0
LINE
  5
82
330
1F
100
AcDbEntity
  8
OUTLINE
  6
CONTINUOUS
 62
     2
100
AcDbLine
 10
42.241043729
 20
-10.125
 30
0.0
 11
42.208946609
 21
-10.103553391
 31
0.0
  0
LINE
  5
83
330
1F
100
AcDbEntity
  8
OUTLINE
  6
CONTINUOUS
 62
     2
100
AcDbLine
 10
42.208946609
 20
-10.103553391
 30
0.0
 11
42.100560234
 21
-9.941341716
 31
0.0
  0
LINE
  5
84
330
1F
100
AcDbEntity
  8
OUTLINE
  6
CONTINUOUS
 62
     2
100
AcDbLine
 10
42.100560234
 20
-9.941341716
 30
0.0
 11
42.083807811
 21
-9.857121597
 31
0.0
  0
LINE
  5
85
330
1F
100
AcDbEntity
  8
OUTLINE
  6
CONTINUOUS
 62
     2
100
AcDbLine
 10
5.5
 20
-25.575
 30
0.0
 11
5.5
 21
-25.842878403
 31
0.0
  0
LINE
  5
86
330
1F
100
AcDbEntity
  8
OUTLINE
  6
CONTINUOUS
 62
     2
100
AcDbLine
 10
49.1875
 20
-25.842878403
 30
0.0
 11
49.1875
 21
-25.575
 31
0.0
  0
LINE
  5
87
330
1F
100
AcDbEntity
  8
OUTLINE
  6
CONTINUOUS
 62
     2
100
AcDbLine
 10
42.371158284
 20
-10.211939766
 30
0.0
 11
42.241043729
 21
-10.125
 31
0.0
  0
LINE
  5
88
330
1F
100
AcDbEntity
  8
OUTLINE
  6
CONTINUOUS
 62
     2
100
AcDbLine
 10
5.5
 20
-10.125
 30
0.0
 11
5.5
 21
-10.75
 31
0.0
  0
LINE
  5
89
330
1F
100
AcDbEntity
  8
OUTLINE
  6
SDS2_5
 62
     1
100
AcDbLine
 10
5.5
 20
-10.75
 30
0.0
 11
5.5
 21
-22.25
 31
0.0
  0
LINE
  5
8A
330
1F
100
AcDbEntity
  8
OUTLINE
  6
CONTINUOUS
 62
     2
100
AcDbLine
 10
5.5
 20
-22.25
 30
0.0
 11
5.5
 21
-25.575
 31
0.0
  0
LINE
  5
8B
330
1F
100
AcDbEntity
  8
OUTLINE
  6
CONTINUOUS
 62
     2
100
AcDbLine
 10
49.1875
 20
-25.575
 30
0.0
 11
49.1875
 21
-22.25
 31
0.0
  0
LINE
  5
8C
330
1F
100
AcDbEntity
  8
OUTLINE
  6
SDS2_5
 62
     1
100
AcDbLine
 10
49.1875
 20
-22.25
 30
0.0
 11
49.1875
 21
-10.75
 31
0.0
  0
LINE
  5
8D
330
1F
100
AcDbEntity
  8
OUTLINE
  6
CONTINUOUS
 62
     2
100
AcDbLine
 10
49.1875
 20
-10.75
 30
0.0
 11
49.1875
 21
-10.25
 31
0.0
  0
LINE
  5
8E
330
1F
100
AcDbEntity
  8
OUTLINE
  6
CONTINUOUS
 62
     2
100
AcDbLine
 10
49.1875
 20
-10.25
 30
0.0
 11
42.5625
 21
-10.25
 31
0.0
  0
LINE
  5
8F
330
1F
100
AcDbEntity
  8
OUTLINE
  6
CONTINUOUS
 62
     2
100
AcDbLine
 10
42.5625
 20
-10.25
 30
0.0
 11
42.371158284
 21
-10.211939766
 31
0.0
  0
LINE
  5
90
330
1F
100
AcDbEntity
  8
OUTLINE
  6
CONTINUOUS
 62
     2
100
AcDbLine
 10
5.0
 20
-10.75
 30
0.0
 11
5.0
 21
-22.25
 31
0.0
  0
LINE
  5
91
330
1F
100
AcDbEntity
  8
OUTLINE
  6
CONTINUOUS
 62
     2
100
AcDbLine
 10
5.0
 20
-22.25
 30
0.0
 11
5.3125
 21
-22.25
 31
0.0
  0
LINE
  5
92
330
1F
100
AcDbEntity
  8
OUTLINE
  6
CONTINUOUS
 62
     2
100
AcDbLine
 10
5.3125
 20
-22.25
 30
0.0
 11
5.3125
 21
-10.75
 31
0.0
  0
LINE
  5
93
330
1F
100
AcDbEntity
  8
OUTLINE
  6
CONTINUOUS
 62
     2
100
AcDbLine
 10
5.3125
 20
-10.75
 30
0.0
 11
5.0
 21
-10.75
 31
0.0
  0
LINE
  5
94
330
1F
100
AcDbEntity
  8
OUTLINE
  6
CONTINUOUS
 62
     2
100
AcDbLine
 10
5.3125
 20
-22.25
 30
0.0
 11
5.341045175
 21
-22.25
 31
0.0
  0
LINE
  5
95
330
1F
100
AcDbEntity
  8
OUTLINE
  6
CONTINUOUS
 62
     2
100
AcDbLine
 10
5.341045175
 20
-10.75
 30
0.0
 11
5.3125
 21
-10.75
 31
0.0
  0
LINE
  5
96
330
1F
100
AcDbEntity
  8
OUTLINE
  6
CONTINUOUS
 62
     2
100
AcDbLine
 10
5.341045175
 20
-22.25
 30
0.0
 11
5.422334957
 21
-22.25
 31
0.0
  0
LINE
  5
97
330
1F
100
AcDbEntity
  8
OUTLINE
  6
CONTINUOUS
 62
     2
100
AcDbLine
 10
5.422334957
 20
-10.75
 30
0.0
 11
5.341045175
 21
-10.75
 31
0.0
  0
LINE
  5
98
330
1F
100
AcDbEntity
  8
OUTLINE
  6
CONTINUOUS
 62
     2
100
AcDbLine
 10
5.422334957
 20
-22.25
 30
0.0
 11
5.543993713
 21
-22.25
 31
0.0
  0
LINE
  5
99
330
1F
100
AcDbEntity
  8
OUTLINE
  6
CONTINUOUS
 62
     2
100
AcDbLine
 10
5.543993713
 20
-10.75
 30
0.0
 11
5.422334957
 21
-10.75
 31
0.0
  0
LINE
  5
9A
330
1F
100
AcDbEntity
  8
OUTLINE
  6
CONTINUOUS
 62
     2
100
AcDbLine
 10
5.543993713
 20
-22.25
 30
0.0
 11
5.6875
 21
-22.25
 31
0.0
  0
LINE
  5
9B
330
1F
100
AcDbEntity
  8
OUTLINE
  6
CONTINUOUS
 62
     2
100
AcDbLine
 10
5.6875
 20
-10.75
 30
0.0
 11
5.543993713
 21
-10.75
 31
0.0
  0
LINE
  5
9C
330
1F
100
AcDbEntity
  8
OUTLINE
  6
CONTINUOUS
 62
     2
100
AcDbLine
 10
5.6875
 20
-22.25
 30
0.0
 11
8.5
 21
-22.25
 31
0.0
  0
LINE
  5
9D
330
1F
100
AcDbEntity
  8
OUTLINE
  6
CONTINUOUS
 62
     2
100
AcDbLine
 10
8.5
 20
-22.25
 30
0.0
 11
8.5
 21
-10.75
 31
0.0
  0
LINE
  5
9E
330
1F
100
AcDbEntity
  8
OUTLINE
  6
CONTINUOUS
 62
     2
100
AcDbLine
 10
8.5
 20
-10.75
 30
0.0
 11
5.6875
 21
-10.75
 31
0.0
  0
LINE
  5
9F
330
1F
100
AcDbEntity
  8
OUTLINE
  6
CONTINUOUS
 62
     2
100
AcDbLine
 10
49.6875
 20
-22.25
 30
0.0
 11
49.6875
 21
-10.75
 31
0.0
  0
LINE
  5
A0
330
1F
100
AcDbEntity
  8
OUTLINE
  6
CONTINUOUS
 62
     2
100
AcDbLine
 10
49.6875
 20
-10.75
 30
0.0
 11
49.375
 21
-10.75
 31
0.0
  0
LINE
  5
A1
330
1F
100
AcDbEntity
  8
OUTLINE
  6
CONTINUOUS
 62
     2
100
AcDbLine
 10
49.375
 20
-10.75
 30
0.0
 11
49.375
 21
-22.25
 31
0.0
  0
LINE
  5
A2
330
1F
100
AcDbEntity
  8
OUTLINE
  6
CONTINUOUS
 62
     2
100
AcDbLine
 10
49.375
 20
-22.25
 30
0.0
 11
49.6875
 21
-22.25
 31
0.0
  0
LINE
  5
A3
330
1F
100
AcDbEntity
  8
OUTLINE
  6
CONTINUOUS
 62
     2
100
AcDbLine
 10
49.375
 20
-10.75
 30
0.0
 11
49.346454825
 21
-10.75
 31
0.0
  0
LINE
  5
A4
330
1F
100
AcDbEntity
  8
OUTLINE
  6
CONTINUOUS
 62
     2
100
AcDbLine
 10
49.346454825
 20
-22.25
 30
0.0
 11
49.375
 21
-22.25
 31
0.0
  0
LINE
  5
A5
330
1F
100
AcDbEntity
  8
OUTLINE
  6
CONTINUOUS
 62
     2
100
AcDbLine
 10
49.346454825
 20
-10.75
 30
0.0
 11
49.265165043
 21
-10.75
 31
0.0
  0
LINE
  5
A6
330
1F
100
AcDbEntity
  8
OUTLINE
  6
CONTINUOUS
 62
     2
100
AcDbLine
 10
49.265165043
 20
-22.25
 30
0.0
 11
49.346454825
 21
-22.25
 31
0.0
  0
LINE
  5
A7
330
1F
100
AcDbEntity
  8
OUTLINE
  6
CONTINUOUS
 62
     2
100
AcDbLine
 10
49.265165043
 20
-10.75
 30
0.0
 11
49.143506287
 21
-10.75
 31
0.0
  0
LINE
  5
A8
330
1F
100
AcDbEntity
  8
OUTLINE
  6
CONTINUOUS
 62
     2
100
AcDbLine
 10
49.143506287
 20
-22.25
 30
0.0
 11
49.265165043
 21
-22.25
 31
0.0
  0
LINE
  5
A9
330
1F
100
AcDbEntity
  8
OUTLINE
  6
CONTINUOUS
 62
     2
100
AcDbLine
 10
49.143506287
 20
-10.75
 30
0.0
 11
49.0
 21
-10.75
 31
0.0
  0
LINE
  5
AA
330
1F
100
AcDbEntity
  8
OUTLINE
  6
CONTINUOUS
 62
     2
100
AcDbLine
 10
49.0
 20
-22.25
 30
0.0
 11
49.143506287
 21
-22.25
 31
0.0
  0
LINE
  5
AB
330
1F
100
AcDbEntity
  8
OUTLINE
  6
CONTINUOUS
 62
     2
100
AcDbLine
 10
49.0
 20
-10.75
 30
0.0
 11
46.1875
 21
-10.75
 31
0.0
  0
LINE
  5
AC
330
1F
100
AcDbEntity
  8
OUTLINE
  6
CONTINUOUS
 62
     2
100
AcDbLine
 10
46.1875
 20
-10.75
 30
0.0
 11
46.1875
 21
-22.25
 31
0.0
  0
LINE
  5
AD
330
1F
100
AcDbEntity
  8
OUTLINE
  6
CONTINUOUS
 62
     2
100
AcDbLine
 10
46.1875
 20
-22.25
 30
0.0
 11
49.0
 21
-22.25
 31
0.0
  0
LINE
  5
AE
330
1F
100
AcDbEntity
  8
OUTLINE
  6
SDS2_5
 62
     1
100
AcDbLine
 10
22.525
 20
-10.5
 30
0.0
 11
22.15
 21
-10.5
 31
0.0
  0
LINE
  5
AF
330
1F
100
AcDbEntity
  8
OUTLINE
  6
SDS2_5
 62
     1
100
AcDbLine
 10
22.15
 20
-10.5
 30
0.0
 11
22.15
 21
-25.5
 31
0.0
  0
LINE
  5
B0
330
1F
100
AcDbEntity
  8
OUTLINE
  6
SDS2_5
 62
     1
100
AcDbLine
 10
22.15
 20
-25.5
 30
0.0
 11
22.525
 21
-25.5
 31
0.0
  0
LINE
  5
B1
330
1F
100
AcDbEntity
  8
OUTLINE
  6
SDS2_5
 62
     1
100
AcDbLine
 10
22.525
 20
-25.5
 30
0.0
 11
22.525
 21
-10.5
 31
0.0
  0
LINE
  5
B2
330
1F
100
AcDbEntity
  8
OUTLINE
  6
CONTINUOUS
 62
     2
100
AcDbLine
 10
27.51
 20
-19.5
 30
0.0
 11
27.885
 21
-19.5
 31
0.0
  0
LINE
  5
B3
330
1F
100
AcDbEntity
  8
OUTLINE
  6
CONTINUOUS
 62
     2
100
AcDbLine
 10
27.885
 20
-19.5
 30
0.0
 11
27.885
 21
-10.5
 31
0.0
  0
LINE
  5
B4
330
1F
100
AcDbEntity
  8
OUTLINE
  6
CONTINUOUS
 62
     2
100
AcDbLine
 10
27.885
 20
-10.5
 30
0.0
 11
27.51
 21
-10.5
 31
0.0
  0
LINE
  5
B5
330
1F
100
AcDbEntity
  8
OUTLINE
  6
CONTINUOUS
 62
     2
100
AcDbLine
 10
27.51
 20
-10.5
 30
0.0
 11
27.51
 21
-19.5
 31
0.0
  0
LINE
  5
B6
330
1F
100
AcDbEntity
  8
OUTLINE
  6
CONTINUOUS
 62
     2
100
AcDbLine
 10
42.0625
 20
31.738572266
 30
0.0
 11
5.5
 21
31.738572266
 31
0.0
  0
LINE
  5
B7
330
1F
100
AcDbEntity
  8
OUTLINE
  6
CONTINUOUS
 62
     2
100
AcDbLine
 10
5.5
 20
31.738572266
 30
0.0
 11
5.5
 21
25.738572266
 31
0.0
  0
LINE
  5
B8
330
1F
100
AcDbEntity
  8
OUTLINE
  6
CONTINUOUS
 62
     2
100
AcDbLine
 10
5.5
 20
25.738572266
 30
0.0
 11
42.0625
 21
25.738572266
 31
0.0
  0
LINE
  5
B9
330
1F
100
AcDbEntity
  8
OUTLINE
  6
CONTINUOUS
 62
     2
100
AcDbLine
 10
42.0625
 20
25.738572266
 30
0.0
 11
42.0625
 21
28.087572266
 31
0.0
  0
LINE
  5
BA
330
1F
100
AcDbEntity
  8
OUTLINE
  6
CONTINUOUS
 62
     2
100
AcDbLine
 10
42.0625
 20
28.087572266
 30
0.0
 11
42.0625
 21
29.389572266
 31
0.0
  0
LINE
  5
BB
330
1F
100
AcDbEntity
  8
OUTLINE
  6
CONTINUOUS
 62
     2
100
AcDbLine
 10
42.0625
 20
29.389572266
 30
0.0
 11
42.0625
 21
31.738572266
 31
0.0
  0
LINE
  5
BC
330
1F
100
AcDbEntity
  8
OUTLINE
  6
CONTINUOUS
 62
     2
100
AcDbLine
 10
42.083807811
 20
28.941856593
 30
0.0
 11
42.0625
 21
29.013432956
 31
0.0
  0
LINE
  5
BD
330
1F
100
AcDbEntity
  8
OUTLINE
  6
CONTINUOUS
 62
     2
100
AcDbLine
 10
42.0625
 20
28.463711575
 30
0.0
 11
42.083807811
 21
28.535287938
 31
0.0
  0
LINE
  5
BE
330
1F
100
AcDbEntity
  8
OUTLINE
  6
CONTINUOUS
 62
     2
100
AcDbLine
 10
42.083807811
 20
28.535287938
 30
0.0
 11
42.100560234
 21
28.552040362
 31
0.0
  0
LINE
  5
BF
330
1F
100
AcDbEntity
  8
OUTLINE
  6
CONTINUOUS
 62
     2
100
AcDbLine
 10
42.100560234
 20
28.92510417
 30
0.0
 11
42.083807811
 21
28.941856593
 31
0.0
  0
LINE
  5
C0
330
1F
100
AcDbEntity
  8
OUTLINE
  6
SDS2_5
 62
     1
100
AcDbLine
 10
42.241043729
 20
28.888572266
 30
0.0
 11
5.5
 21
28.888572266
 31
0.0
  0
LINE
  5
C1
330
1F
100
AcDbEntity
  8
OUTLINE
  6
SDS2_5
 62
     1
100
AcDbLine
 10
5.5
 20
28.588572266
 30
0.0
 11
42.241043729
 21
28.588572266
 31
0.0
  0
LINE
  5
C2
330
1F
100
AcDbEntity
  8
OUTLINE
  6
CONTINUOUS
 62
     2
100
AcDbLine
 10
42.208946609
 20
28.892838261
 30
0.0
 11
42.100560234
 21
28.92510417
 31
0.0
  0
LINE
  5
C3
330
1F
100
AcDbEntity
  8
OUTLINE
  6
CONTINUOUS
 62
     2
100
AcDbLine
 10
42.100560234
 20
28.552040362
 30
0.0
 11
42.208946609
 21
28.58430627
 31
0.0
  0
LINE
  5
C4
330
1F
100
AcDbEntity
  8
OUTLINE
  6
CONTINUOUS
 62
     2
100
AcDbLine
 10
42.241043729
 20
28.588572266
 30
0.0
 11
42.371158284
 21
28.588572266
 31
0.0
  0
LINE
  5
C5
330
1F
100
AcDbEntity
  8
OUTLINE
  6
CONTINUOUS
 62
     2
100
AcDbLine
 10
42.371158284
 20
28.888572266
 30
0.0
 11
42.241043729
 21
28.888572266
 31
0.0
  0
LINE
  5
C6
330
1F
100
AcDbEntity
  8
OUTLINE
  6
CONTINUOUS
 62
     2
100
AcDbLine
 10
42.241043729
 20
28.888572266
 30
0.0
 11
42.208946609
 21
28.892838261
 31
0.0
  0
LINE
  5
C7
330
1F
100
AcDbEntity
  8
OUTLINE
  6
CONTINUOUS
 62
     2
100
AcDbLine
 10
42.208946609
 20
28.58430627
 30
0.0
 11
42.241043729
 21
28.588572266
 31
0.0
  0
LINE
  5
C8
330
1F
100
AcDbEntity
  8
OUTLINE
  6
CONTINUOUS
 62
     2
100
AcDbLine
 10
42.5625
 20
28.888572266
 30
0.0
 11
42.371158284
 21
28.888572266
 31
0.0
  0
LINE
  5
C9
330
1F
100
AcDbEntity
  8
OUTLINE
  6
CONTINUOUS
 62
     2
100
AcDbLine
 10
42.371158284
 20
28.588572266
 30
0.0
 11
42.5625
 21
28.588572266
 31
0.0
  0
LINE
  5
CA
330
1F
100
AcDbEntity
  8
OUTLINE
  6
CONTINUOUS
 62
     2
100
AcDbLine
 10
49.1875
 20
28.888572266
 30
0.0
 11
42.5625
 21
28.888572266
 31
0.0
  0
LINE
  5
CB
330
1F
100
AcDbEntity
  8
OUTLINE
  6
CONTINUOUS
 62
     2
100
AcDbLine
 10
42.5625
 20
28.588572266
 30
0.0
 11
49.1875
 21
28.588572266
 31
0.0
  0
LINE
  5
CC
330
1F
100
AcDbEntity
  8
OUTLINE
  6
CONTINUOUS
 62
     2
100
AcDbLine
 10
49.1875
 20
28.588572266
 30
0.0
 11
49.1875
 21
28.888572266
 31
0.0
  0
LINE
  5
CD
330
1F
100
AcDbEntity
  8
OUTLINE
  6
CONTINUOUS
 62
     2
100
AcDbLine
 10
5.0
 20
28.588572266
 30
0.0
 11
5.0
 21
24.588572266
 31
0.0
  0
LINE
  5
CE
330
1F
100
AcDbEntity
  8
OUTLINE
  6
CONTINUOUS
 62
     2
100
AcDbLine
 10
5.0
 20
24.588572266
 30
0.0
 11
5.3125
 21
24.588572266
 31
0.0
  0
LINE
  5
CF
330
1F
100
AcDbEntity
  8
OUTLINE
  6
CONTINUOUS
 62
     2
100
AcDbLine
 10
5.3125
 20
24.588572266
 30
0.0
 11
5.3125
 21
27.901072266
 31
0.0
  0
LINE
  5
D0
330
1F
100
AcDbEntity
  8
OUTLINE
  6
CONTINUOUS
 62
     2
100
AcDbLine
 10
5.3125
 20
27.901072266
 30
0.0
 11
5.341045175
 21
28.044578553
 31
0.0
  0
LINE
  5
D1
330
1F
100
AcDbEntity
  8
OUTLINE
  6
CONTINUOUS
 62
     2
100
AcDbLine
 10
5.341045175
 20
28.044578553
 30
0.0
 11
5.422334957
 21
28.166237309
 31
0.0
  0
LINE
  5
D2
330
1F
100
AcDbEntity
  8
OUTLINE
  6
CONTINUOUS
 62
     2
100
AcDbLine
 10
5.422334957
 20
28.166237309
 30
0.0
 11
5.5
 21
28.218131431
 31
0.0
  0
LINE
  5
D3
330
1F
100
AcDbEntity
  8
OUTLINE
  6
SDS2_5
 62
     1
100
AcDbLine
 10
5.5
 20
28.218131431
 30
0.0
 11
5.543993713
 21
28.24752709
 31
0.0
  0
LINE
  5
D4
330
1F
100
AcDbEntity
  8
OUTLINE
  6
SDS2_5
 62
     1
100
AcDbLine
 10
5.543993713
 20
28.24752709
 30
0.0
 11
5.6875
 21
28.276072266
 31
0.0
  0
LINE
  5
D5
330
1F
100
AcDbEntity
  8
OUTLINE
  6
SDS2_5
 62
     1
100
AcDbLine
 10
5.6875
 20
28.276072266
 30
0.0
 11
8.5
 21
28.276072266
 31
0.0
  0
LINE
  5
D6
330
1F
100
AcDbEntity
  8
OUTLINE
  6
SDS2_5
 62
     1
100
AcDbLine
 10
8.5
 20
28.276072266
 30
0.0
 11
8.5
 21
28.588572266
 31
0.0
  0
LINE
  5
D7
330
1F
100
AcDbEntity
  8
OUTLINE
  6
CONTINUOUS
 62
     2
100
AcDbLine
 10
5.5
 20
28.588572266
 30
0.0
 11
5.0
 21
28.588572266
 31
0.0
  0
LINE
  5
D8
330
1F
100
AcDbEntity
  8
OUTLINE
  6
SDS2_5
 62
     1
100
AcDbLine
 10
8.5
 20
28.888572266
 30
0.0
 11
8.5
 21
29.201072266
 31
0.0
  0
LINE
  5
D9
330
1F
100
AcDbEntity
  8
OUTLINE
  6
SDS2_5
 62
     1
100
AcDbLine
 10
8.5
 20
29.201072266
 30
0.0
 11
5.6875
 21
29.201072266
 31
0.0
  0
LINE
  5
DA
330
1F
100
AcDbEntity
  8
OUTLINE
  6
SDS2_5
 62
     1
100
AcDbLine
 10
5.6875
 20
29.201072266
 30
0.0
 11
5.543993713
 21
29.229617441
 31
0.0
  0
LINE
  5
DB
330
1F
100
AcDbEntity
  8
OUTLINE
  6
SDS2_5
 62
     1
100
AcDbLine
 10
5.543993713
 20
29.229617441
 30
0.0
 11
5.5
 21
29.2590131
 31
0.0
  0
LINE
  5
DC
330
1F
100
AcDbEntity
  8
OUTLINE
  6
CONTINUOUS
 62
     2
100
AcDbLine
 10
5.5
 20
29.2590131
 30
0.0
 11
5.422334957
 21
29.310907223
 31
0.0
  0
LINE
  5
DD
330
1F
100
AcDbEntity
  8
OUTLINE
  6
CONTINUOUS
 62
     2
100
AcDbLine
 10
5.422334957
 20
29.310907223
 30
0.0
 11
5.341045175
 21
29.432565978
 31
0.0
  0
LINE
  5
DE
330
1F
100
AcDbEntity
  8
OUTLINE
  6
CONTINUOUS
 62
     2
100
AcDbLine
 10
5.341045175
 20
29.432565978
 30
0.0
 11
5.3125
 21
29.576072266
 31
0.0
  0
LINE
  5
DF
330
1F
100
AcDbEntity
  8
OUTLINE
  6
CONTINUOUS
 62
     2
100
AcDbLine
 10
5.3125
 20
29.576072266
 30
0.0
 11
5.3125
 21
32.888572266
 31
0.0
  0
LINE
  5
E0
330
1F
100
AcDbEntity
  8
OUTLINE
  6
CONTINUOUS
 62
     2
100
AcDbLine
 10
5.3125
 20
32.888572266
 30
0.0
 11
5.0
 21
32.888572266
 31
0.0
  0
LINE
  5
E1
330
1F
100
AcDbEntity
  8
OUTLINE
  6
CONTINUOUS
 62
     2
100
AcDbLine
 10
5.0
 20
32.888572266
 30
0.0
 11
5.0
 21
28.888572266
 31
0.0
  0
LINE
  5
E2
330
1F
100
AcDbEntity
  8
OUTLINE
  6
CONTINUOUS
 62
     2
100
AcDbLine
 10
5.0
 20
28.888572266
 30
0.0
 11
5.5
 21
28.888572266
 31
0.0
  0
LINE
  5
E3
330
1F
100
AcDbEntity
  8
OUTLINE
  6
CONTINUOUS
 62
     2
100
AcDbLine
 10
46.1875
 20
28.588572266
 30
0.0
 11
46.1875
 21
28.276072266
 31
0.0
  0
LINE
  5
E4
330
1F
100
AcDbEntity
  8
OUTLINE
  6
CONTINUOUS
 62
     2
100
AcDbLine
 10
46.1875
 20
28.276072266
 30
0.0
 11
49.0
 21
28.276072266
 31
0.0
  0
LINE
  5
E5
330
1F
100
AcDbEntity
  8
OUTLINE
  6
CONTINUOUS
 62
     2
100
AcDbLine
 10
49.0
 20
28.276072266
 30
0.0
 11
49.143506287
 21
28.24752709
 31
0.0
  0
LINE
  5
E6
330
1F
100
AcDbEntity
  8
OUTLINE
  6
CONTINUOUS
 62
     2
100
AcDbLine
 10
49.143506287
 20
28.24752709
 30
0.0
 11
49.265165043
 21
28.166237309
 31
0.0
  0
LINE
  5
E7
330
1F
100
AcDbEntity
  8
OUTLINE
  6
CONTINUOUS
 62
     2
100
AcDbLine
 10
49.265165043
 20
28.166237309
 30
0.0
 11
49.346454825
 21
28.044578553
 31
0.0
  0
LINE
  5
E8
330
1F
100
AcDbEntity
  8
OUTLINE
  6
CONTINUOUS
 62
     2
100
AcDbLine
 10
49.346454825
 20
28.044578553
 30
0.0
 11
49.375
 21
27.901072266
 31
0.0
  0
LINE
  5
E9
330
1F
100
AcDbEntity
  8
OUTLINE
  6
CONTINUOUS
 62
     2
100
AcDbLine
 10
49.375
 20
27.901072266
 30
0.0
 11
49.375
 21
24.588572266
 31
0.0
  0
LINE
  5
EA
330
1F
100
AcDbEntity
  8
OUTLINE
  6
CONTINUOUS
 62
     2
100
AcDbLine
 10
49.375
 20
24.588572266
 30
0.0
 11
49.6875
 21
24.588572266
 31
0.0
  0
LINE
  5
EB
330
1F
100
AcDbEntity
  8
OUTLINE
  6
CONTINUOUS
 62
     2
100
AcDbLine
 10
49.6875
 20
24.588572266
 30
0.0
 11
49.6875
 21
28.588572266
 31
0.0
  0
LINE
  5
EC
330
1F
100
AcDbEntity
  8
OUTLINE
  6
CONTINUOUS
 62
     2
100
AcDbLine
 10
49.6875
 20
28.588572266
 30
0.0
 11
49.1875
 21
28.588572266
 31
0.0
  0
LINE
  5
ED
330
1F
100
AcDbEntity
  8
OUTLINE
  6
CONTINUOUS
 62
     2
100
AcDbLine
 10
49.6875
 20
28.888572266
 30
0.0
 11
49.6875
 21
32.888572266
 31
0.0
  0
LINE
  5
EE
330
1F
100
AcDbEntity
  8
OUTLINE
  6
CONTINUOUS
 62
     2
100
AcDbLine
 10
49.6875
 20
32.888572266
 30
0.0
 11
49.375
 21
32.888572266
 31
0.0
  0
LINE
  5
EF
330
1F
100
AcDbEntity
  8
OUTLINE
  6
CONTINUOUS
 62
     2
100
AcDbLine
 10
49.375
 20
32.888572266
 30
0.0
 11
49.375
 21
29.576072266
 31
0.0
  0
LINE
  5
F0
330
1F
100
AcDbEntity
  8
OUTLINE
  6
CONTINUOUS
 62
     2
100
AcDbLine
 10
49.375
 20
29.576072266
 30
0.0
 11
49.346454825
 21
29.432565978
 31
0.0
  0
LINE
  5
F1
330
1F
100
AcDbEntity
  8
OUTLINE
  6
CONTINUOUS
 62
     2
100
AcDbLine
 10
49.346454825
 20
29.432565978
 30
0.0
 11
49.265165043
 21
29.310907223
 31
0.0
  0
LINE
  5
F2
330
1F
100
AcDbEntity
  8
OUTLINE
  6
CONTINUOUS
 62
     2
100
AcDbLine
 10
49.265165043
 20
29.310907223
 30
0.0
 11
49.143506287
 21
29.229617441
 31
0.0
  0
LINE
  5
F3
330
1F
100
AcDbEntity
  8
OUTLINE
  6
CONTINUOUS
 62
     2
100
AcDbLine
 10
49.143506287
 20
29.229617441
 30
0.0
 11
49.0
 21
29.201072266
 31
0.0
  0
LINE
  5
F4
330
1F
100
AcDbEntity
  8
OUTLINE
  6
CONTINUOUS
 62
     2
100
AcDbLine
 10
49.0
 20
29.201072266
 30
0.0
 11
46.1875
 21
29.201072266
 31
0.0
  0
LINE
  5
F5
330
1F
100
AcDbEntity
  8
OUTLINE
  6
CONTINUOUS
 62
     2
100
AcDbLine
 10
46.1875
 20
29.201072266
 30
0.0
 11
46.1875
 21
28.888572266
 31
0.0
  0
LINE
  5
F6
330
1F
100
AcDbEntity
  8
OUTLINE
  6
CONTINUOUS
 62
     2
100
AcDbLine
 10
49.1875
 20
28.888572266
 30
0.0
 11
49.6875
 21
28.888572266
 31
0.0
  0
LINE
  5
F7
330
1F
100
AcDbEntity
  8
OUTLINE
  6
CONTINUOUS
 62
     2
100
AcDbLine
 10
22.525
 20
32.888572266
 30
0.0
 11
22.15
 21
32.888572266
 31
0.0
  0
LINE
  5
F8
330
1F
100
AcDbEntity
  8
OUTLINE
  6
CONTINUOUS
 62
     2
100
AcDbLine
 10
22.15
 20
32.888572266
 30
0.0
 11
22.15
 21
31.738572266
 31
0.0
  0
LINE
  5
F9
330
1F
100
AcDbEntity
  8
OUTLINE
  6
SDS2_5
 62
     1
100
AcDbLine
 10
22.15
 20
31.738572266
 30
0.0
 11
22.15
 21
28.888572266
 31
0.0
  0
LINE
  5
FA
330
1F
100
AcDbEntity
  8
OUTLINE
  6
SDS2_5
 62
     1
100
AcDbLine
 10
22.525
 20
28.888572266
 30
0.0
 11
22.525
 21
31.738572266
 31
0.0
  0
LINE
  5
FB
330
1F
100
AcDbEntity
  8
OUTLINE
  6
CONTINUOUS
 62
     2
100
AcDbLine
 10
22.525
 20
31.738572266
 30
0.0
 11
22.525
 21
32.888572266
 31
0.0
  0
LINE
  5
FC
330
1F
100
AcDbEntity
  8
OUTLINE
  6
CONTINUOUS
 62
     2
100
AcDbLine
 10
27.51
 20
24.588572266
 30
0.0
 11
27.885
 21
24.588572266
 31
0.0
  0
LINE
  5
FD
330
1F
100
AcDbEntity
  8
OUTLINE
  6
CONTINUOUS
 62
     2
100
AcDbLine
 10
27.885
 20
24.588572266
 30
0.0
 11
27.885
 21
25.738572266
 31
0.0
  0
LINE
  5
FE
330
1F
100
AcDbEntity
  8
OUTLINE
  6
SDS2_5
 62
     1
100
AcDbLine
 10
27.885
 20
25.738572266
 30
0.0
 11
27.885
 21
28.588572266
 31
0.0
  0
LINE
  5
FF
330
1F
100
AcDbEntity
  8
OUTLINE
  6
SDS2_5
 62
     1
100
AcDbLine
 10
27.51
 20
28.588572266
 30
0.0
 11
27.51
 21
25.738572266
 31
0.0
  0
LINE
  5
100
330
1F
100
AcDbEntity
  8
OUTLINE
  6
CONTINUOUS
 62
     2
100
AcDbLine
 10
27.51
 20
25.738572266
 30
0.0
 11
27.51
 21
24.588572266
 31
0.0
  0
LINE
  5
101
330
1F
100
AcDbEntity
  8
OUTLINE
  6
CONTINUOUS
 62
     2
100
AcDbLine
 10
94.627415661
 20
-16.628562705
 30
0.0
 11
96.777415661
 21
-16.628562705
 31
0.0
  0
LINE
  5
102
330
1F
100
AcDbEntity
  8
OUTLINE
  6
CONTINUOUS
 62
     2
100
AcDbLine
 10
96.777415661
 20
-16.628562705
 30
0.0
 11
96.777415661
 21
-16.203562705
 31
0.0
  0
LINE
  5
103
330
1F
100
AcDbEntity
  8
OUTLINE
  6
CONTINUOUS
 62
     2
100
AcDbLine
 10
96.777415661
 20
-16.203562705
 30
0.0
 11
90.777415661
 21
-16.203562705
 31
0.0
  0
LINE
  5
104
330
1F
100
AcDbEntity
  8
OUTLINE
  6
CONTINUOUS
 62
     2
100
AcDbLine
 10
90.777415661
 20
-16.203562705
 30
0.0
 11
90.777415661
 21
-16.628562705
 31
0.0
  0
LINE
  5
105
330
1F
100
AcDbEntity
  8
OUTLINE
  6
CONTINUOUS
 62
     2
100
AcDbLine
 10
90.777415661
 20
-16.628562705
 30
0.0
 11
92.927415661
 21
-16.628562705
 31
0.0
  0
LINE
  5
106
330
1F
100
AcDbEntity
  8
OUTLINE
  6
CONTINUOUS
 62
     2
100
AcDbLine
 10
92.927415661
 20
-16.628562705
 30
0.0
 11
93.195294063
 21
-16.681847032
 31
0.0
  0
LINE
  5
107
330
1F
100
AcDbEntity
  8
OUTLINE
  6
CONTINUOUS
 62
     2
100
AcDbLine
 10
93.195294063
 20
-16.681847032
 30
0.0
 11
93.422390407
 21
-16.833587958
 31
0.0
  0
LINE
  5
108
330
1F
100
AcDbEntity
  8
OUTLINE
  6
CONTINUOUS
 62
     2
100
AcDbLine
 10
93.422390407
 20
-16.833587958
 30
0.0
 11
93.574131333
 21
-17.060684303
 31
0.0
  0
LINE
  5
109
330
1F
100
AcDbEntity
  8
OUTLINE
  6
CONTINUOUS
 62
     2
100
AcDbLine
 10
93.574131333
 20
-17.060684303
 30
0.0
 11
93.627415661
 21
-17.328562705
 31
0.0
  0
LINE
  5
10A
330
1F
100
AcDbEntity
  8
OUTLINE
  6
CONTINUOUS
 62
     2
100
AcDbLine
 10
93.627415661
 20
-17.328562705
 30
0.0
 11
93.627415661
 21
-32.778562705
 31
0.0
  0
LINE
  5
10B
330
1F
100
AcDbEntity
  8
OUTLINE
  6
CONTINUOUS
 62
     2
100
AcDbLine
 10
93.627415661
 20
-32.778562705
 30
0.0
 11
93.574131333
 21
-33.046441108
 31
0.0
  0
LINE
  5
10C
330
1F
100
AcDbEntity
  8
OUTLINE
  6
CONTINUOUS
 62
     2
100
AcDbLine
 10
93.574131333
 20
-33.046441108
 30
0.0
 11
93.422390407
 21
-33.273537452
 31
0.0
  0
LINE
  5
10D
330
1F
100
AcDbEntity
  8
OUTLINE
  6
CONTINUOUS
 62
     2
100
AcDbLine
 10
93.422390407
 20
-33.273537452
 30
0.0
 11
93.195294063
 21
-33.425278378
 31
0.0
  0
LINE
  5
10E
330
1F
100
AcDbEntity
  8
OUTLINE
  6
CONTINUOUS
 62
     2
100
AcDbLine
 10
93.195294063
 20
-33.425278378
 30
0.0
 11
92.927415661
 21
-33.478562705
 31
0.0
  0
LINE
  5
10F
330
1F
100
AcDbEntity
  8
OUTLINE
  6
CONTINUOUS
 62
     2
100
AcDbLine
 10
92.927415661
 20
-33.478562705
 30
0.0
 11
90.777415661
 21
-33.478562705
 31
0.0
  0
LINE
  5
110
330
1F
100
AcDbEntity
  8
OUTLINE
  6
CONTINUOUS
 62
     2
100
AcDbLine
 10
90.777415661
 20
-33.478562705
 30
0.0
 11
90.777415661
 21
-33.903562705
 31
0.0
  0
LINE
  5
111
330
1F
100
AcDbEntity
  8
OUTLINE
  6
CONTINUOUS
 62
     2
100
AcDbLine
 10
90.777415661
 20
-33.903562705
 30
0.0
 11
96.777415661
 21
-33.903562705
 31
0.0
  0
LINE
  5
112
330
1F
100
AcDbEntity
  8
OUTLINE
  6
CONTINUOUS
 62
     2
100
AcDbLine
 10
96.777415661
 20
-33.903562705
 30
0.0
 11
96.777415661
 21
-33.478562705
 31
0.0
  0
LINE
  5
113
330
1F
100
AcDbEntity
  8
OUTLINE
  6
CONTINUOUS
 62
     2
100
AcDbLine
 10
96.777415661
 20
-33.478562705
 30
0.0
 11
94.627415661
 21
-33.478562705
 31
0.0
  0
LINE
  5
114
330
1F
100
AcDbEntity
  8
OUTLINE
  6
CONTINUOUS
 62
     2
100
AcDbLine
 10
94.627415661
 20
-33.478562705
 30
0.0
 11
94.359537258
 21
-33.425278378
 31
0.0
  0
LINE
  5
115
330
1F
100
AcDbEntity
  8
OUTLINE
  6
CONTINUOUS
 62
     2
100
AcDbLine
 10
94.359537258
 20
-33.425278378
 30
0.0
 11
94.132440914
 21
-33.273537452
 31
0.0
  0
LINE
  5
116
330
1F
100
AcDbEntity
  8
OUTLINE
  6
CONTINUOUS
 62
     2
100
AcDbLine
 10
94.132440914
 20
-33.273537452
 30
0.0
 11
93.980699988
 21
-33.046441108
 31
0.0
  0
LINE
  5
117
330
1F
100
AcDbEntity
  8
OUTLINE
  6
CONTINUOUS
 62
     2
100
AcDbLine
 10
93.980699988
 20
-33.046441108
 30
0.0
 11
93.927415661
 21
-32.778562705
 31
0.0
  0
LINE
  5
118
330
1F
100
AcDbEntity
  8
OUTLINE
  6
CONTINUOUS
 62
     2
100
AcDbLine
 10
93.927415661
 20
-32.778562705
 30
0.0
 11
93.927415661
 21
-17.328562705
 31
0.0
  0
LINE
  5
119
330
1F
100
AcDbEntity
  8
OUTLINE
  6
CONTINUOUS
 62
     2
100
AcDbLine
 10
93.927415661
 20
-17.328562705
 30
0.0
 11
93.980699988
 21
-17.060684303
 31
0.0
  0
LINE
  5
11A
330
1F
100
AcDbEntity
  8
OUTLINE
  6
CONTINUOUS
 62
     2
100
AcDbLine
 10
93.980699988
 20
-17.060684303
 30
0.0
 11
94.132440914
 21
-16.833587958
 31
0.0
  0
LINE
  5
11B
330
1F
100
AcDbEntity
  8
OUTLINE
  6
CONTINUOUS
 62
     2
100
AcDbLine
 10
94.132440914
 20
-16.833587958
 30
0.0
 11
94.359537258
 21
-16.681847032
 31
0.0
  0
LINE
  5
11C
330
1F
100
AcDbEntity
  8
OUTLINE
  6
CONTINUOUS
 62
     2
100
AcDbLine
 10
94.359537258
 20
-16.681847032
 30
0.0
 11
94.627415661
 21
-16.628562705
 31
0.0
  0
LINE
  5
11D
330
1F
100
AcDbEntity
  8
OUTLINE
  6
CONTINUOUS
 62
     2
100
AcDbLine
 10
93.927415661
 20
-32.703562705
 30
0.0
 11
97.927415661
 21
-32.703562705
 31
0.0
  0
LINE
  5
11E
330
1F
100
AcDbEntity
  8
OUTLINE
  6
CONTINUOUS
 62
     2
100
AcDbLine
 10
97.927415661
 20
-32.703562705
 30
0.0
 11
97.927415661
 21
-17.703562705
 31
0.0
  0
LINE
  5
11F
330
1F
100
AcDbEntity
  8
OUTLINE
  6
CONTINUOUS
 62
     2
100
AcDbLine
 10
97.927415661
 20
-17.703562705
 30
0.0
 11
93.927415661
 21
-17.703562705
 31
0.0
  0
LINE
  5
120
330
1F
100
AcDbEntity
  8
OUTLINE
  6
CONTINUOUS
 62
     2
100
AcDbLine
 10
94.627415661
 20
29.742994688
 30
0.0
 11
96.777415661
 21
29.742994688
 31
0.0
  0
LINE
  5
121
330
1F
100
AcDbEntity
  8
OUTLINE
  6
CONTINUOUS
 62
     2
100
AcDbLine
 10
96.777415661
 20
29.742994688
 30
0.0
 11
96.777415661
 21
30.167994688
 31
0.0
  0
LINE
  5
122
330
1F
100
AcDbEntity
  8
OUTLINE
  6
CONTINUOUS
 62
     2
100
AcDbLine
 10
96.777415661
 20
30.167994688
 30
0.0
 11
90.777415661
 21
30.167994688
 31
0.0
  0
LINE
  5
123
330
1F
100
AcDbEntity
  8
OUTLINE
  6
CONTINUOUS
 62
     2
100
AcDbLine
 10
90.777415661
 20
30.167994688
 30
0.0
 11
90.777415661
 21
29.742994688
 31
0.0
  0
LINE
  5
124
330
1F
100
AcDbEntity
  8
OUTLINE
  6
CONTINUOUS
 62
     2
100
AcDbLine
 10
90.777415661
 20
29.742994688
 30
0.0
 11
92.927415661
 21
29.742994688
 31
0.0
  0
LINE
  5
125
330
1F
100
AcDbEntity
  8
OUTLINE
  6
CONTINUOUS
 62
     2
100
AcDbLine
 10
92.927415661
 20
29.742994688
 30
0.0
 11
93.195294063
 21
29.689710361
 31
0.0
  0
LINE
  5
126
330
1F
100
AcDbEntity
  8
OUTLINE
  6
CONTINUOUS
 62
     2
100
AcDbLine
 10
93.195294063
 20
29.689710361
 30
0.0
 11
93.422390407
 21
29.537969435
 31
0.0
  0
LINE
  5
127
330
1F
100
AcDbEntity
  8
OUTLINE
  6
CONTINUOUS
 62
     2
100
AcDbLine
 10
93.422390407
 20
29.537969435
 30
0.0
 11
93.574131333
 21
29.310873091
 31
0.0
  0
LINE
  5
128
330
1F
100
AcDbEntity
  8
OUTLINE
  6
CONTINUOUS
 62
     2
100
AcDbLine
 10
93.574131333
 20
29.310873091
 30
0.0
 11
93.627415661
 21
29.042994688
 31
0.0
  0
LINE
  5
129
330
1F
100
AcDbEntity
  8
OUTLINE
  6
CONTINUOUS
 62
     2
100
AcDbLine
 10
93.627415661
 20
29.042994688
 30
0.0
 11
93.627415661
 21
13.592994688
 31
0.0
  0
LINE
  5
12A
330
1F
100
AcDbEntity
  8
OUTLINE
  6
CONTINUOUS
 62
     2
100
AcDbLine
 10
93.627415661
 20
13.592994688
 30
0.0
 11
93.574131333
 21
13.325116286
 31
0.0
  0
LINE
  5
12B
330
1F
100
AcDbEntity
  8
OUTLINE
  6
CONTINUOUS
 62
     2
100
AcDbLine
 10
93.574131333
 20
13.325116286
 30
0.0
 11
93.422390407
 21
13.098019941
 31
0.0
  0
LINE
  5
12C
330
1F
100
AcDbEntity
  8
OUTLINE
  6
CONTINUOUS
 62
     2
100
AcDbLine
 10
93.422390407
 20
13.098019941
 30
0.0
 11
93.195294063
 21
12.946279016
 31
0.0
  0
LINE
  5
12D
330
1F
100
AcDbEntity
  8
OUTLINE
  6
CONTINUOUS
 62
     2
100
AcDbLine
 10
93.195294063
 20
12.946279016
 30
0.0
 11
92.927415661
 21
12.892994688
 31
0.0
  0
LINE
  5
12E
330
1F
100
AcDbEntity
  8
OUTLINE
  6
CONTINUOUS
 62
     2
100
AcDbLine
 10
92.927415661
 20
12.892994688
 30
0.0
 11
90.777415661
 21
12.892994688
 31
0.0
  0
LINE
  5
12F
330
1F
100
AcDbEntity
  8
OUTLINE
  6
CONTINUOUS
 62
     2
100
AcDbLine
 10
90.777415661
 20
12.892994688
 30
0.0
 11
90.777415661
 21
12.467994688
 31
0.0
  0
LINE
  5
130
330
1F
100
AcDbEntity
  8
OUTLINE
  6
CONTINUOUS
 62
     2
100
AcDbLine
 10
90.777415661
 20
12.467994688
 30
0.0
 11
96.777415661
 21
12.467994688
 31
0.0
  0
LINE
  5
131
330
1F
100
AcDbEntity
  8
OUTLINE
  6
CONTINUOUS
 62
     2
100
AcDbLine
 10
96.777415661
 20
12.467994688
 30
0.0
 11
96.777415661
 21
12.892994688
 31
0.0
  0
LINE
  5
132
330
1F
100
AcDbEntity
  8
OUTLINE
  6
CONTINUOUS
 62
     2
100
AcDbLine
 10
96.777415661
 20
12.892994688
 30
0.0
 11
94.627415661
 21
12.892994688
 31
0.0
  0
LINE
  5
133
330
1F
100
AcDbEntity
  8
OUTLINE
  6
CONTINUOUS
 62
     2
100
AcDbLine
 10
94.627415661
 20
12.892994688
 30
0.0
 11
94.359537258
 21
12.946279016
 31
0.0
  0
LINE
  5
134
330
1F
100
AcDbEntity
  8
OUTLINE
  6
CONTINUOUS
 62
     2
100
AcDbLine
 10
94.359537258
 20
12.946279016
 30
0.0
 11
94.132440914
 21
13.098019941
 31
0.0
  0
LINE
  5
135
330
1F
100
AcDbEntity
  8
OUTLINE
  6
CONTINUOUS
 62
     2
100
AcDbLine
 10
94.132440914
 20
13.098019941
 30
0.0
 11
93.980699988
 21
13.325116286
 31
0.0
  0
LINE
  5
136
330
1F
100
AcDbEntity
  8
OUTLINE
  6
CONTINUOUS
 62
     2
100
AcDbLine
 10
93.980699988
 20
13.325116286
 30
0.0
 11
93.927415661
 21
13.592994688
 31
0.0
  0
LINE
  5
137
330
1F
100
AcDbEntity
  8
OUTLINE
  6
CONTINUOUS
 62
     2
100
AcDbLine
 10
93.927415661
 20
13.592994688
 30
0.0
 11
93.927415661
 21
29.042994688
 31
0.0
  0
LINE
  5
138
330
1F
100
AcDbEntity
  8
OUTLINE
  6
CONTINUOUS
 62
     2
100
AcDbLine
 10
93.927415661
 20
29.042994688
 30
0.0
 11
93.980699988
 21
29.310873091
 31
0.0
  0
LINE
  5
139
330
1F
100
AcDbEntity
  8
OUTLINE
  6
CONTINUOUS
 62
     2
100
AcDbLine
 10
93.980699988
 20
29.310873091
 30
0.0
 11
94.132440914
 21
29.537969435
 31
0.0
  0
LINE
  5
13A
330
1F
100
AcDbEntity
  8
OUTLINE
  6
CONTINUOUS
 62
     2
100
AcDbLine
 10
94.132440914
 20
29.537969435
 30
0.0
 11
94.359537258
 21
29.689710361
 31
0.0
  0
LINE
  5
13B
330
1F
100
AcDbEntity
  8
OUTLINE
  6
CONTINUOUS
 62
     2
100
AcDbLine
 10
94.359537258
 20
29.689710361
 30
0.0
 11
94.627415661
 21
29.742994688
 31
0.0
  0
LINE
  5
13C
330
1F
100
AcDbEntity
  8
OUTLINE
  6
CONTINUOUS
 62
     2
100
AcDbLine
 10
89.627415661
 20
28.667994688
 30
0.0
 11
89.627415661
 21
19.667994688
 31
0.0
  0
LINE
  5
13D
330
1F
100
AcDbEntity
  8
OUTLINE
  6
CONTINUOUS
 62
     2
100
AcDbLine
 10
89.627415661
 20
19.667994688
 30
0.0
 11
93.627415661
 21
19.667994688
 31
0.0
  0
LINE
  5
13E
330
1F
100
AcDbEntity
  8
OUTLINE
  6
CONTINUOUS
 62
     2
100
AcDbLine
 10
93.627415661
 20
28.667994688
 30
0.0
 11
89.627415661
 21
28.667994688
 31
0.0
  0
LINE
  5
13F
330
1F
100
AcDbEntity
  8
OUTLINE
  6
SDS2_5
 62
     1
100
AcDbLine
 10
15.5
 20
-9.43
 30
0.0
 11
15.5
 21
-9.425
 31
0.0
  0
LINE
  5
140
330
1F
100
AcDbEntity
  8
OUTLINE
  6
SDS2_5
 62
     1
100
AcDbLine
 10
15.5
 20
-9.425
 30
0.0
 11
15.5
 21
-9.0
 31
0.0
  0
LINE
  5
141
330
1F
100
AcDbEntity
  8
OUTLINE
  6
SDS2_5
 62
     1
100
AcDbLine
 10
15.5
 20
-9.0
 30
0.0
 11
15.5
 21
-8.995
 31
0.0
  0
LINE
  5
142
330
1F
100
AcDbEntity
  8
OUTLINE
  6
SDS2_5
 62
     1
100
AcDbLine
 10
15.5
 20
-8.995
 30
0.0
 11
15.655465144
 21
-8.995
 31
0.0
  0
LINE
  5
143
330
1F
100
AcDbEntity
  8
OUTLINE
  6
SDS2_5
 62
     1
100
AcDbLine
 10
15.655465144
 20
-8.995
 30
0.0
 11
15.655465144
 21
-9.0
 31
0.0
  0
LINE
  5
144
330
1F
100
AcDbEntity
  8
OUTLINE
  6
SDS2_5
 62
     1
100
AcDbLine
 10
15.655465144
 20
-9.0
 30
0.0
 11
15.655465144
 21
-9.425
 31
0.0
  0
LINE
  5
145
330
1F
100
AcDbEntity
  8
OUTLINE
  6
SDS2_5
 62
     1
100
AcDbLine
 10
15.655465144
 20
-9.425
 30
0.0
 11
15.655465144
 21
-9.43
 31
0.0
  0
LINE
  5
146
330
1F
100
AcDbEntity
  8
OUTLINE
  6
SDS2_5
 62
     1
100
AcDbLine
 10
15.655465144
 20
-9.43
 30
0.0
 11
15.5
 21
-9.43
 31
0.0
  0
LINE
  5
147
330
1F
100
AcDbEntity
  8
OUTLINE
  6
SDS2_5
 62
     1
100
AcDbLine
 10
15.655465144
 20
-8.995
 30
0.0
 11
15.78726213
 21
-8.995
 31
0.0
  0
LINE
  5
148
330
1F
100
AcDbEntity
  8
OUTLINE
  6
SDS2_5
 62
     1
100
AcDbLine
 10
15.78726213
 20
-8.995
 30
0.0
 11
15.78726213
 21
-9.0
 31
0.0
  0
LINE
  5
149
330
1F
100
AcDbEntity
  8
OUTLINE
  6
SDS2_5
 62
     1
100
AcDbLine
 10
15.78726213
 20
-9.0
 30
0.0
 11
15.78726213
 21
-9.425
 31
0.0
  0
LINE
  5
14A
330
1F
100
AcDbEntity
  8
OUTLINE
  6
SDS2_5
 62
     1
100
AcDbLine
 10
15.78726213
 20
-9.425
 30
0.0
 11
15.78726213
 21
-9.43
 31
0.0
  0
LINE
  5
14B
330
1F
100
AcDbEntity
  8
OUTLINE
  6
SDS2_5
 62
     1
100
AcDbLine
 10
15.78726213
 20
-9.43
 30
0.0
 11
15.655465144
 21
-9.43
 31
0.0
  0
LINE
  5
14C
330
1F
100
AcDbEntity
  8
OUTLINE
  6
SDS2_5
 62
     1
100
AcDbLine
 10
15.78726213
 20
-8.995
 30
0.0
 11
15.87532606
 21
-8.995
 31
0.0
  0
LINE
  5
14D
330
1F
100
AcDbEntity
  8
OUTLINE
  6
SDS2_5
 62
     1
100
AcDbLine
 10
15.87532606
 20
-8.995
 30
0.0
 11
15.87532606
 21
-9.0
 31
0.0
  0
LINE
  5
14E
330
1F
100
AcDbEntity
  8
OUTLINE
  6
SDS2_5
 62
     1
100
AcDbLine
 10
15.87532606
 20
-9.0
 30
0.0
 11
15.87532606
 21
-9.425
 31
0.0
  0
LINE
  5
14F
330
1F
100
AcDbEntity
  8
OUTLINE
  6
SDS2_5
 62
     1
100
AcDbLine
 10
15.87532606
 20
-9.425
 30
0.0
 11
15.87532606
 21
-9.43
 31
0.0
  0
LINE
  5
150
330
1F
100
AcDbEntity
  8
OUTLINE
  6
SDS2_5
 62
     1
100
AcDbLine
 10
15.87532606
 20
-9.43
 30
0.0
 11
15.78726213
 21
-9.43
 31
0.0
  0
LINE
  5
151
330
1F
100
AcDbEntity
  8
OUTLINE
  6
SDS2_5
 62
     1
100
AcDbLine
 10
15.87532606
 20
-8.995
 30
0.0
 11
15.90625
 21
-8.995
 31
0.0
  0
LINE
  5
152
330
1F
100
AcDbEntity
  8
OUTLINE
  6
SDS2_5
 62
     1
100
AcDbLine
 10
15.90625
 20
-9.43
 30
0.0
 11
15.87532606
 21
-9.43
 31
0.0
  0
LINE
  5
153
330
1F
100
AcDbEntity
  8
OUTLINE
  6
CONTINUOUS
 62
     2
100
AcDbLine
 10
15.90625
 20
-9.43
 30
0.0
 11
15.90625
 21
-9.425
 31
0.0
  0
LINE
  5
154
330
1F
100
AcDbEntity
  8
OUTLINE
  6
SDS2_5
 62
     1
100
AcDbLine
 10
15.90625
 20
-9.425
 30
0.0
 11
15.90625
 21
-9.0
 31
0.0
  0
LINE
  5
155
330
1F
100
AcDbEntity
  8
OUTLINE
  6
CONTINUOUS
 62
     2
100
AcDbLine
 10
15.90625
 20
-9.0
 30
0.0
 11
15.90625
 21
-8.995
 31
0.0
  0
LINE
  5
156
330
1F
100
AcDbEntity
  8
OUTLINE
  6
CONTINUOUS
 62
     2
100
AcDbLine
 10
15.09375
 20
-8.995
 30
0.0
 11
15.09375
 21
-9.0
 31
0.0
  0
LINE
  5
157
330
1F
100
AcDbEntity
  8
OUTLINE
  6
SDS2_5
 62
     1
100
AcDbLine
 10
15.09375
 20
-9.0
 30
0.0
 11
15.09375
 21
-9.425
 31
0.0
  0
LINE
  5
158
330
1F
100
AcDbEntity
  8
OUTLINE
  6
CONTINUOUS
 62
     2
100
AcDbLine
 10
15.09375
 20
-9.425
 30
0.0
 11
15.09375
 21
-9.43
 31
0.0
  0
LINE
  5
159
330
1F
100
AcDbEntity
  8
OUTLINE
  6
SDS2_5
 62
     1
100
AcDbLine
 10
15.09375
 20
-8.995
 30
0.0
 11
15.12467394
 21
-8.995
 31
0.0
  0
LINE
  5
15A
330
1F
100
AcDbEntity
  8
OUTLINE
  6
SDS2_5
 62
     1
100
AcDbLine
 10
15.12467394
 20
-9.43
 30
0.0
 11
15.09375
 21
-9.43
 31
0.0
  0
LINE
  5
15B
330
1F
100
AcDbEntity
  8
OUTLINE
  6
SDS2_5
 62
     1
100
AcDbLine
 10
15.12467394
 20
-9.43
 30
0.0
 11
15.12467394
 21
-9.425
 31
0.0
  0
LINE
  5
15C
330
1F
100
AcDbEntity
  8
OUTLINE
  6
SDS2_5
 62
     1
100
AcDbLine
 10
15.12467394
 20
-9.425
 30
0.0
 11
15.12467394
 21
-9.0
 31
0.0
  0
LINE
  5
15D
330
1F
100
AcDbEntity
  8
OUTLINE
  6
SDS2_5
 62
     1
100
AcDbLine
 10
15.12467394
 20
-9.0
 30
0.0
 11
15.12467394
 21
-8.995
 31
0.0
  0
LINE
  5
15E
330
1F
100
AcDbEntity
  8
OUTLINE
  6
SDS2_5
 62
     1
100
AcDbLine
 10
15.12467394
 20
-8.995
 30
0.0
 11
15.21273787
 21
-8.995
 31
0.0
  0
LINE
  5
15F
330
1F
100
AcDbEntity
  8
OUTLINE
  6
SDS2_5
 62
     1
100
AcDbLine
 10
15.21273787
 20
-9.43
 30
0.0
 11
15.12467394
 21
-9.43
 31
0.0
  0
LINE
  5
160
330
1F
100
AcDbEntity
  8
OUTLINE
  6
SDS2_5
 62
     1
100
AcDbLine
 10
15.21273787
 20
-9.43
 30
0.0
 11
15.21273787
 21
-9.425
 31
0.0
  0
LINE
  5
161
330
1F
100
AcDbEntity
  8
OUTLINE
  6
SDS2_5
 62
     1
100
AcDbLine
 10
15.21273787
 20
-9.425
 30
0.0
 11
15.21273787
 21
-9.0
 31
0.0
  0
LINE
  5
162
330
1F
100
AcDbEntity
  8
OUTLINE
  6
SDS2_5
 62
     1
100
AcDbLine
 10
15.21273787
 20
-9.0
 30
0.0
 11
15.21273787
 21
-8.995
 31
0.0
  0
LINE
  5
163
330
1F
100
AcDbEntity
  8
OUTLINE
  6
SDS2_5
 62
     1
100
AcDbLine
 10
15.21273787
 20
-8.995
 30
0.0
 11
15.344534856
 21
-8.995
 31
0.0
  0
LINE
  5
164
330
1F
100
AcDbEntity
  8
OUTLINE
  6
SDS2_5
 62
     1
100
AcDbLine
 10
15.344534856
 20
-9.43
 30
0.0
 11
15.21273787
 21
-9.43
 31
0.0
  0
LINE
  5
165
330
1F
100
AcDbEntity
  8
OUTLINE
  6
SDS2_5
 62
     1
100
AcDbLine
 10
15.344534856
 20
-9.43
 30
0.0
 11
15.344534856
 21
-9.425
 31
0.0
  0
LINE
  5
166
330
1F
100
AcDbEntity
  8
OUTLINE
  6
SDS2_5
 62
     1
100
AcDbLine
 10
15.344534856
 20
-9.425
 30
0.0
 11
15.344534856
 21
-9.0
 31
0.0
  0
LINE
  5
167
330
1F
100
AcDbEntity
  8
OUTLINE
  6
SDS2_5
 62
     1
100
AcDbLine
 10
15.344534856
 20
-9.0
 30
0.0
 11
15.344534856
 21
-8.995
 31
0.0
  0
LINE
  5
168
330
1F
100
AcDbEntity
  8
OUTLINE
  6
SDS2_5
 62
     1
100
AcDbLine
 10
15.344534856
 20
-8.995
 30
0.0
 11
15.5
 21
-8.995
 31
0.0
  0
LINE
  5
169
330
1F
100
AcDbEntity
  8
OUTLINE
  6
SDS2_5
 62
     1
100
AcDbLine
 10
15.5
 20
-9.43
 30
0.0
 11
15.344534856
 21
-9.43
 31
0.0
  0
LINE
  5
16A
330
1F
100
AcDbEntity
  8
OUTLINE
  6
SDS2_5
 62
     1
100
AcDbLine
 10
36.0625
 20
-9.43
 30
0.0
 11
36.0625
 21
-9.425
 31
0.0
  0
LINE
  5
16B
330
1F
100
AcDbEntity
  8
OUTLINE
  6
SDS2_5
 62
     1
100
AcDbLine
 10
36.0625
 20
-9.425
 30
0.0
 11
36.0625
 21
-9.0
 31
0.0
  0
LINE
  5
16C
330
1F
100
AcDbEntity
  8
OUTLINE
  6
SDS2_5
 62
     1
100
AcDbLine
 10
36.0625
 20
-9.0
 30
0.0
 11
36.0625
 21
-8.995
 31
0.0
  0
LINE
  5
16D
330
1F
100
AcDbEntity
  8
OUTLINE
  6
SDS2_5
 62
     1
100
AcDbLine
 10
36.0625
 20
-8.995
 30
0.0
 11
36.217965144
 21
-8.995
 31
0.0
  0
LINE
  5
16E
330
1F
100
AcDbEntity
  8
OUTLINE
  6
SDS2_5
 62
     1
100
AcDbLine
 10
36.217965144
 20
-8.995
 30
0.0
 11
36.217965144
 21
-9.0
 31
0.0
  0
LINE
  5
16F
330
1F
100
AcDbEntity
  8
OUTLINE
  6
SDS2_5
 62
     1
100
AcDbLine
 10
36.217965144
 20
-9.0
 30
0.0
 11
36.217965144
 21
-9.425
 31
0.0
  0
LINE
  5
170
330
1F
100
AcDbEntity
  8
OUTLINE
  6
SDS2_5
 62
     1
100
AcDbLine
 10
36.217965144
 20
-9.425
 30
0.0
 11
36.217965144
 21
-9.43
 31
0.0
  0
LINE
  5
171
330
1F
100
AcDbEntity
  8
OUTLINE
  6
SDS2_5
 62
     1
100
AcDbLine
 10
36.217965144
 20
-9.43
 30
0.0
 11
36.0625
 21
-9.43
 31
0.0
  0
LINE
  5
172
330
1F
100
AcDbEntity
  8
OUTLINE
  6
SDS2_5
 62
     1
100
AcDbLine
 10
36.217965144
 20
-8.995
 30
0.0
 11
36.34976213
 21
-8.995
 31
0.0
  0
LINE
  5
173
330
1F
100
AcDbEntity
  8
OUTLINE
  6
SDS2_5
 62
     1
100
AcDbLine
 10
36.34976213
 20
-8.995
 30
0.0
 11
36.34976213
 21
-9.0
 31
0.0
  0
LINE
  5
174
330
1F
100
AcDbEntity
  8
OUTLINE
  6
SDS2_5
 62
     1
100
AcDbLine
 10
36.34976213
 20
-9.0
 30
0.0
 11
36.34976213
 21
-9.425
 31
0.0
  0
LINE
  5
175
330
1F
100
AcDbEntity
  8
OUTLINE
  6
SDS2_5
 62
     1
100
AcDbLine
 10
36.34976213
 20
-9.425
 30
0.0
 11
36.34976213
 21
-9.43
 31
0.0
  0
LINE
  5
176
330
1F
100
AcDbEntity
  8
OUTLINE
  6
SDS2_5
 62
     1
100
AcDbLine
 10
36.34976213
 20
-9.43
 30
0.0
 11
36.217965144
 21
-9.43
 31
0.0
  0
LINE
  5
177
330
1F
100
AcDbEntity
  8
OUTLINE
  6
SDS2_5
 62
     1
100
AcDbLine
 10
36.34976213
 20
-8.995
 30
0.0
 11
36.43782606
 21
-8.995
 31
0.0
  0
LINE
  5
178
330
1F
100
AcDbEntity
  8
OUTLINE
  6
SDS2_5
 62
     1
100
AcDbLine
 10
36.43782606
 20
-8.995
 30
0.0
 11
36.43782606
 21
-9.0
 31
0.0
  0
LINE
  5
179
330
1F
100
AcDbEntity
  8
OUTLINE
  6
SDS2_5
 62
     1
100
AcDbLine
 10
36.43782606
 20
-9.0
 30
0.0
 11
36.43782606
 21
-9.425
 31
0.0
  0
LINE
  5
17A
330
1F
100
AcDbEntity
  8
OUTLINE
  6
SDS2_5
 62
     1
100
AcDbLine
 10
36.43782606
 20
-9.425
 30
0.0
 11
36.43782606
 21
-9.43
 31
0.0
  0
LINE
  5
17B
330
1F
100
AcDbEntity
  8
OUTLINE
  6
SDS2_5
 62
     1
100
AcDbLine
 10
36.43782606
 20
-9.43
 30
0.0
 11
36.34976213
 21
-9.43
 31
0.0
  0
LINE
  5
17C
330
1F
100
AcDbEntity
  8
OUTLINE
  6
SDS2_5
 62
     1
100
AcDbLine
 10
36.43782606
 20
-8.995
 30
0.0
 11
36.46875
 21
-8.995
 31
0.0
  0
LINE
  5
17D
330
1F
100
AcDbEntity
  8
OUTLINE
  6
SDS2_5
 62
     1
100
AcDbLine
 10
36.46875
 20
-9.43
 30
0.0
 11
36.43782606
 21
-9.43
 31
0.0
  0
LINE
  5
17E
330
1F
100
AcDbEntity
  8
OUTLINE
  6
CONTINUOUS
 62
     2
100
AcDbLine
 10
36.46875
 20
-9.43
 30
0.0
 11
36.46875
 21
-9.425
 31
0.0
  0
LINE
  5
17F
330
1F
100
AcDbEntity
  8
OUTLINE
  6
SDS2_5
 62
     1
100
AcDbLine
 10
36.46875
 20
-9.425
 30
0.0
 11
36.46875
 21
-9.0
 31
0.0
  0
LINE
  5
180
330
1F
100
AcDbEntity
  8
OUTLINE
  6
CONTINUOUS
 62
     2
100
AcDbLine
 10
36.46875
 20
-9.0
 30
0.0
 11
36.46875
 21
-8.995
 31
0.0
  0
LINE
  5
181
330
1F
100
AcDbEntity
  8
OUTLINE
  6
CONTINUOUS
 62
     2
100
AcDbLine
 10
35.65625
 20
-8.995
 30
0.0
 11
35.65625
 21
-9.0
 31
0.0
  0
LINE
  5
182
330
1F
100
AcDbEntity
  8
OUTLINE
  6
SDS2_5
 62
     1
100
AcDbLine
 10
35.65625
 20
-9.0
 30
0.0
 11
35.65625
 21
-9.425
 31
0.0
  0
LINE
  5
183
330
1F
100
AcDbEntity
  8
OUTLINE
  6
CONTINUOUS
 62
     2
100
AcDbLine
 10
35.65625
 20
-9.425
 30
0.0
 11
35.65625
 21
-9.43
 31
0.0
  0
LINE
  5
184
330
1F
100
AcDbEntity
  8
OUTLINE
  6
SDS2_5
 62
     1
100
AcDbLine
 10
35.65625
 20
-8.995
 30
0.0
 11
35.68717394
 21
-8.995
 31
0.0
  0
LINE
  5
185
330
1F
100
AcDbEntity
  8
OUTLINE
  6
SDS2_5
 62
     1
100
AcDbLine
 10
35.68717394
 20
-9.43
 30
0.0
 11
35.65625
 21
-9.43
 31
0.0
  0
LINE
  5
186
330
1F
100
AcDbEntity
  8
OUTLINE
  6
SDS2_5
 62
     1
100
AcDbLine
 10
35.68717394
 20
-9.43
 30
0.0
 11
35.68717394
 21
-9.425
 31
0.0
  0
LINE
  5
187
330
1F
100
AcDbEntity
  8
OUTLINE
  6
SDS2_5
 62
     1
100
AcDbLine
 10
35.68717394
 20
-9.425
 30
0.0
 11
35.68717394
 21
-9.0
 31
0.0
  0
LINE
  5
188
330
1F
100
AcDbEntity
  8
OUTLINE
  6
SDS2_5
 62
     1
100
AcDbLine
 10
35.68717394
 20
-9.0
 30
0.0
 11
35.68717394
 21
-8.995
 31
0.0
  0
LINE
  5
189
330
1F
100
AcDbEntity
  8
OUTLINE
  6
SDS2_5
 62
     1
100
AcDbLine
 10
35.68717394
 20
-8.995
 30
0.0
 11
35.77523787
 21
-8.995
 31
0.0
  0
LINE
  5
18A
330
1F
100
AcDbEntity
  8
OUTLINE
  6
SDS2_5
 62
     1
100
AcDbLine
 10
35.77523787
 20
-9.43
 30
0.0
 11
35.68717394
 21
-9.43
 31
0.0
  0
LINE
  5
18B
330
1F
100
AcDbEntity
  8
OUTLINE
  6
SDS2_5
 62
     1
100
AcDbLine
 10
35.77523787
 20
-9.43
 30
0.0
 11
35.77523787
 21
-9.425
 31
0.0
  0
LINE
  5
18C
330
1F
100
AcDbEntity
  8
OUTLINE
  6
SDS2_5
 62
     1
100
AcDbLine
 10
35.77523787
 20
-9.425
 30
0.0
 11
35.77523787
 21
-9.0
 31
0.0
  0
LINE
  5
18D
330
1F
100
AcDbEntity
  8
OUTLINE
  6
SDS2_5
 62
     1
100
AcDbLine
 10
35.77523787
 20
-9.0
 30
0.0
 11
35.77523787
 21
-8.995
 31
0.0
  0
LINE
  5
18E
330
1F
100
AcDbEntity
  8
OUTLINE
  6
SDS2_5
 62
     1
100
AcDbLine
 10
35.77523787
 20
-8.995
 30
0.0
 11
35.907034856
 21
-8.995
 31
0.0
  0
LINE
  5
18F
330
1F
100
AcDbEntity
  8
OUTLINE
  6
SDS2_5
 62
     1
100
AcDbLine
 10
35.907034856
 20
-9.43
 30
0.0
 11
35.77523787
 21
-9.43
 31
0.0
  0
LINE
  5
190
330
1F
100
AcDbEntity
  8
OUTLINE
  6
SDS2_5
 62
     1
100
AcDbLine
 10
35.907034856
 20
-9.43
 30
0.0
 11
35.907034856
 21
-9.425
 31
0.0
  0
LINE
  5
191
330
1F
100
AcDbEntity
  8
OUTLINE
  6
SDS2_5
 62
     1
100
AcDbLine
 10
35.907034856
 20
-9.425
 30
0.0
 11
35.907034856
 21
-9.0
 31
0.0
  0
LINE
  5
192
330
1F
100
AcDbEntity
  8
OUTLINE
  6
SDS2_5
 62
     1
100
AcDbLine
 10
35.907034856
 20
-9.0
 30
0.0
 11
35.907034856
 21
-8.995
 31
0.0
  0
LINE
  5
193
330
1F
100
AcDbEntity
  8
OUTLINE
  6
SDS2_5
 62
     1
100
AcDbLine
 10
35.907034856
 20
-8.995
 30
0.0
 11
36.0625
 21
-8.995
 31
0.0
  0
LINE
  5
194
330
1F
100
AcDbEntity
  8
OUTLINE
  6
SDS2_5
 62
     1
100
AcDbLine
 10
36.0625
 20
-9.43
 30
0.0
 11
35.907034856
 21
-9.43
 31
0.0
  0
LINE
  5
195
330
1F
100
AcDbEntity
  8
OUTLINE
  6
SDS2_5
 62
     1
100
AcDbLine
 10
5.3175
 20
-21.40625
 30
0.0
 11
5.3125
 21
-21.40625
 31
0.0
  0
LINE
  5
196
330
1F
100
AcDbEntity
  8
OUTLINE
  6
SDS2_5
 62
     1
100
AcDbLine
 10
5.3125
 20
-21.40625
 30
0.0
 11
5.0
 21
-21.40625
 31
0.0
  0
LINE
  5
197
330
1F
100
AcDbEntity
  8
OUTLINE
  6
SDS2_5
 62
     1
100
AcDbLine
 10
5.0
 20
-21.40625
 30
0.0
 11
4.995
 21
-21.40625
 31
0.0
  0
LINE
  5
198
330
1F
100
AcDbEntity
  8
OUTLINE
  6
SDS2_5
 62
     1
100
AcDbLine
 10
4.995
 20
-21.40625
 30
0.0
 11
4.995
 21
-21.37532606
 31
0.0
  0
LINE
  5
199
330
1F
100
AcDbEntity
  8
OUTLINE
  6
SDS2_5
 62
     1
100
AcDbLine
 10
5.3175
 20
-21.37532606
 30
0.0
 11
5.3175
 21
-21.40625
 31
0.0
  0
LINE
  5
19A
330
1F
100
AcDbEntity
  8
OUTLINE
  6
SDS2_5
 62
     1
100
AcDbLine
 10
5.3175
 20
-21.37532606
 30
0.0
 11
5.3125
 21
-21.37532606
 31
0.0
  0
LINE
  5
19B
330
1F
100
AcDbEntity
  8
OUTLINE
  6
SDS2_5
 62
     1
100
AcDbLine
 10
5.3125
 20
-21.37532606
 30
0.0
 11
5.0
 21
-21.37532606
 31
0.0
  0
LINE
  5
19C
330
1F
100
AcDbEntity
  8
OUTLINE
  6
SDS2_5
 62
     1
100
AcDbLine
 10
5.0
 20
-21.37532606
 30
0.0
 11
4.995
 21
-21.37532606
 31
0.0
  0
LINE
  5
19D
330
1F
100
AcDbEntity
  8
OUTLINE
  6
SDS2_5
 62
     1
100
AcDbLine
 10
4.995
 20
-21.37532606
 30
0.0
 11
4.995
 21
-21.28726213
 31
0.0
  0
LINE
  5
19E
330
1F
100
AcDbEntity
  8
OUTLINE
  6
SDS2_5
 62
     1
100
AcDbLine
 10
5.3175
 20
-21.28726213
 30
0.0
 11
5.3175
 21
-21.37532606
 31
0.0
  0
LINE
  5
19F
330
1F
100
AcDbEntity
  8
OUTLINE
  6
SDS2_5
 62
     1
100
AcDbLine
 10
5.3175
 20
-21.28726213
 30
0.0
 11
5.3125
 21
-21.28726213
 31
0.0
  0
LINE
  5
1A0
330
1F
100
AcDbEntity
  8
OUTLINE
  6
SDS2_5
 62
     1
100
AcDbLine
 10
5.3125
 20
-21.28726213
 30
0.0
 11
5.0
 21
-21.28726213
 31
0.0
  0
LINE
  5
1A1
330
1F
100
AcDbEntity
  8
OUTLINE
  6
SDS2_5
 62
     1
100
AcDbLine
 10
5.0
 20
-21.28726213
 30
0.0
 11
4.995
 21
-21.28726213
 31
0.0
  0
LINE
  5
1A2
330
1F
100
AcDbEntity
  8
OUTLINE
  6
SDS2_5
 62
     1
100
AcDbLine
 10
4.995
 20
-21.28726213
 30
0.0
 11
4.995
 21
-21.155465144
 31
0.0
  0
LINE
  5
1A3
330
1F
100
AcDbEntity
  8
OUTLINE
  6
SDS2_5
 62
     1
100
AcDbLine
 10
5.3175
 20
-21.155465144
 30
0.0
 11
5.3175
 21
-21.28726213
 31
0.0
  0
LINE
  5
1A4
330
1F
100
AcDbEntity
  8
OUTLINE
  6
SDS2_5
 62
     1
100
AcDbLine
 10
5.3175
 20
-21.155465144
 30
0.0
 11
5.3125
 21
-21.155465144
 31
0.0
  0
LINE
  5
1A5
330
1F
100
AcDbEntity
  8
OUTLINE
  6
SDS2_5
 62
     1
100
AcDbLine
 10
5.3125
 20
-21.155465144
 30
0.0
 11
5.0
 21
-21.155465144
 31
0.0
  0
LINE
  5
1A6
330
1F
100
AcDbEntity
  8
OUTLINE
  6
SDS2_5
 62
     1
100
AcDbLine
 10
5.0
 20
-21.155465144
 30
0.0
 11
4.995
 21
-21.155465144
 31
0.0
  0
LINE
  5
1A7
330
1F
100
AcDbEntity
  8
OUTLINE
  6
SDS2_5
 62
     1
100
AcDbLine
 10
4.995
 20
-21.155465144
 30
0.0
 11
4.995
 21
-21.0
 31
0.0
  0
LINE
  5
1A8
330
1F
100
AcDbEntity
  8
OUTLINE
  6
SDS2_5
 62
     1
100
AcDbLine
 10
4.995
 20
-21.0
 30
0.0
 11
5.0
 21
-21.0
 31
0.0
  0
LINE
  5
1A9
330
1F
100
AcDbEntity
  8
OUTLINE
  6
SDS2_5
 62
     1
100
AcDbLine
 10
5.0
 20
-21.0
 30
0.0
 11
5.3125
 21
-21.0
 31
0.0
  0
LINE
  5
1AA
330
1F
100
AcDbEntity
  8
OUTLINE
  6
SDS2_5
 62
     1
100
AcDbLine
 10
5.3125
 20
-21.0
 30
0.0
 11
5.3175
 21
-21.0
 31
0.0
  0
LINE
  5
1AB
330
1F
100
AcDbEntity
  8
OUTLINE
  6
SDS2_5
 62
     1
100
AcDbLine
 10
5.3175
 20
-21.0
 30
0.0
 11
5.3175
 21
-21.155465144
 31
0.0
  0
LINE
  5
1AC
330
1F
100
AcDbEntity
  8
OUTLINE
  6
SDS2_5
 62
     1
100
AcDbLine
 10
4.995
 20
-21.0
 30
0.0
 11
4.995
 21
-20.844534856
 31
0.0
  0
LINE
  5
1AD
330
1F
100
AcDbEntity
  8
OUTLINE
  6
SDS2_5
 62
     1
100
AcDbLine
 10
4.995
 20
-20.844534856
 30
0.0
 11
5.0
 21
-20.844534856
 31
0.0
  0
LINE
  5
1AE
330
1F
100
AcDbEntity
  8
OUTLINE
  6
SDS2_5
 62
     1
100
AcDbLine
 10
5.0
 20
-20.844534856
 30
0.0
 11
5.3125
 21
-20.844534856
 31
0.0
  0
LINE
  5
1AF
330
1F
100
AcDbEntity
  8
OUTLINE
  6
SDS2_5
 62
     1
100
AcDbLine
 10
5.3125
 20
-20.844534856
 30
0.0
 11
5.3175
 21
-20.844534856
 31
0.0
  0
LINE
  5
1B0
330
1F
100
AcDbEntity
  8
OUTLINE
  6
SDS2_5
 62
     1
100
AcDbLine
 10
5.3175
 20
-20.844534856
 30
0.0
 11
5.3175
 21
-21.0
 31
0.0
  0
LINE
  5
1B1
330
1F
100
AcDbEntity
  8
OUTLINE
  6
SDS2_5
 62
     1
100
AcDbLine
 10
4.995
 20
-20.844534856
 30
0.0
 11
4.995
 21
-20.71273787
 31
0.0
  0
LINE
  5
1B2
330
1F
100
AcDbEntity
  8
OUTLINE
  6
SDS2_5
 62
     1
100
AcDbLine
 10
4.995
 20
-20.71273787
 30
0.0
 11
5.0
 21
-20.71273787
 31
0.0
  0
LINE
  5
1B3
330
1F
100
AcDbEntity
  8
OUTLINE
  6
SDS2_5
 62
     1
100
AcDbLine
 10
5.0
 20
-20.71273787
 30
0.0
 11
5.3125
 21
-20.71273787
 31
0.0
  0
LINE
  5
1B4
330
1F
100
AcDbEntity
  8
OUTLINE
  6
SDS2_5
 62
     1
100
AcDbLine
 10
5.3125
 20
-20.71273787
 30
0.0
 11
5.3175
 21
-20.71273787
 31
0.0
  0
LINE
  5
1B5
330
1F
100
AcDbEntity
  8
OUTLINE
  6
SDS2_5
 62
     1
100
AcDbLine
 10
5.3175
 20
-20.71273787
 30
0.0
 11
5.3175
 21
-20.844534856
 31
0.0
  0
LINE
  5
1B6
330
1F
100
AcDbEntity
  8
OUTLINE
  6
SDS2_5
 62
     1
100
AcDbLine
 10
4.995
 20
-20.71273787
 30
0.0
 11
4.995
 21
-20.62467394
 31
0.0
  0
LINE
  5
1B7
330
1F
100
AcDbEntity
  8
OUTLINE
  6
SDS2_5
 62
     1
100
AcDbLine
 10
4.995
 20
-20.62467394
 30
0.0
 11
5.0
 21
-20.62467394
 31
0.0
  0
LINE
  5
1B8
330
1F
100
AcDbEntity
  8
OUTLINE
  6
SDS2_5
 62
     1
100
AcDbLine
 10
5.0
 20
-20.62467394
 30
0.0
 11
5.3125
 21
-20.62467394
 31
0.0
  0
LINE
  5
1B9
330
1F
100
AcDbEntity
  8
OUTLINE
  6
SDS2_5
 62
     1
100
AcDbLine
 10
5.3125
 20
-20.62467394
 30
0.0
 11
5.3175
 21
-20.62467394
 31
0.0
  0
LINE
  5
1BA
330
1F
100
AcDbEntity
  8
OUTLINE
  6
SDS2_5
 62
     1
100
AcDbLine
 10
5.3175
 20
-20.62467394
 30
0.0
 11
5.3175
 21
-20.71273787
 31
0.0
  0
LINE
  5
1BB
330
1F
100
AcDbEntity
  8
OUTLINE
  6
SDS2_5
 62
     1
100
AcDbLine
 10
4.995
 20
-20.62467394
 30
0.0
 11
4.995
 21
-20.59375
 31
0.0
  0
LINE
  5
1BC
330
1F
100
AcDbEntity
  8
OUTLINE
  6
SDS2_5
 62
     1
100
AcDbLine
 10
4.995
 20
-20.59375
 30
0.0
 11
5.0
 21
-20.59375
 31
0.0
  0
LINE
  5
1BD
330
1F
100
AcDbEntity
  8
OUTLINE
  6
SDS2_5
 62
     1
100
AcDbLine
 10
5.0
 20
-20.59375
 30
0.0
 11
5.3125
 21
-20.59375
 31
0.0
  0
LINE
  5
1BE
330
1F
100
AcDbEntity
  8
OUTLINE
  6
SDS2_5
 62
     1
100
AcDbLine
 10
5.3125
 20
-20.59375
 30
0.0
 11
5.3175
 21
-20.59375
 31
0.0
  0
LINE
  5
1BF
330
1F
100
AcDbEntity
  8
OUTLINE
  6
SDS2_5
 62
     1
100
AcDbLine
 10
5.3175
 20
-20.59375
 30
0.0
 11
5.3175
 21
-20.62467394
 31
0.0
  0
LINE
  5
1C0
330
1F
100
AcDbEntity
  8
OUTLINE
  6
SDS2_5
 62
     1
100
AcDbLine
 10
5.3175
 20
-18.40625
 30
0.0
 11
5.3125
 21
-18.40625
 31
0.0
  0
LINE
  5
1C1
330
1F
100
AcDbEntity
  8
OUTLINE
  6
SDS2_5
 62
     1
100
AcDbLine
 10
5.3125
 20
-18.40625
 30
0.0
 11
5.0
 21
-18.40625
 31
0.0
  0
LINE
  5
1C2
330
1F
100
AcDbEntity
  8
OUTLINE
  6
SDS2_5
 62
     1
100
AcDbLine
 10
5.0
 20
-18.40625
 30
0.0
 11
4.995
 21
-18.40625
 31
0.0
  0
LINE
  5
1C3
330
1F
100
AcDbEntity
  8
OUTLINE
  6
SDS2_5
 62
     1
100
AcDbLine
 10
4.995
 20
-18.40625
 30
0.0
 11
4.995
 21
-18.37532606
 31
0.0
  0
LINE
  5
1C4
330
1F
100
AcDbEntity
  8
OUTLINE
  6
SDS2_5
 62
     1
100
AcDbLine
 10
5.3175
 20
-18.37532606
 30
0.0
 11
5.3175
 21
-18.40625
 31
0.0
  0
LINE
  5
1C5
330
1F
100
AcDbEntity
  8
OUTLINE
  6
SDS2_5
 62
     1
100
AcDbLine
 10
5.3175
 20
-18.37532606
 30
0.0
 11
5.3125
 21
-18.37532606
 31
0.0
  0
LINE
  5
1C6
330
1F
100
AcDbEntity
  8
OUTLINE
  6
SDS2_5
 62
     1
100
AcDbLine
 10
5.3125
 20
-18.37532606
 30
0.0
 11
5.0
 21
-18.37532606
 31
0.0
  0
LINE
  5
1C7
330
1F
100
AcDbEntity
  8
OUTLINE
  6
SDS2_5
 62
     1
100
AcDbLine
 10
5.0
 20
-18.37532606
 30
0.0
 11
4.995
 21
-18.37532606
 31
0.0
  0
LINE
  5
1C8
330
1F
100
AcDbEntity
  8
OUTLINE
  6
SDS2_5
 62
     1
100
AcDbLine
 10
4.995
 20
-18.37532606
 30
0.0
 11
4.995
 21
-18.28726213
 31
0.0
  0
LINE
  5
1C9
330
1F
100
AcDbEntity
  8
OUTLINE
  6
SDS2_5
 62
     1
100
AcDbLine
 10
5.3175
 20
-18.28726213
 30
0.0
 11
5.3175
 21
-18.37532606
 31
0.0
  0
LINE
  5
1CA
330
1F
100
AcDbEntity
  8
OUTLINE
  6
SDS2_5
 62
     1
100
AcDbLine
 10
5.3175
 20
-18.28726213
 30
0.0
 11
5.3125
 21
-18.28726213
 31
0.0
  0
LINE
  5
1CB
330
1F
100
AcDbEntity
  8
OUTLINE
  6
SDS2_5
 62
     1
100
AcDbLine
 10
5.3125
 20
-18.28726213
 30
0.0
 11
5.0
 21
-18.28726213
 31
0.0
  0
LINE
  5
1CC
330
1F
100
AcDbEntity
  8
OUTLINE
  6
SDS2_5
 62
     1
100
AcDbLine
 10
5.0
 20
-18.28726213
 30
0.0
 11
4.995
 21
-18.28726213
 31
0.0
  0
LINE
  5
1CD
330
1F
100
AcDbEntity
  8
OUTLINE
  6
SDS2_5
 62
     1
100
AcDbLine
 10
4.995
 20
-18.28726213
 30
0.0
 11
4.995
 21
-18.155465144
 31
0.0
  0
LINE
  5
1CE
330
1F
100
AcDbEntity
  8
OUTLINE
  6
SDS2_5
 62
     1
100
AcDbLine
 10
5.3175
 20
-18.155465144
 30
0.0
 11
5.3175
 21
-18.28726213
 31
0.0
  0
LINE
  5
1CF
330
1F
100
AcDbEntity
  8
OUTLINE
  6
SDS2_5
 62
     1
100
AcDbLine
 10
5.3175
 20
-18.155465144
 30
0.0
 11
5.3125
 21
-18.155465144
 31
0.0
  0
LINE
  5
1D0
330
1F
100
AcDbEntity
  8
OUTLINE
  6
SDS2_5
 62
     1
100
AcDbLine
 10
5.3125
 20
-18.155465144
 30
0.0
 11
5.0
 21
-18.155465144
 31
0.0
  0
LINE
  5
1D1
330
1F
100
AcDbEntity
  8
OUTLINE
  6
SDS2_5
 62
     1
100
AcDbLine
 10
5.0
 20
-18.155465144
 30
0.0
 11
4.995
 21
-18.155465144
 31
0.0
  0
LINE
  5
1D2
330
1F
100
AcDbEntity
  8
OUTLINE
  6
SDS2_5
 62
     1
100
AcDbLine
 10
4.995
 20
-18.155465144
 30
0.0
 11
4.995
 21
-18.0
 31
0.0
  0
LINE
  5
1D3
330
1F
100
AcDbEntity
  8
OUTLINE
  6
SDS2_5
 62
     1
100
AcDbLine
 10
4.995
 20
-18.0
 30
0.0
 11
5.0
 21
-18.0
 31
0.0
  0
LINE
  5
1D4
330
1F
100
AcDbEntity
  8
OUTLINE
  6
SDS2_5
 62
     1
100
AcDbLine
 10
5.0
 20
-18.0
 30
0.0
 11
5.3125
 21
-18.0
 31
0.0
  0
LINE
  5
1D5
330
1F
100
AcDbEntity
  8
OUTLINE
  6
SDS2_5
 62
     1
100
AcDbLine
 10
5.3125
 20
-18.0
 30
0.0
 11
5.3175
 21
-18.0
 31
0.0
  0
LINE
  5
1D6
330
1F
100
AcDbEntity
  8
OUTLINE
  6
SDS2_5
 62
     1
100
AcDbLine
 10
5.3175
 20
-18.0
 30
0.0
 11
5.3175
 21
-18.155465144
 31
0.0
  0
LINE
  5
1D7
330
1F
100
AcDbEntity
  8
OUTLINE
  6
SDS2_5
 62
     1
100
AcDbLine
 10
4.995
 20
-18.0
 30
0.0
 11
4.995
 21
-17.844534856
 31
0.0
  0
LINE
  5
1D8
330
1F
100
AcDbEntity
  8
OUTLINE
  6
SDS2_5
 62
     1
100
AcDbLine
 10
4.995
 20
-17.844534856
 30
0.0
 11
5.0
 21
-17.844534856
 31
0.0
  0
LINE
  5
1D9
330
1F
100
AcDbEntity
  8
OUTLINE
  6
SDS2_5
 62
     1
100
AcDbLine
 10
5.0
 20
-17.844534856
 30
0.0
 11
5.3125
 21
-17.844534856
 31
0.0
  0
LINE
  5
1DA
330
1F
100
AcDbEntity
  8
OUTLINE
  6
SDS2_5
 62
     1
100
AcDbLine
 10
5.3125
 20
-17.844534856
 30
0.0
 11
5.3175
 21
-17.844534856
 31
0.0
  0
LINE
  5
1DB
330
1F
100
AcDbEntity
  8
OUTLINE
  6
SDS2_5
 62
     1
100
AcDbLine
 10
5.3175
 20
-17.844534856
 30
0.0
 11
5.3175
 21
-18.0
 31
0.0
  0
LINE
  5
1DC
330
1F
100
AcDbEntity
  8
OUTLINE
  6
SDS2_5
 62
     1
100
AcDbLine
 10
4.995
 20
-17.844534856
 30
0.0
 11
4.995
 21
-17.71273787
 31
0.0
  0
LINE
  5
1DD
330
1F
100
AcDbEntity
  8
OUTLINE
  6
SDS2_5
 62
     1
100
AcDbLine
 10
4.995
 20
-17.71273787
 30
0.0
 11
5.0
 21
-17.71273787
 31
0.0
  0
LINE
  5
1DE
330
1F
100
AcDbEntity
  8
OUTLINE
  6
SDS2_5
 62
     1
100
AcDbLine
 10
5.0
 20
-17.71273787
 30
0.0
 11
5.3125
 21
-17.71273787
 31
0.0
  0
LINE
  5
1DF
330
1F
100
AcDbEntity
  8
OUTLINE
  6
SDS2_5
 62
     1
100
AcDbLine
 10
5.3125
 20
-17.71273787
 30
0.0
 11
5.3175
 21
-17.71273787
 31
0.0
  0
LINE
  5
1E0
330
1F
100
AcDbEntity
  8
OUTLINE
  6
SDS2_5
 62
     1
100
AcDbLine
 10
5.3175
 20
-17.71273787
 30
0.0
 11
5.3175
 21
-17.844534856
 31
0.0
  0
LINE
  5
1E1
330
1F
100
AcDbEntity
  8
OUTLINE
  6
SDS2_5
 62
     1
100
AcDbLine
 10
4.995
 20
-17.71273787
 30
0.0
 11
4.995
 21
-17.62467394
 31
0.0
  0
LINE
  5
1E2
330
1F
100
AcDbEntity
  8
OUTLINE
  6
SDS2_5
 62
     1
100
AcDbLine
 10
4.995
 20
-17.62467394
 30
0.0
 11
5.0
 21
-17.62467394
 31
0.0
  0
LINE
  5
1E3
330
1F
100
AcDbEntity
  8
OUTLINE
  6
SDS2_5
 62
     1
100
AcDbLine
 10
5.0
 20
-17.62467394
 30
0.0
 11
5.3125
 21
-17.62467394
 31
0.0
  0
LINE
  5
1E4
330
1F
100
AcDbEntity
  8
OUTLINE
  6
SDS2_5
 62
     1
100
AcDbLine
 10
5.3125
 20
-17.62467394
 30
0.0
 11
5.3175
 21
-17.62467394
 31
0.0
  0
LINE
  5
1E5
330
1F
100
AcDbEntity
  8
OUTLINE
  6
SDS2_5
 62
     1
100
AcDbLine
 10
5.3175
 20
-17.62467394
 30
0.0
 11
5.3175
 21
-17.71273787
 31
0.0
  0
LINE
  5
1E6
330
1F
100
AcDbEntity
  8
OUTLINE
  6
SDS2_5
 62
     1
100
AcDbLine
 10
4.995
 20
-17.62467394
 30
0.0
 11
4.995
 21
-17.59375
 31
0.0
  0
LINE
  5
1E7
330
1F
100
AcDbEntity
  8
OUTLINE
  6
SDS2_5
 62
     1
100
AcDbLine
 10
4.995
 20
-17.59375
 30
0.0
 11
5.0
 21
-17.59375
 31
0.0
  0
LINE
  5
1E8
330
1F
100
AcDbEntity
  8
OUTLINE
  6
SDS2_5
 62
     1
100
AcDbLine
 10
5.0
 20
-17.59375
 30
0.0
 11
5.3125
 21
-17.59375
 31
0.0
  0
LINE
  5
1E9
330
1F
100
AcDbEntity
  8
OUTLINE
  6
SDS2_5
 62
     1
100
AcDbLine
 10
5.3125
 20
-17.59375
 30
0.0
 11
5.3175
 21
-17.59375
 31
0.0
  0
LINE
  5
1EA
330
1F
100
AcDbEntity
  8
OUTLINE
  6
SDS2_5
 62
     1
100
AcDbLine
 10
5.3175
 20
-17.59375
 30
0.0
 11
5.3175
 21
-17.62467394
 31
0.0
  0
LINE
  5
1EB
330
1F
100
AcDbEntity
  8
OUTLINE
  6
SDS2_5
 62
     1
100
AcDbLine
 10
5.3175
 20
-15.40625
 30
0.0
 11
5.3125
 21
-15.40625
 31
0.0
  0
LINE
  5
1EC
330
1F
100
AcDbEntity
  8
OUTLINE
  6
SDS2_5
 62
     1
100
AcDbLine
 10
5.3125
 20
-15.40625
 30
0.0
 11
5.0
 21
-15.40625
 31
0.0
  0
LINE
  5
1ED
330
1F
100
AcDbEntity
  8
OUTLINE
  6
SDS2_5
 62
     1
100
AcDbLine
 10
5.0
 20
-15.40625
 30
0.0
 11
4.995
 21
-15.40625
 31
0.0
  0
LINE
  5
1EE
330
1F
100
AcDbEntity
  8
OUTLINE
  6
SDS2_5
 62
     1
100
AcDbLine
 10
4.995
 20
-15.40625
 30
0.0
 11
4.995
 21
-15.37532606
 31
0.0
  0
LINE
  5
1EF
330
1F
100
AcDbEntity
  8
OUTLINE
  6
SDS2_5
 62
     1
100
AcDbLine
 10
5.3175
 20
-15.37532606
 30
0.0
 11
5.3175
 21
-15.40625
 31
0.0
  0
LINE
  5
1F0
330
1F
100
AcDbEntity
  8
OUTLINE
  6
SDS2_5
 62
     1
100
AcDbLine
 10
5.3175
 20
-15.37532606
 30
0.0
 11
5.3125
 21
-15.37532606
 31
0.0
  0
LINE
  5
1F1
330
1F
100
AcDbEntity
  8
OUTLINE
  6
SDS2_5
 62
     1
100
AcDbLine
 10
5.3125
 20
-15.37532606
 30
0.0
 11
5.0
 21
-15.37532606
 31
0.0
  0
LINE
  5
1F2
330
1F
100
AcDbEntity
  8
OUTLINE
  6
SDS2_5
 62
     1
100
AcDbLine
 10
5.0
 20
-15.37532606
 30
0.0
 11
4.995
 21
-15.37532606
 31
0.0
  0
LINE
  5
1F3
330
1F
100
AcDbEntity
  8
OUTLINE
  6
SDS2_5
 62
     1
100
AcDbLine
 10
4.995
 20
-15.37532606
 30
0.0
 11
4.995
 21
-15.28726213
 31
0.0
  0
LINE
  5
1F4
330
1F
100
AcDbEntity
  8
OUTLINE
  6
SDS2_5
 62
     1
100
AcDbLine
 10
5.3175
 20
-15.28726213
 30
0.0
 11
5.3175
 21
-15.37532606
 31
0.0
  0
LINE
  5
1F5
330
1F
100
AcDbEntity
  8
OUTLINE
  6
SDS2_5
 62
     1
100
AcDbLine
 10
5.3175
 20
-15.28726213
 30
0.0
 11
5.3125
 21
-15.28726213
 31
0.0
  0
LINE
  5
1F6
330
1F
100
AcDbEntity
  8
OUTLINE
  6
SDS2_5
 62
     1
100
AcDbLine
 10
5.3125
 20
-15.28726213
 30
0.0
 11
5.0
 21
-15.28726213
 31
0.0
  0
LINE
  5
1F7
330
1F
100
AcDbEntity
  8
OUTLINE
  6
SDS2_5
 62
     1
100
AcDbLine
 10
5.0
 20
-15.28726213
 30
0.0
 11
4.995
 21
-15.28726213
 31
0.0
  0
LINE
  5
1F8
330
1F
100
AcDbEntity
  8
OUTLINE
  6
SDS2_5
 62
     1
100
AcDbLine
 10
4.995
 20
-15.28726213
 30
0.0
 11
4.995
 21
-15.155465144
 31
0.0
  0
LINE
  5
1F9
330
1F
100
AcDbEntity
  8
OUTLINE
  6
SDS2_5
 62
     1
100
AcDbLine
 10
5.3175
 20
-15.155465144
 30
0.0
 11
5.3175
 21
-15.28726213
 31
0.0
  0
LINE
  5
1FA
330
1F
100
AcDbEntity
  8
OUTLINE
  6
SDS2_5
 62
     1
100
AcDbLine
 10
5.3175
 20
-15.155465144
 30
0.0
 11
5.3125
 21
-15.155465144
 31
0.0
  0
LINE
  5
1FB
330
1F
100
AcDbEntity
  8
OUTLINE
  6
SDS2_5
 62
     1
100
AcDbLine
 10
5.3125
 20
-15.155465144
 30
0.0
 11
5.0
 21
-15.155465144
 31
0.0
  0
LINE
  5
1FC
330
1F
100
AcDbEntity
  8
OUTLINE
  6
SDS2_5
 62
     1
100
AcDbLine
 10
5.0
 20
-15.155465144
 30
0.0
 11
4.995
 21
-15.155465144
 31
0.0
  0
LINE
  5
1FD
330
1F
100
AcDbEntity
  8
OUTLINE
  6
SDS2_5
 62
     1
100
AcDbLine
 10
4.995
 20
-15.155465144
 30
0.0
 11
4.995
 21
-15.0
 31
0.0
  0
LINE
  5
1FE
330
1F
100
AcDbEntity
  8
OUTLINE
  6
SDS2_5
 62
     1
100
AcDbLine
 10
4.995
 20
-15.0
 30
0.0
 11
5.0
 21
-15.0
 31
0.0
  0
LINE
  5
1FF
330
1F
100
AcDbEntity
  8
OUTLINE
  6
SDS2_5
 62
     1
100
AcDbLine
 10
5.0
 20
-15.0
 30
0.0
 11
5.3125
 21
-15.0
 31
0.0
  0
LINE
  5
200
330
1F
100
AcDbEntity
  8
OUTLINE
  6
SDS2_5
 62
     1
100
AcDbLine
 10
5.3125
 20
-15.0
 30
0.0
 11
5.3175
 21
-15.0
 31
0.0
  0
LINE
  5
201
330
1F
100
AcDbEntity
  8
OUTLINE
  6
SDS2_5
 62
     1
100
AcDbLine
 10
5.3175
 20
-15.0
 30
0.0
 11
5.3175
 21
-15.155465144
 31
0.0
  0
LINE
  5
202
330
1F
100
AcDbEntity
  8
OUTLINE
  6
SDS2_5
 62
     1
100
AcDbLine
 10
4.995
 20
-15.0
 30
0.0
 11
4.995
 21
-14.844534856
 31
0.0
  0
LINE
  5
203
330
1F
100
AcDbEntity
  8
OUTLINE
  6
SDS2_5
 62
     1
100
AcDbLine
 10
4.995
 20
-14.844534856
 30
0.0
 11
5.0
 21
-14.844534856
 31
0.0
  0
LINE
  5
204
330
1F
100
AcDbEntity
  8
OUTLINE
  6
SDS2_5
 62
     1
100
AcDbLine
 10
5.0
 20
-14.844534856
 30
0.0
 11
5.3125
 21
-14.844534856
 31
0.0
  0
LINE
  5
205
330
1F
100
AcDbEntity
  8
OUTLINE
  6
SDS2_5
 62
     1
100
AcDbLine
 10
5.3125
 20
-14.844534856
 30
0.0
 11
5.3175
 21
-14.844534856
 31
0.0
  0
LINE
  5
206
330
1F
100
AcDbEntity
  8
OUTLINE
  6
SDS2_5
 62
     1
100
AcDbLine
 10
5.3175
 20
-14.844534856
 30
0.0
 11
5.3175
 21
-15.0
 31
0.0
  0
LINE
  5
207
330
1F
100
AcDbEntity
  8
OUTLINE
  6
SDS2_5
 62
     1
100
AcDbLine
 10
4.995
 20
-14.844534856
 30
0.0
 11
4.995
 21
-14.71273787
 31
0.0
  0
LINE
  5
208
330
1F
100
AcDbEntity
  8
OUTLINE
  6
SDS2_5
 62
     1
100
AcDbLine
 10
4.995
 20
-14.71273787
 30
0.0
 11
5.0
 21
-14.71273787
 31
0.0
  0
LINE
  5
209
330
1F
100
AcDbEntity
  8
OUTLINE
  6
SDS2_5
 62
     1
100
AcDbLine
 10
5.0
 20
-14.71273787
 30
0.0
 11
5.3125
 21
-14.71273787
 31
0.0
  0
LINE
  5
20A
330
1F
100
AcDbEntity
  8
OUTLINE
  6
SDS2_5
 62
     1
100
AcDbLine
 10
5.3125
 20
-14.71273787
 30
0.0
 11
5.3175
 21
-14.71273787
 31
0.0
  0
LINE
  5
20B
330
1F
100
AcDbEntity
  8
OUTLINE
  6
SDS2_5
 62
     1
100
AcDbLine
 10
5.3175
 20
-14.71273787
 30
0.0
 11
5.3175
 21
-14.844534856
 31
0.0
  0
LINE
  5
20C
330
1F
100
AcDbEntity
  8
OUTLINE
  6
SDS2_5
 62
     1
100
AcDbLine
 10
4.995
 20
-14.71273787
 30
0.0
 11
4.995
 21
-14.62467394
 31
0.0
  0
LINE
  5
20D
330
1F
100
AcDbEntity
  8
OUTLINE
  6
SDS2_5
 62
     1
100
AcDbLine
 10
4.995
 20
-14.62467394
 30
0.0
 11
5.0
 21
-14.62467394
 31
0.0
  0
LINE
  5
20E
330
1F
100
AcDbEntity
  8
OUTLINE
  6
SDS2_5
 62
     1
100
AcDbLine
 10
5.0
 20
-14.62467394
 30
0.0
 11
5.3125
 21
-14.62467394
 31
0.0
  0
LINE
  5
20F
330
1F
100
AcDbEntity
  8
OUTLINE
  6
SDS2_5
 62
     1
100
AcDbLine
 10
5.3125
 20
-14.62467394
 30
0.0
 11
5.3175
 21
-14.62467394
 31
0.0
  0
LINE
  5
210
330
1F
100
AcDbEntity
  8
OUTLINE
  6
SDS2_5
 62
     1
100
AcDbLine
 10
5.3175
 20
-14.62467394
 30
0.0
 11
5.3175
 21
-14.71273787
 31
0.0
  0
LINE
  5
211
330
1F
100
AcDbEntity
  8
OUTLINE
  6
SDS2_5
 62
     1
100
AcDbLine
 10
4.995
 20
-14.62467394
 30
0.0
 11
4.995
 21
-14.59375
 31
0.0
  0
LINE
  5
212
330
1F
100
AcDbEntity
  8
OUTLINE
  6
SDS2_5
 62
     1
100
AcDbLine
 10
4.995
 20
-14.59375
 30
0.0
 11
5.0
 21
-14.59375
 31
0.0
  0
LINE
  5
213
330
1F
100
AcDbEntity
  8
OUTLINE
  6
SDS2_5
 62
     1
100
AcDbLine
 10
5.0
 20
-14.59375
 30
0.0
 11
5.3125
 21
-14.59375
 31
0.0
  0
LINE
  5
214
330
1F
100
AcDbEntity
  8
OUTLINE
  6
SDS2_5
 62
     1
100
AcDbLine
 10
5.3125
 20
-14.59375
 30
0.0
 11
5.3175
 21
-14.59375
 31
0.0
  0
LINE
  5
215
330
1F
100
AcDbEntity
  8
OUTLINE
  6
SDS2_5
 62
     1
100
AcDbLine
 10
5.3175
 20
-14.59375
 30
0.0
 11
5.3175
 21
-14.62467394
 31
0.0
  0
LINE
  5
216
330
1F
100
AcDbEntity
  8
OUTLINE
  6
SDS2_5
 62
     1
100
AcDbLine
 10
5.3175
 20
-12.40625
 30
0.0
 11
5.3125
 21
-12.40625
 31
0.0
  0
LINE
  5
217
330
1F
100
AcDbEntity
  8
OUTLINE
  6
SDS2_5
 62
     1
100
AcDbLine
 10
5.3125
 20
-12.40625
 30
0.0
 11
5.0
 21
-12.40625
 31
0.0
  0
LINE
  5
218
330
1F
100
AcDbEntity
  8
OUTLINE
  6
SDS2_5
 62
     1
100
AcDbLine
 10
5.0
 20
-12.40625
 30
0.0
 11
4.995
 21
-12.40625
 31
0.0
  0
LINE
  5
219
330
1F
100
AcDbEntity
  8
OUTLINE
  6
SDS2_5
 62
     1
100
AcDbLine
 10
4.995
 20
-12.40625
 30
0.0
 11
4.995
 21
-12.37532606
 31
0.0
  0
LINE
  5
21A
330
1F
100
AcDbEntity
  8
OUTLINE
  6
SDS2_5
 62
     1
100
AcDbLine
 10
5.3175
 20
-12.37532606
 30
0.0
 11
5.3175
 21
-12.40625
 31
0.0
  0
LINE
  5
21B
330
1F
100
AcDbEntity
  8
OUTLINE
  6
SDS2_5
 62
     1
100
AcDbLine
 10
5.3175
 20
-12.37532606
 30
0.0
 11
5.3125
 21
-12.37532606
 31
0.0
  0
LINE
  5
21C
330
1F
100
AcDbEntity
  8
OUTLINE
  6
SDS2_5
 62
     1
100
AcDbLine
 10
5.3125
 20
-12.37532606
 30
0.0
 11
5.0
 21
-12.37532606
 31
0.0
  0
LINE
  5
21D
330
1F
100
AcDbEntity
  8
OUTLINE
  6
SDS2_5
 62
     1
100
AcDbLine
 10
5.0
 20
-12.37532606
 30
0.0
 11
4.995
 21
-12.37532606
 31
0.0
  0
LINE
  5
21E
330
1F
100
AcDbEntity
  8
OUTLINE
  6
SDS2_5
 62
     1
100
AcDbLine
 10
4.995
 20
-12.37532606
 30
0.0
 11
4.995
 21
-12.28726213
 31
0.0
  0
LINE
  5
21F
330
1F
100
AcDbEntity
  8
OUTLINE
  6
SDS2_5
 62
     1
100
AcDbLine
 10
5.3175
 20
-12.28726213
 30
0.0
 11
5.3175
 21
-12.37532606
 31
0.0
  0
LINE
  5
220
330
1F
100
AcDbEntity
  8
OUTLINE
  6
SDS2_5
 62
     1
100
AcDbLine
 10
5.3175
 20
-12.28726213
 30
0.0
 11
5.3125
 21
-12.28726213
 31
0.0
  0
LINE
  5
221
330
1F
100
AcDbEntity
  8
OUTLINE
  6
SDS2_5
 62
     1
100
AcDbLine
 10
5.3125
 20
-12.28726213
 30
0.0
 11
5.0
 21
-12.28726213
 31
0.0
  0
LINE
  5
222
330
1F
100
AcDbEntity
  8
OUTLINE
  6
SDS2_5
 62
     1
100
AcDbLine
 10
5.0
 20
-12.28726213
 30
0.0
 11
4.995
 21
-12.28726213
 31
0.0
  0
LINE
  5
223
330
1F
100
AcDbEntity
  8
OUTLINE
  6
SDS2_5
 62
     1
100
AcDbLine
 10
4.995
 20
-12.28726213
 30
0.0
 11
4.995
 21
-12.155465144
 31
0.0
  0
LINE
  5
224
330
1F
100
AcDbEntity
  8
OUTLINE
  6
SDS2_5
 62
     1
100
AcDbLine
 10
5.3175
 20
-12.155465144
 30
0.0
 11
5.3175
 21
-12.28726213
 31
0.0
  0
LINE
  5
225
330
1F
100
AcDbEntity
  8
OUTLINE
  6
SDS2_5
 62
     1
100
AcDbLine
 10
5.3175
 20
-12.155465144
 30
0.0
 11
5.3125
 21
-12.155465144
 31
0.0
  0
LINE
  5
226
330
1F
100
AcDbEntity
  8
OUTLINE
  6
SDS2_5
 62
     1
100
AcDbLine
 10
5.3125
 20
-12.155465144
 30
0.0
 11
5.0
 21
-12.155465144
 31
0.0
  0
LINE
  5
227
330
1F
100
AcDbEntity
  8
OUTLINE
  6
SDS2_5
 62
     1
100
AcDbLine
 10
5.0
 20
-12.155465144
 30
0.0
 11
4.995
 21
-12.155465144
 31
0.0
  0
LINE
  5
228
330
1F
100
AcDbEntity
  8
OUTLINE
  6
SDS2_5
 62
     1
100
AcDbLine
 10
4.995
 20
-12.155465144
 30
0.0
 11
4.995
 21
-12.0
 31
0.0
  0
LINE
  5
229
330
1F
100
AcDbEntity
  8
OUTLINE
  6
SDS2_5
 62
     1
100
AcDbLine
 10
4.995
 20
-12.0
 30
0.0
 11
5.0
 21
-12.0
 31
0.0
  0
LINE
  5
22A
330
1F
100
AcDbEntity
  8
OUTLINE
  6
SDS2_5
 62
     1
100
AcDbLine
 10
5.0
 20
-12.0
 30
0.0
 11
5.3125
 21
-12.0
 31
0.0
  0
LINE
  5
22B
330
1F
100
AcDbEntity
  8
OUTLINE
  6
SDS2_5
 62
     1
100
AcDbLine
 10
5.3125
 20
-12.0
 30
0.0
 11
5.3175
 21
-12.0
 31
0.0
  0
LINE
  5
22C
330
1F
100
AcDbEntity
  8
OUTLINE
  6
SDS2_5
 62
     1
100
AcDbLine
 10
5.3175
 20
-12.0
 30
0.0
 11
5.3175
 21
-12.155465144
 31
0.0
  0
LINE
  5
22D
330
1F
100
AcDbEntity
  8
OUTLINE
  6
SDS2_5
 62
     1
100
AcDbLine
 10
4.995
 20
-12.0
 30
0.0
 11
4.995
 21
-11.844534856
 31
0.0
  0
LINE
  5
22E
330
1F
100
AcDbEntity
  8
OUTLINE
  6
SDS2_5
 62
     1
100
AcDbLine
 10
4.995
 20
-11.844534856
 30
0.0
 11
5.0
 21
-11.844534856
 31
0.0
  0
LINE
  5
22F
330
1F
100
AcDbEntity
  8
OUTLINE
  6
SDS2_5
 62
     1
100
AcDbLine
 10
5.0
 20
-11.844534856
 30
0.0
 11
5.3125
 21
-11.844534856
 31
0.0
  0
LINE
  5
230
330
1F
100
AcDbEntity
  8
OUTLINE
  6
SDS2_5
 62
     1
100
AcDbLine
 10
5.3125
 20
-11.844534856
 30
0.0
 11
5.3175
 21
-11.844534856
 31
0.0
  0
LINE
  5
231
330
1F
100
AcDbEntity
  8
OUTLINE
  6
SDS2_5
 62
     1
100
AcDbLine
 10
5.3175
 20
-11.844534856
 30
0.0
 11
5.3175
 21
-12.0
 31
0.0
  0
LINE
  5
232
330
1F
100
AcDbEntity
  8
OUTLINE
  6
SDS2_5
 62
     1
100
AcDbLine
 10
4.995
 20
-11.844534856
 30
0.0
 11
4.995
 21
-11.71273787
 31
0.0
  0
LINE
  5
233
330
1F
100
AcDbEntity
  8
OUTLINE
  6
SDS2_5
 62
     1
100
AcDbLine
 10
4.995
 20
-11.71273787
 30
0.0
 11
5.0
 21
-11.71273787
 31
0.0
  0
LINE
  5
234
330
1F
100
AcDbEntity
  8
OUTLINE
  6
SDS2_5
 62
     1
100
AcDbLine
 10
5.0
 20
-11.71273787
 30
0.0
 11
5.3125
 21
-11.71273787
 31
0.0
  0
LINE
  5
235
330
1F
100
AcDbEntity
  8
OUTLINE
  6
SDS2_5
 62
     1
100
AcDbLine
 10
5.3125
 20
-11.71273787
 30
0.0
 11
5.3175
 21
-11.71273787
 31
0.0
  0
LINE
  5
236
330
1F
100
AcDbEntity
  8
OUTLINE
  6
SDS2_5
 62
     1
100
AcDbLine
 10
5.3175
 20
-11.71273787
 30
0.0
 11
5.3175
 21
-11.844534856
 31
0.0
  0
LINE
  5
237
330
1F
100
AcDbEntity
  8
OUTLINE
  6
SDS2_5
 62
     1
100
AcDbLine
 10
4.995
 20
-11.71273787
 30
0.0
 11
4.995
 21
-11.62467394
 31
0.0
  0
LINE
  5
238
330
1F
100
AcDbEntity
  8
OUTLINE
  6
SDS2_5
 62
     1
100
AcDbLine
 10
4.995
 20
-11.62467394
 30
0.0
 11
5.0
 21
-11.62467394
 31
0.0
  0
LINE
  5
239
330
1F
100
AcDbEntity
  8
OUTLINE
  6
SDS2_5
 62
     1
100
AcDbLine
 10
5.0
 20
-11.62467394
 30
0.0
 11
5.3125
 21
-11.62467394
 31
0.0
  0
LINE
  5
23A
330
1F
100
AcDbEntity
  8
OUTLINE
  6
SDS2_5
 62
     1
100
AcDbLine
 10
5.3125
 20
-11.62467394
 30
0.0
 11
5.3175
 21
-11.62467394
 31
0.0
  0
LINE
  5
23B
330
1F
100
AcDbEntity
  8
OUTLINE
  6
SDS2_5
 62
     1
100
AcDbLine
 10
5.3175
 20
-11.62467394
 30
0.0
 11
5.3175
 21
-11.71273787
 31
0.0
  0
LINE
  5
23C
330
1F
100
AcDbEntity
  8
OUTLINE
  6
SDS2_5
 62
     1
100
AcDbLine
 10
4.995
 20
-11.62467394
 30
0.0
 11
4.995
 21
-11.59375
 31
0.0
  0
LINE
  5
23D
330
1F
100
AcDbEntity
  8
OUTLINE
  6
SDS2_5
 62
     1
100
AcDbLine
 10
4.995
 20
-11.59375
 30
0.0
 11
5.0
 21
-11.59375
 31
0.0
  0
LINE
  5
23E
330
1F
100
AcDbEntity
  8
OUTLINE
  6
SDS2_5
 62
     1
100
AcDbLine
 10
5.0
 20
-11.59375
 30
0.0
 11
5.3125
 21
-11.59375
 31
0.0
  0
LINE
  5
23F
330
1F
100
AcDbEntity
  8
OUTLINE
  6
SDS2_5
 62
     1
100
AcDbLine
 10
5.3125
 20
-11.59375
 30
0.0
 11
5.3175
 21
-11.59375
 31
0.0
  0
LINE
  5
240
330
1F
100
AcDbEntity
  8
OUTLINE
  6
SDS2_5
 62
     1
100
AcDbLine
 10
5.3175
 20
-11.59375
 30
0.0
 11
5.3175
 21
-11.62467394
 31
0.0
  0
LINE
  5
241
330
1F
100
AcDbEntity
  8
OUTLINE
  6
SDS2_5
 62
     1
100
AcDbLine
 10
49.37
 20
-11.59375
 30
0.0
 11
49.375
 21
-11.59375
 31
0.0
  0
LINE
  5
242
330
1F
100
AcDbEntity
  8
OUTLINE
  6
SDS2_5
 62
     1
100
AcDbLine
 10
49.375
 20
-11.59375
 30
0.0
 11
49.6875
 21
-11.59375
 31
0.0
  0
LINE
  5
243
330
1F
100
AcDbEntity
  8
OUTLINE
  6
SDS2_5
 62
     1
100
AcDbLine
 10
49.6875
 20
-11.59375
 30
0.0
 11
49.6925
 21
-11.59375
 31
0.0
  0
LINE
  5
244
330
1F
100
AcDbEntity
  8
OUTLINE
  6
SDS2_5
 62
     1
100
AcDbLine
 10
49.6925
 20
-11.59375
 30
0.0
 11
49.6925
 21
-11.62467394
 31
0.0
  0
LINE
  5
245
330
1F
100
AcDbEntity
  8
OUTLINE
  6
SDS2_5
 62
     1
100
AcDbLine
 10
49.37
 20
-11.62467394
 30
0.0
 11
49.37
 21
-11.59375
 31
0.0
  0
LINE
  5
246
330
1F
100
AcDbEntity
  8
OUTLINE
  6
SDS2_5
 62
     1
100
AcDbLine
 10
49.37
 20
-11.62467394
 30
0.0
 11
49.375
 21
-11.62467394
 31
0.0
  0
LINE
  5
247
330
1F
100
AcDbEntity
  8
OUTLINE
  6
SDS2_5
 62
     1
100
AcDbLine
 10
49.375
 20
-11.62467394
 30
0.0
 11
49.6875
 21
-11.62467394
 31
0.0
  0
LINE
  5
248
330
1F
100
AcDbEntity
  8
OUTLINE
  6
SDS2_5
 62
     1
100
AcDbLine
 10
49.6875
 20
-11.62467394
 30
0.0
 11
49.6925
 21
-11.62467394
 31
0.0
  0
LINE
  5
249
330
1F
100
AcDbEntity
  8
OUTLINE
  6
SDS2_5
 62
     1
100
AcDbLine
 10
49.6925
 20
-11.62467394
 30
0.0
 11
49.6925
 21
-11.71273787
 31
0.0
  0
LINE
  5
24A
330
1F
100
AcDbEntity
  8
OUTLINE
  6
SDS2_5
 62
     1
100
AcDbLine
 10
49.37
 20
-11.71273787
 30
0.0
 11
49.37
 21
-11.62467394
 31
0.0
  0
LINE
  5
24B
330
1F
100
AcDbEntity
  8
OUTLINE
  6
SDS2_5
 62
     1
100
AcDbLine
 10
49.37
 20
-11.71273787
 30
0.0
 11
49.375
 21
-11.71273787
 31
0.0
  0
LINE
  5
24C
330
1F
100
AcDbEntity
  8
OUTLINE
  6
SDS2_5
 62
     1
100
AcDbLine
 10
49.375
 20
-11.71273787
 30
0.0
 11
49.6875
 21
-11.71273787
 31
0.0
  0
LINE
  5
24D
330
1F
100
AcDbEntity
  8
OUTLINE
  6
SDS2_5
 62
     1
100
AcDbLine
 10
49.6875
 20
-11.71273787
 30
0.0
 11
49.6925
 21
-11.71273787
 31
0.0
  0
LINE
  5
24E
330
1F
100
AcDbEntity
  8
OUTLINE
  6
SDS2_5
 62
     1
100
AcDbLine
 10
49.6925
 20
-11.71273787
 30
0.0
 11
49.6925
 21
-11.844534856
 31
0.0
  0
LINE
  5
24F
330
1F
100
AcDbEntity
  8
OUTLINE
  6
SDS2_5
 62
     1
100
AcDbLine
 10
49.37
 20
-11.844534856
 30
0.0
 11
49.37
 21
-11.71273787
 31
0.0
  0
LINE
  5
250
330
1F
100
AcDbEntity
  8
OUTLINE
  6
SDS2_5
 62
     1
100
AcDbLine
 10
49.37
 20
-11.844534856
 30
0.0
 11
49.375
 21
-11.844534856
 31
0.0
  0
LINE
  5
251
330
1F
100
AcDbEntity
  8
OUTLINE
  6
SDS2_5
 62
     1
100
AcDbLine
 10
49.375
 20
-11.844534856
 30
0.0
 11
49.6875
 21
-11.844534856
 31
0.0
  0
LINE
  5
252
330
1F
100
AcDbEntity
  8
OUTLINE
  6
SDS2_5
 62
     1
100
AcDbLine
 10
49.6875
 20
-11.844534856
 30
0.0
 11
49.6925
 21
-11.844534856
 31
0.0
  0
LINE
  5
253
330
1F
100
AcDbEntity
  8
OUTLINE
  6
SDS2_5
 62
     1
100
AcDbLine
 10
49.6925
 20
-11.844534856
 30
0.0
 11
49.6925
 21
-12.0
 31
0.0
  0
LINE
  5
254
330
1F
100
AcDbEntity
  8
OUTLINE
  6
SDS2_5
 62
     1
100
AcDbLine
 10
49.6925
 20
-12.0
 30
0.0
 11
49.6875
 21
-12.0
 31
0.0
  0
LINE
  5
255
330
1F
100
AcDbEntity
  8
OUTLINE
  6
SDS2_5
 62
     1
100
AcDbLine
 10
49.6875
 20
-12.0
 30
0.0
 11
49.375
 21
-12.0
 31
0.0
  0
LINE
  5
256
330
1F
100
AcDbEntity
  8
OUTLINE
  6
SDS2_5
 62
     1
100
AcDbLine
 10
49.375
 20
-12.0
 30
0.0
 11
49.37
 21
-12.0
 31
0.0
  0
LINE
  5
257
330
1F
100
AcDbEntity
  8
OUTLINE
  6
SDS2_5
 62
     1
100
AcDbLine
 10
49.37
 20
-12.0
 30
0.0
 11
49.37
 21
-11.844534856
 31
0.0
  0
LINE
  5
258
330
1F
100
AcDbEntity
  8
OUTLINE
  6
SDS2_5
 62
     1
100
AcDbLine
 10
49.6925
 20
-12.0
 30
0.0
 11
49.6925
 21
-12.155465144
 31
0.0
  0
LINE
  5
259
330
1F
100
AcDbEntity
  8
OUTLINE
  6
SDS2_5
 62
     1
100
AcDbLine
 10
49.6925
 20
-12.155465144
 30
0.0
 11
49.6875
 21
-12.155465144
 31
0.0
  0
LINE
  5
25A
330
1F
100
AcDbEntity
  8
OUTLINE
  6
SDS2_5
 62
     1
100
AcDbLine
 10
49.6875
 20
-12.155465144
 30
0.0
 11
49.375
 21
-12.155465144
 31
0.0
  0
LINE
  5
25B
330
1F
100
AcDbEntity
  8
OUTLINE
  6
SDS2_5
 62
     1
100
AcDbLine
 10
49.375
 20
-12.155465144
 30
0.0
 11
49.37
 21
-12.155465144
 31
0.0
  0
LINE
  5
25C
330
1F
100
AcDbEntity
  8
OUTLINE
  6
SDS2_5
 62
     1
100
AcDbLine
 10
49.37
 20
-12.155465144
 30
0.0
 11
49.37
 21
-12.0
 31
0.0
  0
LINE
  5
25D
330
1F
100
AcDbEntity
  8
OUTLINE
  6
SDS2_5
 62
     1
100
AcDbLine
 10
49.6925
 20
-12.155465144
 30
0.0
 11
49.6925
 21
-12.28726213
 31
0.0
  0
LINE
  5
25E
330
1F
100
AcDbEntity
  8
OUTLINE
  6
SDS2_5
 62
     1
100
AcDbLine
 10
49.6925
 20
-12.28726213
 30
0.0
 11
49.6875
 21
-12.28726213
 31
0.0
  0
LINE
  5
25F
330
1F
100
AcDbEntity
  8
OUTLINE
  6
SDS2_5
 62
     1
100
AcDbLine
 10
49.6875
 20
-12.28726213
 30
0.0
 11
49.375
 21
-12.28726213
 31
0.0
  0
LINE
  5
260
330
1F
100
AcDbEntity
  8
OUTLINE
  6
SDS2_5
 62
     1
100
AcDbLine
 10
49.375
 20
-12.28726213
 30
0.0
 11
49.37
 21
-12.28726213
 31
0.0
  0
LINE
  5
261
330
1F
100
AcDbEntity
  8
OUTLINE
  6
SDS2_5
 62
     1
100
AcDbLine
 10
49.37
 20
-12.28726213
 30
0.0
 11
49.37
 21
-12.155465144
 31
0.0
  0
LINE
  5
262
330
1F
100
AcDbEntity
  8
OUTLINE
  6
SDS2_5
 62
     1
100
AcDbLine
 10
49.6925
 20
-12.28726213
 30
0.0
 11
49.6925
 21
-12.37532606
 31
0.0
  0
LINE
  5
263
330
1F
100
AcDbEntity
  8
OUTLINE
  6
SDS2_5
 62
     1
100
AcDbLine
 10
49.6925
 20
-12.37532606
 30
0.0
 11
49.6875
 21
-12.37532606
 31
0.0
  0
LINE
  5
264
330
1F
100
AcDbEntity
  8
OUTLINE
  6
SDS2_5
 62
     1
100
AcDbLine
 10
49.6875
 20
-12.37532606
 30
0.0
 11
49.375
 21
-12.37532606
 31
0.0
  0
LINE
  5
265
330
1F
100
AcDbEntity
  8
OUTLINE
  6
SDS2_5
 62
     1
100
AcDbLine
 10
49.375
 20
-12.37532606
 30
0.0
 11
49.37
 21
-12.37532606
 31
0.0
  0
LINE
  5
266
330
1F
100
AcDbEntity
  8
OUTLINE
  6
SDS2_5
 62
     1
100
AcDbLine
 10
49.37
 20
-12.37532606
 30
0.0
 11
49.37
 21
-12.28726213
 31
0.0
  0
LINE
  5
267
330
1F
100
AcDbEntity
  8
OUTLINE
  6
SDS2_5
 62
     1
100
AcDbLine
 10
49.6925
 20
-12.37532606
 30
0.0
 11
49.6925
 21
-12.40625
 31
0.0
  0
LINE
  5
268
330
1F
100
AcDbEntity
  8
OUTLINE
  6
SDS2_5
 62
     1
100
AcDbLine
 10
49.6925
 20
-12.40625
 30
0.0
 11
49.6875
 21
-12.40625
 31
0.0
  0
LINE
  5
269
330
1F
100
AcDbEntity
  8
OUTLINE
  6
SDS2_5
 62
     1
100
AcDbLine
 10
49.6875
 20
-12.40625
 30
0.0
 11
49.375
 21
-12.40625
 31
0.0
  0
LINE
  5
26A
330
1F
100
AcDbEntity
  8
OUTLINE
  6
SDS2_5
 62
     1
100
AcDbLine
 10
49.375
 20
-12.40625
 30
0.0
 11
49.37
 21
-12.40625
 31
0.0
  0
LINE
  5
26B
330
1F
100
AcDbEntity
  8
OUTLINE
  6
SDS2_5
 62
     1
100
AcDbLine
 10
49.37
 20
-12.40625
 30
0.0
 11
49.37
 21
-12.37532606
 31
0.0
  0
LINE
  5
26C
330
1F
100
AcDbEntity
  8
OUTLINE
  6
SDS2_5
 62
     1
100
AcDbLine
 10
49.37
 20
-14.59375
 30
0.0
 11
49.375
 21
-14.59375
 31
0.0
  0
LINE
  5
26D
330
1F
100
AcDbEntity
  8
OUTLINE
  6
SDS2_5
 62
     1
100
AcDbLine
 10
49.375
 20
-14.59375
 30
0.0
 11
49.6875
 21
-14.59375
 31
0.0
  0
LINE
  5
26E
330
1F
100
AcDbEntity
  8
OUTLINE
  6
SDS2_5
 62
     1
100
AcDbLine
 10
49.6875
 20
-14.59375
 30
0.0
 11
49.6925
 21
-14.59375
 31
0.0
  0
LINE
  5
26F
330
1F
100
AcDbEntity
  8
OUTLINE
  6
SDS2_5
 62
     1
100
AcDbLine
 10
49.6925
 20
-14.59375
 30
0.0
 11
49.6925
 21
-14.62467394
 31
0.0
  0
LINE
  5
270
330
1F
100
AcDbEntity
  8
OUTLINE
  6
SDS2_5
 62
     1
100
AcDbLine
 10
49.37
 20
-14.62467394
 30
0.0
 11
49.37
 21
-14.59375
 31
0.0
  0
LINE
  5
271
330
1F
100
AcDbEntity
  8
OUTLINE
  6
SDS2_5
 62
     1
100
AcDbLine
 10
49.37
 20
-14.62467394
 30
0.0
 11
49.375
 21
-14.62467394
 31
0.0
  0
LINE
  5
272
330
1F
100
AcDbEntity
  8
OUTLINE
  6
SDS2_5
 62
     1
100
AcDbLine
 10
49.375
 20
-14.62467394
 30
0.0
 11
49.6875
 21
-14.62467394
 31
0.0
  0
LINE
  5
273
330
1F
100
AcDbEntity
  8
OUTLINE
  6
SDS2_5
 62
     1
100
AcDbLine
 10
49.6875
 20
-14.62467394
 30
0.0
 11
49.6925
 21
-14.62467394
 31
0.0
  0
LINE
  5
274
330
1F
100
AcDbEntity
  8
OUTLINE
  6
SDS2_5
 62
     1
100
AcDbLine
 10
49.6925
 20
-14.62467394
 30
0.0
 11
49.6925
 21
-14.71273787
 31
0.0
  0
LINE
  5
275
330
1F
100
AcDbEntity
  8
OUTLINE
  6
SDS2_5
 62
     1
100
AcDbLine
 10
49.37
 20
-14.71273787
 30
0.0
 11
49.37
 21
-14.62467394
 31
0.0
  0
LINE
  5
276
330
1F
100
AcDbEntity
  8
OUTLINE
  6
SDS2_5
 62
     1
100
AcDbLine
 10
49.37
 20
-14.71273787
 30
0.0
 11
49.375
 21
-14.71273787
 31
0.0
  0
LINE
  5
277
330
1F
100
AcDbEntity
  8
OUTLINE
  6
SDS2_5
 62
     1
100
AcDbLine
 10
49.375
 20
-14.71273787
 30
0.0
 11
49.6875
 21
-14.71273787
 31
0.0
  0
LINE
  5
278
330
1F
100
AcDbEntity
  8
OUTLINE
  6
SDS2_5
 62
     1
100
AcDbLine
 10
49.6875
 20
-14.71273787
 30
0.0
 11
49.6925
 21
-14.71273787
 31
0.0
  0
LINE
  5
279
330
1F
100
AcDbEntity
  8
OUTLINE
  6
SDS2_5
 62
     1
100
AcDbLine
 10
49.6925
 20
-14.71273787
 30
0.0
 11
49.6925
 21
-14.844534856
 31
0.0
  0
LINE
  5
27A
330
1F
100
AcDbEntity
  8
OUTLINE
  6
SDS2_5
 62
     1
100
AcDbLine
 10
49.37
 20
-14.844534856
 30
0.0
 11
49.37
 21
-14.71273787
 31
0.0
  0
LINE
  5
27B
330
1F
100
AcDbEntity
  8
OUTLINE
  6
SDS2_5
 62
     1
100
AcDbLine
 10
49.37
 20
-14.844534856
 30
0.0
 11
49.375
 21
-14.844534856
 31
0.0
  0
LINE
  5
27C
330
1F
100
AcDbEntity
  8
OUTLINE
  6
SDS2_5
 62
     1
100
AcDbLine
 10
49.375
 20
-14.844534856
 30
0.0
 11
49.6875
 21
-14.844534856
 31
0.0
  0
LINE
  5
27D
330
1F
100
AcDbEntity
  8
OUTLINE
  6
SDS2_5
 62
     1
100
AcDbLine
 10
49.6875
 20
-14.844534856
 30
0.0
 11
49.6925
 21
-14.844534856
 31
0.0
  0
LINE
  5
27E
330
1F
100
AcDbEntity
  8
OUTLINE
  6
SDS2_5
 62
     1
100
AcDbLine
 10
49.6925
 20
-14.844534856
 30
0.0
 11
49.6925
 21
-15.0
 31
0.0
  0
LINE
  5
27F
330
1F
100
AcDbEntity
  8
OUTLINE
  6
SDS2_5
 62
     1
100
AcDbLine
 10
49.6925
 20
-15.0
 30
0.0
 11
49.6875
 21
-15.0
 31
0.0
  0
LINE
  5
280
330
1F
100
AcDbEntity
  8
OUTLINE
  6
SDS2_5
 62
     1
100
AcDbLine
 10
49.6875
 20
-15.0
 30
0.0
 11
49.375
 21
-15.0
 31
0.0
  0
LINE
  5
281
330
1F
100
AcDbEntity
  8
OUTLINE
  6
SDS2_5
 62
     1
100
AcDbLine
 10
49.375
 20
-15.0
 30
0.0
 11
49.37
 21
-15.0
 31
0.0
  0
LINE
  5
282
330
1F
100
AcDbEntity
  8
OUTLINE
  6
SDS2_5
 62
     1
100
AcDbLine
 10
49.37
 20
-15.0
 30
0.0
 11
49.37
 21
-14.844534856
 31
0.0
  0
LINE
  5
283
330
1F
100
AcDbEntity
  8
OUTLINE
  6
SDS2_5
 62
     1
100
AcDbLine
 10
49.6925
 20
-15.0
 30
0.0
 11
49.6925
 21
-15.155465144
 31
0.0
  0
LINE
  5
284
330
1F
100
AcDbEntity
  8
OUTLINE
  6
SDS2_5
 62
     1
100
AcDbLine
 10
49.6925
 20
-15.155465144
 30
0.0
 11
49.6875
 21
-15.155465144
 31
0.0
  0
LINE
  5
285
330
1F
100
AcDbEntity
  8
OUTLINE
  6
SDS2_5
 62
     1
100
AcDbLine
 10
49.6875
 20
-15.155465144
 30
0.0
 11
49.375
 21
-15.155465144
 31
0.0
  0
LINE
  5
286
330
1F
100
AcDbEntity
  8
OUTLINE
  6
SDS2_5
 62
     1
100
AcDbLine
 10
49.375
 20
-15.155465144
 30
0.0
 11
49.37
 21
-15.155465144
 31
0.0
  0
LINE
  5
287
330
1F
100
AcDbEntity
  8
OUTLINE
  6
SDS2_5
 62
     1
100
AcDbLine
 10
49.37
 20
-15.155465144
 30
0.0
 11
49.37
 21
-15.0
 31
0.0
  0
LINE
  5
288
330
1F
100
AcDbEntity
  8
OUTLINE
  6
SDS2_5
 62
     1
100
AcDbLine
 10
49.6925
 20
-15.155465144
 30
0.0
 11
49.6925
 21
-15.28726213
 31
0.0
  0
LINE
  5
289
330
1F
100
AcDbEntity
  8
OUTLINE
  6
SDS2_5
 62
     1
100
AcDbLine
 10
49.6925
 20
-15.28726213
 30
0.0
 11
49.6875
 21
-15.28726213
 31
0.0
  0
LINE
  5
28A
330
1F
100
AcDbEntity
  8
OUTLINE
  6
SDS2_5
 62
     1
100
AcDbLine
 10
49.6875
 20
-15.28726213
 30
0.0
 11
49.375
 21
-15.28726213
 31
0.0
  0
LINE
  5
28B
330
1F
100
AcDbEntity
  8
OUTLINE
  6
SDS2_5
 62
     1
100
AcDbLine
 10
49.375
 20
-15.28726213
 30
0.0
 11
49.37
 21
-15.28726213
 31
0.0
  0
LINE
  5
28C
330
1F
100
AcDbEntity
  8
OUTLINE
  6
SDS2_5
 62
     1
100
AcDbLine
 10
49.37
 20
-15.28726213
 30
0.0
 11
49.37
 21
-15.155465144
 31
0.0
  0
LINE
  5
28D
330
1F
100
AcDbEntity
  8
OUTLINE
  6
SDS2_5
 62
     1
100
AcDbLine
 10
49.6925
 20
-15.28726213
 30
0.0
 11
49.6925
 21
-15.37532606
 31
0.0
  0
LINE
  5
28E
330
1F
100
AcDbEntity
  8
OUTLINE
  6
SDS2_5
 62
     1
100
AcDbLine
 10
49.6925
 20
-15.37532606
 30
0.0
 11
49.6875
 21
-15.37532606
 31
0.0
  0
LINE
  5
28F
330
1F
100
AcDbEntity
  8
OUTLINE
  6
SDS2_5
 62
     1
100
AcDbLine
 10
49.6875
 20
-15.37532606
 30
0.0
 11
49.375
 21
-15.37532606
 31
0.0
  0
LINE
  5
290
330
1F
100
AcDbEntity
  8
OUTLINE
  6
SDS2_5
 62
     1
100
AcDbLine
 10
49.375
 20
-15.37532606
 30
0.0
 11
49.37
 21
-15.37532606
 31
0.0
  0
LINE
  5
291
330
1F
100
AcDbEntity
  8
OUTLINE
  6
SDS2_5
 62
     1
100
AcDbLine
 10
49.37
 20
-15.37532606
 30
0.0
 11
49.37
 21
-15.28726213
 31
0.0
  0
LINE
  5
292
330
1F
100
AcDbEntity
  8
OUTLINE
  6
SDS2_5
 62
     1
100
AcDbLine
 10
49.6925
 20
-15.37532606
 30
0.0
 11
49.6925
 21
-15.40625
 31
0.0
  0
LINE
  5
293
330
1F
100
AcDbEntity
  8
OUTLINE
  6
SDS2_5
 62
     1
100
AcDbLine
 10
49.6925
 20
-15.40625
 30
0.0
 11
49.6875
 21
-15.40625
 31
0.0
  0
LINE
  5
294
330
1F
100
AcDbEntity
  8
OUTLINE
  6
SDS2_5
 62
     1
100
AcDbLine
 10
49.6875
 20
-15.40625
 30
0.0
 11
49.375
 21
-15.40625
 31
0.0
  0
LINE
  5
295
330
1F
100
AcDbEntity
  8
OUTLINE
  6
SDS2_5
 62
     1
100
AcDbLine
 10
49.375
 20
-15.40625
 30
0.0
 11
49.37
 21
-15.40625
 31
0.0
  0
LINE
  5
296
330
1F
100
AcDbEntity
  8
OUTLINE
  6
SDS2_5
 62
     1
100
AcDbLine
 10
49.37
 20
-15.40625
 30
0.0
 11
49.37
 21
-15.37532606
 31
0.0
  0
LINE
  5
297
330
1F
100
AcDbEntity
  8
OUTLINE
  6
SDS2_5
 62
     1
100
AcDbLine
 10
49.37
 20
-17.59375
 30
0.0
 11
49.375
 21
-17.59375
 31
0.0
  0
LINE
  5
298
330
1F
100
AcDbEntity
  8
OUTLINE
  6
SDS2_5
 62
     1
100
AcDbLine
 10
49.375
 20
-17.59375
 30
0.0
 11
49.6875
 21
-17.59375
 31
0.0
  0
LINE
  5
299
330
1F
100
AcDbEntity
  8
OUTLINE
  6
SDS2_5
 62
     1
100
AcDbLine
 10
49.6875
 20
-17.59375
 30
0.0
 11
49.6925
 21
-17.59375
 31
0.0
  0
LINE
  5
29A
330
1F
100
AcDbEntity
  8
OUTLINE
  6
SDS2_5
 62
     1
100
AcDbLine
 10
49.6925
 20
-17.59375
 30
0.0
 11
49.6925
 21
-17.62467394
 31
0.0
  0
LINE
  5
29B
330
1F
100
AcDbEntity
  8
OUTLINE
  6
SDS2_5
 62
     1
100
AcDbLine
 10
49.37
 20
-17.62467394
 30
0.0
 11
49.37
 21
-17.59375
 31
0.0
  0
LINE
  5
29C
330
1F
100
AcDbEntity
  8
OUTLINE
  6
SDS2_5
 62
     1
100
AcDbLine
 10
49.37
 20
-17.62467394
 30
0.0
 11
49.375
 21
-17.62467394
 31
0.0
  0
LINE
  5
29D
330
1F
100
AcDbEntity
  8
OUTLINE
  6
SDS2_5
 62
     1
100
AcDbLine
 10
49.375
 20
-17.62467394
 30
0.0
 11
49.6875
 21
-17.62467394
 31
0.0
  0
LINE
  5
29E
330
1F
100
AcDbEntity
  8
OUTLINE
  6
SDS2_5
 62
     1
100
AcDbLine
 10
49.6875
 20
-17.62467394
 30
0.0
 11
49.6925
 21
-17.62467394
 31
0.0
  0
LINE
  5
29F
330
1F
100
AcDbEntity
  8
OUTLINE
  6
SDS2_5
 62
     1
100
AcDbLine
 10
49.6925
 20
-17.62467394
 30
0.0
 11
49.6925
 21
-17.71273787
 31
0.0
  0
LINE
  5
2A0
330
1F
100
AcDbEntity
  8
OUTLINE
  6
SDS2_5
 62
     1
100
AcDbLine
 10
49.37
 20
-17.71273787
 30
0.0
 11
49.37
 21
-17.62467394
 31
0.0
  0
LINE
  5
2A1
330
1F
100
AcDbEntity
  8
OUTLINE
  6
SDS2_5
 62
     1
100
AcDbLine
 10
49.37
 20
-17.71273787
 30
0.0
 11
49.375
 21
-17.71273787
 31
0.0
  0
LINE
  5
2A2
330
1F
100
AcDbEntity
  8
OUTLINE
  6
SDS2_5
 62
     1
100
AcDbLine
 10
49.375
 20
-17.71273787
 30
0.0
 11
49.6875
 21
-17.71273787
 31
0.0
  0
LINE
  5
2A3
330
1F
100
AcDbEntity
  8
OUTLINE
  6
SDS2_5
 62
     1
100
AcDbLine
 10
49.6875
 20
-17.71273787
 30
0.0
 11
49.6925
 21
-17.71273787
 31
0.0
  0
LINE
  5
2A4
330
1F
100
AcDbEntity
  8
OUTLINE
  6
SDS2_5
 62
     1
100
AcDbLine
 10
49.6925
 20
-17.71273787
 30
0.0
 11
49.6925
 21
-17.844534856
 31
0.0
  0
LINE
  5
2A5
330
1F
100
AcDbEntity
  8
OUTLINE
  6
SDS2_5
 62
     1
100
AcDbLine
 10
49.37
 20
-17.844534856
 30
0.0
 11
49.37
 21
-17.71273787
 31
0.0
  0
LINE
  5
2A6
330
1F
100
AcDbEntity
  8
OUTLINE
  6
SDS2_5
 62
     1
100
AcDbLine
 10
49.37
 20
-17.844534856
 30
0.0
 11
49.375
 21
-17.844534856
 31
0.0
  0
LINE
  5
2A7
330
1F
100
AcDbEntity
  8
OUTLINE
  6
SDS2_5
 62
     1
100
AcDbLine
 10
49.375
 20
-17.844534856
 30
0.0
 11
49.6875
 21
-17.844534856
 31
0.0
  0
LINE
  5
2A8
330
1F
100
AcDbEntity
  8
OUTLINE
  6
SDS2_5
 62
     1
100
AcDbLine
 10
49.6875
 20
-17.844534856
 30
0.0
 11
49.6925
 21
-17.844534856
 31
0.0
  0
LINE
  5
2A9
330
1F
100
AcDbEntity
  8
OUTLINE
  6
SDS2_5
 62
     1
100
AcDbLine
 10
49.6925
 20
-17.844534856
 30
0.0
 11
49.6925
 21
-18.0
 31
0.0
  0
LINE
  5
2AA
330
1F
100
AcDbEntity
  8
OUTLINE
  6
SDS2_5
 62
     1
100
AcDbLine
 10
49.6925
 20
-18.0
 30
0.0
 11
49.6875
 21
-18.0
 31
0.0
  0
LINE
  5
2AB
330
1F
100
AcDbEntity
  8
OUTLINE
  6
SDS2_5
 62
     1
100
AcDbLine
 10
49.6875
 20
-18.0
 30
0.0
 11
49.375
 21
-18.0
 31
0.0
  0
LINE
  5
2AC
330
1F
100
AcDbEntity
  8
OUTLINE
  6
SDS2_5
 62
     1
100
AcDbLine
 10
49.375
 20
-18.0
 30
0.0
 11
49.37
 21
-18.0
 31
0.0
  0
LINE
  5
2AD
330
1F
100
AcDbEntity
  8
OUTLINE
  6
SDS2_5
 62
     1
100
AcDbLine
 10
49.37
 20
-18.0
 30
0.0
 11
49.37
 21
-17.844534856
 31
0.0
  0
LINE
  5
2AE
330
1F
100
AcDbEntity
  8
OUTLINE
  6
SDS2_5
 62
     1
100
AcDbLine
 10
49.6925
 20
-18.0
 30
0.0
 11
49.6925
 21
-18.155465144
 31
0.0
  0
LINE
  5
2AF
330
1F
100
AcDbEntity
  8
OUTLINE
  6
SDS2_5
 62
     1
100
AcDbLine
 10
49.6925
 20
-18.155465144
 30
0.0
 11
49.6875
 21
-18.155465144
 31
0.0
  0
LINE
  5
2B0
330
1F
100
AcDbEntity
  8
OUTLINE
  6
SDS2_5
 62
     1
100
AcDbLine
 10
49.6875
 20
-18.155465144
 30
0.0
 11
49.375
 21
-18.155465144
 31
0.0
  0
LINE
  5
2B1
330
1F
100
AcDbEntity
  8
OUTLINE
  6
SDS2_5
 62
     1
100
AcDbLine
 10
49.375
 20
-18.155465144
 30
0.0
 11
49.37
 21
-18.155465144
 31
0.0
  0
LINE
  5
2B2
330
1F
100
AcDbEntity
  8
OUTLINE
  6
SDS2_5
 62
     1
100
AcDbLine
 10
49.37
 20
-18.155465144
 30
0.0
 11
49.37
 21
-18.0
 31
0.0
  0
LINE
  5
2B3
330
1F
100
AcDbEntity
  8
OUTLINE
  6
SDS2_5
 62
     1
100
AcDbLine
 10
49.6925
 20
-18.155465144
 30
0.0
 11
49.6925
 21
-18.28726213
 31
0.0
  0
LINE
  5
2B4
330
1F
100
AcDbEntity
  8
OUTLINE
  6
SDS2_5
 62
     1
100
AcDbLine
 10
49.6925
 20
-18.28726213
 30
0.0
 11
49.6875
 21
-18.28726213
 31
0.0
  0
LINE
  5
2B5
330
1F
100
AcDbEntity
  8
OUTLINE
  6
SDS2_5
 62
     1
100
AcDbLine
 10
49.6875
 20
-18.28726213
 30
0.0
 11
49.375
 21
-18.28726213
 31
0.0
  0
LINE
  5
2B6
330
1F
100
AcDbEntity
  8
OUTLINE
  6
SDS2_5
 62
     1
100
AcDbLine
 10
49.375
 20
-18.28726213
 30
0.0
 11
49.37
 21
-18.28726213
 31
0.0
  0
LINE
  5
2B7
330
1F
100
AcDbEntity
  8
OUTLINE
  6
SDS2_5
 62
     1
100
AcDbLine
 10
49.37
 20
-18.28726213
 30
0.0
 11
49.37
 21
-18.155465144
 31
0.0
  0
LINE
  5
2B8
330
1F
100
AcDbEntity
  8
OUTLINE
  6
SDS2_5
 62
     1
100
AcDbLine
 10
49.6925
 20
-18.28726213
 30
0.0
 11
49.6925
 21
-18.37532606
 31
0.0
  0
LINE
  5
2B9
330
1F
100
AcDbEntity
  8
OUTLINE
  6
SDS2_5
 62
     1
100
AcDbLine
 10
49.6925
 20
-18.37532606
 30
0.0
 11
49.6875
 21
-18.37532606
 31
0.0
  0
LINE
  5
2BA
330
1F
100
AcDbEntity
  8
OUTLINE
  6
SDS2_5
 62
     1
100
AcDbLine
 10
49.6875
 20
-18.37532606
 30
0.0
 11
49.375
 21
-18.37532606
 31
0.0
  0
LINE
  5
2BB
330
1F
100
AcDbEntity
  8
OUTLINE
  6
SDS2_5
 62
     1
100
AcDbLine
 10
49.375
 20
-18.37532606
 30
0.0
 11
49.37
 21
-18.37532606
 31
0.0
  0
LINE
  5
2BC
330
1F
100
AcDbEntity
  8
OUTLINE
  6
SDS2_5
 62
     1
100
AcDbLine
 10
49.37
 20
-18.37532606
 30
0.0
 11
49.37
 21
-18.28726213
 31
0.0
  0
LINE
  5
2BD
330
1F
100
AcDbEntity
  8
OUTLINE
  6
SDS2_5
 62
     1
100
AcDbLine
 10
49.6925
 20
-18.37532606
 30
0.0
 11
49.6925
 21
-18.40625
 31
0.0
  0
LINE
  5
2BE
330
1F
100
AcDbEntity
  8
OUTLINE
  6
SDS2_5
 62
     1
100
AcDbLine
 10
49.6925
 20
-18.40625
 30
0.0
 11
49.6875
 21
-18.40625
 31
0.0
  0
LINE
  5
2BF
330
1F
100
AcDbEntity
  8
OUTLINE
  6
SDS2_5
 62
     1
100
AcDbLine
 10
49.6875
 20
-18.40625
 30
0.0
 11
49.375
 21
-18.40625
 31
0.0
  0
LINE
  5
2C0
330
1F
100
AcDbEntity
  8
OUTLINE
  6
SDS2_5
 62
     1
100
AcDbLine
 10
49.375
 20
-18.40625
 30
0.0
 11
49.37
 21
-18.40625
 31
0.0
  0
LINE
  5
2C1
330
1F
100
AcDbEntity
  8
OUTLINE
  6
SDS2_5
 62
     1
100
AcDbLine
 10
49.37
 20
-18.40625
 30
0.0
 11
49.37
 21
-18.37532606
 31
0.0
  0
LINE
  5
2C2
330
1F
100
AcDbEntity
  8
OUTLINE
  6
SDS2_5
 62
     1
100
AcDbLine
 10
49.37
 20
-20.59375
 30
0.0
 11
49.375
 21
-20.59375
 31
0.0
  0
LINE
  5
2C3
330
1F
100
AcDbEntity
  8
OUTLINE
  6
SDS2_5
 62
     1
100
AcDbLine
 10
49.375
 20
-20.59375
 30
0.0
 11
49.6875
 21
-20.59375
 31
0.0
  0
LINE
  5
2C4
330
1F
100
AcDbEntity
  8
OUTLINE
  6
SDS2_5
 62
     1
100
AcDbLine
 10
49.6875
 20
-20.59375
 30
0.0
 11
49.6925
 21
-20.59375
 31
0.0
  0
LINE
  5
2C5
330
1F
100
AcDbEntity
  8
OUTLINE
  6
SDS2_5
 62
     1
100
AcDbLine
 10
49.6925
 20
-20.59375
 30
0.0
 11
49.6925
 21
-20.62467394
 31
0.0
  0
LINE
  5
2C6
330
1F
100
AcDbEntity
  8
OUTLINE
  6
SDS2_5
 62
     1
100
AcDbLine
 10
49.37
 20
-20.62467394
 30
0.0
 11
49.37
 21
-20.59375
 31
0.0
  0
LINE
  5
2C7
330
1F
100
AcDbEntity
  8
OUTLINE
  6
SDS2_5
 62
     1
100
AcDbLine
 10
49.37
 20
-20.62467394
 30
0.0
 11
49.375
 21
-20.62467394
 31
0.0
  0
LINE
  5
2C8
330
1F
100
AcDbEntity
  8
OUTLINE
  6
SDS2_5
 62
     1
100
AcDbLine
 10
49.375
 20
-20.62467394
 30
0.0
 11
49.6875
 21
-20.62467394
 31
0.0
  0
LINE
  5
2C9
330
1F
100
AcDbEntity
  8
OUTLINE
  6
SDS2_5
 62
     1
100
AcDbLine
 10
49.6875
 20
-20.62467394
 30
0.0
 11
49.6925
 21
-20.62467394
 31
0.0
  0
LINE
  5
2CA
330
1F
100
AcDbEntity
  8
OUTLINE
  6
SDS2_5
 62
     1
100
AcDbLine
 10
49.6925
 20
-20.62467394
 30
0.0
 11
49.6925
 21
-20.71273787
 31
0.0
  0
LINE
  5
2CB
330
1F
100
AcDbEntity
  8
OUTLINE
  6
SDS2_5
 62
     1
100
AcDbLine
 10
49.37
 20
-20.71273787
 30
0.0
 11
49.37
 21
-20.62467394
 31
0.0
  0
LINE
  5
2CC
330
1F
100
AcDbEntity
  8
OUTLINE
  6
SDS2_5
 62
     1
100
AcDbLine
 10
49.37
 20
-20.71273787
 30
0.0
 11
49.375
 21
-20.71273787
 31
0.0
  0
LINE
  5
2CD
330
1F
100
AcDbEntity
  8
OUTLINE
  6
SDS2_5
 62
     1
100
AcDbLine
 10
49.375
 20
-20.71273787
 30
0.0
 11
49.6875
 21
-20.71273787
 31
0.0
  0
LINE
  5
2CE
330
1F
100
AcDbEntity
  8
OUTLINE
  6
SDS2_5
 62
     1
100
AcDbLine
 10
49.6875
 20
-20.71273787
 30
0.0
 11
49.6925
 21
-20.71273787
 31
0.0
  0
LINE
  5
2CF
330
1F
100
AcDbEntity
  8
OUTLINE
  6
SDS2_5
 62
     1
100
AcDbLine
 10
49.6925
 20
-20.71273787
 30
0.0
 11
49.6925
 21
-20.844534856
 31
0.0
  0
LINE
  5
2D0
330
1F
100
AcDbEntity
  8
OUTLINE
  6
SDS2_5
 62
     1
100
AcDbLine
 10
49.37
 20
-20.844534856
 30
0.0
 11
49.37
 21
-20.71273787
 31
0.0
  0
LINE
  5
2D1
330
1F
100
AcDbEntity
  8
OUTLINE
  6
SDS2_5
 62
     1
100
AcDbLine
 10
49.37
 20
-20.844534856
 30
0.0
 11
49.375
 21
-20.844534856
 31
0.0
  0
LINE
  5
2D2
330
1F
100
AcDbEntity
  8
OUTLINE
  6
SDS2_5
 62
     1
100
AcDbLine
 10
49.375
 20
-20.844534856
 30
0.0
 11
49.6875
 21
-20.844534856
 31
0.0
  0
LINE
  5
2D3
330
1F
100
AcDbEntity
  8
OUTLINE
  6
SDS2_5
 62
     1
100
AcDbLine
 10
49.6875
 20
-20.844534856
 30
0.0
 11
49.6925
 21
-20.844534856
 31
0.0
  0
LINE
  5
2D4
330
1F
100
AcDbEntity
  8
OUTLINE
  6
SDS2_5
 62
     1
100
AcDbLine
 10
49.6925
 20
-20.844534856
 30
0.0
 11
49.6925
 21
-21.0
 31
0.0
  0
LINE
  5
2D5
330
1F
100
AcDbEntity
  8
OUTLINE
  6
SDS2_5
 62
     1
100
AcDbLine
 10
49.6925
 20
-21.0
 30
0.0
 11
49.6875
 21
-21.0
 31
0.0
  0
LINE
  5
2D6
330
1F
100
AcDbEntity
  8
OUTLINE
  6
SDS2_5
 62
     1
100
AcDbLine
 10
49.6875
 20
-21.0
 30
0.0
 11
49.375
 21
-21.0
 31
0.0
  0
LINE
  5
2D7
330
1F
100
AcDbEntity
  8
OUTLINE
  6
SDS2_5
 62
     1
100
AcDbLine
 10
49.375
 20
-21.0
 30
0.0
 11
49.37
 21
-21.0
 31
0.0
  0
LINE
  5
2D8
330
1F
100
AcDbEntity
  8
OUTLINE
  6
SDS2_5
 62
     1
100
AcDbLine
 10
49.37
 20
-21.0
 30
0.0
 11
49.37
 21
-20.844534856
 31
0.0
  0
LINE
  5
2D9
330
1F
100
AcDbEntity
  8
OUTLINE
  6
SDS2_5
 62
     1
100
AcDbLine
 10
49.6925
 20
-21.0
 30
0.0
 11
49.6925
 21
-21.155465144
 31
0.0
  0
LINE
  5
2DA
330
1F
100
AcDbEntity
  8
OUTLINE
  6
SDS2_5
 62
     1
100
AcDbLine
 10
49.6925
 20
-21.155465144
 30
0.0
 11
49.6875
 21
-21.155465144
 31
0.0
  0
LINE
  5
2DB
330
1F
100
AcDbEntity
  8
OUTLINE
  6
SDS2_5
 62
     1
100
AcDbLine
 10
49.6875
 20
-21.155465144
 30
0.0
 11
49.375
 21
-21.155465144
 31
0.0
  0
LINE
  5
2DC
330
1F
100
AcDbEntity
  8
OUTLINE
  6
SDS2_5
 62
     1
100
AcDbLine
 10
49.375
 20
-21.155465144
 30
0.0
 11
49.37
 21
-21.155465144
 31
0.0
  0
LINE
  5
2DD
330
1F
100
AcDbEntity
  8
OUTLINE
  6
SDS2_5
 62
     1
100
AcDbLine
 10
49.37
 20
-21.155465144
 30
0.0
 11
49.37
 21
-21.0
 31
0.0
  0
LINE
  5
2DE
330
1F
100
AcDbEntity
  8
OUTLINE
  6
SDS2_5
 62
     1
100
AcDbLine
 10
49.6925
 20
-21.155465144
 30
0.0
 11
49.6925
 21
-21.28726213
 31
0.0
  0
LINE
  5
2DF
330
1F
100
AcDbEntity
  8
OUTLINE
  6
SDS2_5
 62
     1
100
AcDbLine
 10
49.6925
 20
-21.28726213
 30
0.0
 11
49.6875
 21
-21.28726213
 31
0.0
  0
LINE
  5
2E0
330
1F
100
AcDbEntity
  8
OUTLINE
  6
SDS2_5
 62
     1
100
AcDbLine
 10
49.6875
 20
-21.28726213
 30
0.0
 11
49.375
 21
-21.28726213
 31
0.0
  0
LINE
  5
2E1
330
1F
100
AcDbEntity
  8
OUTLINE
  6
SDS2_5
 62
     1
100
AcDbLine
 10
49.375
 20
-21.28726213
 30
0.0
 11
49.37
 21
-21.28726213
 31
0.0
  0
LINE
  5
2E2
330
1F
100
AcDbEntity
  8
OUTLINE
  6
SDS2_5
 62
     1
100
AcDbLine
 10
49.37
 20
-21.28726213
 30
0.0
 11
49.37
 21
-21.155465144
 31
0.0
  0
LINE
  5
2E3
330
1F
100
AcDbEntity
  8
OUTLINE
  6
SDS2_5
 62
     1
100
AcDbLine
 10
49.6925
 20
-21.28726213
 30
0.0
 11
49.6925
 21
-21.37532606
 31
0.0
  0
LINE
  5
2E4
330
1F
100
AcDbEntity
  8
OUTLINE
  6
SDS2_5
 62
     1
100
AcDbLine
 10
49.6925
 20
-21.37532606
 30
0.0
 11
49.6875
 21
-21.37532606
 31
0.0
  0
LINE
  5
2E5
330
1F
100
AcDbEntity
  8
OUTLINE
  6
SDS2_5
 62
     1
100
AcDbLine
 10
49.6875
 20
-21.37532606
 30
0.0
 11
49.375
 21
-21.37532606
 31
0.0
  0
LINE
  5
2E6
330
1F
100
AcDbEntity
  8
OUTLINE
  6
SDS2_5
 62
     1
100
AcDbLine
 10
49.375
 20
-21.37532606
 30
0.0
 11
49.37
 21
-21.37532606
 31
0.0
  0
LINE
  5
2E7
330
1F
100
AcDbEntity
  8
OUTLINE
  6
SDS2_5
 62
     1
100
AcDbLine
 10
49.37
 20
-21.37532606
 30
0.0
 11
49.37
 21
-21.28726213
 31
0.0
  0
LINE
  5
2E8
330
1F
100
AcDbEntity
  8
OUTLINE
  6
SDS2_5
 62
     1
100
AcDbLine
 10
49.6925
 20
-21.37532606
 30
0.0
 11
49.6925
 21
-21.40625
 31
0.0
  0
LINE
  5
2E9
330
1F
100
AcDbEntity
  8
OUTLINE
  6
SDS2_5
 62
     1
100
AcDbLine
 10
49.6925
 20
-21.40625
 30
0.0
 11
49.6875
 21
-21.40625
 31
0.0
  0
LINE
  5
2EA
330
1F
100
AcDbEntity
  8
OUTLINE
  6
SDS2_5
 62
     1
100
AcDbLine
 10
49.6875
 20
-21.40625
 30
0.0
 11
49.375
 21
-21.40625
 31
0.0
  0
LINE
  5
2EB
330
1F
100
AcDbEntity
  8
OUTLINE
  6
SDS2_5
 62
     1
100
AcDbLine
 10
49.375
 20
-21.40625
 30
0.0
 11
49.37
 21
-21.40625
 31
0.0
  0
LINE
  5
2EC
330
1F
100
AcDbEntity
  8
OUTLINE
  6
SDS2_5
 62
     1
100
AcDbLine
 10
49.37
 20
-21.40625
 30
0.0
 11
49.37
 21
-21.37532606
 31
0.0
  0
LINE
  5
2ED
330
1F
100
AcDbEntity
  8
OUTLINE
  6
SDS2_5
 62
     1
100
AcDbLine
 10
22.145
 20
-11.59375
 30
0.0
 11
22.15
 21
-11.59375
 31
0.0
  0
LINE
  5
2EE
330
1F
100
AcDbEntity
  8
OUTLINE
  6
SDS2_5
 62
     1
100
AcDbLine
 10
22.15
 20
-11.59375
 30
0.0
 11
22.525
 21
-11.59375
 31
0.0
  0
LINE
  5
2EF
330
1F
100
AcDbEntity
  8
OUTLINE
  6
SDS2_5
 62
     1
100
AcDbLine
 10
22.525
 20
-11.59375
 30
0.0
 11
22.53
 21
-11.59375
 31
0.0
  0
LINE
  5
2F0
330
1F
100
AcDbEntity
  8
OUTLINE
  6
SDS2_5
 62
     1
100
AcDbLine
 10
22.53
 20
-11.59375
 30
0.0
 11
22.53
 21
-11.62467394
 31
0.0
  0
LINE
  5
2F1
330
1F
100
AcDbEntity
  8
OUTLINE
  6
SDS2_5
 62
     1
100
AcDbLine
 10
22.145
 20
-11.62467394
 30
0.0
 11
22.145
 21
-11.59375
 31
0.0
  0
LINE
  5
2F2
330
1F
100
AcDbEntity
  8
OUTLINE
  6
SDS2_5
 62
     1
100
AcDbLine
 10
22.145
 20
-11.62467394
 30
0.0
 11
22.15
 21
-11.62467394
 31
0.0
  0
LINE
  5
2F3
330
1F
100
AcDbEntity
  8
OUTLINE
  6
SDS2_5
 62
     1
100
AcDbLine
 10
22.15
 20
-11.62467394
 30
0.0
 11
22.525
 21
-11.62467394
 31
0.0
  0
LINE
  5
2F4
330
1F
100
AcDbEntity
  8
OUTLINE
  6
SDS2_5
 62
     1
100
AcDbLine
 10
22.525
 20
-11.62467394
 30
0.0
 11
22.53
 21
-11.62467394
 31
0.0
  0
LINE
  5
2F5
330
1F
100
AcDbEntity
  8
OUTLINE
  6
SDS2_5
 62
     1
100
AcDbLine
 10
22.53
 20
-11.62467394
 30
0.0
 11
22.53
 21
-11.71273787
 31
0.0
  0
LINE
  5
2F6
330
1F
100
AcDbEntity
  8
OUTLINE
  6
SDS2_5
 62
     1
100
AcDbLine
 10
22.145
 20
-11.71273787
 30
0.0
 11
22.145
 21
-11.62467394
 31
0.0
  0
LINE
  5
2F7
330
1F
100
AcDbEntity
  8
OUTLINE
  6
SDS2_5
 62
     1
100
AcDbLine
 10
22.145
 20
-11.71273787
 30
0.0
 11
22.15
 21
-11.71273787
 31
0.0
  0
LINE
  5
2F8
330
1F
100
AcDbEntity
  8
OUTLINE
  6
SDS2_5
 62
     1
100
AcDbLine
 10
22.15
 20
-11.71273787
 30
0.0
 11
22.525
 21
-11.71273787
 31
0.0
  0
LINE
  5
2F9
330
1F
100
AcDbEntity
  8
OUTLINE
  6
SDS2_5
 62
     1
100
AcDbLine
 10
22.525
 20
-11.71273787
 30
0.0
 11
22.53
 21
-11.71273787
 31
0.0
  0
LINE
  5
2FA
330
1F
100
AcDbEntity
  8
OUTLINE
  6
SDS2_5
 62
     1
100
AcDbLine
 10
22.53
 20
-11.71273787
 30
0.0
 11
22.53
 21
-11.844534856
 31
0.0
  0
LINE
  5
2FB
330
1F
100
AcDbEntity
  8
OUTLINE
  6
SDS2_5
 62
     1
100
AcDbLine
 10
22.145
 20
-11.844534856
 30
0.0
 11
22.145
 21
-11.71273787
 31
0.0
  0
LINE
  5
2FC
330
1F
100
AcDbEntity
  8
OUTLINE
  6
SDS2_5
 62
     1
100
AcDbLine
 10
22.145
 20
-11.844534856
 30
0.0
 11
22.15
 21
-11.844534856
 31
0.0
  0
LINE
  5
2FD
330
1F
100
AcDbEntity
  8
OUTLINE
  6
SDS2_5
 62
     1
100
AcDbLine
 10
22.15
 20
-11.844534856
 30
0.0
 11
22.525
 21
-11.844534856
 31
0.0
  0
LINE
  5
2FE
330
1F
100
AcDbEntity
  8
OUTLINE
  6
SDS2_5
 62
     1
100
AcDbLine
 10
22.525
 20
-11.844534856
 30
0.0
 11
22.53
 21
-11.844534856
 31
0.0
  0
LINE
  5
2FF
330
1F
100
AcDbEntity
  8
OUTLINE
  6
SDS2_5
 62
     1
100
AcDbLine
 10
22.53
 20
-11.844534856
 30
0.0
 11
22.53
 21
-12.0
 31
0.0
  0
LINE
  5
300
330
1F
100
AcDbEntity
  8
OUTLINE
  6
SDS2_5
 62
     1
100
AcDbLine
 10
22.53
 20
-12.0
 30
0.0
 11
22.525
 21
-12.0
 31
0.0
  0
LINE
  5
301
330
1F
100
AcDbEntity
  8
OUTLINE
  6
SDS2_5
 62
     1
100
AcDbLine
 10
22.525
 20
-12.0
 30
0.0
 11
22.15
 21
-12.0
 31
0.0
  0
LINE
  5
302
330
1F
100
AcDbEntity
  8
OUTLINE
  6
SDS2_5
 62
     1
100
AcDbLine
 10
22.15
 20
-12.0
 30
0.0
 11
22.145
 21
-12.0
 31
0.0
  0
LINE
  5
303
330
1F
100
AcDbEntity
  8
OUTLINE
  6
SDS2_5
 62
     1
100
AcDbLine
 10
22.145
 20
-12.0
 30
0.0
 11
22.145
 21
-11.844534856
 31
0.0
  0
LINE
  5
304
330
1F
100
AcDbEntity
  8
OUTLINE
  6
SDS2_5
 62
     1
100
AcDbLine
 10
22.53
 20
-12.0
 30
0.0
 11
22.53
 21
-12.155465144
 31
0.0
  0
LINE
  5
305
330
1F
100
AcDbEntity
  8
OUTLINE
  6
SDS2_5
 62
     1
100
AcDbLine
 10
22.53
 20
-12.155465144
 30
0.0
 11
22.525
 21
-12.155465144
 31
0.0
  0
LINE
  5
306
330
1F
100
AcDbEntity
  8
OUTLINE
  6
SDS2_5
 62
     1
100
AcDbLine
 10
22.525
 20
-12.155465144
 30
0.0
 11
22.15
 21
-12.155465144
 31
0.0
  0
LINE
  5
307
330
1F
100
AcDbEntity
  8
OUTLINE
  6
SDS2_5
 62
     1
100
AcDbLine
 10
22.15
 20
-12.155465144
 30
0.0
 11
22.145
 21
-12.155465144
 31
0.0
  0
LINE
  5
308
330
1F
100
AcDbEntity
  8
OUTLINE
  6
SDS2_5
 62
     1
100
AcDbLine
 10
22.145
 20
-12.155465144
 30
0.0
 11
22.145
 21
-12.0
 31
0.0
  0
LINE
  5
309
330
1F
100
AcDbEntity
  8
OUTLINE
  6
SDS2_5
 62
     1
100
AcDbLine
 10
22.53
 20
-12.155465144
 30
0.0
 11
22.53
 21
-12.28726213
 31
0.0
  0
LINE
  5
30A
330
1F
100
AcDbEntity
  8
OUTLINE
  6
SDS2_5
 62
     1
100
AcDbLine
 10
22.53
 20
-12.28726213
 30
0.0
 11
22.525
 21
-12.28726213
 31
0.0
  0
LINE
  5
30B
330
1F
100
AcDbEntity
  8
OUTLINE
  6
SDS2_5
 62
     1
100
AcDbLine
 10
22.525
 20
-12.28726213
 30
0.0
 11
22.15
 21
-12.28726213
 31
0.0
  0
LINE
  5
30C
330
1F
100
AcDbEntity
  8
OUTLINE
  6
SDS2_5
 62
     1
100
AcDbLine
 10
22.15
 20
-12.28726213
 30
0.0
 11
22.145
 21
-12.28726213
 31
0.0
  0
LINE
  5
30D
330
1F
100
AcDbEntity
  8
OUTLINE
  6
SDS2_5
 62
     1
100
AcDbLine
 10
22.145
 20
-12.28726213
 30
0.0
 11
22.145
 21
-12.155465144
 31
0.0
  0
LINE
  5
30E
330
1F
100
AcDbEntity
  8
OUTLINE
  6
SDS2_5
 62
     1
100
AcDbLine
 10
22.53
 20
-12.28726213
 30
0.0
 11
22.53
 21
-12.37532606
 31
0.0
  0
LINE
  5
30F
330
1F
100
AcDbEntity
  8
OUTLINE
  6
SDS2_5
 62
     1
100
AcDbLine
 10
22.53
 20
-12.37532606
 30
0.0
 11
22.525
 21
-12.37532606
 31
0.0
  0
LINE
  5
310
330
1F
100
AcDbEntity
  8
OUTLINE
  6
SDS2_5
 62
     1
100
AcDbLine
 10
22.525
 20
-12.37532606
 30
0.0
 11
22.15
 21
-12.37532606
 31
0.0
  0
LINE
  5
311
330
1F
100
AcDbEntity
  8
OUTLINE
  6
SDS2_5
 62
     1
100
AcDbLine
 10
22.15
 20
-12.37532606
 30
0.0
 11
22.145
 21
-12.37532606
 31
0.0
  0
LINE
  5
312
330
1F
100
AcDbEntity
  8
OUTLINE
  6
SDS2_5
 62
     1
100
AcDbLine
 10
22.145
 20
-12.37532606
 30
0.0
 11
22.145
 21
-12.28726213
 31
0.0
  0
LINE
  5
313
330
1F
100
AcDbEntity
  8
OUTLINE
  6
SDS2_5
 62
     1
100
AcDbLine
 10
22.53
 20
-12.37532606
 30
0.0
 11
22.53
 21
-12.40625
 31
0.0
  0
LINE
  5
314
330
1F
100
AcDbEntity
  8
OUTLINE
  6
SDS2_5
 62
     1
100
AcDbLine
 10
22.53
 20
-12.40625
 30
0.0
 11
22.525
 21
-12.40625
 31
0.0
  0
LINE
  5
315
330
1F
100
AcDbEntity
  8
OUTLINE
  6
SDS2_5
 62
     1
100
AcDbLine
 10
22.525
 20
-12.40625
 30
0.0
 11
22.15
 21
-12.40625
 31
0.0
  0
LINE
  5
316
330
1F
100
AcDbEntity
  8
OUTLINE
  6
SDS2_5
 62
     1
100
AcDbLine
 10
22.15
 20
-12.40625
 30
0.0
 11
22.145
 21
-12.40625
 31
0.0
  0
LINE
  5
317
330
1F
100
AcDbEntity
  8
OUTLINE
  6
SDS2_5
 62
     1
100
AcDbLine
 10
22.145
 20
-12.40625
 30
0.0
 11
22.145
 21
-12.37532606
 31
0.0
  0
LINE
  5
318
330
1F
100
AcDbEntity
  8
OUTLINE
  6
SDS2_5
 62
     1
100
AcDbLine
 10
22.145
 20
-14.59375
 30
0.0
 11
22.15
 21
-14.59375
 31
0.0
  0
LINE
  5
319
330
1F
100
AcDbEntity
  8
OUTLINE
  6
SDS2_5
 62
     1
100
AcDbLine
 10
22.15
 20
-14.59375
 30
0.0
 11
22.525
 21
-14.59375
 31
0.0
  0
LINE
  5
31A
330
1F
100
AcDbEntity
  8
OUTLINE
  6
SDS2_5
 62
     1
100
AcDbLine
 10
22.525
 20
-14.59375
 30
0.0
 11
22.53
 21
-14.59375
 31
0.0
  0
LINE
  5
31B
330
1F
100
AcDbEntity
  8
OUTLINE
  6
SDS2_5
 62
     1
100
AcDbLine
 10
22.53
 20
-14.59375
 30
0.0
 11
22.53
 21
-14.62467394
 31
0.0
  0
LINE
  5
31C
330
1F
100
AcDbEntity
  8
OUTLINE
  6
SDS2_5
 62
     1
100
AcDbLine
 10
22.145
 20
-14.62467394
 30
0.0
 11
22.145
 21
-14.59375
 31
0.0
  0
LINE
  5
31D
330
1F
100
AcDbEntity
  8
OUTLINE
  6
SDS2_5
 62
     1
100
AcDbLine
 10
22.145
 20
-14.62467394
 30
0.0
 11
22.15
 21
-14.62467394
 31
0.0
  0
LINE
  5
31E
330
1F
100
AcDbEntity
  8
OUTLINE
  6
SDS2_5
 62
     1
100
AcDbLine
 10
22.15
 20
-14.62467394
 30
0.0
 11
22.525
 21
-14.62467394
 31
0.0
  0
LINE
  5
31F
330
1F
100
AcDbEntity
  8
OUTLINE
  6
SDS2_5
 62
     1
100
AcDbLine
 10
22.525
 20
-14.62467394
 30
0.0
 11
22.53
 21
-14.62467394
 31
0.0
  0
LINE
  5
320
330
1F
100
AcDbEntity
  8
OUTLINE
  6
SDS2_5
 62
     1
100
AcDbLine
 10
22.53
 20
-14.62467394
 30
0.0
 11
22.53
 21
-14.71273787
 31
0.0
  0
LINE
  5
321
330
1F
100
AcDbEntity
  8
OUTLINE
  6
SDS2_5
 62
     1
100
AcDbLine
 10
22.145
 20
-14.71273787
 30
0.0
 11
22.145
 21
-14.62467394
 31
0.0
  0
LINE
  5
322
330
1F
100
AcDbEntity
  8
OUTLINE
  6
SDS2_5
 62
     1
100
AcDbLine
 10
22.145
 20
-14.71273787
 30
0.0
 11
22.15
 21
-14.71273787
 31
0.0
  0
LINE
  5
323
330
1F
100
AcDbEntity
  8
OUTLINE
  6
SDS2_5
 62
     1
100
AcDbLine
 10
22.15
 20
-14.71273787
 30
0.0
 11
22.525
 21
-14.71273787
 31
0.0
  0
LINE
  5
324
330
1F
100
AcDbEntity
  8
OUTLINE
  6
SDS2_5
 62
     1
100
AcDbLine
 10
22.525
 20
-14.71273787
 30
0.0
 11
22.53
 21
-14.71273787
 31
0.0
  0
LINE
  5
325
330
1F
100
AcDbEntity
  8
OUTLINE
  6
SDS2_5
 62
     1
100
AcDbLine
 10
22.53
 20
-14.71273787
 30
0.0
 11
22.53
 21
-14.844534856
 31
0.0
  0
LINE
  5
326
330
1F
100
AcDbEntity
  8
OUTLINE
  6
SDS2_5
 62
     1
100
AcDbLine
 10
22.145
 20
-14.844534856
 30
0.0
 11
22.145
 21
-14.71273787
 31
0.0
  0
LINE
  5
327
330
1F
100
AcDbEntity
  8
OUTLINE
  6
SDS2_5
 62
     1
100
AcDbLine
 10
22.145
 20
-14.844534856
 30
0.0
 11
22.15
 21
-14.844534856
 31
0.0
  0
LINE
  5
328
330
1F
100
AcDbEntity
  8
OUTLINE
  6
SDS2_5
 62
     1
100
AcDbLine
 10
22.15
 20
-14.844534856
 30
0.0
 11
22.525
 21
-14.844534856
 31
0.0
  0
LINE
  5
329
330
1F
100
AcDbEntity
  8
OUTLINE
  6
SDS2_5
 62
     1
100
AcDbLine
 10
22.525
 20
-14.844534856
 30
0.0
 11
22.53
 21
-14.844534856
 31
0.0
  0
LINE
  5
32A
330
1F
100
AcDbEntity
  8
OUTLINE
  6
SDS2_5
 62
     1
100
AcDbLine
 10
22.53
 20
-14.844534856
 30
0.0
 11
22.53
 21
-15.0
 31
0.0
  0
LINE
  5
32B
330
1F
100
AcDbEntity
  8
OUTLINE
  6
SDS2_5
 62
     1
100
AcDbLine
 10
22.53
 20
-15.0
 30
0.0
 11
22.525
 21
-15.0
 31
0.0
  0
LINE
  5
32C
330
1F
100
AcDbEntity
  8
OUTLINE
  6
SDS2_5
 62
     1
100
AcDbLine
 10
22.525
 20
-15.0
 30
0.0
 11
22.15
 21
-15.0
 31
0.0
  0
LINE
  5
32D
330
1F
100
AcDbEntity
  8
OUTLINE
  6
SDS2_5
 62
     1
100
AcDbLine
 10
22.15
 20
-15.0
 30
0.0
 11
22.145
 21
-15.0
 31
0.0
  0
LINE
  5
32E
330
1F
100
AcDbEntity
  8
OUTLINE
  6
SDS2_5
 62
     1
100
AcDbLine
 10
22.145
 20
-15.0
 30
0.0
 11
22.145
 21
-14.844534856
 31
0.0
  0
LINE
  5
32F
330
1F
100
AcDbEntity
  8
OUTLINE
  6
SDS2_5
 62
     1
100
AcDbLine
 10
22.53
 20
-15.0
 30
0.0
 11
22.53
 21
-15.155465144
 31
0.0
  0
LINE
  5
330
330
1F
100
AcDbEntity
  8
OUTLINE
  6
SDS2_5
 62
     1
100
AcDbLine
 10
22.53
 20
-15.155465144
 30
0.0
 11
22.525
 21
-15.155465144
 31
0.0
  0
LINE
  5
331
330
1F
100
AcDbEntity
  8
OUTLINE
  6
SDS2_5
 62
     1
100
AcDbLine
 10
22.525
 20
-15.155465144
 30
0.0
 11
22.15
 21
-15.155465144
 31
0.0
  0
LINE
  5
332
330
1F
100
AcDbEntity
  8
OUTLINE
  6
SDS2_5
 62
     1
100
AcDbLine
 10
22.15
 20
-15.155465144
 30
0.0
 11
22.145
 21
-15.155465144
 31
0.0
  0
LINE
  5
333
330
1F
100
AcDbEntity
  8
OUTLINE
  6
SDS2_5
 62
     1
100
AcDbLine
 10
22.145
 20
-15.155465144
 30
0.0
 11
22.145
 21
-15.0
 31
0.0
  0
LINE
  5
334
330
1F
100
AcDbEntity
  8
OUTLINE
  6
SDS2_5
 62
     1
100
AcDbLine
 10
22.53
 20
-15.155465144
 30
0.0
 11
22.53
 21
-15.28726213
 31
0.0
  0
LINE
  5
335
330
1F
100
AcDbEntity
  8
OUTLINE
  6
SDS2_5
 62
     1
100
AcDbLine
 10
22.53
 20
-15.28726213
 30
0.0
 11
22.525
 21
-15.28726213
 31
0.0
  0
LINE
  5
336
330
1F
100
AcDbEntity
  8
OUTLINE
  6
SDS2_5
 62
     1
100
AcDbLine
 10
22.525
 20
-15.28726213
 30
0.0
 11
22.15
 21
-15.28726213
 31
0.0
  0
LINE
  5
337
330
1F
100
AcDbEntity
  8
OUTLINE
  6
SDS2_5
 62
     1
100
AcDbLine
 10
22.15
 20
-15.28726213
 30
0.0
 11
22.145
 21
-15.28726213
 31
0.0
  0
LINE
  5
338
330
1F
100
AcDbEntity
  8
OUTLINE
  6
SDS2_5
 62
     1
100
AcDbLine
 10
22.145
 20
-15.28726213
 30
0.0
 11
22.145
 21
-15.155465144
 31
0.0
  0
LINE
  5
339
330
1F
100
AcDbEntity
  8
OUTLINE
  6
SDS2_5
 62
     1
100
AcDbLine
 10
22.53
 20
-15.28726213
 30
0.0
 11
22.53
 21
-15.37532606
 31
0.0
  0
LINE
  5
33A
330
1F
100
AcDbEntity
  8
OUTLINE
  6
SDS2_5
 62
     1
100
AcDbLine
 10
22.53
 20
-15.37532606
 30
0.0
 11
22.525
 21
-15.37532606
 31
0.0
  0
LINE
  5
33B
330
1F
100
AcDbEntity
  8
OUTLINE
  6
SDS2_5
 62
     1
100
AcDbLine
 10
22.525
 20
-15.37532606
 30
0.0
 11
22.15
 21
-15.37532606
 31
0.0
  0
LINE
  5
33C
330
1F
100
AcDbEntity
  8
OUTLINE
  6
SDS2_5
 62
     1
100
AcDbLine
 10
22.15
 20
-15.37532606
 30
0.0
 11
22.145
 21
-15.37532606
 31
0.0
  0
LINE
  5
33D
330
1F
100
AcDbEntity
  8
OUTLINE
  6
SDS2_5
 62
     1
100
AcDbLine
 10
22.145
 20
-15.37532606
 30
0.0
 11
22.145
 21
-15.28726213
 31
0.0
  0
LINE
  5
33E
330
1F
100
AcDbEntity
  8
OUTLINE
  6
SDS2_5
 62
     1
100
AcDbLine
 10
22.53
 20
-15.37532606
 30
0.0
 11
22.53
 21
-15.40625
 31
0.0
  0
LINE
  5
33F
330
1F
100
AcDbEntity
  8
OUTLINE
  6
SDS2_5
 62
     1
100
AcDbLine
 10
22.53
 20
-15.40625
 30
0.0
 11
22.525
 21
-15.40625
 31
0.0
  0
LINE
  5
340
330
1F
100
AcDbEntity
  8
OUTLINE
  6
SDS2_5
 62
     1
100
AcDbLine
 10
22.525
 20
-15.40625
 30
0.0
 11
22.15
 21
-15.40625
 31
0.0
  0
LINE
  5
341
330
1F
100
AcDbEntity
  8
OUTLINE
  6
SDS2_5
 62
     1
100
AcDbLine
 10
22.15
 20
-15.40625
 30
0.0
 11
22.145
 21
-15.40625
 31
0.0
  0
LINE
  5
342
330
1F
100
AcDbEntity
  8
OUTLINE
  6
SDS2_5
 62
     1
100
AcDbLine
 10
22.145
 20
-15.40625
 30
0.0
 11
22.145
 21
-15.37532606
 31
0.0
  0
LINE
  5
343
330
1F
100
AcDbEntity
  8
OUTLINE
  6
SDS2_5
 62
     1
100
AcDbLine
 10
22.145
 20
-17.59375
 30
0.0
 11
22.15
 21
-17.59375
 31
0.0
  0
LINE
  5
344
330
1F
100
AcDbEntity
  8
OUTLINE
  6
SDS2_5
 62
     1
100
AcDbLine
 10
22.15
 20
-17.59375
 30
0.0
 11
22.525
 21
-17.59375
 31
0.0
  0
LINE
  5
345
330
1F
100
AcDbEntity
  8
OUTLINE
  6
SDS2_5
 62
     1
100
AcDbLine
 10
22.525
 20
-17.59375
 30
0.0
 11
22.53
 21
-17.59375
 31
0.0
  0
LINE
  5
346
330
1F
100
AcDbEntity
  8
OUTLINE
  6
SDS2_5
 62
     1
100
AcDbLine
 10
22.53
 20
-17.59375
 30
0.0
 11
22.53
 21
-17.62467394
 31
0.0
  0
LINE
  5
347
330
1F
100
AcDbEntity
  8
OUTLINE
  6
SDS2_5
 62
     1
100
AcDbLine
 10
22.145
 20
-17.62467394
 30
0.0
 11
22.145
 21
-17.59375
 31
0.0
  0
LINE
  5
348
330
1F
100
AcDbEntity
  8
OUTLINE
  6
SDS2_5
 62
     1
100
AcDbLine
 10
22.145
 20
-17.62467394
 30
0.0
 11
22.15
 21
-17.62467394
 31
0.0
  0
LINE
  5
349
330
1F
100
AcDbEntity
  8
OUTLINE
  6
SDS2_5
 62
     1
100
AcDbLine
 10
22.15
 20
-17.62467394
 30
0.0
 11
22.525
 21
-17.62467394
 31
0.0
  0
LINE
  5
34A
330
1F
100
AcDbEntity
  8
OUTLINE
  6
SDS2_5
 62
     1
100
AcDbLine
 10
22.525
 20
-17.62467394
 30
0.0
 11
22.53
 21
-17.62467394
 31
0.0
  0
LINE
  5
34B
330
1F
100
AcDbEntity
  8
OUTLINE
  6
SDS2_5
 62
     1
100
AcDbLine
 10
22.53
 20
-17.62467394
 30
0.0
 11
22.53
 21
-17.71273787
 31
0.0
  0
LINE
  5
34C
330
1F
100
AcDbEntity
  8
OUTLINE
  6
SDS2_5
 62
     1
100
AcDbLine
 10
22.145
 20
-17.71273787
 30
0.0
 11
22.145
 21
-17.62467394
 31
0.0
  0
LINE
  5
34D
330
1F
100
AcDbEntity
  8
OUTLINE
  6
SDS2_5
 62
     1
100
AcDbLine
 10
22.145
 20
-17.71273787
 30
0.0
 11
22.15
 21
-17.71273787
 31
0.0
  0
LINE
  5
34E
330
1F
100
AcDbEntity
  8
OUTLINE
  6
SDS2_5
 62
     1
100
AcDbLine
 10
22.15
 20
-17.71273787
 30
0.0
 11
22.525
 21
-17.71273787
 31
0.0
  0
LINE
  5
34F
330
1F
100
AcDbEntity
  8
OUTLINE
  6
SDS2_5
 62
     1
100
AcDbLine
 10
22.525
 20
-17.71273787
 30
0.0
 11
22.53
 21
-17.71273787
 31
0.0
  0
LINE
  5
350
330
1F
100
AcDbEntity
  8
OUTLINE
  6
SDS2_5
 62
     1
100
AcDbLine
 10
22.53
 20
-17.71273787
 30
0.0
 11
22.53
 21
-17.844534856
 31
0.0
  0
LINE
  5
351
330
1F
100
AcDbEntity
  8
OUTLINE
  6
SDS2_5
 62
     1
100
AcDbLine
 10
22.145
 20
-17.844534856
 30
0.0
 11
22.145
 21
-17.71273787
 31
0.0
  0
LINE
  5
352
330
1F
100
AcDbEntity
  8
OUTLINE
  6
SDS2_5
 62
     1
100
AcDbLine
 10
22.145
 20
-17.844534856
 30
0.0
 11
22.15
 21
-17.844534856
 31
0.0
  0
LINE
  5
353
330
1F
100
AcDbEntity
  8
OUTLINE
  6
SDS2_5
 62
     1
100
AcDbLine
 10
22.15
 20
-17.844534856
 30
0.0
 11
22.525
 21
-17.844534856
 31
0.0
  0
LINE
  5
354
330
1F
100
AcDbEntity
  8
OUTLINE
  6
SDS2_5
 62
     1
100
AcDbLine
 10
22.525
 20
-17.844534856
 30
0.0
 11
22.53
 21
-17.844534856
 31
0.0
  0
LINE
  5
355
330
1F
100
AcDbEntity
  8
OUTLINE
  6
SDS2_5
 62
     1
100
AcDbLine
 10
22.53
 20
-17.844534856
 30
0.0
 11
22.53
 21
-18.0
 31
0.0
  0
LINE
  5
356
330
1F
100
AcDbEntity
  8
OUTLINE
  6
SDS2_5
 62
     1
100
AcDbLine
 10
22.53
 20
-18.0
 30
0.0
 11
22.525
 21
-18.0
 31
0.0
  0
LINE
  5
357
330
1F
100
AcDbEntity
  8
OUTLINE
  6
SDS2_5
 62
     1
100
AcDbLine
 10
22.525
 20
-18.0
 30
0.0
 11
22.15
 21
-18.0
 31
0.0
  0
LINE
  5
358
330
1F
100
AcDbEntity
  8
OUTLINE
  6
SDS2_5
 62
     1
100
AcDbLine
 10
22.15
 20
-18.0
 30
0.0
 11
22.145
 21
-18.0
 31
0.0
  0
LINE
  5
359
330
1F
100
AcDbEntity
  8
OUTLINE
  6
SDS2_5
 62
     1
100
AcDbLine
 10
22.145
 20
-18.0
 30
0.0
 11
22.145
 21
-17.844534856
 31
0.0
  0
LINE
  5
35A
330
1F
100
AcDbEntity
  8
OUTLINE
  6
SDS2_5
 62
     1
100
AcDbLine
 10
22.53
 20
-18.0
 30
0.0
 11
22.53
 21
-18.155465144
 31
0.0
  0
LINE
  5
35B
330
1F
100
AcDbEntity
  8
OUTLINE
  6
SDS2_5
 62
     1
100
AcDbLine
 10
22.53
 20
-18.155465144
 30
0.0
 11
22.525
 21
-18.155465144
 31
0.0
  0
LINE
  5
35C
330
1F
100
AcDbEntity
  8
OUTLINE
  6
SDS2_5
 62
     1
100
AcDbLine
 10
22.525
 20
-18.155465144
 30
0.0
 11
22.15
 21
-18.155465144
 31
0.0
  0
LINE
  5
35D
330
1F
100
AcDbEntity
  8
OUTLINE
  6
SDS2_5
 62
     1
100
AcDbLine
 10
22.15
 20
-18.155465144
 30
0.0
 11
22.145
 21
-18.155465144
 31
0.0
  0
LINE
  5
35E
330
1F
100
AcDbEntity
  8
OUTLINE
  6
SDS2_5
 62
     1
100
AcDbLine
 10
22.145
 20
-18.155465144
 30
0.0
 11
22.145
 21
-18.0
 31
0.0
  0
LINE
  5
35F
330
1F
100
AcDbEntity
  8
OUTLINE
  6
SDS2_5
 62
     1
100
AcDbLine
 10
22.53
 20
-18.155465144
 30
0.0
 11
22.53
 21
-18.28726213
 31
0.0
  0
LINE
  5
360
330
1F
100
AcDbEntity
  8
OUTLINE
  6
SDS2_5
 62
     1
100
AcDbLine
 10
22.53
 20
-18.28726213
 30
0.0
 11
22.525
 21
-18.28726213
 31
0.0
  0
LINE
  5
361
330
1F
100
AcDbEntity
  8
OUTLINE
  6
SDS2_5
 62
     1
100
AcDbLine
 10
22.525
 20
-18.28726213
 30
0.0
 11
22.15
 21
-18.28726213
 31
0.0
  0
LINE
  5
362
330
1F
100
AcDbEntity
  8
OUTLINE
  6
SDS2_5
 62
     1
100
AcDbLine
 10
22.15
 20
-18.28726213
 30
0.0
 11
22.145
 21
-18.28726213
 31
0.0
  0
LINE
  5
363
330
1F
100
AcDbEntity
  8
OUTLINE
  6
SDS2_5
 62
     1
100
AcDbLine
 10
22.145
 20
-18.28726213
 30
0.0
 11
22.145
 21
-18.155465144
 31
0.0
  0
LINE
  5
364
330
1F
100
AcDbEntity
  8
OUTLINE
  6
SDS2_5
 62
     1
100
AcDbLine
 10
22.53
 20
-18.28726213
 30
0.0
 11
22.53
 21
-18.37532606
 31
0.0
  0
LINE
  5
365
330
1F
100
AcDbEntity
  8
OUTLINE
  6
SDS2_5
 62
     1
100
AcDbLine
 10
22.53
 20
-18.37532606
 30
0.0
 11
22.525
 21
-18.37532606
 31
0.0
  0
LINE
  5
366
330
1F
100
AcDbEntity
  8
OUTLINE
  6
SDS2_5
 62
     1
100
AcDbLine
 10
22.525
 20
-18.37532606
 30
0.0
 11
22.15
 21
-18.37532606
 31
0.0
  0
LINE
  5
367
330
1F
100
AcDbEntity
  8
OUTLINE
  6
SDS2_5
 62
     1
100
AcDbLine
 10
22.15
 20
-18.37532606
 30
0.0
 11
22.145
 21
-18.37532606
 31
0.0
  0
LINE
  5
368
330
1F
100
AcDbEntity
  8
OUTLINE
  6
SDS2_5
 62
     1
100
AcDbLine
 10
22.145
 20
-18.37532606
 30
0.0
 11
22.145
 21
-18.28726213
 31
0.0
  0
LINE
  5
369
330
1F
100
AcDbEntity
  8
OUTLINE
  6
SDS2_5
 62
     1
100
AcDbLine
 10
22.53
 20
-18.37532606
 30
0.0
 11
22.53
 21
-18.40625
 31
0.0
  0
LINE
  5
36A
330
1F
100
AcDbEntity
  8
OUTLINE
  6
SDS2_5
 62
     1
100
AcDbLine
 10
22.53
 20
-18.40625
 30
0.0
 11
22.525
 21
-18.40625
 31
0.0
  0
LINE
  5
36B
330
1F
100
AcDbEntity
  8
OUTLINE
  6
SDS2_5
 62
     1
100
AcDbLine
 10
22.525
 20
-18.40625
 30
0.0
 11
22.15
 21
-18.40625
 31
0.0
  0
LINE
  5
36C
330
1F
100
AcDbEntity
  8
OUTLINE
  6
SDS2_5
 62
     1
100
AcDbLine
 10
22.15
 20
-18.40625
 30
0.0
 11
22.145
 21
-18.40625
 31
0.0
  0
LINE
  5
36D
330
1F
100
AcDbEntity
  8
OUTLINE
  6
SDS2_5
 62
     1
100
AcDbLine
 10
22.145
 20
-18.40625
 30
0.0
 11
22.145
 21
-18.37532606
 31
0.0
  0
LINE
  5
36E
330
1F
100
AcDbEntity
  8
OUTLINE
  6
SDS2_5
 62
     1
100
AcDbLine
 10
22.145
 20
-20.59375
 30
0.0
 11
22.15
 21
-20.59375
 31
0.0
  0
LINE
  5
36F
330
1F
100
AcDbEntity
  8
OUTLINE
  6
SDS2_5
 62
     1
100
AcDbLine
 10
22.15
 20
-20.59375
 30
0.0
 11
22.525
 21
-20.59375
 31
0.0
  0
LINE
  5
370
330
1F
100
AcDbEntity
  8
OUTLINE
  6
SDS2_5
 62
     1
100
AcDbLine
 10
22.525
 20
-20.59375
 30
0.0
 11
22.53
 21
-20.59375
 31
0.0
  0
LINE
  5
371
330
1F
100
AcDbEntity
  8
OUTLINE
  6
SDS2_5
 62
     1
100
AcDbLine
 10
22.53
 20
-20.59375
 30
0.0
 11
22.53
 21
-20.62467394
 31
0.0
  0
LINE
  5
372
330
1F
100
AcDbEntity
  8
OUTLINE
  6
SDS2_5
 62
     1
100
AcDbLine
 10
22.145
 20
-20.62467394
 30
0.0
 11
22.145
 21
-20.59375
 31
0.0
  0
LINE
  5
373
330
1F
100
AcDbEntity
  8
OUTLINE
  6
SDS2_5
 62
     1
100
AcDbLine
 10
22.145
 20
-20.62467394
 30
0.0
 11
22.15
 21
-20.62467394
 31
0.0
  0
LINE
  5
374
330
1F
100
AcDbEntity
  8
OUTLINE
  6
SDS2_5
 62
     1
100
AcDbLine
 10
22.15
 20
-20.62467394
 30
0.0
 11
22.525
 21
-20.62467394
 31
0.0
  0
LINE
  5
375
330
1F
100
AcDbEntity
  8
OUTLINE
  6
SDS2_5
 62
     1
100
AcDbLine
 10
22.525
 20
-20.62467394
 30
0.0
 11
22.53
 21
-20.62467394
 31
0.0
  0
LINE
  5
376
330
1F
100
AcDbEntity
  8
OUTLINE
  6
SDS2_5
 62
     1
100
AcDbLine
 10
22.53
 20
-20.62467394
 30
0.0
 11
22.53
 21
-20.71273787
 31
0.0
  0
LINE
  5
377
330
1F
100
AcDbEntity
  8
OUTLINE
  6
SDS2_5
 62
     1
100
AcDbLine
 10
22.145
 20
-20.71273787
 30
0.0
 11
22.145
 21
-20.62467394
 31
0.0
  0
LINE
  5
378
330
1F
100
AcDbEntity
  8
OUTLINE
  6
SDS2_5
 62
     1
100
AcDbLine
 10
22.145
 20
-20.71273787
 30
0.0
 11
22.15
 21
-20.71273787
 31
0.0
  0
LINE
  5
379
330
1F
100
AcDbEntity
  8
OUTLINE
  6
SDS2_5
 62
     1
100
AcDbLine
 10
22.15
 20
-20.71273787
 30
0.0
 11
22.525
 21
-20.71273787
 31
0.0
  0
LINE
  5
37A
330
1F
100
AcDbEntity
  8
OUTLINE
  6
SDS2_5
 62
     1
100
AcDbLine
 10
22.525
 20
-20.71273787
 30
0.0
 11
22.53
 21
-20.71273787
 31
0.0
  0
LINE
  5
37B
330
1F
100
AcDbEntity
  8
OUTLINE
  6
SDS2_5
 62
     1
100
AcDbLine
 10
22.53
 20
-20.71273787
 30
0.0
 11
22.53
 21
-20.844534856
 31
0.0
  0
LINE
  5
37C
330
1F
100
AcDbEntity
  8
OUTLINE
  6
SDS2_5
 62
     1
100
AcDbLine
 10
22.145
 20
-20.844534856
 30
0.0
 11
22.145
 21
-20.71273787
 31
0.0
  0
LINE
  5
37D
330
1F
100
AcDbEntity
  8
OUTLINE
  6
SDS2_5
 62
     1
100
AcDbLine
 10
22.145
 20
-20.844534856
 30
0.0
 11
22.15
 21
-20.844534856
 31
0.0
  0
LINE
  5
37E
330
1F
100
AcDbEntity
  8
OUTLINE
  6
SDS2_5
 62
     1
100
AcDbLine
 10
22.15
 20
-20.844534856
 30
0.0
 11
22.525
 21
-20.844534856
 31
0.0
  0
LINE
  5
37F
330
1F
100
AcDbEntity
  8
OUTLINE
  6
SDS2_5
 62
     1
100
AcDbLine
 10
22.525
 20
-20.844534856
 30
0.0
 11
22.53
 21
-20.844534856
 31
0.0
  0
LINE
  5
380
330
1F
100
AcDbEntity
  8
OUTLINE
  6
SDS2_5
 62
     1
100
AcDbLine
 10
22.53
 20
-20.844534856
 30
0.0
 11
22.53
 21
-21.0
 31
0.0
  0
LINE
  5
381
330
1F
100
AcDbEntity
  8
OUTLINE
  6
SDS2_5
 62
     1
100
AcDbLine
 10
22.53
 20
-21.0
 30
0.0
 11
22.525
 21
-21.0
 31
0.0
  0
LINE
  5
382
330
1F
100
AcDbEntity
  8
OUTLINE
  6
SDS2_5
 62
     1
100
AcDbLine
 10
22.525
 20
-21.0
 30
0.0
 11
22.15
 21
-21.0
 31
0.0
  0
LINE
  5
383
330
1F
100
AcDbEntity
  8
OUTLINE
  6
SDS2_5
 62
     1
100
AcDbLine
 10
22.15
 20
-21.0
 30
0.0
 11
22.145
 21
-21.0
 31
0.0
  0
LINE
  5
384
330
1F
100
AcDbEntity
  8
OUTLINE
  6
SDS2_5
 62
     1
100
AcDbLine
 10
22.145
 20
-21.0
 30
0.0
 11
22.145
 21
-20.844534856
 31
0.0
  0
LINE
  5
385
330
1F
100
AcDbEntity
  8
OUTLINE
  6
SDS2_5
 62
     1
100
AcDbLine
 10
22.53
 20
-21.0
 30
0.0
 11
22.53
 21
-21.155465144
 31
0.0
  0
LINE
  5
386
330
1F
100
AcDbEntity
  8
OUTLINE
  6
SDS2_5
 62
     1
100
AcDbLine
 10
22.53
 20
-21.155465144
 30
0.0
 11
22.525
 21
-21.155465144
 31
0.0
  0
LINE
  5
387
330
1F
100
AcDbEntity
  8
OUTLINE
  6
SDS2_5
 62
     1
100
AcDbLine
 10
22.525
 20
-21.155465144
 30
0.0
 11
22.15
 21
-21.155465144
 31
0.0
  0
LINE
  5
388
330
1F
100
AcDbEntity
  8
OUTLINE
  6
SDS2_5
 62
     1
100
AcDbLine
 10
22.15
 20
-21.155465144
 30
0.0
 11
22.145
 21
-21.155465144
 31
0.0
  0
LINE
  5
389
330
1F
100
AcDbEntity
  8
OUTLINE
  6
SDS2_5
 62
     1
100
AcDbLine
 10
22.145
 20
-21.155465144
 30
0.0
 11
22.145
 21
-21.0
 31
0.0
  0
LINE
  5
38A
330
1F
100
AcDbEntity
  8
OUTLINE
  6
SDS2_5
 62
     1
100
AcDbLine
 10
22.53
 20
-21.155465144
 30
0.0
 11
22.53
 21
-21.28726213
 31
0.0
  0
LINE
  5
38B
330
1F
100
AcDbEntity
  8
OUTLINE
  6
SDS2_5
 62
     1
100
AcDbLine
 10
22.53
 20
-21.28726213
 30
0.0
 11
22.525
 21
-21.28726213
 31
0.0
  0
LINE
  5
38C
330
1F
100
AcDbEntity
  8
OUTLINE
  6
SDS2_5
 62
     1
100
AcDbLine
 10
22.525
 20
-21.28726213
 30
0.0
 11
22.15
 21
-21.28726213
 31
0.0
  0
LINE
  5
38D
330
1F
100
AcDbEntity
  8
OUTLINE
  6
SDS2_5
 62
     1
100
AcDbLine
 10
22.15
 20
-21.28726213
 30
0.0
 11
22.145
 21
-21.28726213
 31
0.0
  0
LINE
  5
38E
330
1F
100
AcDbEntity
  8
OUTLINE
  6
SDS2_5
 62
     1
100
AcDbLine
 10
22.145
 20
-21.28726213
 30
0.0
 11
22.145
 21
-21.155465144
 31
0.0
  0
LINE
  5
38F
330
1F
100
AcDbEntity
  8
OUTLINE
  6
SDS2_5
 62
     1
100
AcDbLine
 10
22.53
 20
-21.28726213
 30
0.0
 11
22.53
 21
-21.37532606
 31
0.0
  0
LINE
  5
390
330
1F
100
AcDbEntity
  8
OUTLINE
  6
SDS2_5
 62
     1
100
AcDbLine
 10
22.53
 20
-21.37532606
 30
0.0
 11
22.525
 21
-21.37532606
 31
0.0
  0
LINE
  5
391
330
1F
100
AcDbEntity
  8
OUTLINE
  6
SDS2_5
 62
     1
100
AcDbLine
 10
22.525
 20
-21.37532606
 30
0.0
 11
22.15
 21
-21.37532606
 31
0.0
  0
LINE
  5
392
330
1F
100
AcDbEntity
  8
OUTLINE
  6
SDS2_5
 62
     1
100
AcDbLine
 10
22.15
 20
-21.37532606
 30
0.0
 11
22.145
 21
-21.37532606
 31
0.0
  0
LINE
  5
393
330
1F
100
AcDbEntity
  8
OUTLINE
  6
SDS2_5
 62
     1
100
AcDbLine
 10
22.145
 20
-21.37532606
 30
0.0
 11
22.145
 21
-21.28726213
 31
0.0
  0
LINE
  5
394
330
1F
100
AcDbEntity
  8
OUTLINE
  6
SDS2_5
 62
     1
100
AcDbLine
 10
22.53
 20
-21.37532606
 30
0.0
 11
22.53
 21
-21.40625
 31
0.0
  0
LINE
  5
395
330
1F
100
AcDbEntity
  8
OUTLINE
  6
SDS2_5
 62
     1
100
AcDbLine
 10
22.53
 20
-21.40625
 30
0.0
 11
22.525
 21
-21.40625
 31
0.0
  0
LINE
  5
396
330
1F
100
AcDbEntity
  8
OUTLINE
  6
SDS2_5
 62
     1
100
AcDbLine
 10
22.525
 20
-21.40625
 30
0.0
 11
22.15
 21
-21.40625
 31
0.0
  0
LINE
  5
397
330
1F
100
AcDbEntity
  8
OUTLINE
  6
SDS2_5
 62
     1
100
AcDbLine
 10
22.15
 20
-21.40625
 30
0.0
 11
22.145
 21
-21.40625
 31
0.0
  0
LINE
  5
398
330
1F
100
AcDbEntity
  8
OUTLINE
  6
SDS2_5
 62
     1
100
AcDbLine
 10
22.145
 20
-21.40625
 30
0.0
 11
22.145
 21
-21.37532606
 31
0.0
  0
LINE
  5
399
330
1F
100
AcDbEntity
  8
OUTLINE
  6
SDS2_5
 62
     1
100
AcDbLine
 10
22.145
 20
-23.59375
 30
0.0
 11
22.15
 21
-23.59375
 31
0.0
  0
LINE
  5
39A
330
1F
100
AcDbEntity
  8
OUTLINE
  6
SDS2_5
 62
     1
100
AcDbLine
 10
22.15
 20
-23.59375
 30
0.0
 11
22.525
 21
-23.59375
 31
0.0
  0
LINE
  5
39B
330
1F
100
AcDbEntity
  8
OUTLINE
  6
SDS2_5
 62
     1
100
AcDbLine
 10
22.525
 20
-23.59375
 30
0.0
 11
22.53
 21
-23.59375
 31
0.0
  0
LINE
  5
39C
330
1F
100
AcDbEntity
  8
OUTLINE
  6
SDS2_5
 62
     1
100
AcDbLine
 10
22.53
 20
-23.59375
 30
0.0
 11
22.53
 21
-23.62467394
 31
0.0
  0
LINE
  5
39D
330
1F
100
AcDbEntity
  8
OUTLINE
  6
SDS2_5
 62
     1
100
AcDbLine
 10
22.145
 20
-23.62467394
 30
0.0
 11
22.145
 21
-23.59375
 31
0.0
  0
LINE
  5
39E
330
1F
100
AcDbEntity
  8
OUTLINE
  6
SDS2_5
 62
     1
100
AcDbLine
 10
22.145
 20
-23.62467394
 30
0.0
 11
22.15
 21
-23.62467394
 31
0.0
  0
LINE
  5
39F
330
1F
100
AcDbEntity
  8
OUTLINE
  6
SDS2_5
 62
     1
100
AcDbLine
 10
22.15
 20
-23.62467394
 30
0.0
 11
22.525
 21
-23.62467394
 31
0.0
  0
LINE
  5
3A0
330
1F
100
AcDbEntity
  8
OUTLINE
  6
SDS2_5
 62
     1
100
AcDbLine
 10
22.525
 20
-23.62467394
 30
0.0
 11
22.53
 21
-23.62467394
 31
0.0
  0
LINE
  5
3A1
330
1F
100
AcDbEntity
  8
OUTLINE
  6
SDS2_5
 62
     1
100
AcDbLine
 10
22.53
 20
-23.62467394
 30
0.0
 11
22.53
 21
-23.71273787
 31
0.0
  0
LINE
  5
3A2
330
1F
100
AcDbEntity
  8
OUTLINE
  6
SDS2_5
 62
     1
100
AcDbLine
 10
22.145
 20
-23.71273787
 30
0.0
 11
22.145
 21
-23.62467394
 31
0.0
  0
LINE
  5
3A3
330
1F
100
AcDbEntity
  8
OUTLINE
  6
SDS2_5
 62
     1
100
AcDbLine
 10
22.145
 20
-23.71273787
 30
0.0
 11
22.15
 21
-23.71273787
 31
0.0
  0
LINE
  5
3A4
330
1F
100
AcDbEntity
  8
OUTLINE
  6
SDS2_5
 62
     1
100
AcDbLine
 10
22.15
 20
-23.71273787
 30
0.0
 11
22.525
 21
-23.71273787
 31
0.0
  0
LINE
  5
3A5
330
1F
100
AcDbEntity
  8
OUTLINE
  6
SDS2_5
 62
     1
100
AcDbLine
 10
22.525
 20
-23.71273787
 30
0.0
 11
22.53
 21
-23.71273787
 31
0.0
  0
LINE
  5
3A6
330
1F
100
AcDbEntity
  8
OUTLINE
  6
SDS2_5
 62
     1
100
AcDbLine
 10
22.53
 20
-23.71273787
 30
0.0
 11
22.53
 21
-23.844534856
 31
0.0
  0
LINE
  5
3A7
330
1F
100
AcDbEntity
  8
OUTLINE
  6
SDS2_5
 62
     1
100
AcDbLine
 10
22.145
 20
-23.844534856
 30
0.0
 11
22.145
 21
-23.71273787
 31
0.0
  0
LINE
  5
3A8
330
1F
100
AcDbEntity
  8
OUTLINE
  6
SDS2_5
 62
     1
100
AcDbLine
 10
22.145
 20
-23.844534856
 30
0.0
 11
22.15
 21
-23.844534856
 31
0.0
  0
LINE
  5
3A9
330
1F
100
AcDbEntity
  8
OUTLINE
  6
SDS2_5
 62
     1
100
AcDbLine
 10
22.15
 20
-23.844534856
 30
0.0
 11
22.525
 21
-23.844534856
 31
0.0
  0
LINE
  5
3AA
330
1F
100
AcDbEntity
  8
OUTLINE
  6
SDS2_5
 62
     1
100
AcDbLine
 10
22.525
 20
-23.844534856
 30
0.0
 11
22.53
 21
-23.844534856
 31
0.0
  0
LINE
  5
3AB
330
1F
100
AcDbEntity
  8
OUTLINE
  6
SDS2_5
 62
     1
100
AcDbLine
 10
22.53
 20
-23.844534856
 30
0.0
 11
22.53
 21
-24.0
 31
0.0
  0
LINE
  5
3AC
330
1F
100
AcDbEntity
  8
OUTLINE
  6
SDS2_5
 62
     1
100
AcDbLine
 10
22.53
 20
-24.0
 30
0.0
 11
22.525
 21
-24.0
 31
0.0
  0
LINE
  5
3AD
330
1F
100
AcDbEntity
  8
OUTLINE
  6
SDS2_5
 62
     1
100
AcDbLine
 10
22.525
 20
-24.0
 30
0.0
 11
22.15
 21
-24.0
 31
0.0
  0
LINE
  5
3AE
330
1F
100
AcDbEntity
  8
OUTLINE
  6
SDS2_5
 62
     1
100
AcDbLine
 10
22.15
 20
-24.0
 30
0.0
 11
22.145
 21
-24.0
 31
0.0
  0
LINE
  5
3AF
330
1F
100
AcDbEntity
  8
OUTLINE
  6
SDS2_5
 62
     1
100
AcDbLine
 10
22.145
 20
-24.0
 30
0.0
 11
22.145
 21
-23.844534856
 31
0.0
  0
LINE
  5
3B0
330
1F
100
AcDbEntity
  8
OUTLINE
  6
SDS2_5
 62
     1
100
AcDbLine
 10
22.53
 20
-24.0
 30
0.0
 11
22.53
 21
-24.155465144
 31
0.0
  0
LINE
  5
3B1
330
1F
100
AcDbEntity
  8
OUTLINE
  6
SDS2_5
 62
     1
100
AcDbLine
 10
22.53
 20
-24.155465144
 30
0.0
 11
22.525
 21
-24.155465144
 31
0.0
  0
LINE
  5
3B2
330
1F
100
AcDbEntity
  8
OUTLINE
  6
SDS2_5
 62
     1
100
AcDbLine
 10
22.525
 20
-24.155465144
 30
0.0
 11
22.15
 21
-24.155465144
 31
0.0
  0
LINE
  5
3B3
330
1F
100
AcDbEntity
  8
OUTLINE
  6
SDS2_5
 62
     1
100
AcDbLine
 10
22.15
 20
-24.155465144
 30
0.0
 11
22.145
 21
-24.155465144
 31
0.0
  0
LINE
  5
3B4
330
1F
100
AcDbEntity
  8
OUTLINE
  6
SDS2_5
 62
     1
100
AcDbLine
 10
22.145
 20
-24.155465144
 30
0.0
 11
22.145
 21
-24.0
 31
0.0
  0
LINE
  5
3B5
330
1F
100
AcDbEntity
  8
OUTLINE
  6
SDS2_5
 62
     1
100
AcDbLine
 10
22.53
 20
-24.155465144
 30
0.0
 11
22.53
 21
-24.28726213
 31
0.0
  0
LINE
  5
3B6
330
1F
100
AcDbEntity
  8
OUTLINE
  6
SDS2_5
 62
     1
100
AcDbLine
 10
22.53
 20
-24.28726213
 30
0.0
 11
22.525
 21
-24.28726213
 31
0.0
  0
LINE
  5
3B7
330
1F
100
AcDbEntity
  8
OUTLINE
  6
SDS2_5
 62
     1
100
AcDbLine
 10
22.525
 20
-24.28726213
 30
0.0
 11
22.15
 21
-24.28726213
 31
0.0
  0
LINE
  5
3B8
330
1F
100
AcDbEntity
  8
OUTLINE
  6
SDS2_5
 62
     1
100
AcDbLine
 10
22.15
 20
-24.28726213
 30
0.0
 11
22.145
 21
-24.28726213
 31
0.0
  0
LINE
  5
3B9
330
1F
100
AcDbEntity
  8
OUTLINE
  6
SDS2_5
 62
     1
100
AcDbLine
 10
22.145
 20
-24.28726213
 30
0.0
 11
22.145
 21
-24.155465144
 31
0.0
  0
LINE
  5
3BA
330
1F
100
AcDbEntity
  8
OUTLINE
  6
SDS2_5
 62
     1
100
AcDbLine
 10
22.53
 20
-24.28726213
 30
0.0
 11
22.53
 21
-24.37532606
 31
0.0
  0
LINE
  5
3BB
330
1F
100
AcDbEntity
  8
OUTLINE
  6
SDS2_5
 62
     1
100
AcDbLine
 10
22.53
 20
-24.37532606
 30
0.0
 11
22.525
 21
-24.37532606
 31
0.0
  0
LINE
  5
3BC
330
1F
100
AcDbEntity
  8
OUTLINE
  6
SDS2_5
 62
     1
100
AcDbLine
 10
22.525
 20
-24.37532606
 30
0.0
 11
22.15
 21
-24.37532606
 31
0.0
  0
LINE
  5
3BD
330
1F
100
AcDbEntity
  8
OUTLINE
  6
SDS2_5
 62
     1
100
AcDbLine
 10
22.15
 20
-24.37532606
 30
0.0
 11
22.145
 21
-24.37532606
 31
0.0
  0
LINE
  5
3BE
330
1F
100
AcDbEntity
  8
OUTLINE
  6
SDS2_5
 62
     1
100
AcDbLine
 10
22.145
 20
-24.37532606
 30
0.0
 11
22.145
 21
-24.28726213
 31
0.0
  0
LINE
  5
3BF
330
1F
100
AcDbEntity
  8
OUTLINE
  6
SDS2_5
 62
     1
100
AcDbLine
 10
22.53
 20
-24.37532606
 30
0.0
 11
22.53
 21
-24.40625
 31
0.0
  0
LINE
  5
3C0
330
1F
100
AcDbEntity
  8
OUTLINE
  6
SDS2_5
 62
     1
100
AcDbLine
 10
22.53
 20
-24.40625
 30
0.0
 11
22.525
 21
-24.40625
 31
0.0
  0
LINE
  5
3C1
330
1F
100
AcDbEntity
  8
OUTLINE
  6
SDS2_5
 62
     1
100
AcDbLine
 10
22.525
 20
-24.40625
 30
0.0
 11
22.15
 21
-24.40625
 31
0.0
  0
LINE
  5
3C2
330
1F
100
AcDbEntity
  8
OUTLINE
  6
SDS2_5
 62
     1
100
AcDbLine
 10
22.15
 20
-24.40625
 30
0.0
 11
22.145
 21
-24.40625
 31
0.0
  0
LINE
  5
3C3
330
1F
100
AcDbEntity
  8
OUTLINE
  6
SDS2_5
 62
     1
100
AcDbLine
 10
22.145
 20
-24.40625
 30
0.0
 11
22.145
 21
-24.37532606
 31
0.0
  0
LINE
  5
3C4
330
1F
100
AcDbEntity
  8
OUTLINE
  6
SDS2_5
 62
     1
100
AcDbLine
 10
27.89
 20
-12.40625
 30
0.0
 11
27.885
 21
-12.40625
 31
0.0
  0
LINE
  5
3C5
330
1F
100
AcDbEntity
  8
OUTLINE
  6
SDS2_5
 62
     1
100
AcDbLine
 10
27.885
 20
-12.40625
 30
0.0
 11
27.51
 21
-12.40625
 31
0.0
  0
LINE
  5
3C6
330
1F
100
AcDbEntity
  8
OUTLINE
  6
SDS2_5
 62
     1
100
AcDbLine
 10
27.51
 20
-12.40625
 30
0.0
 11
27.505
 21
-12.40625
 31
0.0
  0
LINE
  5
3C7
330
1F
100
AcDbEntity
  8
OUTLINE
  6
SDS2_5
 62
     1
100
AcDbLine
 10
27.505
 20
-12.40625
 30
0.0
 11
27.505
 21
-12.37532606
 31
0.0
  0
LINE
  5
3C8
330
1F
100
AcDbEntity
  8
OUTLINE
  6
SDS2_5
 62
     1
100
AcDbLine
 10
27.89
 20
-12.37532606
 30
0.0
 11
27.89
 21
-12.40625
 31
0.0
  0
LINE
  5
3C9
330
1F
100
AcDbEntity
  8
OUTLINE
  6
SDS2_5
 62
     1
100
AcDbLine
 10
27.89
 20
-12.37532606
 30
0.0
 11
27.885
 21
-12.37532606
 31
0.0
  0
LINE
  5
3CA
330
1F
100
AcDbEntity
  8
OUTLINE
  6
SDS2_5
 62
     1
100
AcDbLine
 10
27.885
 20
-12.37532606
 30
0.0
 11
27.51
 21
-12.37532606
 31
0.0
  0
LINE
  5
3CB
330
1F
100
AcDbEntity
  8
OUTLINE
  6
SDS2_5
 62
     1
100
AcDbLine
 10
27.51
 20
-12.37532606
 30
0.0
 11
27.505
 21
-12.37532606
 31
0.0
  0
LINE
  5
3CC
330
1F
100
AcDbEntity
  8
OUTLINE
  6
SDS2_5
 62
     1
100
AcDbLine
 10
27.505
 20
-12.37532606
 30
0.0
 11
27.505
 21
-12.28726213
 31
0.0
  0
LINE
  5
3CD
330
1F
100
AcDbEntity
  8
OUTLINE
  6
SDS2_5
 62
     1
100
AcDbLine
 10
27.89
 20
-12.28726213
 30
0.0
 11
27.89
 21
-12.37532606
 31
0.0
  0
LINE
  5
3CE
330
1F
100
AcDbEntity
  8
OUTLINE
  6
SDS2_5
 62
     1
100
AcDbLine
 10
27.89
 20
-12.28726213
 30
0.0
 11
27.885
 21
-12.28726213
 31
0.0
  0
LINE
  5
3CF
330
1F
100
AcDbEntity
  8
OUTLINE
  6
SDS2_5
 62
     1
100
AcDbLine
 10
27.885
 20
-12.28726213
 30
0.0
 11
27.51
 21
-12.28726213
 31
0.0
  0
LINE
  5
3D0
330
1F
100
AcDbEntity
  8
OUTLINE
  6
SDS2_5
 62
     1
100
AcDbLine
 10
27.51
 20
-12.28726213
 30
0.0
 11
27.505
 21
-12.28726213
 31
0.0
  0
LINE
  5
3D1
330
1F
100
AcDbEntity
  8
OUTLINE
  6
SDS2_5
 62
     1
100
AcDbLine
 10
27.505
 20
-12.28726213
 30
0.0
 11
27.505
 21
-12.155465144
 31
0.0
  0
LINE
  5
3D2
330
1F
100
AcDbEntity
  8
OUTLINE
  6
SDS2_5
 62
     1
100
AcDbLine
 10
27.89
 20
-12.155465144
 30
0.0
 11
27.89
 21
-12.28726213
 31
0.0
  0
LINE
  5
3D3
330
1F
100
AcDbEntity
  8
OUTLINE
  6
SDS2_5
 62
     1
100
AcDbLine
 10
27.89
 20
-12.155465144
 30
0.0
 11
27.885
 21
-12.155465144
 31
0.0
  0
LINE
  5
3D4
330
1F
100
AcDbEntity
  8
OUTLINE
  6
SDS2_5
 62
     1
100
AcDbLine
 10
27.885
 20
-12.155465144
 30
0.0
 11
27.51
 21
-12.155465144
 31
0.0
  0
LINE
  5
3D5
330
1F
100
AcDbEntity
  8
OUTLINE
  6
SDS2_5
 62
     1
100
AcDbLine
 10
27.51
 20
-12.155465144
 30
0.0
 11
27.505
 21
-12.155465144
 31
0.0
  0
LINE
  5
3D6
330
1F
100
AcDbEntity
  8
OUTLINE
  6
SDS2_5
 62
     1
100
AcDbLine
 10
27.505
 20
-12.155465144
 30
0.0
 11
27.505
 21
-12.0
 31
0.0
  0
LINE
  5
3D7
330
1F
100
AcDbEntity
  8
OUTLINE
  6
SDS2_5
 62
     1
100
AcDbLine
 10
27.505
 20
-12.0
 30
0.0
 11
27.51
 21
-12.0
 31
0.0
  0
LINE
  5
3D8
330
1F
100
AcDbEntity
  8
OUTLINE
  6
SDS2_5
 62
     1
100
AcDbLine
 10
27.51
 20
-12.0
 30
0.0
 11
27.885
 21
-12.0
 31
0.0
  0
LINE
  5
3D9
330
1F
100
AcDbEntity
  8
OUTLINE
  6
SDS2_5
 62
     1
100
AcDbLine
 10
27.885
 20
-12.0
 30
0.0
 11
27.89
 21
-12.0
 31
0.0
  0
LINE
  5
3DA
330
1F
100
AcDbEntity
  8
OUTLINE
  6
SDS2_5
 62
     1
100
AcDbLine
 10
27.89
 20
-12.0
 30
0.0
 11
27.89
 21
-12.155465144
 31
0.0
  0
LINE
  5
3DB
330
1F
100
AcDbEntity
  8
OUTLINE
  6
SDS2_5
 62
     1
100
AcDbLine
 10
27.505
 20
-12.0
 30
0.0
 11
27.505
 21
-11.844534856
 31
0.0
  0
LINE
  5
3DC
330
1F
100
AcDbEntity
  8
OUTLINE
  6
SDS2_5
 62
     1
100
AcDbLine
 10
27.505
 20
-11.844534856
 30
0.0
 11
27.51
 21
-11.844534856
 31
0.0
  0
LINE
  5
3DD
330
1F
100
AcDbEntity
  8
OUTLINE
  6
SDS2_5
 62
     1
100
AcDbLine
 10
27.51
 20
-11.844534856
 30
0.0
 11
27.885
 21
-11.844534856
 31
0.0
  0
LINE
  5
3DE
330
1F
100
AcDbEntity
  8
OUTLINE
  6
SDS2_5
 62
     1
100
AcDbLine
 10
27.885
 20
-11.844534856
 30
0.0
 11
27.89
 21
-11.844534856
 31
0.0
  0
LINE
  5
3DF
330
1F
100
AcDbEntity
  8
OUTLINE
  6
SDS2_5
 62
     1
100
AcDbLine
 10
27.89
 20
-11.844534856
 30
0.0
 11
27.89
 21
-12.0
 31
0.0
  0
LINE
  5
3E0
330
1F
100
AcDbEntity
  8
OUTLINE
  6
SDS2_5
 62
     1
100
AcDbLine
 10
27.505
 20
-11.844534856
 30
0.0
 11
27.505
 21
-11.71273787
 31
0.0
  0
LINE
  5
3E1
330
1F
100
AcDbEntity
  8
OUTLINE
  6
SDS2_5
 62
     1
100
AcDbLine
 10
27.505
 20
-11.71273787
 30
0.0
 11
27.51
 21
-11.71273787
 31
0.0
  0
LINE
  5
3E2
330
1F
100
AcDbEntity
  8
OUTLINE
  6
SDS2_5
 62
     1
100
AcDbLine
 10
27.51
 20
-11.71273787
 30
0.0
 11
27.885
 21
-11.71273787
 31
0.0
  0
LINE
  5
3E3
330
1F
100
AcDbEntity
  8
OUTLINE
  6
SDS2_5
 62
     1
100
AcDbLine
 10
27.885
 20
-11.71273787
 30
0.0
 11
27.89
 21
-11.71273787
 31
0.0
  0
LINE
  5
3E4
330
1F
100
AcDbEntity
  8
OUTLINE
  6
SDS2_5
 62
     1
100
AcDbLine
 10
27.89
 20
-11.71273787
 30
0.0
 11
27.89
 21
-11.844534856
 31
0.0
  0
LINE
  5
3E5
330
1F
100
AcDbEntity
  8
OUTLINE
  6
SDS2_5
 62
     1
100
AcDbLine
 10
27.505
 20
-11.71273787
 30
0.0
 11
27.505
 21
-11.62467394
 31
0.0
  0
LINE
  5
3E6
330
1F
100
AcDbEntity
  8
OUTLINE
  6
SDS2_5
 62
     1
100
AcDbLine
 10
27.505
 20
-11.62467394
 30
0.0
 11
27.51
 21
-11.62467394
 31
0.0
  0
LINE
  5
3E7
330
1F
100
AcDbEntity
  8
OUTLINE
  6
SDS2_5
 62
     1
100
AcDbLine
 10
27.51
 20
-11.62467394
 30
0.0
 11
27.885
 21
-11.62467394
 31
0.0
  0
LINE
  5
3E8
330
1F
100
AcDbEntity
  8
OUTLINE
  6
SDS2_5
 62
     1
100
AcDbLine
 10
27.885
 20
-11.62467394
 30
0.0
 11
27.89
 21
-11.62467394
 31
0.0
  0
LINE
  5
3E9
330
1F
100
AcDbEntity
  8
OUTLINE
  6
SDS2_5
 62
     1
100
AcDbLine
 10
27.89
 20
-11.62467394
 30
0.0
 11
27.89
 21
-11.71273787
 31
0.0
  0
LINE
  5
3EA
330
1F
100
AcDbEntity
  8
OUTLINE
  6
SDS2_5
 62
     1
100
AcDbLine
 10
27.505
 20
-11.62467394
 30
0.0
 11
27.505
 21
-11.59375
 31
0.0
  0
LINE
  5
3EB
330
1F
100
AcDbEntity
  8
OUTLINE
  6
SDS2_5
 62
     1
100
AcDbLine
 10
27.505
 20
-11.59375
 30
0.0
 11
27.51
 21
-11.59375
 31
0.0
  0
LINE
  5
3EC
330
1F
100
AcDbEntity
  8
OUTLINE
  6
SDS2_5
 62
     1
100
AcDbLine
 10
27.51
 20
-11.59375
 30
0.0
 11
27.885
 21
-11.59375
 31
0.0
  0
LINE
  5
3ED
330
1F
100
AcDbEntity
  8
OUTLINE
  6
SDS2_5
 62
     1
100
AcDbLine
 10
27.885
 20
-11.59375
 30
0.0
 11
27.89
 21
-11.59375
 31
0.0
  0
LINE
  5
3EE
330
1F
100
AcDbEntity
  8
OUTLINE
  6
SDS2_5
 62
     1
100
AcDbLine
 10
27.89
 20
-11.59375
 30
0.0
 11
27.89
 21
-11.62467394
 31
0.0
  0
LINE
  5
3EF
330
1F
100
AcDbEntity
  8
OUTLINE
  6
SDS2_5
 62
     1
100
AcDbLine
 10
27.89
 20
-15.40625
 30
0.0
 11
27.885
 21
-15.40625
 31
0.0
  0
LINE
  5
3F0
330
1F
100
AcDbEntity
  8
OUTLINE
  6
SDS2_5
 62
     1
100
AcDbLine
 10
27.885
 20
-15.40625
 30
0.0
 11
27.51
 21
-15.40625
 31
0.0
  0
LINE
  5
3F1
330
1F
100
AcDbEntity
  8
OUTLINE
  6
SDS2_5
 62
     1
100
AcDbLine
 10
27.51
 20
-15.40625
 30
0.0
 11
27.505
 21
-15.40625
 31
0.0
  0
LINE
  5
3F2
330
1F
100
AcDbEntity
  8
OUTLINE
  6
SDS2_5
 62
     1
100
AcDbLine
 10
27.505
 20
-15.40625
 30
0.0
 11
27.505
 21
-15.37532606
 31
0.0
  0
LINE
  5
3F3
330
1F
100
AcDbEntity
  8
OUTLINE
  6
SDS2_5
 62
     1
100
AcDbLine
 10
27.89
 20
-15.37532606
 30
0.0
 11
27.89
 21
-15.40625
 31
0.0
  0
LINE
  5
3F4
330
1F
100
AcDbEntity
  8
OUTLINE
  6
SDS2_5
 62
     1
100
AcDbLine
 10
27.89
 20
-15.37532606
 30
0.0
 11
27.885
 21
-15.37532606
 31
0.0
  0
LINE
  5
3F5
330
1F
100
AcDbEntity
  8
OUTLINE
  6
SDS2_5
 62
     1
100
AcDbLine
 10
27.885
 20
-15.37532606
 30
0.0
 11
27.51
 21
-15.37532606
 31
0.0
  0
LINE
  5
3F6
330
1F
100
AcDbEntity
  8
OUTLINE
  6
SDS2_5
 62
     1
100
AcDbLine
 10
27.51
 20
-15.37532606
 30
0.0
 11
27.505
 21
-15.37532606
 31
0.0
  0
LINE
  5
3F7
330
1F
100
AcDbEntity
  8
OUTLINE
  6
SDS2_5
 62
     1
100
AcDbLine
 10
27.505
 20
-15.37532606
 30
0.0
 11
27.505
 21
-15.28726213
 31
0.0
  0
LINE
  5
3F8
330
1F
100
AcDbEntity
  8
OUTLINE
  6
SDS2_5
 62
     1
100
AcDbLine
 10
27.89
 20
-15.28726213
 30
0.0
 11
27.89
 21
-15.37532606
 31
0.0
  0
LINE
  5
3F9
330
1F
100
AcDbEntity
  8
OUTLINE
  6
SDS2_5
 62
     1
100
AcDbLine
 10
27.89
 20
-15.28726213
 30
0.0
 11
27.885
 21
-15.28726213
 31
0.0
  0
LINE
  5
3FA
330
1F
100
AcDbEntity
  8
OUTLINE
  6
SDS2_5
 62
     1
100
AcDbLine
 10
27.885
 20
-15.28726213
 30
0.0
 11
27.51
 21
-15.28726213
 31
0.0
  0
LINE
  5
3FB
330
1F
100
AcDbEntity
  8
OUTLINE
  6
SDS2_5
 62
     1
100
AcDbLine
 10
27.51
 20
-15.28726213
 30
0.0
 11
27.505
 21
-15.28726213
 31
0.0
  0
LINE
  5
3FC
330
1F
100
AcDbEntity
  8
OUTLINE
  6
SDS2_5
 62
     1
100
AcDbLine
 10
27.505
 20
-15.28726213
 30
0.0
 11
27.505
 21
-15.155465144
 31
0.0
  0
LINE
  5
3FD
330
1F
100
AcDbEntity
  8
OUTLINE
  6
SDS2_5
 62
     1
100
AcDbLine
 10
27.89
 20
-15.155465144
 30
0.0
 11
27.89
 21
-15.28726213
 31
0.0
  0
LINE
  5
3FE
330
1F
100
AcDbEntity
  8
OUTLINE
  6
SDS2_5
 62
     1
100
AcDbLine
 10
27.89
 20
-15.155465144
 30
0.0
 11
27.885
 21
-15.155465144
 31
0.0
  0
LINE
  5
3FF
330
1F
100
AcDbEntity
  8
OUTLINE
  6
SDS2_5
 62
     1
100
AcDbLine
 10
27.885
 20
-15.155465144
 30
0.0
 11
27.51
 21
-15.155465144
 31
0.0
  0
LINE
  5
400
330
1F
100
AcDbEntity
  8
OUTLINE
  6
SDS2_5
 62
     1
100
AcDbLine
 10
27.51
 20
-15.155465144
 30
0.0
 11
27.505
 21
-15.155465144
 31
0.0
  0
LINE
  5
401
330
1F
100
AcDbEntity
  8
OUTLINE
  6
SDS2_5
 62
     1
100
AcDbLine
 10
27.505
 20
-15.155465144
 30
0.0
 11
27.505
 21
-15.0
 31
0.0
  0
LINE
  5
402
330
1F
100
AcDbEntity
  8
OUTLINE
  6
SDS2_5
 62
     1
100
AcDbLine
 10
27.505
 20
-15.0
 30
0.0
 11
27.51
 21
-15.0
 31
0.0
  0
LINE
  5
403
330
1F
100
AcDbEntity
  8
OUTLINE
  6
SDS2_5
 62
     1
100
AcDbLine
 10
27.51
 20
-15.0
 30
0.0
 11
27.885
 21
-15.0
 31
0.0
  0
LINE
  5
404
330
1F
100
AcDbEntity
  8
OUTLINE
  6
SDS2_5
 62
     1
100
AcDbLine
 10
27.885
 20
-15.0
 30
0.0
 11
27.89
 21
-15.0
 31
0.0
  0
LINE
  5
405
330
1F
100
AcDbEntity
  8
OUTLINE
  6
SDS2_5
 62
     1
100
AcDbLine
 10
27.89
 20
-15.0
 30
0.0
 11
27.89
 21
-15.155465144
 31
0.0
  0
LINE
  5
406
330
1F
100
AcDbEntity
  8
OUTLINE
  6
SDS2_5
 62
     1
100
AcDbLine
 10
27.505
 20
-15.0
 30
0.0
 11
27.505
 21
-14.844534856
 31
0.0
  0
LINE
  5
407
330
1F
100
AcDbEntity
  8
OUTLINE
  6
SDS2_5
 62
     1
100
AcDbLine
 10
27.505
 20
-14.844534856
 30
0.0
 11
27.51
 21
-14.844534856
 31
0.0
  0
LINE
  5
408
330
1F
100
AcDbEntity
  8
OUTLINE
  6
SDS2_5
 62
     1
100
AcDbLine
 10
27.51
 20
-14.844534856
 30
0.0
 11
27.885
 21
-14.844534856
 31
0.0
  0
LINE
  5
409
330
1F
100
AcDbEntity
  8
OUTLINE
  6
SDS2_5
 62
     1
100
AcDbLine
 10
27.885
 20
-14.844534856
 30
0.0
 11
27.89
 21
-14.844534856
 31
0.0
  0
LINE
  5
40A
330
1F
100
AcDbEntity
  8
OUTLINE
  6
SDS2_5
 62
     1
100
AcDbLine
 10
27.89
 20
-14.844534856
 30
0.0
 11
27.89
 21
-15.0
 31
0.0
  0
LINE
  5
40B
330
1F
100
AcDbEntity
  8
OUTLINE
  6
SDS2_5
 62
     1
100
AcDbLine
 10
27.505
 20
-14.844534856
 30
0.0
 11
27.505
 21
-14.71273787
 31
0.0
  0
LINE
  5
40C
330
1F
100
AcDbEntity
  8
OUTLINE
  6
SDS2_5
 62
     1
100
AcDbLine
 10
27.505
 20
-14.71273787
 30
0.0
 11
27.51
 21
-14.71273787
 31
0.0
  0
LINE
  5
40D
330
1F
100
AcDbEntity
  8
OUTLINE
  6
SDS2_5
 62
     1
100
AcDbLine
 10
27.51
 20
-14.71273787
 30
0.0
 11
27.885
 21
-14.71273787
 31
0.0
  0
LINE
  5
40E
330
1F
100
AcDbEntity
  8
OUTLINE
  6
SDS2_5
 62
     1
100
AcDbLine
 10
27.885
 20
-14.71273787
 30
0.0
 11
27.89
 21
-14.71273787
 31
0.0
  0
LINE
  5
40F
330
1F
100
AcDbEntity
  8
OUTLINE
  6
SDS2_5
 62
     1
100
AcDbLine
 10
27.89
 20
-14.71273787
 30
0.0
 11
27.89
 21
-14.844534856
 31
0.0
  0
LINE
  5
410
330
1F
100
AcDbEntity
  8
OUTLINE
  6
SDS2_5
 62
     1
100
AcDbLine
 10
27.505
 20
-14.71273787
 30
0.0
 11
27.505
 21
-14.62467394
 31
0.0
  0
LINE
  5
411
330
1F
100
AcDbEntity
  8
OUTLINE
  6
SDS2_5
 62
     1
100
AcDbLine
 10
27.505
 20
-14.62467394
 30
0.0
 11
27.51
 21
-14.62467394
 31
0.0
  0
LINE
  5
412
330
1F
100
AcDbEntity
  8
OUTLINE
  6
SDS2_5
 62
     1
100
AcDbLine
 10
27.51
 20
-14.62467394
 30
0.0
 11
27.885
 21
-14.62467394
 31
0.0
  0
LINE
  5
413
330
1F
100
AcDbEntity
  8
OUTLINE
  6
SDS2_5
 62
     1
100
AcDbLine
 10
27.885
 20
-14.62467394
 30
0.0
 11
27.89
 21
-14.62467394
 31
0.0
  0
LINE
  5
414
330
1F
100
AcDbEntity
  8
OUTLINE
  6
SDS2_5
 62
     1
100
AcDbLine
 10
27.89
 20
-14.62467394
 30
0.0
 11
27.89
 21
-14.71273787
 31
0.0
  0
LINE
  5
415
330
1F
100
AcDbEntity
  8
OUTLINE
  6
SDS2_5
 62
     1
100
AcDbLine
 10
27.505
 20
-14.62467394
 30
0.0
 11
27.505
 21
-14.59375
 31
0.0
  0
LINE
  5
416
330
1F
100
AcDbEntity
  8
OUTLINE
  6
SDS2_5
 62
     1
100
AcDbLine
 10
27.505
 20
-14.59375
 30
0.0
 11
27.51
 21
-14.59375
 31
0.0
  0
LINE
  5
417
330
1F
100
AcDbEntity
  8
OUTLINE
  6
SDS2_5
 62
     1
100
AcDbLine
 10
27.51
 20
-14.59375
 30
0.0
 11
27.885
 21
-14.59375
 31
0.0
  0
LINE
  5
418
330
1F
100
AcDbEntity
  8
OUTLINE
  6
SDS2_5
 62
     1
100
AcDbLine
 10
27.885
 20
-14.59375
 30
0.0
 11
27.89
 21
-14.59375
 31
0.0
  0
LINE
  5
419
330
1F
100
AcDbEntity
  8
OUTLINE
  6
SDS2_5
 62
     1
100
AcDbLine
 10
27.89
 20
-14.59375
 30
0.0
 11
27.89
 21
-14.62467394
 31
0.0
  0
LINE
  5
41A
330
1F
100
AcDbEntity
  8
OUTLINE
  6
SDS2_5
 62
     1
100
AcDbLine
 10
27.89
 20
-18.40625
 30
0.0
 11
27.885
 21
-18.40625
 31
0.0
  0
LINE
  5
41B
330
1F
100
AcDbEntity
  8
OUTLINE
  6
SDS2_5
 62
     1
100
AcDbLine
 10
27.885
 20
-18.40625
 30
0.0
 11
27.51
 21
-18.40625
 31
0.0
  0
LINE
  5
41C
330
1F
100
AcDbEntity
  8
OUTLINE
  6
SDS2_5
 62
     1
100
AcDbLine
 10
27.51
 20
-18.40625
 30
0.0
 11
27.505
 21
-18.40625
 31
0.0
  0
LINE
  5
41D
330
1F
100
AcDbEntity
  8
OUTLINE
  6
SDS2_5
 62
     1
100
AcDbLine
 10
27.505
 20
-18.40625
 30
0.0
 11
27.505
 21
-18.37532606
 31
0.0
  0
LINE
  5
41E
330
1F
100
AcDbEntity
  8
OUTLINE
  6
SDS2_5
 62
     1
100
AcDbLine
 10
27.89
 20
-18.37532606
 30
0.0
 11
27.89
 21
-18.40625
 31
0.0
  0
LINE
  5
41F
330
1F
100
AcDbEntity
  8
OUTLINE
  6
SDS2_5
 62
     1
100
AcDbLine
 10
27.89
 20
-18.37532606
 30
0.0
 11
27.885
 21
-18.37532606
 31
0.0
  0
LINE
  5
420
330
1F
100
AcDbEntity
  8
OUTLINE
  6
SDS2_5
 62
     1
100
AcDbLine
 10
27.885
 20
-18.37532606
 30
0.0
 11
27.51
 21
-18.37532606
 31
0.0
  0
LINE
  5
421
330
1F
100
AcDbEntity
  8
OUTLINE
  6
SDS2_5
 62
     1
100
AcDbLine
 10
27.51
 20
-18.37532606
 30
0.0
 11
27.505
 21
-18.37532606
 31
0.0
  0
LINE
  5
422
330
1F
100
AcDbEntity
  8
OUTLINE
  6
SDS2_5
 62
     1
100
AcDbLine
 10
27.505
 20
-18.37532606
 30
0.0
 11
27.505
 21
-18.28726213
 31
0.0
  0
LINE
  5
423
330
1F
100
AcDbEntity
  8
OUTLINE
  6
SDS2_5
 62
     1
100
AcDbLine
 10
27.89
 20
-18.28726213
 30
0.0
 11
27.89
 21
-18.37532606
 31
0.0
  0
LINE
  5
424
330
1F
100
AcDbEntity
  8
OUTLINE
  6
SDS2_5
 62
     1
100
AcDbLine
 10
27.89
 20
-18.28726213
 30
0.0
 11
27.885
 21
-18.28726213
 31
0.0
  0
LINE
  5
425
330
1F
100
AcDbEntity
  8
OUTLINE
  6
SDS2_5
 62
     1
100
AcDbLine
 10
27.885
 20
-18.28726213
 30
0.0
 11
27.51
 21
-18.28726213
 31
0.0
  0
LINE
  5
426
330
1F
100
AcDbEntity
  8
OUTLINE
  6
SDS2_5
 62
     1
100
AcDbLine
 10
27.51
 20
-18.28726213
 30
0.0
 11
27.505
 21
-18.28726213
 31
0.0
  0
LINE
  5
427
330
1F
100
AcDbEntity
  8
OUTLINE
  6
SDS2_5
 62
     1
100
AcDbLine
 10
27.505
 20
-18.28726213
 30
0.0
 11
27.505
 21
-18.155465144
 31
0.0
  0
LINE
  5
428
330
1F
100
AcDbEntity
  8
OUTLINE
  6
SDS2_5
 62
     1
100
AcDbLine
 10
27.89
 20
-18.155465144
 30
0.0
 11
27.89
 21
-18.28726213
 31
0.0
  0
LINE
  5
429
330
1F
100
AcDbEntity
  8
OUTLINE
  6
SDS2_5
 62
     1
100
AcDbLine
 10
27.89
 20
-18.155465144
 30
0.0
 11
27.885
 21
-18.155465144
 31
0.0
  0
LINE
  5
42A
330
1F
100
AcDbEntity
  8
OUTLINE
  6
SDS2_5
 62
     1
100
AcDbLine
 10
27.885
 20
-18.155465144
 30
0.0
 11
27.51
 21
-18.155465144
 31
0.0
  0
LINE
  5
42B
330
1F
100
AcDbEntity
  8
OUTLINE
  6
SDS2_5
 62
     1
100
AcDbLine
 10
27.51
 20
-18.155465144
 30
0.0
 11
27.505
 21
-18.155465144
 31
0.0
  0
LINE
  5
42C
330
1F
100
AcDbEntity
  8
OUTLINE
  6
SDS2_5
 62
     1
100
AcDbLine
 10
27.505
 20
-18.155465144
 30
0.0
 11
27.505
 21
-18.0
 31
0.0
  0
LINE
  5
42D
330
1F
100
AcDbEntity
  8
OUTLINE
  6
SDS2_5
 62
     1
100
AcDbLine
 10
27.505
 20
-18.0
 30
0.0
 11
27.51
 21
-18.0
 31
0.0
  0
LINE
  5
42E
330
1F
100
AcDbEntity
  8
OUTLINE
  6
SDS2_5
 62
     1
100
AcDbLine
 10
27.51
 20
-18.0
 30
0.0
 11
27.885
 21
-18.0
 31
0.0
  0
LINE
  5
42F
330
1F
100
AcDbEntity
  8
OUTLINE
  6
SDS2_5
 62
     1
100
AcDbLine
 10
27.885
 20
-18.0
 30
0.0
 11
27.89
 21
-18.0
 31
0.0
  0
LINE
  5
430
330
1F
100
AcDbEntity
  8
OUTLINE
  6
SDS2_5
 62
     1
100
AcDbLine
 10
27.89
 20
-18.0
 30
0.0
 11
27.89
 21
-18.155465144
 31
0.0
  0
LINE
  5
431
330
1F
100
AcDbEntity
  8
OUTLINE
  6
SDS2_5
 62
     1
100
AcDbLine
 10
27.505
 20
-18.0
 30
0.0
 11
27.505
 21
-17.844534856
 31
0.0
  0
LINE
  5
432
330
1F
100
AcDbEntity
  8
OUTLINE
  6
SDS2_5
 62
     1
100
AcDbLine
 10
27.505
 20
-17.844534856
 30
0.0
 11
27.51
 21
-17.844534856
 31
0.0
  0
LINE
  5
433
330
1F
100
AcDbEntity
  8
OUTLINE
  6
SDS2_5
 62
     1
100
AcDbLine
 10
27.51
 20
-17.844534856
 30
0.0
 11
27.885
 21
-17.844534856
 31
0.0
  0
LINE
  5
434
330
1F
100
AcDbEntity
  8
OUTLINE
  6
SDS2_5
 62
     1
100
AcDbLine
 10
27.885
 20
-17.844534856
 30
0.0
 11
27.89
 21
-17.844534856
 31
0.0
  0
LINE
  5
435
330
1F
100
AcDbEntity
  8
OUTLINE
  6
SDS2_5
 62
     1
100
AcDbLine
 10
27.89
 20
-17.844534856
 30
0.0
 11
27.89
 21
-18.0
 31
0.0
  0
LINE
  5
436
330
1F
100
AcDbEntity
  8
OUTLINE
  6
SDS2_5
 62
     1
100
AcDbLine
 10
27.505
 20
-17.844534856
 30
0.0
 11
27.505
 21
-17.71273787
 31
0.0
  0
LINE
  5
437
330
1F
100
AcDbEntity
  8
OUTLINE
  6
SDS2_5
 62
     1
100
AcDbLine
 10
27.505
 20
-17.71273787
 30
0.0
 11
27.51
 21
-17.71273787
 31
0.0
  0
LINE
  5
438
330
1F
100
AcDbEntity
  8
OUTLINE
  6
SDS2_5
 62
     1
100
AcDbLine
 10
27.51
 20
-17.71273787
 30
0.0
 11
27.885
 21
-17.71273787
 31
0.0
  0
LINE
  5
439
330
1F
100
AcDbEntity
  8
OUTLINE
  6
SDS2_5
 62
     1
100
AcDbLine
 10
27.885
 20
-17.71273787
 30
0.0
 11
27.89
 21
-17.71273787
 31
0.0
  0
LINE
  5
43A
330
1F
100
AcDbEntity
  8
OUTLINE
  6
SDS2_5
 62
     1
100
AcDbLine
 10
27.89
 20
-17.71273787
 30
0.0
 11
27.89
 21
-17.844534856
 31
0.0
  0
LINE
  5
43B
330
1F
100
AcDbEntity
  8
OUTLINE
  6
SDS2_5
 62
     1
100
AcDbLine
 10
27.505
 20
-17.71273787
 30
0.0
 11
27.505
 21
-17.62467394
 31
0.0
  0
LINE
  5
43C
330
1F
100
AcDbEntity
  8
OUTLINE
  6
SDS2_5
 62
     1
100
AcDbLine
 10
27.505
 20
-17.62467394
 30
0.0
 11
27.51
 21
-17.62467394
 31
0.0
  0
LINE
  5
43D
330
1F
100
AcDbEntity
  8
OUTLINE
  6
SDS2_5
 62
     1
100
AcDbLine
 10
27.51
 20
-17.62467394
 30
0.0
 11
27.885
 21
-17.62467394
 31
0.0
  0
LINE
  5
43E
330
1F
100
AcDbEntity
  8
OUTLINE
  6
SDS2_5
 62
     1
100
AcDbLine
 10
27.885
 20
-17.62467394
 30
0.0
 11
27.89
 21
-17.62467394
 31
0.0
  0
LINE
  5
43F
330
1F
100
AcDbEntity
  8
OUTLINE
  6
SDS2_5
 62
     1
100
AcDbLine
 10
27.89
 20
-17.62467394
 30
0.0
 11
27.89
 21
-17.71273787
 31
0.0
  0
LINE
  5
440
330
1F
100
AcDbEntity
  8
OUTLINE
  6
SDS2_5
 62
     1
100
AcDbLine
 10
27.505
 20
-17.62467394
 30
0.0
 11
27.505
 21
-17.59375
 31
0.0
  0
LINE
  5
441
330
1F
100
AcDbEntity
  8
OUTLINE
  6
SDS2_5
 62
     1
100
AcDbLine
 10
27.505
 20
-17.59375
 30
0.0
 11
27.51
 21
-17.59375
 31
0.0
  0
LINE
  5
442
330
1F
100
AcDbEntity
  8
OUTLINE
  6
SDS2_5
 62
     1
100
AcDbLine
 10
27.51
 20
-17.59375
 30
0.0
 11
27.885
 21
-17.59375
 31
0.0
  0
LINE
  5
443
330
1F
100
AcDbEntity
  8
OUTLINE
  6
SDS2_5
 62
     1
100
AcDbLine
 10
27.885
 20
-17.59375
 30
0.0
 11
27.89
 21
-17.59375
 31
0.0
  0
LINE
  5
444
330
1F
100
AcDbEntity
  8
OUTLINE
  6
SDS2_5
 62
     1
100
AcDbLine
 10
27.89
 20
-17.59375
 30
0.0
 11
27.89
 21
-17.62467394
 31
0.0
  0
LINE
  5
445
330
1F
100
AcDbEntity
  8
OUTLINE
  6
SDS2_5
 62
     1
100
AcDbLine
 10
7.25
 20
28.893572266
 30
0.0
 11
7.25
 21
28.888572266
 31
0.0
  0
LINE
  5
446
330
1F
100
AcDbEntity
  8
OUTLINE
  6
SDS2_5
 62
     1
100
AcDbLine
 10
7.25
 20
28.888572266
 30
0.0
 11
7.25
 21
28.588572266
 31
0.0
  0
LINE
  5
447
330
1F
100
AcDbEntity
  8
OUTLINE
  6
SDS2_5
 62
     1
100
AcDbLine
 10
7.25
 20
28.588572266
 30
0.0
 11
7.25
 21
28.583572266
 31
0.0
  0
LINE
  5
448
330
1F
100
AcDbEntity
  8
OUTLINE
  6
SDS2_5
 62
     1
100
AcDbLine
 10
7.25
 20
28.583572266
 30
0.0
 11
7.094534856
 21
28.583572266
 31
0.0
  0
LINE
  5
449
330
1F
100
AcDbEntity
  8
OUTLINE
  6
SDS2_5
 62
     1
100
AcDbLine
 10
7.094534856
 20
28.583572266
 30
0.0
 11
7.094534856
 21
28.588572266
 31
0.0
  0
LINE
  5
44A
330
1F
100
AcDbEntity
  8
OUTLINE
  6
SDS2_5
 62
     1
100
AcDbLine
 10
7.094534856
 20
28.588572266
 30
0.0
 11
7.094534856
 21
28.888572266
 31
0.0
  0
LINE
  5
44B
330
1F
100
AcDbEntity
  8
OUTLINE
  6
SDS2_5
 62
     1
100
AcDbLine
 10
7.094534856
 20
28.888572266
 30
0.0
 11
7.094534856
 21
28.893572266
 31
0.0
  0
LINE
  5
44C
330
1F
100
AcDbEntity
  8
OUTLINE
  6
SDS2_5
 62
     1
100
AcDbLine
 10
7.094534856
 20
28.893572266
 30
0.0
 11
7.25
 21
28.893572266
 31
0.0
  0
LINE
  5
44D
330
1F
100
AcDbEntity
  8
OUTLINE
  6
SDS2_5
 62
     1
100
AcDbLine
 10
7.094534856
 20
28.583572266
 30
0.0
 11
6.96273787
 21
28.583572266
 31
0.0
  0
LINE
  5
44E
330
1F
100
AcDbEntity
  8
OUTLINE
  6
SDS2_5
 62
     1
100
AcDbLine
 10
6.96273787
 20
28.583572266
 30
0.0
 11
6.96273787
 21
28.588572266
 31
0.0
  0
LINE
  5
44F
330
1F
100
AcDbEntity
  8
OUTLINE
  6
SDS2_5
 62
     1
100
AcDbLine
 10
6.96273787
 20
28.588572266
 30
0.0
 11
6.96273787
 21
28.888572266
 31
0.0
  0
LINE
  5
450
330
1F
100
AcDbEntity
  8
OUTLINE
  6
SDS2_5
 62
     1
100
AcDbLine
 10
6.96273787
 20
28.888572266
 30
0.0
 11
6.96273787
 21
28.893572266
 31
0.0
  0
LINE
  5
451
330
1F
100
AcDbEntity
  8
OUTLINE
  6
SDS2_5
 62
     1
100
AcDbLine
 10
6.96273787
 20
28.893572266
 30
0.0
 11
7.094534856
 21
28.893572266
 31
0.0
  0
LINE
  5
452
330
1F
100
AcDbEntity
  8
OUTLINE
  6
SDS2_5
 62
     1
100
AcDbLine
 10
6.96273787
 20
28.583572266
 30
0.0
 11
6.87467394
 21
28.583572266
 31
0.0
  0
LINE
  5
453
330
1F
100
AcDbEntity
  8
OUTLINE
  6
SDS2_5
 62
     1
100
AcDbLine
 10
6.87467394
 20
28.583572266
 30
0.0
 11
6.87467394
 21
28.588572266
 31
0.0
  0
LINE
  5
454
330
1F
100
AcDbEntity
  8
OUTLINE
  6
SDS2_5
 62
     1
100
AcDbLine
 10
6.87467394
 20
28.588572266
 30
0.0
 11
6.87467394
 21
28.888572266
 31
0.0
  0
LINE
  5
455
330
1F
100
AcDbEntity
  8
OUTLINE
  6
SDS2_5
 62
     1
100
AcDbLine
 10
6.87467394
 20
28.888572266
 30
0.0
 11
6.87467394
 21
28.893572266
 31
0.0
  0
LINE
  5
456
330
1F
100
AcDbEntity
  8
OUTLINE
  6
SDS2_5
 62
     1
100
AcDbLine
 10
6.87467394
 20
28.893572266
 30
0.0
 11
6.96273787
 21
28.893572266
 31
0.0
  0
LINE
  5
457
330
1F
100
AcDbEntity
  8
OUTLINE
  6
SDS2_5
 62
     1
100
AcDbLine
 10
6.87467394
 20
28.583572266
 30
0.0
 11
6.84375
 21
28.583572266
 31
0.0
  0
LINE
  5
458
330
1F
100
AcDbEntity
  8
OUTLINE
  6
SDS2_5
 62
     1
100
AcDbLine
 10
6.84375
 20
28.893572266
 30
0.0
 11
6.87467394
 21
28.893572266
 31
0.0
  0
LINE
  5
459
330
1F
100
AcDbEntity
  8
OUTLINE
  6
CONTINUOUS
 62
     2
100
AcDbLine
 10
6.84375
 20
28.893572266
 30
0.0
 11
6.84375
 21
28.888572266
 31
0.0
  0
LINE
  5
45A
330
1F
100
AcDbEntity
  8
OUTLINE
  6
SDS2_5
 62
     1
100
AcDbLine
 10
6.84375
 20
28.888572266
 30
0.0
 11
6.84375
 21
28.588572266
 31
0.0
  0
LINE
  5
45B
330
1F
100
AcDbEntity
  8
OUTLINE
  6
CONTINUOUS
 62
     2
100
AcDbLine
 10
6.84375
 20
28.588572266
 30
0.0
 11
6.84375
 21
28.583572266
 31
0.0
  0
LINE
  5
45C
330
1F
100
AcDbEntity
  8
OUTLINE
  6
CONTINUOUS
 62
     2
100
AcDbLine
 10
7.65625
 20
28.583572266
 30
0.0
 11
7.65625
 21
28.588572266
 31
0.0
  0
LINE
  5
45D
330
1F
100
AcDbEntity
  8
OUTLINE
  6
SDS2_5
 62
     1
100
AcDbLine
 10
7.65625
 20
28.588572266
 30
0.0
 11
7.65625
 21
28.888572266
 31
0.0
  0
LINE
  5
45E
330
1F
100
AcDbEntity
  8
OUTLINE
  6
CONTINUOUS
 62
     2
100
AcDbLine
 10
7.65625
 20
28.888572266
 30
0.0
 11
7.65625
 21
28.893572266
 31
0.0
  0
LINE
  5
45F
330
1F
100
AcDbEntity
  8
OUTLINE
  6
SDS2_5
 62
     1
100
AcDbLine
 10
7.65625
 20
28.583572266
 30
0.0
 11
7.62532606
 21
28.583572266
 31
0.0
  0
LINE
  5
460
330
1F
100
AcDbEntity
  8
OUTLINE
  6
SDS2_5
 62
     1
100
AcDbLine
 10
7.62532606
 20
28.893572266
 30
0.0
 11
7.65625
 21
28.893572266
 31
0.0
  0
LINE
  5
461
330
1F
100
AcDbEntity
  8
OUTLINE
  6
SDS2_5
 62
     1
100
AcDbLine
 10
7.62532606
 20
28.893572266
 30
0.0
 11
7.62532606
 21
28.888572266
 31
0.0
  0
LINE
  5
462
330
1F
100
AcDbEntity
  8
OUTLINE
  6
SDS2_5
 62
     1
100
AcDbLine
 10
7.62532606
 20
28.888572266
 30
0.0
 11
7.62532606
 21
28.588572266
 31
0.0
  0
LINE
  5
463
330
1F
100
AcDbEntity
  8
OUTLINE
  6
SDS2_5
 62
     1
100
AcDbLine
 10
7.62532606
 20
28.588572266
 30
0.0
 11
7.62532606
 21
28.583572266
 31
0.0
  0
LINE
  5
464
330
1F
100
AcDbEntity
  8
OUTLINE
  6
SDS2_5
 62
     1
100
AcDbLine
 10
7.62532606
 20
28.583572266
 30
0.0
 11
7.53726213
 21
28.583572266
 31
0.0
  0
LINE
  5
465
330
1F
100
AcDbEntity
  8
OUTLINE
  6
SDS2_5
 62
     1
100
AcDbLine
 10
7.53726213
 20
28.893572266
 30
0.0
 11
7.62532606
 21
28.893572266
 31
0.0
  0
LINE
  5
466
330
1F
100
AcDbEntity
  8
OUTLINE
  6
SDS2_5
 62
     1
100
AcDbLine
 10
7.53726213
 20
28.893572266
 30
0.0
 11
7.53726213
 21
28.888572266
 31
0.0
  0
LINE
  5
467
330
1F
100
AcDbEntity
  8
OUTLINE
  6
SDS2_5
 62
     1
100
AcDbLine
 10
7.53726213
 20
28.888572266
 30
0.0
 11
7.53726213
 21
28.588572266
 31
0.0
  0
LINE
  5
468
330
1F
100
AcDbEntity
  8
OUTLINE
  6
SDS2_5
 62
     1
100
AcDbLine
 10
7.53726213
 20
28.588572266
 30
0.0
 11
7.53726213
 21
28.583572266
 31
0.0
  0
LINE
  5
469
330
1F
100
AcDbEntity
  8
OUTLINE
  6
SDS2_5
 62
     1
100
AcDbLine
 10
7.53726213
 20
28.583572266
 30
0.0
 11
7.405465144
 21
28.583572266
 31
0.0
  0
LINE
  5
46A
330
1F
100
AcDbEntity
  8
OUTLINE
  6
SDS2_5
 62
     1
100
AcDbLine
 10
7.405465144
 20
28.893572266
 30
0.0
 11
7.53726213
 21
28.893572266
 31
0.0
  0
LINE
  5
46B
330
1F
100
AcDbEntity
  8
OUTLINE
  6
SDS2_5
 62
     1
100
AcDbLine
 10
7.405465144
 20
28.893572266
 30
0.0
 11
7.405465144
 21
28.888572266
 31
0.0
  0
LINE
  5
46C
330
1F
100
AcDbEntity
  8
OUTLINE
  6
SDS2_5
 62
     1
100
AcDbLine
 10
7.405465144
 20
28.888572266
 30
0.0
 11
7.405465144
 21
28.588572266
 31
0.0
  0
LINE
  5
46D
330
1F
100
AcDbEntity
  8
OUTLINE
  6
SDS2_5
 62
     1
100
AcDbLine
 10
7.405465144
 20
28.588572266
 30
0.0
 11
7.405465144
 21
28.583572266
 31
0.0
  0
LINE
  5
46E
330
1F
100
AcDbEntity
  8
OUTLINE
  6
SDS2_5
 62
     1
100
AcDbLine
 10
7.405465144
 20
28.583572266
 30
0.0
 11
7.25
 21
28.583572266
 31
0.0
  0
LINE
  5
46F
330
1F
100
AcDbEntity
  8
OUTLINE
  6
SDS2_5
 62
     1
100
AcDbLine
 10
7.25
 20
28.893572266
 30
0.0
 11
7.405465144
 21
28.893572266
 31
0.0
  0
LINE
  5
470
330
1F
100
AcDbEntity
  8
OUTLINE
  6
SDS2_5
 62
     1
100
AcDbLine
 10
47.4375
 20
28.893572266
 30
0.0
 11
47.4375
 21
28.888572266
 31
0.0
  0
LINE
  5
471
330
1F
100
AcDbEntity
  8
OUTLINE
  6
SDS2_5
 62
     1
100
AcDbLine
 10
47.4375
 20
28.888572266
 30
0.0
 11
47.4375
 21
28.588572266
 31
0.0
  0
LINE
  5
472
330
1F
100
AcDbEntity
  8
OUTLINE
  6
SDS2_5
 62
     1
100
AcDbLine
 10
47.4375
 20
28.588572266
 30
0.0
 11
47.4375
 21
28.583572266
 31
0.0
  0
LINE
  5
473
330
1F
100
AcDbEntity
  8
OUTLINE
  6
SDS2_5
 62
     1
100
AcDbLine
 10
47.4375
 20
28.583572266
 30
0.0
 11
47.282034856
 21
28.583572266
 31
0.0
  0
LINE
  5
474
330
1F
100
AcDbEntity
  8
OUTLINE
  6
SDS2_5
 62
     1
100
AcDbLine
 10
47.282034856
 20
28.583572266
 30
0.0
 11
47.282034856
 21
28.588572266
 31
0.0
  0
LINE
  5
475
330
1F
100
AcDbEntity
  8
OUTLINE
  6
SDS2_5
 62
     1
100
AcDbLine
 10
47.282034856
 20
28.588572266
 30
0.0
 11
47.282034856
 21
28.888572266
 31
0.0
  0
LINE
  5
476
330
1F
100
AcDbEntity
  8
OUTLINE
  6
SDS2_5
 62
     1
100
AcDbLine
 10
47.282034856
 20
28.888572266
 30
0.0
 11
47.282034856
 21
28.893572266
 31
0.0
  0
LINE
  5
477
330
1F
100
AcDbEntity
  8
OUTLINE
  6
SDS2_5
 62
     1
100
AcDbLine
 10
47.282034856
 20
28.893572266
 30
0.0
 11
47.4375
 21
28.893572266
 31
0.0
  0
LINE
  5
478
330
1F
100
AcDbEntity
  8
OUTLINE
  6
SDS2_5
 62
     1
100
AcDbLine
 10
47.282034856
 20
28.583572266
 30
0.0
 11
47.15023787
 21
28.583572266
 31
0.0
  0
LINE
  5
479
330
1F
100
AcDbEntity
  8
OUTLINE
  6
SDS2_5
 62
     1
100
AcDbLine
 10
47.15023787
 20
28.583572266
 30
0.0
 11
47.15023787
 21
28.588572266
 31
0.0
  0
LINE
  5
47A
330
1F
100
AcDbEntity
  8
OUTLINE
  6
SDS2_5
 62
     1
100
AcDbLine
 10
47.15023787
 20
28.588572266
 30
0.0
 11
47.15023787
 21
28.888572266
 31
0.0
  0
LINE
  5
47B
330
1F
100
AcDbEntity
  8
OUTLINE
  6
SDS2_5
 62
     1
100
AcDbLine
 10
47.15023787
 20
28.888572266
 30
0.0
 11
47.15023787
 21
28.893572266
 31
0.0
  0
LINE
  5
47C
330
1F
100
AcDbEntity
  8
OUTLINE
  6
SDS2_5
 62
     1
100
AcDbLine
 10
47.15023787
 20
28.893572266
 30
0.0
 11
47.282034856
 21
28.893572266
 31
0.0
  0
LINE
  5
47D
330
1F
100
AcDbEntity
  8
OUTLINE
  6
SDS2_5
 62
     1
100
AcDbLine
 10
47.15023787
 20
28.583572266
 30
0.0
 11
47.06217394
 21
28.583572266
 31
0.0
  0
LINE
  5
47E
330
1F
100
AcDbEntity
  8
OUTLINE
  6
SDS2_5
 62
     1
100
AcDbLine
 10
47.06217394
 20
28.583572266
 30
0.0
 11
47.06217394
 21
28.588572266
 31
0.0
  0
LINE
  5
47F
330
1F
100
AcDbEntity
  8
OUTLINE
  6
SDS2_5
 62
     1
100
AcDbLine
 10
47.06217394
 20
28.588572266
 30
0.0
 11
47.06217394
 21
28.888572266
 31
0.0
  0
LINE
  5
480
330
1F
100
AcDbEntity
  8
OUTLINE
  6
SDS2_5
 62
     1
100
AcDbLine
 10
47.06217394
 20
28.888572266
 30
0.0
 11
47.06217394
 21
28.893572266
 31
0.0
  0
LINE
  5
481
330
1F
100
AcDbEntity
  8
OUTLINE
  6
SDS2_5
 62
     1
100
AcDbLine
 10
47.06217394
 20
28.893572266
 30
0.0
 11
47.15023787
 21
28.893572266
 31
0.0
  0
LINE
  5
482
330
1F
100
AcDbEntity
  8
OUTLINE
  6
SDS2_5
 62
     1
100
AcDbLine
 10
47.06217394
 20
28.583572266
 30
0.0
 11
47.03125
 21
28.583572266
 31
0.0
  0
LINE
  5
483
330
1F
100
AcDbEntity
  8
OUTLINE
  6
SDS2_5
 62
     1
100
AcDbLine
 10
47.03125
 20
28.893572266
 30
0.0
 11
47.06217394
 21
28.893572266
 31
0.0
  0
LINE
  5
484
330
1F
100
AcDbEntity
  8
OUTLINE
  6
CONTINUOUS
 62
     2
100
AcDbLine
 10
47.03125
 20
28.893572266
 30
0.0
 11
47.03125
 21
28.888572266
 31
0.0
  0
LINE
  5
485
330
1F
100
AcDbEntity
  8
OUTLINE
  6
SDS2_5
 62
     1
100
AcDbLine
 10
47.03125
 20
28.888572266
 30
0.0
 11
47.03125
 21
28.588572266
 31
0.0
  0
LINE
  5
486
330
1F
100
AcDbEntity
  8
OUTLINE
  6
CONTINUOUS
 62
     2
100
AcDbLine
 10
47.03125
 20
28.588572266
 30
0.0
 11
47.03125
 21
28.583572266
 31
0.0
  0
LINE
  5
487
330
1F
100
AcDbEntity
  8
OUTLINE
  6
CONTINUOUS
 62
     2
100
AcDbLine
 10
47.84375
 20
28.583572266
 30
0.0
 11
47.84375
 21
28.588572266
 31
0.0
  0
LINE
  5
488
330
1F
100
AcDbEntity
  8
OUTLINE
  6
SDS2_5
 62
     1
100
AcDbLine
 10
47.84375
 20
28.588572266
 30
0.0
 11
47.84375
 21
28.888572266
 31
0.0
  0
LINE
  5
489
330
1F
100
AcDbEntity
  8
OUTLINE
  6
CONTINUOUS
 62
     2
100
AcDbLine
 10
47.84375
 20
28.888572266
 30
0.0
 11
47.84375
 21
28.893572266
 31
0.0
  0
LINE
  5
48A
330
1F
100
AcDbEntity
  8
OUTLINE
  6
SDS2_5
 62
     1
100
AcDbLine
 10
47.84375
 20
28.583572266
 30
0.0
 11
47.81282606
 21
28.583572266
 31
0.0
  0
LINE
  5
48B
330
1F
100
AcDbEntity
  8
OUTLINE
  6
SDS2_5
 62
     1
100
AcDbLine
 10
47.81282606
 20
28.893572266
 30
0.0
 11
47.84375
 21
28.893572266
 31
0.0
  0
LINE
  5
48C
330
1F
100
AcDbEntity
  8
OUTLINE
  6
SDS2_5
 62
     1
100
AcDbLine
 10
47.81282606
 20
28.893572266
 30
0.0
 11
47.81282606
 21
28.888572266
 31
0.0
  0
LINE
  5
48D
330
1F
100
AcDbEntity
  8
OUTLINE
  6
SDS2_5
 62
     1
100
AcDbLine
 10
47.81282606
 20
28.888572266
 30
0.0
 11
47.81282606
 21
28.588572266
 31
0.0
  0
LINE
  5
48E
330
1F
100
AcDbEntity
  8
OUTLINE
  6
SDS2_5
 62
     1
100
AcDbLine
 10
47.81282606
 20
28.588572266
 30
0.0
 11
47.81282606
 21
28.583572266
 31
0.0
  0
LINE
  5
48F
330
1F
100
AcDbEntity
  8
OUTLINE
  6
SDS2_5
 62
     1
100
AcDbLine
 10
47.81282606
 20
28.583572266
 30
0.0
 11
47.72476213
 21
28.583572266
 31
0.0
  0
LINE
  5
490
330
1F
100
AcDbEntity
  8
OUTLINE
  6
SDS2_5
 62
     1
100
AcDbLine
 10
47.72476213
 20
28.893572266
 30
0.0
 11
47.81282606
 21
28.893572266
 31
0.0
  0
LINE
  5
491
330
1F
100
AcDbEntity
  8
OUTLINE
  6
SDS2_5
 62
     1
100
AcDbLine
 10
47.72476213
 20
28.893572266
 30
0.0
 11
47.72476213
 21
28.888572266
 31
0.0
  0
LINE
  5
492
330
1F
100
AcDbEntity
  8
OUTLINE
  6
SDS2_5
 62
     1
100
AcDbLine
 10
47.72476213
 20
28.888572266
 30
0.0
 11
47.72476213
 21
28.588572266
 31
0.0
  0
LINE
  5
493
330
1F
100
AcDbEntity
  8
OUTLINE
  6
SDS2_5
 62
     1
100
AcDbLine
 10
47.72476213
 20
28.588572266
 30
0.0
 11
47.72476213
 21
28.583572266
 31
0.0
  0
LINE
  5
494
330
1F
100
AcDbEntity
  8
OUTLINE
  6
SDS2_5
 62
     1
100
AcDbLine
 10
47.72476213
 20
28.583572266
 30
0.0
 11
47.592965144
 21
28.583572266
 31
0.0
  0
LINE
  5
495
330
1F
100
AcDbEntity
  8
OUTLINE
  6
SDS2_5
 62
     1
100
AcDbLine
 10
47.592965144
 20
28.893572266
 30
0.0
 11
47.72476213
 21
28.893572266
 31
0.0
  0
LINE
  5
496
330
1F
100
AcDbEntity
  8
OUTLINE
  6
SDS2_5
 62
     1
100
AcDbLine
 10
47.592965144
 20
28.893572266
 30
0.0
 11
47.592965144
 21
28.888572266
 31
0.0
  0
LINE
  5
497
330
1F
100
AcDbEntity
  8
OUTLINE
  6
SDS2_5
 62
     1
100
AcDbLine
 10
47.592965144
 20
28.888572266
 30
0.0
 11
47.592965144
 21
28.588572266
 31
0.0
  0
LINE
  5
498
330
1F
100
AcDbEntity
  8
OUTLINE
  6
SDS2_5
 62
     1
100
AcDbLine
 10
47.592965144
 20
28.588572266
 30
0.0
 11
47.592965144
 21
28.583572266
 31
0.0
  0
LINE
  5
499
330
1F
100
AcDbEntity
  8
OUTLINE
  6
SDS2_5
 62
     1
100
AcDbLine
 10
47.592965144
 20
28.583572266
 30
0.0
 11
47.4375
 21
28.583572266
 31
0.0
  0
LINE
  5
49A
330
1F
100
AcDbEntity
  8
OUTLINE
  6
SDS2_5
 62
     1
100
AcDbLine
 10
47.4375
 20
28.893572266
 30
0.0
 11
47.592965144
 21
28.893572266
 31
0.0
  0
LWPOLYLINE
  5
49B
102
{ACAD_REACTORS
330
49C
102
}
330
1F
100
AcDbEntity
  8
OUTLINE
  6
CONTINUOUS
 62
     1
100
AcDbPolyline
 90
       17
 70
     1
 43
0.0
 10
15.5
 20
27.644822266
 10
15.344534856
 20
27.613898326
 10
15.21273787
 20
27.525834395
 10
15.12467394
 20
27.39403741
 10
15.09375
 20
27.238572266
 10
15.12467394
 20
27.083107121
 10
15.21273787
 20
26.951310136
 10
15.344534856
 20
26.863246206
 10
15.5
 20
26.832322266
 10
15.655465144
 20
26.863246206
 10
15.78726213
 20
26.951310136
 10
15.87532606
 20
27.083107121
 10
15.90625
 20
27.238572266
 10
15.87532606
 20
27.39403741
 10
15.78726213
 20
27.525834395
 10
15.655465144
 20
27.613898326
 10
15.5
 20
27.644822266
  0
HATCH
  5
49C
330
1F
100
AcDbEntity
  8
0
 62
     3
100
AcDbHatch
 10
0.0
 20
0.0
 30
0.0
210
0.0
220
0.0
230
1.0
  2
SOLID
 70
     1
 71
     1
 91
        1
 92
       16
 93
       17
 72
     1
 10
15.5
 20
27.64482226562501
 11
15.34453485560168
 21
27.61389832570771
 72
     1
 10
15.34453485560168
 20
27.61389832570771
 11
15.21273787014297
 21
27.52583439548204
 72
     1
 10
15.21273787014297
 20
27.52583439548204
 11
15.12467393991729
 21
27.39403741002332
 72
     1
 10
15.12467393991729
 20
27.39403741002332
 11
15.09375
 21
27.23857226562501
 72
     1
 10
15.09375
 20
27.23857226562501
 11
15.12467393991729
 21
27.0831071212267
 72
     1
 10
15.12467393991729
 20
27.0831071212267
 11
15.21273787014297
 21
26.95131013576798
 72
     1
 10
15.21273787014297
 20
26.95131013576798
 11
15.34453485560168
 21
26.86324620554231
 72
     1
 10
15.34453485560168
 20
26.86324620554231
 11
15.5
 21
26.83232226562501
 72
     1
 10
15.5
 20
26.83232226562501
 11
15.65546514439832
 21
26.86324620554231
 72
     1
 10
15.65546514439832
 20
26.86324620554231
 11
15.78726212985703
 21
26.95131013576798
 72
     1
 10
15.78726212985703
 20
26.95131013576798
 11
15.87532606008271
 21
27.0831071212267
 72
     1
 10
15.87532606008271
 20
27.0831071212267
 11
15.90625
 21
27.23857226562501
 72
     1
 10
15.90625
 20
27.23857226562501
 11
15.87532606008271
 21
27.39403741002332
 72
     1
 10
15.87532606008271
 20
27.39403741002332
 11
15.78726212985703
 21
27.52583439548204
 72
     1
 10
15.78726212985703
 20
27.52583439548204
 11
15.65546514439832
 21
27.61389832570771
 72
     1
 10
15.65546514439832
 20
27.61389832570771
 11
15.5
 21
27.64482226562501
 72
     1
 10
15.5
 20
27.64482226562501
 11
15.5
 21
27.64482226562501
 97
        1
330
49B
 75
     0
 76
     1
 98
        0
  0
LWPOLYLINE
  5
49D
102
{ACAD_REACTORS
330
49E
102
}
330
1F
100
AcDbEntity
  8
OUTLINE
  6
CONTINUOUS
 62
     1
100
AcDbPolyline
 90
       17
 70
     1
 43
0.0
 10
36.0625
 20
27.644822266
 10
35.907034856
 20
27.613898326
 10
35.77523787
 20
27.525834395
 10
35.68717394
 20
27.39403741
 10
35.65625
 20
27.238572266
 10
35.68717394
 20
27.083107121
 10
35.77523787
 20
26.951310136
 10
35.907034856
 20
26.863246206
 10
36.0625
 20
26.832322266
 10
36.217965144
 20
26.863246206
 10
36.34976213
 20
26.951310136
 10
36.43782606
 20
27.083107121
 10
36.46875
 20
27.238572266
 10
36.43782606
 20
27.39403741
 10
36.34976213
 20
27.525834395
 10
36.217965144
 20
27.613898326
 10
36.0625
 20
27.644822266
  0
HATCH
  5
49E
330
1F
100
AcDbEntity
  8
0
 62
     3
100
AcDbHatch
 10
0.0
 20
0.0
 30
0.0
210
0.0
220
0.0
230
1.0
  2
SOLID
 70
     1
 71
     1
 91
        1
 92
       16
 93
       17
 72
     1
 10
36.0625
 20
27.64482226562501
 11
35.90703485560168
 21
27.61389832570771
 72
     1
 10
35.90703485560168
 20
27.61389832570771
 11
35.77523787014296
 21
27.52583439548204
 72
     1
 10
35.77523787014296
 20
27.52583439548204
 11
35.68717393991729
 21
27.39403741002332
 72
     1
 10
35.68717393991729
 20
27.39403741002332
 11
35.65625
 21
27.23857226562501
 72
     1
 10
35.65625
 20
27.23857226562501
 11
35.68717393991729
 21
27.0831071212267
 72
     1
 10
35.68717393991729
 20
27.0831071212267
 11
35.77523787014296
 21
26.95131013576798
 72
     1
 10
35.77523787014296
 20
26.95131013576798
 11
35.90703485560168
 21
26.86324620554231
 72
     1
 10
35.90703485560168
 20
26.86324620554231
 11
36.0625
 21
26.83232226562501
 72
     1
 10
36.0625
 20
26.83232226562501
 11
36.21796514439832
 21
26.86324620554231
 72
     1
 10
36.21796514439832
 20
26.86324620554231
 11
36.34976212985704
 21
26.95131013576798
 72
     1
 10
36.34976212985704
 20
26.95131013576798
 11
36.43782606008271
 21
27.0831071212267
 72
     1
 10
36.43782606008271
 20
27.0831071212267
 11
36.46875
 21
27.23857226562501
 72
     1
 10
36.46875
 20
27.23857226562501
 11
36.43782606008271
 21
27.39403741002332
 72
     1
 10
36.43782606008271
 20
27.39403741002332
 11
36.34976212985704
 21
27.52583439548204
 72
     1
 10
36.34976212985704
 20
27.52583439548204
 11
36.21796514439832
 21
27.61389832570771
 72
     1
 10
36.21796514439832
 20
27.61389832570771
 11
36.0625
 21
27.64482226562501
 72
     1
 10
36.0625
 20
27.64482226562501
 11
36.0625
 21
27.64482226562501
 97
        1
330
49D
 75
     0
 76
     1
 98
        0
  0
LINE
  5
49F
330
1F
100
AcDbEntity
  8
OUTLINE
  6
SDS2_5
 62
     1
100
AcDbLine
 10
7.25
 20
28.271072266
 30
0.0
 11
7.25
 21
28.276072266
 31
0.0
  0
LINE
  5
4A0
330
1F
100
AcDbEntity
  8
OUTLINE
  6
SDS2_5
 62
     1
100
AcDbLine
 10
7.25
 20
28.276072266
 30
0.0
 11
7.25
 21
28.588572266
 31
0.0
  0
LINE
  5
4A1
330
1F
100
AcDbEntity
  8
OUTLINE
  6
SDS2_5
 62
     1
100
AcDbLine
 10
7.25
 20
28.588572266
 30
0.0
 11
7.25
 21
28.593572266
 31
0.0
  0
LINE
  5
4A2
330
1F
100
AcDbEntity
  8
OUTLINE
  6
SDS2_5
 62
     1
100
AcDbLine
 10
7.25
 20
28.593572266
 30
0.0
 11
7.405465144
 21
28.593572266
 31
0.0
  0
LINE
  5
4A3
330
1F
100
AcDbEntity
  8
OUTLINE
  6
SDS2_5
 62
     1
100
AcDbLine
 10
7.405465144
 20
28.593572266
 30
0.0
 11
7.405465144
 21
28.588572266
 31
0.0
  0
LINE
  5
4A4
330
1F
100
AcDbEntity
  8
OUTLINE
  6
SDS2_5
 62
     1
100
AcDbLine
 10
7.405465144
 20
28.588572266
 30
0.0
 11
7.405465144
 21
28.276072266
 31
0.0
  0
LINE
  5
4A5
330
1F
100
AcDbEntity
  8
OUTLINE
  6
SDS2_5
 62
     1
100
AcDbLine
 10
7.405465144
 20
28.276072266
 30
0.0
 11
7.405465144
 21
28.271072266
 31
0.0
  0
LINE
  5
4A6
330
1F
100
AcDbEntity
  8
OUTLINE
  6
SDS2_5
 62
     1
100
AcDbLine
 10
7.405465144
 20
28.271072266
 30
0.0
 11
7.25
 21
28.271072266
 31
0.0
  0
LINE
  5
4A7
330
1F
100
AcDbEntity
  8
OUTLINE
  6
SDS2_5
 62
     1
100
AcDbLine
 10
7.405465144
 20
28.593572266
 30
0.0
 11
7.53726213
 21
28.593572266
 31
0.0
  0
LINE
  5
4A8
330
1F
100
AcDbEntity
  8
OUTLINE
  6
SDS2_5
 62
     1
100
AcDbLine
 10
7.53726213
 20
28.593572266
 30
0.0
 11
7.53726213
 21
28.588572266
 31
0.0
  0
LINE
  5
4A9
330
1F
100
AcDbEntity
  8
OUTLINE
  6
SDS2_5
 62
     1
100
AcDbLine
 10
7.53726213
 20
28.588572266
 30
0.0
 11
7.53726213
 21
28.276072266
 31
0.0
  0
LINE
  5
4AA
330
1F
100
AcDbEntity
  8
OUTLINE
  6
SDS2_5
 62
     1
100
AcDbLine
 10
7.53726213
 20
28.276072266
 30
0.0
 11
7.53726213
 21
28.271072266
 31
0.0
  0
LINE
  5
4AB
330
1F
100
AcDbEntity
  8
OUTLINE
  6
SDS2_5
 62
     1
100
AcDbLine
 10
7.53726213
 20
28.271072266
 30
0.0
 11
7.405465144
 21
28.271072266
 31
0.0
  0
LINE
  5
4AC
330
1F
100
AcDbEntity
  8
OUTLINE
  6
SDS2_5
 62
     1
100
AcDbLine
 10
7.53726213
 20
28.593572266
 30
0.0
 11
7.62532606
 21
28.593572266
 31
0.0
  0
LINE
  5
4AD
330
1F
100
AcDbEntity
  8
OUTLINE
  6
SDS2_5
 62
     1
100
AcDbLine
 10
7.62532606
 20
28.593572266
 30
0.0
 11
7.62532606
 21
28.588572266
 31
0.0
  0
LINE
  5
4AE
330
1F
100
AcDbEntity
  8
OUTLINE
  6
SDS2_5
 62
     1
100
AcDbLine
 10
7.62532606
 20
28.588572266
 30
0.0
 11
7.62532606
 21
28.276072266
 31
0.0
  0
LINE
  5
4AF
330
1F
100
AcDbEntity
  8
OUTLINE
  6
SDS2_5
 62
     1
100
AcDbLine
 10
7.62532606
 20
28.276072266
 30
0.0
 11
7.62532606
 21
28.271072266
 31
0.0
  0
LINE
  5
4B0
330
1F
100
AcDbEntity
  8
OUTLINE
  6
SDS2_5
 62
     1
100
AcDbLine
 10
7.62532606
 20
28.271072266
 30
0.0
 11
7.53726213
 21
28.271072266
 31
0.0
  0
LINE
  5
4B1
330
1F
100
AcDbEntity
  8
OUTLINE
  6
SDS2_5
 62
     1
100
AcDbLine
 10
7.62532606
 20
28.593572266
 30
0.0
 11
7.65625
 21
28.593572266
 31
0.0
  0
LINE
  5
4B2
330
1F
100
AcDbEntity
  8
OUTLINE
  6
SDS2_5
 62
     1
100
AcDbLine
 10
7.65625
 20
28.271072266
 30
0.0
 11
7.62532606
 21
28.271072266
 31
0.0
  0
LINE
  5
4B3
330
1F
100
AcDbEntity
  8
OUTLINE
  6
CONTINUOUS
 62
     2
100
AcDbLine
 10
7.65625
 20
28.271072266
 30
0.0
 11
7.65625
 21
28.276072266
 31
0.0
  0
LINE
  5
4B4
330
1F
100
AcDbEntity
  8
OUTLINE
  6
SDS2_5
 62
     1
100
AcDbLine
 10
7.65625
 20
28.276072266
 30
0.0
 11
7.65625
 21
28.588572266
 31
0.0
  0
LINE
  5
4B5
330
1F
100
AcDbEntity
  8
OUTLINE
  6
CONTINUOUS
 62
     2
100
AcDbLine
 10
7.65625
 20
28.588572266
 30
0.0
 11
7.65625
 21
28.593572266
 31
0.0
  0
LINE
  5
4B6
330
1F
100
AcDbEntity
  8
OUTLINE
  6
CONTINUOUS
 62
     2
100
AcDbLine
 10
6.84375
 20
28.593572266
 30
0.0
 11
6.84375
 21
28.588572266
 31
0.0
  0
LINE
  5
4B7
330
1F
100
AcDbEntity
  8
OUTLINE
  6
SDS2_5
 62
     1
100
AcDbLine
 10
6.84375
 20
28.588572266
 30
0.0
 11
6.84375
 21
28.276072266
 31
0.0
  0
LINE
  5
4B8
330
1F
100
AcDbEntity
  8
OUTLINE
  6
CONTINUOUS
 62
     2
100
AcDbLine
 10
6.84375
 20
28.276072266
 30
0.0
 11
6.84375
 21
28.271072266
 31
0.0
  0
LINE
  5
4B9
330
1F
100
AcDbEntity
  8
OUTLINE
  6
SDS2_5
 62
     1
100
AcDbLine
 10
6.84375
 20
28.593572266
 30
0.0
 11
6.87467394
 21
28.593572266
 31
0.0
  0
LINE
  5
4BA
330
1F
100
AcDbEntity
  8
OUTLINE
  6
SDS2_5
 62
     1
100
AcDbLine
 10
6.87467394
 20
28.271072266
 30
0.0
 11
6.84375
 21
28.271072266
 31
0.0
  0
LINE
  5
4BB
330
1F
100
AcDbEntity
  8
OUTLINE
  6
SDS2_5
 62
     1
100
AcDbLine
 10
6.87467394
 20
28.271072266
 30
0.0
 11
6.87467394
 21
28.276072266
 31
0.0
  0
LINE
  5
4BC
330
1F
100
AcDbEntity
  8
OUTLINE
  6
SDS2_5
 62
     1
100
AcDbLine
 10
6.87467394
 20
28.276072266
 30
0.0
 11
6.87467394
 21
28.588572266
 31
0.0
  0
LINE
  5
4BD
330
1F
100
AcDbEntity
  8
OUTLINE
  6
SDS2_5
 62
     1
100
AcDbLine
 10
6.87467394
 20
28.588572266
 30
0.0
 11
6.87467394
 21
28.593572266
 31
0.0
  0
LINE
  5
4BE
330
1F
100
AcDbEntity
  8
OUTLINE
  6
SDS2_5
 62
     1
100
AcDbLine
 10
6.87467394
 20
28.593572266
 30
0.0
 11
6.96273787
 21
28.593572266
 31
0.0
  0
LINE
  5
4BF
330
1F
100
AcDbEntity
  8
OUTLINE
  6
SDS2_5
 62
     1
100
AcDbLine
 10
6.96273787
 20
28.271072266
 30
0.0
 11
6.87467394
 21
28.271072266
 31
0.0
  0
LINE
  5
4C0
330
1F
100
AcDbEntity
  8
OUTLINE
  6
SDS2_5
 62
     1
100
AcDbLine
 10
6.96273787
 20
28.271072266
 30
0.0
 11
6.96273787
 21
28.276072266
 31
0.0
  0
LINE
  5
4C1
330
1F
100
AcDbEntity
  8
OUTLINE
  6
SDS2_5
 62
     1
100
AcDbLine
 10
6.96273787
 20
28.276072266
 30
0.0
 11
6.96273787
 21
28.588572266
 31
0.0
  0
LINE
  5
4C2
330
1F
100
AcDbEntity
  8
OUTLINE
  6
SDS2_5
 62
     1
100
AcDbLine
 10
6.96273787
 20
28.588572266
 30
0.0
 11
6.96273787
 21
28.593572266
 31
0.0
  0
LINE
  5
4C3
330
1F
100
AcDbEntity
  8
OUTLINE
  6
SDS2_5
 62
     1
100
AcDbLine
 10
6.96273787
 20
28.593572266
 30
0.0
 11
7.094534856
 21
28.593572266
 31
0.0
  0
LINE
  5
4C4
330
1F
100
AcDbEntity
  8
OUTLINE
  6
SDS2_5
 62
     1
100
AcDbLine
 10
7.094534856
 20
28.271072266
 30
0.0
 11
6.96273787
 21
28.271072266
 31
0.0
  0
LINE
  5
4C5
330
1F
100
AcDbEntity
  8
OUTLINE
  6
SDS2_5
 62
     1
100
AcDbLine
 10
7.094534856
 20
28.271072266
 30
0.0
 11
7.094534856
 21
28.276072266
 31
0.0
  0
LINE
  5
4C6
330
1F
100
AcDbEntity
  8
OUTLINE
  6
SDS2_5
 62
     1
100
AcDbLine
 10
7.094534856
 20
28.276072266
 30
0.0
 11
7.094534856
 21
28.588572266
 31
0.0
  0
LINE
  5
4C7
330
1F
100
AcDbEntity
  8
OUTLINE
  6
SDS2_5
 62
     1
100
AcDbLine
 10
7.094534856
 20
28.588572266
 30
0.0
 11
7.094534856
 21
28.593572266
 31
0.0
  0
LINE
  5
4C8
330
1F
100
AcDbEntity
  8
OUTLINE
  6
SDS2_5
 62
     1
100
AcDbLine
 10
7.094534856
 20
28.593572266
 30
0.0
 11
7.25
 21
28.593572266
 31
0.0
  0
LINE
  5
4C9
330
1F
100
AcDbEntity
  8
OUTLINE
  6
SDS2_5
 62
     1
100
AcDbLine
 10
7.25
 20
28.271072266
 30
0.0
 11
7.094534856
 21
28.271072266
 31
0.0
  0
LINE
  5
4CA
330
1F
100
AcDbEntity
  8
OUTLINE
  6
SDS2_5
 62
     1
100
AcDbLine
 10
4.995
 20
26.119822266
 30
0.0
 11
4.995
 21
26.27528741
 31
0.0
  0
LINE
  5
4CB
330
1F
100
AcDbEntity
  8
OUTLINE
  6
SDS2_5
 62
     1
100
AcDbLine
 10
4.995
 20
26.27528741
 30
0.0
 11
5.0
 21
26.27528741
 31
0.0
  0
LINE
  5
4CC
330
1F
100
AcDbEntity
  8
OUTLINE
  6
SDS2_5
 62
     1
100
AcDbLine
 10
5.0
 20
26.27528741
 30
0.0
 11
5.3125
 21
26.27528741
 31
0.0
  0
LINE
  5
4CD
330
1F
100
AcDbEntity
  8
OUTLINE
  6
SDS2_5
 62
     1
100
AcDbLine
 10
5.3125
 20
26.27528741
 30
0.0
 11
5.3175
 21
26.27528741
 31
0.0
  0
LINE
  5
4CE
330
1F
100
AcDbEntity
  8
OUTLINE
  6
SDS2_5
 62
     1
100
AcDbLine
 10
5.3175
 20
26.27528741
 30
0.0
 11
5.3175
 21
26.119822266
 31
0.0
  0
LINE
  5
4CF
330
1F
100
AcDbEntity
  8
OUTLINE
  6
SDS2_5
 62
     1
100
AcDbLine
 10
4.995
 20
26.27528741
 30
0.0
 11
4.995
 21
26.407084395
 31
0.0
  0
LINE
  5
4D0
330
1F
100
AcDbEntity
  8
OUTLINE
  6
SDS2_5
 62
     1
100
AcDbLine
 10
4.995
 20
26.407084395
 30
0.0
 11
5.0
 21
26.407084395
 31
0.0
  0
LINE
  5
4D1
330
1F
100
AcDbEntity
  8
OUTLINE
  6
SDS2_5
 62
     1
100
AcDbLine
 10
5.0
 20
26.407084395
 30
0.0
 11
5.3125
 21
26.407084395
 31
0.0
  0
LINE
  5
4D2
330
1F
100
AcDbEntity
  8
OUTLINE
  6
SDS2_5
 62
     1
100
AcDbLine
 10
5.3125
 20
26.407084395
 30
0.0
 11
5.3175
 21
26.407084395
 31
0.0
  0
LINE
  5
4D3
330
1F
100
AcDbEntity
  8
OUTLINE
  6
SDS2_5
 62
     1
100
AcDbLine
 10
5.3175
 20
26.407084395
 30
0.0
 11
5.3175
 21
26.27528741
 31
0.0
  0
LINE
  5
4D4
330
1F
100
AcDbEntity
  8
OUTLINE
  6
SDS2_5
 62
     1
100
AcDbLine
 10
4.995
 20
26.407084395
 30
0.0
 11
4.995
 21
26.495148326
 31
0.0
  0
LINE
  5
4D5
330
1F
100
AcDbEntity
  8
OUTLINE
  6
SDS2_5
 62
     1
100
AcDbLine
 10
4.995
 20
26.495148326
 30
0.0
 11
5.0
 21
26.495148326
 31
0.0
  0
LINE
  5
4D6
330
1F
100
AcDbEntity
  8
OUTLINE
  6
SDS2_5
 62
     1
100
AcDbLine
 10
5.0
 20
26.495148326
 30
0.0
 11
5.3125
 21
26.495148326
 31
0.0
  0
LINE
  5
4D7
330
1F
100
AcDbEntity
  8
OUTLINE
  6
SDS2_5
 62
     1
100
AcDbLine
 10
5.3125
 20
26.495148326
 30
0.0
 11
5.3175
 21
26.495148326
 31
0.0
  0
LINE
  5
4D8
330
1F
100
AcDbEntity
  8
OUTLINE
  6
SDS2_5
 62
     1
100
AcDbLine
 10
5.3175
 20
26.495148326
 30
0.0
 11
5.3175
 21
26.407084395
 31
0.0
  0
LINE
  5
4D9
330
1F
100
AcDbEntity
  8
OUTLINE
  6
SDS2_5
 62
     1
100
AcDbLine
 10
4.995
 20
26.495148326
 30
0.0
 11
4.995
 21
26.526072266
 31
0.0
  0
LINE
  5
4DA
330
1F
100
AcDbEntity
  8
OUTLINE
  6
SDS2_5
 62
     1
100
AcDbLine
 10
5.3175
 20
26.526072266
 30
0.0
 11
5.3175
 21
26.495148326
 31
0.0
  0
LINE
  5
4DB
330
1F
100
AcDbEntity
  8
OUTLINE
  6
CONTINUOUS
 62
     2
100
AcDbLine
 10
5.3175
 20
26.526072266
 30
0.0
 11
5.3125
 21
26.526072266
 31
0.0
  0
LINE
  5
4DC
330
1F
100
AcDbEntity
  8
OUTLINE
  6
SDS2_5
 62
     1
100
AcDbLine
 10
5.3125
 20
26.526072266
 30
0.0
 11
5.0
 21
26.526072266
 31
0.0
  0
LINE
  5
4DD
330
1F
100
AcDbEntity
  8
OUTLINE
  6
CONTINUOUS
 62
     2
100
AcDbLine
 10
5.0
 20
26.526072266
 30
0.0
 11
4.995
 21
26.526072266
 31
0.0
  0
LINE
  5
4DE
330
1F
100
AcDbEntity
  8
OUTLINE
  6
CONTINUOUS
 62
     2
100
AcDbLine
 10
4.995
 20
25.526072266
 30
0.0
 11
5.0
 21
25.526072266
 31
0.0
  0
LINE
  5
4DF
330
1F
100
AcDbEntity
  8
OUTLINE
  6
SDS2_5
 62
     1
100
AcDbLine
 10
5.0
 20
25.526072266
 30
0.0
 11
5.3125
 21
25.526072266
 31
0.0
  0
LINE
  5
4E0
330
1F
100
AcDbEntity
  8
OUTLINE
  6
CONTINUOUS
 62
     2
100
AcDbLine
 10
5.3125
 20
25.526072266
 30
0.0
 11
5.3175
 21
25.526072266
 31
0.0
  0
LINE
  5
4E1
330
1F
100
AcDbEntity
  8
OUTLINE
  6
SDS2_5
 62
     1
100
AcDbLine
 10
4.995
 20
25.526072266
 30
0.0
 11
4.995
 21
25.556996206
 31
0.0
  0
LINE
  5
4E2
330
1F
100
AcDbEntity
  8
OUTLINE
  6
SDS2_5
 62
     1
100
AcDbLine
 10
5.3175
 20
25.556996206
 30
0.0
 11
5.3175
 21
25.526072266
 31
0.0
  0
LINE
  5
4E3
330
1F
100
AcDbEntity
  8
OUTLINE
  6
SDS2_5
 62
     1
100
AcDbLine
 10
5.3175
 20
25.556996206
 30
0.0
 11
5.3125
 21
25.556996206
 31
0.0
  0
LINE
  5
4E4
330
1F
100
AcDbEntity
  8
OUTLINE
  6
SDS2_5
 62
     1
100
AcDbLine
 10
5.3125
 20
25.556996206
 30
0.0
 11
5.0
 21
25.556996206
 31
0.0
  0
LINE
  5
4E5
330
1F
100
AcDbEntity
  8
OUTLINE
  6
SDS2_5
 62
     1
100
AcDbLine
 10
5.0
 20
25.556996206
 30
0.0
 11
4.995
 21
25.556996206
 31
0.0
  0
LINE
  5
4E6
330
1F
100
AcDbEntity
  8
OUTLINE
  6
SDS2_5
 62
     1
100
AcDbLine
 10
4.995
 20
25.556996206
 30
0.0
 11
4.995
 21
25.645060136
 31
0.0
  0
LINE
  5
4E7
330
1F
100
AcDbEntity
  8
OUTLINE
  6
SDS2_5
 62
     1
100
AcDbLine
 10
5.3175
 20
25.645060136
 30
0.0
 11
5.3175
 21
25.556996206
 31
0.0
  0
LINE
  5
4E8
330
1F
100
AcDbEntity
  8
OUTLINE
  6
SDS2_5
 62
     1
100
AcDbLine
 10
5.3175
 20
25.645060136
 30
0.0
 11
5.3125
 21
25.645060136
 31
0.0
  0
LINE
  5
4E9
330
1F
100
AcDbEntity
  8
OUTLINE
  6
SDS2_5
 62
     1
100
AcDbLine
 10
5.3125
 20
25.645060136
 30
0.0
 11
5.0
 21
25.645060136
 31
0.0
  0
LINE
  5
4EA
330
1F
100
AcDbEntity
  8
OUTLINE
  6
SDS2_5
 62
     1
100
AcDbLine
 10
5.0
 20
25.645060136
 30
0.0
 11
4.995
 21
25.645060136
 31
0.0
  0
LINE
  5
4EB
330
1F
100
AcDbEntity
  8
OUTLINE
  6
SDS2_5
 62
     1
100
AcDbLine
 10
4.995
 20
25.645060136
 30
0.0
 11
4.995
 21
25.776857121
 31
0.0
  0
LINE
  5
4EC
330
1F
100
AcDbEntity
  8
OUTLINE
  6
SDS2_5
 62
     1
100
AcDbLine
 10
5.3175
 20
25.776857121
 30
0.0
 11
5.3175
 21
25.645060136
 31
0.0
  0
LINE
  5
4ED
330
1F
100
AcDbEntity
  8
OUTLINE
  6
SDS2_5
 62
     1
100
AcDbLine
 10
5.3175
 20
25.776857121
 30
0.0
 11
5.3125
 21
25.776857121
 31
0.0
  0
LINE
  5
4EE
330
1F
100
AcDbEntity
  8
OUTLINE
  6
SDS2_5
 62
     1
100
AcDbLine
 10
5.3125
 20
25.776857121
 30
0.0
 11
5.0
 21
25.776857121
 31
0.0
  0
LINE
  5
4EF
330
1F
100
AcDbEntity
  8
OUTLINE
  6
SDS2_5
 62
     1
100
AcDbLine
 10
5.0
 20
25.776857121
 30
0.0
 11
4.995
 21
25.776857121
 31
0.0
  0
LINE
  5
4F0
330
1F
100
AcDbEntity
  8
OUTLINE
  6
SDS2_5
 62
     1
100
AcDbLine
 10
4.995
 20
25.776857121
 30
0.0
 11
4.995
 21
25.932322266
 31
0.0
  0
LINE
  5
4F1
330
1F
100
AcDbEntity
  8
OUTLINE
  6
SDS2_5
 62
     1
100
AcDbLine
 10
5.3175
 20
25.932322266
 30
0.0
 11
5.3175
 21
25.776857121
 31
0.0
  0
LINE
  5
4F2
330
1F
100
AcDbEntity
  8
OUTLINE
  6
SDS2_5
 62
     1
100
AcDbLine
 10
5.3175
 20
25.932322266
 30
0.0
 11
5.3125
 21
25.932322266
 31
0.0
  0
LINE
  5
4F3
330
1F
100
AcDbEntity
  8
OUTLINE
  6
SDS2_5
 62
     1
100
AcDbLine
 10
5.3125
 20
25.932322266
 30
0.0
 11
5.0
 21
25.932322266
 31
0.0
  0
LINE
  5
4F4
330
1F
100
AcDbEntity
  8
OUTLINE
  6
SDS2_5
 62
     1
100
AcDbLine
 10
5.0
 20
25.932322266
 30
0.0
 11
4.995
 21
25.932322266
 31
0.0
  0
LINE
  5
4F5
330
1F
100
AcDbEntity
  8
OUTLINE
  6
SDS2_5
 62
     1
100
AcDbLine
 10
4.995
 20
25.932322266
 30
0.0
 11
4.995
 21
26.119822266
 31
0.0
  0
LINE
  5
4F6
330
1F
100
AcDbEntity
  8
OUTLINE
  6
SDS2_5
 62
     1
100
AcDbLine
 10
4.995
 20
26.119822266
 30
0.0
 11
5.0
 21
26.119822266
 31
0.0
  0
LINE
  5
4F7
330
1F
100
AcDbEntity
  8
OUTLINE
  6
SDS2_5
 62
     1
100
AcDbLine
 10
5.0
 20
26.119822266
 30
0.0
 11
5.3125
 21
26.119822266
 31
0.0
  0
LINE
  5
4F8
330
1F
100
AcDbEntity
  8
OUTLINE
  6
SDS2_5
 62
     1
100
AcDbLine
 10
5.3125
 20
26.119822266
 30
0.0
 11
5.3175
 21
26.119822266
 31
0.0
  0
LINE
  5
4F9
330
1F
100
AcDbEntity
  8
OUTLINE
  6
SDS2_5
 62
     1
100
AcDbLine
 10
5.3175
 20
26.119822266
 30
0.0
 11
5.3175
 21
25.932322266
 31
0.0
  0
LINE
  5
4FA
330
1F
100
AcDbEntity
  8
OUTLINE
  6
SDS2_5
 62
     1
100
AcDbLine
 10
7.25
 20
29.206072266
 30
0.0
 11
7.25
 21
29.201072266
 31
0.0
  0
LINE
  5
4FB
330
1F
100
AcDbEntity
  8
OUTLINE
  6
SDS2_5
 62
     1
100
AcDbLine
 10
7.25
 20
29.201072266
 30
0.0
 11
7.25
 21
28.888572266
 31
0.0
  0
LINE
  5
4FC
330
1F
100
AcDbEntity
  8
OUTLINE
  6
SDS2_5
 62
     1
100
AcDbLine
 10
7.25
 20
28.888572266
 30
0.0
 11
7.25
 21
28.883572266
 31
0.0
  0
LINE
  5
4FD
330
1F
100
AcDbEntity
  8
OUTLINE
  6
SDS2_5
 62
     1
100
AcDbLine
 10
7.25
 20
28.883572266
 30
0.0
 11
7.094534856
 21
28.883572266
 31
0.0
  0
LINE
  5
4FE
330
1F
100
AcDbEntity
  8
OUTLINE
  6
SDS2_5
 62
     1
100
AcDbLine
 10
7.094534856
 20
28.883572266
 30
0.0
 11
7.094534856
 21
28.888572266
 31
0.0
  0
LINE
  5
4FF
330
1F
100
AcDbEntity
  8
OUTLINE
  6
SDS2_5
 62
     1
100
AcDbLine
 10
7.094534856
 20
28.888572266
 30
0.0
 11
7.094534856
 21
29.201072266
 31
0.0
  0
LINE
  5
500
330
1F
100
AcDbEntity
  8
OUTLINE
  6
SDS2_5
 62
     1
100
AcDbLine
 10
7.094534856
 20
29.201072266
 30
0.0
 11
7.094534856
 21
29.206072266
 31
0.0
  0
LINE
  5
501
330
1F
100
AcDbEntity
  8
OUTLINE
  6
SDS2_5
 62
     1
100
AcDbLine
 10
7.094534856
 20
29.206072266
 30
0.0
 11
7.25
 21
29.206072266
 31
0.0
  0
LINE
  5
502
330
1F
100
AcDbEntity
  8
OUTLINE
  6
SDS2_5
 62
     1
100
AcDbLine
 10
7.094534856
 20
28.883572266
 30
0.0
 11
6.96273787
 21
28.883572266
 31
0.0
  0
LINE
  5
503
330
1F
100
AcDbEntity
  8
OUTLINE
  6
SDS2_5
 62
     1
100
AcDbLine
 10
6.96273787
 20
28.883572266
 30
0.0
 11
6.96273787
 21
28.888572266
 31
0.0
  0
LINE
  5
504
330
1F
100
AcDbEntity
  8
OUTLINE
  6
SDS2_5
 62
     1
100
AcDbLine
 10
6.96273787
 20
28.888572266
 30
0.0
 11
6.96273787
 21
29.201072266
 31
0.0
  0
LINE
  5
505
330
1F
100
AcDbEntity
  8
OUTLINE
  6
SDS2_5
 62
     1
100
AcDbLine
 10
6.96273787
 20
29.201072266
 30
0.0
 11
6.96273787
 21
29.206072266
 31
0.0
  0
LINE
  5
506
330
1F
100
AcDbEntity
  8
OUTLINE
  6
SDS2_5
 62
     1
100
AcDbLine
 10
6.96273787
 20
29.206072266
 30
0.0
 11
7.094534856
 21
29.206072266
 31
0.0
  0
LINE
  5
507
330
1F
100
AcDbEntity
  8
OUTLINE
  6
SDS2_5
 62
     1
100
AcDbLine
 10
6.96273787
 20
28.883572266
 30
0.0
 11
6.87467394
 21
28.883572266
 31
0.0
  0
LINE
  5
508
330
1F
100
AcDbEntity
  8
OUTLINE
  6
SDS2_5
 62
     1
100
AcDbLine
 10
6.87467394
 20
28.883572266
 30
0.0
 11
6.87467394
 21
28.888572266
 31
0.0
  0
LINE
  5
509
330
1F
100
AcDbEntity
  8
OUTLINE
  6
SDS2_5
 62
     1
100
AcDbLine
 10
6.87467394
 20
28.888572266
 30
0.0
 11
6.87467394
 21
29.201072266
 31
0.0
  0
LINE
  5
50A
330
1F
100
AcDbEntity
  8
OUTLINE
  6
SDS2_5
 62
     1
100
AcDbLine
 10
6.87467394
 20
29.201072266
 30
0.0
 11
6.87467394
 21
29.206072266
 31
0.0
  0
LINE
  5
50B
330
1F
100
AcDbEntity
  8
OUTLINE
  6
SDS2_5
 62
     1
100
AcDbLine
 10
6.87467394
 20
29.206072266
 30
0.0
 11
6.96273787
 21
29.206072266
 31
0.0
  0
LINE
  5
50C
330
1F
100
AcDbEntity
  8
OUTLINE
  6
SDS2_5
 62
     1
100
AcDbLine
 10
6.87467394
 20
28.883572266
 30
0.0
 11
6.84375
 21
28.883572266
 31
0.0
  0
LINE
  5
50D
330
1F
100
AcDbEntity
  8
OUTLINE
  6
SDS2_5
 62
     1
100
AcDbLine
 10
6.84375
 20
29.206072266
 30
0.0
 11
6.87467394
 21
29.206072266
 31
0.0
  0
LINE
  5
50E
330
1F
100
AcDbEntity
  8
OUTLINE
  6
CONTINUOUS
 62
     2
100
AcDbLine
 10
6.84375
 20
29.206072266
 30
0.0
 11
6.84375
 21
29.201072266
 31
0.0
  0
LINE
  5
50F
330
1F
100
AcDbEntity
  8
OUTLINE
  6
SDS2_5
 62
     1
100
AcDbLine
 10
6.84375
 20
29.201072266
 30
0.0
 11
6.84375
 21
28.888572266
 31
0.0
  0
LINE
  5
510
330
1F
100
AcDbEntity
  8
OUTLINE
  6
CONTINUOUS
 62
     2
100
AcDbLine
 10
6.84375
 20
28.888572266
 30
0.0
 11
6.84375
 21
28.883572266
 31
0.0
  0
LINE
  5
511
330
1F
100
AcDbEntity
  8
OUTLINE
  6
CONTINUOUS
 62
     2
100
AcDbLine
 10
7.65625
 20
28.883572266
 30
0.0
 11
7.65625
 21
28.888572266
 31
0.0
  0
LINE
  5
512
330
1F
100
AcDbEntity
  8
OUTLINE
  6
SDS2_5
 62
     1
100
AcDbLine
 10
7.65625
 20
28.888572266
 30
0.0
 11
7.65625
 21
29.201072266
 31
0.0
  0
LINE
  5
513
330
1F
100
AcDbEntity
  8
OUTLINE
  6
CONTINUOUS
 62
     2
100
AcDbLine
 10
7.65625
 20
29.201072266
 30
0.0
 11
7.65625
 21
29.206072266
 31
0.0
  0
LINE
  5
514
330
1F
100
AcDbEntity
  8
OUTLINE
  6
SDS2_5
 62
     1
100
AcDbLine
 10
7.65625
 20
28.883572266
 30
0.0
 11
7.62532606
 21
28.883572266
 31
0.0
  0
LINE
  5
515
330
1F
100
AcDbEntity
  8
OUTLINE
  6
SDS2_5
 62
     1
100
AcDbLine
 10
7.62532606
 20
29.206072266
 30
0.0
 11
7.65625
 21
29.206072266
 31
0.0
  0
LINE
  5
516
330
1F
100
AcDbEntity
  8
OUTLINE
  6
SDS2_5
 62
     1
100
AcDbLine
 10
7.62532606
 20
29.206072266
 30
0.0
 11
7.62532606
 21
29.201072266
 31
0.0
  0
LINE
  5
517
330
1F
100
AcDbEntity
  8
OUTLINE
  6
SDS2_5
 62
     1
100
AcDbLine
 10
7.62532606
 20
29.201072266
 30
0.0
 11
7.62532606
 21
28.888572266
 31
0.0
  0
LINE
  5
518
330
1F
100
AcDbEntity
  8
OUTLINE
  6
SDS2_5
 62
     1
100
AcDbLine
 10
7.62532606
 20
28.888572266
 30
0.0
 11
7.62532606
 21
28.883572266
 31
0.0
  0
LINE
  5
519
330
1F
100
AcDbEntity
  8
OUTLINE
  6
SDS2_5
 62
     1
100
AcDbLine
 10
7.62532606
 20
28.883572266
 30
0.0
 11
7.53726213
 21
28.883572266
 31
0.0
  0
LINE
  5
51A
330
1F
100
AcDbEntity
  8
OUTLINE
  6
SDS2_5
 62
     1
100
AcDbLine
 10
7.53726213
 20
29.206072266
 30
0.0
 11
7.62532606
 21
29.206072266
 31
0.0
  0
LINE
  5
51B
330
1F
100
AcDbEntity
  8
OUTLINE
  6
SDS2_5
 62
     1
100
AcDbLine
 10
7.53726213
 20
29.206072266
 30
0.0
 11
7.53726213
 21
29.201072266
 31
0.0
  0
LINE
  5
51C
330
1F
100
AcDbEntity
  8
OUTLINE
  6
SDS2_5
 62
     1
100
AcDbLine
 10
7.53726213
 20
29.201072266
 30
0.0
 11
7.53726213
 21
28.888572266
 31
0.0
  0
LINE
  5
51D
330
1F
100
AcDbEntity
  8
OUTLINE
  6
SDS2_5
 62
     1
100
AcDbLine
 10
7.53726213
 20
28.888572266
 30
0.0
 11
7.53726213
 21
28.883572266
 31
0.0
  0
LINE
  5
51E
330
1F
100
AcDbEntity
  8
OUTLINE
  6
SDS2_5
 62
     1
100
AcDbLine
 10
7.53726213
 20
28.883572266
 30
0.0
 11
7.405465144
 21
28.883572266
 31
0.0
  0
LINE
  5
51F
330
1F
100
AcDbEntity
  8
OUTLINE
  6
SDS2_5
 62
     1
100
AcDbLine
 10
7.405465144
 20
29.206072266
 30
0.0
 11
7.53726213
 21
29.206072266
 31
0.0
  0
LINE
  5
520
330
1F
100
AcDbEntity
  8
OUTLINE
  6
SDS2_5
 62
     1
100
AcDbLine
 10
7.405465144
 20
29.206072266
 30
0.0
 11
7.405465144
 21
29.201072266
 31
0.0
  0
LINE
  5
521
330
1F
100
AcDbEntity
  8
OUTLINE
  6
SDS2_5
 62
     1
100
AcDbLine
 10
7.405465144
 20
29.201072266
 30
0.0
 11
7.405465144
 21
28.888572266
 31
0.0
  0
LINE
  5
522
330
1F
100
AcDbEntity
  8
OUTLINE
  6
SDS2_5
 62
     1
100
AcDbLine
 10
7.405465144
 20
28.888572266
 30
0.0
 11
7.405465144
 21
28.883572266
 31
0.0
  0
LINE
  5
523
330
1F
100
AcDbEntity
  8
OUTLINE
  6
SDS2_5
 62
     1
100
AcDbLine
 10
7.405465144
 20
28.883572266
 30
0.0
 11
7.25
 21
28.883572266
 31
0.0
  0
LINE
  5
524
330
1F
100
AcDbEntity
  8
OUTLINE
  6
SDS2_5
 62
     1
100
AcDbLine
 10
7.25
 20
29.206072266
 30
0.0
 11
7.405465144
 21
29.206072266
 31
0.0
  0
LINE
  5
525
330
1F
100
AcDbEntity
  8
OUTLINE
  6
SDS2_5
 62
     1
100
AcDbLine
 10
4.995
 20
31.544822266
 30
0.0
 11
4.995
 21
31.70028741
 31
0.0
  0
LINE
  5
526
330
1F
100
AcDbEntity
  8
OUTLINE
  6
SDS2_5
 62
     1
100
AcDbLine
 10
4.995
 20
31.70028741
 30
0.0
 11
5.0
 21
31.70028741
 31
0.0
  0
LINE
  5
527
330
1F
100
AcDbEntity
  8
OUTLINE
  6
SDS2_5
 62
     1
100
AcDbLine
 10
5.0
 20
31.70028741
 30
0.0
 11
5.3125
 21
31.70028741
 31
0.0
  0
LINE
  5
528
330
1F
100
AcDbEntity
  8
OUTLINE
  6
SDS2_5
 62
     1
100
AcDbLine
 10
5.3125
 20
31.70028741
 30
0.0
 11
5.3175
 21
31.70028741
 31
0.0
  0
LINE
  5
529
330
1F
100
AcDbEntity
  8
OUTLINE
  6
SDS2_5
 62
     1
100
AcDbLine
 10
5.3175
 20
31.70028741
 30
0.0
 11
5.3175
 21
31.544822266
 31
0.0
  0
LINE
  5
52A
330
1F
100
AcDbEntity
  8
OUTLINE
  6
SDS2_5
 62
     1
100
AcDbLine
 10
4.995
 20
31.70028741
 30
0.0
 11
4.995
 21
31.832084395
 31
0.0
  0
LINE
  5
52B
330
1F
100
AcDbEntity
  8
OUTLINE
  6
SDS2_5
 62
     1
100
AcDbLine
 10
4.995
 20
31.832084395
 30
0.0
 11
5.0
 21
31.832084395
 31
0.0
  0
LINE
  5
52C
330
1F
100
AcDbEntity
  8
OUTLINE
  6
SDS2_5
 62
     1
100
AcDbLine
 10
5.0
 20
31.832084395
 30
0.0
 11
5.3125
 21
31.832084395
 31
0.0
  0
LINE
  5
52D
330
1F
100
AcDbEntity
  8
OUTLINE
  6
SDS2_5
 62
     1
100
AcDbLine
 10
5.3125
 20
31.832084395
 30
0.0
 11
5.3175
 21
31.832084395
 31
0.0
  0
LINE
  5
52E
330
1F
100
AcDbEntity
  8
OUTLINE
  6
SDS2_5
 62
     1
100
AcDbLine
 10
5.3175
 20
31.832084395
 30
0.0
 11
5.3175
 21
31.70028741
 31
0.0
  0
LINE
  5
52F
330
1F
100
AcDbEntity
  8
OUTLINE
  6
SDS2_5
 62
     1
100
AcDbLine
 10
4.995
 20
31.832084395
 30
0.0
 11
4.995
 21
31.920148326
 31
0.0
  0
LINE
  5
530
330
1F
100
AcDbEntity
  8
OUTLINE
  6
SDS2_5
 62
     1
100
AcDbLine
 10
4.995
 20
31.920148326
 30
0.0
 11
5.0
 21
31.920148326
 31
0.0
  0
LINE
  5
531
330
1F
100
AcDbEntity
  8
OUTLINE
  6
SDS2_5
 62
     1
100
AcDbLine
 10
5.0
 20
31.920148326
 30
0.0
 11
5.3125
 21
31.920148326
 31
0.0
  0
LINE
  5
532
330
1F
100
AcDbEntity
  8
OUTLINE
  6
SDS2_5
 62
     1
100
AcDbLine
 10
5.3125
 20
31.920148326
 30
0.0
 11
5.3175
 21
31.920148326
 31
0.0
  0
LINE
  5
533
330
1F
100
AcDbEntity
  8
OUTLINE
  6
SDS2_5
 62
     1
100
AcDbLine
 10
5.3175
 20
31.920148326
 30
0.0
 11
5.3175
 21
31.832084395
 31
0.0
  0
LINE
  5
534
330
1F
100
AcDbEntity
  8
OUTLINE
  6
SDS2_5
 62
     1
100
AcDbLine
 10
4.995
 20
31.920148326
 30
0.0
 11
4.995
 21
31.951072266
 31
0.0
  0
LINE
  5
535
330
1F
100
AcDbEntity
  8
OUTLINE
  6
SDS2_5
 62
     1
100
AcDbLine
 10
5.3175
 20
31.951072266
 30
0.0
 11
5.3175
 21
31.920148326
 31
0.0
  0
LINE
  5
536
330
1F
100
AcDbEntity
  8
OUTLINE
  6
CONTINUOUS
 62
     2
100
AcDbLine
 10
5.3175
 20
31.951072266
 30
0.0
 11
5.3125
 21
31.951072266
 31
0.0
  0
LINE
  5
537
330
1F
100
AcDbEntity
  8
OUTLINE
  6
SDS2_5
 62
     1
100
AcDbLine
 10
5.3125
 20
31.951072266
 30
0.0
 11
5.0
 21
31.951072266
 31
0.0
  0
LINE
  5
538
330
1F
100
AcDbEntity
  8
OUTLINE
  6
CONTINUOUS
 62
     2
100
AcDbLine
 10
5.0
 20
31.951072266
 30
0.0
 11
4.995
 21
31.951072266
 31
0.0
  0
LINE
  5
539
330
1F
100
AcDbEntity
  8
OUTLINE
  6
CONTINUOUS
 62
     2
100
AcDbLine
 10
4.995
 20
30.951072266
 30
0.0
 11
5.0
 21
30.951072266
 31
0.0
  0
LINE
  5
53A
330
1F
100
AcDbEntity
  8
OUTLINE
  6
SDS2_5
 62
     1
100
AcDbLine
 10
5.0
 20
30.951072266
 30
0.0
 11
5.3125
 21
30.951072266
 31
0.0
  0
LINE
  5
53B
330
1F
100
AcDbEntity
  8
OUTLINE
  6
CONTINUOUS
 62
     2
100
AcDbLine
 10
5.3125
 20
30.951072266
 30
0.0
 11
5.3175
 21
30.951072266
 31
0.0
  0
LINE
  5
53C
330
1F
100
AcDbEntity
  8
OUTLINE
  6
SDS2_5
 62
     1
100
AcDbLine
 10
4.995
 20
30.951072266
 30
0.0
 11
4.995
 21
30.981996206
 31
0.0
  0
LINE
  5
53D
330
1F
100
AcDbEntity
  8
OUTLINE
  6
SDS2_5
 62
     1
100
AcDbLine
 10
5.3175
 20
30.981996206
 30
0.0
 11
5.3175
 21
30.951072266
 31
0.0
  0
LINE
  5
53E
330
1F
100
AcDbEntity
  8
OUTLINE
  6
SDS2_5
 62
     1
100
AcDbLine
 10
5.3175
 20
30.981996206
 30
0.0
 11
5.3125
 21
30.981996206
 31
0.0
  0
LINE
  5
53F
330
1F
100
AcDbEntity
  8
OUTLINE
  6
SDS2_5
 62
     1
100
AcDbLine
 10
5.3125
 20
30.981996206
 30
0.0
 11
5.0
 21
30.981996206
 31
0.0
  0
LINE
  5
540
330
1F
100
AcDbEntity
  8
OUTLINE
  6
SDS2_5
 62
     1
100
AcDbLine
 10
5.0
 20
30.981996206
 30
0.0
 11
4.995
 21
30.981996206
 31
0.0
  0
LINE
  5
541
330
1F
100
AcDbEntity
  8
OUTLINE
  6
SDS2_5
 62
     1
100
AcDbLine
 10
4.995
 20
30.981996206
 30
0.0
 11
4.995
 21
31.070060136
 31
0.0
  0
LINE
  5
542
330
1F
100
AcDbEntity
  8
OUTLINE
  6
SDS2_5
 62
     1
100
AcDbLine
 10
5.3175
 20
31.070060136
 30
0.0
 11
5.3175
 21
30.981996206
 31
0.0
  0
LINE
  5
543
330
1F
100
AcDbEntity
  8
OUTLINE
  6
SDS2_5
 62
     1
100
AcDbLine
 10
5.3175
 20
31.070060136
 30
0.0
 11
5.3125
 21
31.070060136
 31
0.0
  0
LINE
  5
544
330
1F
100
AcDbEntity
  8
OUTLINE
  6
SDS2_5
 62
     1
100
AcDbLine
 10
5.3125
 20
31.070060136
 30
0.0
 11
5.0
 21
31.070060136
 31
0.0
  0
LINE
  5
545
330
1F
100
AcDbEntity
  8
OUTLINE
  6
SDS2_5
 62
     1
100
AcDbLine
 10
5.0
 20
31.070060136
 30
0.0
 11
4.995
 21
31.070060136
 31
0.0
  0
LINE
  5
546
330
1F
100
AcDbEntity
  8
OUTLINE
  6
SDS2_5
 62
     1
100
AcDbLine
 10
4.995
 20
31.070060136
 30
0.0
 11
4.995
 21
31.201857121
 31
0.0
  0
LINE
  5
547
330
1F
100
AcDbEntity
  8
OUTLINE
  6
SDS2_5
 62
     1
100
AcDbLine
 10
5.3175
 20
31.201857121
 30
0.0
 11
5.3175
 21
31.070060136
 31
0.0
  0
LINE
  5
548
330
1F
100
AcDbEntity
  8
OUTLINE
  6
SDS2_5
 62
     1
100
AcDbLine
 10
5.3175
 20
31.201857121
 30
0.0
 11
5.3125
 21
31.201857121
 31
0.0
  0
LINE
  5
549
330
1F
100
AcDbEntity
  8
OUTLINE
  6
SDS2_5
 62
     1
100
AcDbLine
 10
5.3125
 20
31.201857121
 30
0.0
 11
5.0
 21
31.201857121
 31
0.0
  0
LINE
  5
54A
330
1F
100
AcDbEntity
  8
OUTLINE
  6
SDS2_5
 62
     1
100
AcDbLine
 10
5.0
 20
31.201857121
 30
0.0
 11
4.995
 21
31.201857121
 31
0.0
  0
LINE
  5
54B
330
1F
100
AcDbEntity
  8
OUTLINE
  6
SDS2_5
 62
     1
100
AcDbLine
 10
4.995
 20
31.201857121
 30
0.0
 11
4.995
 21
31.357322266
 31
0.0
  0
LINE
  5
54C
330
1F
100
AcDbEntity
  8
OUTLINE
  6
SDS2_5
 62
     1
100
AcDbLine
 10
5.3175
 20
31.357322266
 30
0.0
 11
5.3175
 21
31.201857121
 31
0.0
  0
LINE
  5
54D
330
1F
100
AcDbEntity
  8
OUTLINE
  6
SDS2_5
 62
     1
100
AcDbLine
 10
5.3175
 20
31.357322266
 30
0.0
 11
5.3125
 21
31.357322266
 31
0.0
  0
LINE
  5
54E
330
1F
100
AcDbEntity
  8
OUTLINE
  6
SDS2_5
 62
     1
100
AcDbLine
 10
5.3125
 20
31.357322266
 30
0.0
 11
5.0
 21
31.357322266
 31
0.0
  0
LINE
  5
54F
330
1F
100
AcDbEntity
  8
OUTLINE
  6
SDS2_5
 62
     1
100
AcDbLine
 10
5.0
 20
31.357322266
 30
0.0
 11
4.995
 21
31.357322266
 31
0.0
  0
LINE
  5
550
330
1F
100
AcDbEntity
  8
OUTLINE
  6
SDS2_5
 62
     1
100
AcDbLine
 10
4.995
 20
31.357322266
 30
0.0
 11
4.995
 21
31.544822266
 31
0.0
  0
LINE
  5
551
330
1F
100
AcDbEntity
  8
OUTLINE
  6
SDS2_5
 62
     1
100
AcDbLine
 10
4.995
 20
31.544822266
 30
0.0
 11
5.0
 21
31.544822266
 31
0.0
  0
LINE
  5
552
330
1F
100
AcDbEntity
  8
OUTLINE
  6
SDS2_5
 62
     1
100
AcDbLine
 10
5.0
 20
31.544822266
 30
0.0
 11
5.3125
 21
31.544822266
 31
0.0
  0
LINE
  5
553
330
1F
100
AcDbEntity
  8
OUTLINE
  6
SDS2_5
 62
     1
100
AcDbLine
 10
5.3125
 20
31.544822266
 30
0.0
 11
5.3175
 21
31.544822266
 31
0.0
  0
LINE
  5
554
330
1F
100
AcDbEntity
  8
OUTLINE
  6
SDS2_5
 62
     1
100
AcDbLine
 10
5.3175
 20
31.544822266
 30
0.0
 11
5.3175
 21
31.357322266
 31
0.0
  0
LINE
  5
555
330
1F
100
AcDbEntity
  8
OUTLINE
  6
SDS2_5
 62
     1
100
AcDbLine
 10
47.4375
 20
28.271072266
 30
0.0
 11
47.4375
 21
28.276072266
 31
0.0
  0
LINE
  5
556
330
1F
100
AcDbEntity
  8
OUTLINE
  6
SDS2_5
 62
     1
100
AcDbLine
 10
47.4375
 20
28.276072266
 30
0.0
 11
47.4375
 21
28.588572266
 31
0.0
  0
LINE
  5
557
330
1F
100
AcDbEntity
  8
OUTLINE
  6
SDS2_5
 62
     1
100
AcDbLine
 10
47.4375
 20
28.588572266
 30
0.0
 11
47.4375
 21
28.593572266
 31
0.0
  0
LINE
  5
558
330
1F
100
AcDbEntity
  8
OUTLINE
  6
SDS2_5
 62
     1
100
AcDbLine
 10
47.4375
 20
28.593572266
 30
0.0
 11
47.592965144
 21
28.593572266
 31
0.0
  0
LINE
  5
559
330
1F
100
AcDbEntity
  8
OUTLINE
  6
SDS2_5
 62
     1
100
AcDbLine
 10
47.592965144
 20
28.593572266
 30
0.0
 11
47.592965144
 21
28.588572266
 31
0.0
  0
LINE
  5
55A
330
1F
100
AcDbEntity
  8
OUTLINE
  6
SDS2_5
 62
     1
100
AcDbLine
 10
47.592965144
 20
28.588572266
 30
0.0
 11
47.592965144
 21
28.276072266
 31
0.0
  0
LINE
  5
55B
330
1F
100
AcDbEntity
  8
OUTLINE
  6
SDS2_5
 62
     1
100
AcDbLine
 10
47.592965144
 20
28.276072266
 30
0.0
 11
47.592965144
 21
28.271072266
 31
0.0
  0
LINE
  5
55C
330
1F
100
AcDbEntity
  8
OUTLINE
  6
SDS2_5
 62
     1
100
AcDbLine
 10
47.592965144
 20
28.271072266
 30
0.0
 11
47.4375
 21
28.271072266
 31
0.0
  0
LINE
  5
55D
330
1F
100
AcDbEntity
  8
OUTLINE
  6
SDS2_5
 62
     1
100
AcDbLine
 10
47.592965144
 20
28.593572266
 30
0.0
 11
47.72476213
 21
28.593572266
 31
0.0
  0
LINE
  5
55E
330
1F
100
AcDbEntity
  8
OUTLINE
  6
SDS2_5
 62
     1
100
AcDbLine
 10
47.72476213
 20
28.593572266
 30
0.0
 11
47.72476213
 21
28.588572266
 31
0.0
  0
LINE
  5
55F
330
1F
100
AcDbEntity
  8
OUTLINE
  6
SDS2_5
 62
     1
100
AcDbLine
 10
47.72476213
 20
28.588572266
 30
0.0
 11
47.72476213
 21
28.276072266
 31
0.0
  0
LINE
  5
560
330
1F
100
AcDbEntity
  8
OUTLINE
  6
SDS2_5
 62
     1
100
AcDbLine
 10
47.72476213
 20
28.276072266
 30
0.0
 11
47.72476213
 21
28.271072266
 31
0.0
  0
LINE
  5
561
330
1F
100
AcDbEntity
  8
OUTLINE
  6
SDS2_5
 62
     1
100
AcDbLine
 10
47.72476213
 20
28.271072266
 30
0.0
 11
47.592965144
 21
28.271072266
 31
0.0
  0
LINE
  5
562
330
1F
100
AcDbEntity
  8
OUTLINE
  6
SDS2_5
 62
     1
100
AcDbLine
 10
47.72476213
 20
28.593572266
 30
0.0
 11
47.81282606
 21
28.593572266
 31
0.0
  0
LINE
  5
563
330
1F
100
AcDbEntity
  8
OUTLINE
  6
SDS2_5
 62
     1
100
AcDbLine
 10
47.81282606
 20
28.593572266
 30
0.0
 11
47.81282606
 21
28.588572266
 31
0.0
  0
LINE
  5
564
330
1F
100
AcDbEntity
  8
OUTLINE
  6
SDS2_5
 62
     1
100
AcDbLine
 10
47.81282606
 20
28.588572266
 30
0.0
 11
47.81282606
 21
28.276072266
 31
0.0
  0
LINE
  5
565
330
1F
100
AcDbEntity
  8
OUTLINE
  6
SDS2_5
 62
     1
100
AcDbLine
 10
47.81282606
 20
28.276072266
 30
0.0
 11
47.81282606
 21
28.271072266
 31
0.0
  0
LINE
  5
566
330
1F
100
AcDbEntity
  8
OUTLINE
  6
SDS2_5
 62
     1
100
AcDbLine
 10
47.81282606
 20
28.271072266
 30
0.0
 11
47.72476213
 21
28.271072266
 31
0.0
  0
LINE
  5
567
330
1F
100
AcDbEntity
  8
OUTLINE
  6
SDS2_5
 62
     1
100
AcDbLine
 10
47.81282606
 20
28.593572266
 30
0.0
 11
47.84375
 21
28.593572266
 31
0.0
  0
LINE
  5
568
330
1F
100
AcDbEntity
  8
OUTLINE
  6
SDS2_5
 62
     1
100
AcDbLine
 10
47.84375
 20
28.271072266
 30
0.0
 11
47.81282606
 21
28.271072266
 31
0.0
  0
LINE
  5
569
330
1F
100
AcDbEntity
  8
OUTLINE
  6
CONTINUOUS
 62
     2
100
AcDbLine
 10
47.84375
 20
28.271072266
 30
0.0
 11
47.84375
 21
28.276072266
 31
0.0
  0
LINE
  5
56A
330
1F
100
AcDbEntity
  8
OUTLINE
  6
SDS2_5
 62
     1
100
AcDbLine
 10
47.84375
 20
28.276072266
 30
0.0
 11
47.84375
 21
28.588572266
 31
0.0
  0
LINE
  5
56B
330
1F
100
AcDbEntity
  8
OUTLINE
  6
CONTINUOUS
 62
     2
100
AcDbLine
 10
47.84375
 20
28.588572266
 30
0.0
 11
47.84375
 21
28.593572266
 31
0.0
  0
LINE
  5
56C
330
1F
100
AcDbEntity
  8
OUTLINE
  6
CONTINUOUS
 62
     2
100
AcDbLine
 10
47.03125
 20
28.593572266
 30
0.0
 11
47.03125
 21
28.588572266
 31
0.0
  0
LINE
  5
56D
330
1F
100
AcDbEntity
  8
OUTLINE
  6
SDS2_5
 62
     1
100
AcDbLine
 10
47.03125
 20
28.588572266
 30
0.0
 11
47.03125
 21
28.276072266
 31
0.0
  0
LINE
  5
56E
330
1F
100
AcDbEntity
  8
OUTLINE
  6
CONTINUOUS
 62
     2
100
AcDbLine
 10
47.03125
 20
28.276072266
 30
0.0
 11
47.03125
 21
28.271072266
 31
0.0
  0
LINE
  5
56F
330
1F
100
AcDbEntity
  8
OUTLINE
  6
SDS2_5
 62
     1
100
AcDbLine
 10
47.03125
 20
28.593572266
 30
0.0
 11
47.06217394
 21
28.593572266
 31
0.0
  0
LINE
  5
570
330
1F
100
AcDbEntity
  8
OUTLINE
  6
SDS2_5
 62
     1
100
AcDbLine
 10
47.06217394
 20
28.271072266
 30
0.0
 11
47.03125
 21
28.271072266
 31
0.0
  0
LINE
  5
571
330
1F
100
AcDbEntity
  8
OUTLINE
  6
SDS2_5
 62
     1
100
AcDbLine
 10
47.06217394
 20
28.271072266
 30
0.0
 11
47.06217394
 21
28.276072266
 31
0.0
  0
LINE
  5
572
330
1F
100
AcDbEntity
  8
OUTLINE
  6
SDS2_5
 62
     1
100
AcDbLine
 10
47.06217394
 20
28.276072266
 30
0.0
 11
47.06217394
 21
28.588572266
 31
0.0
  0
LINE
  5
573
330
1F
100
AcDbEntity
  8
OUTLINE
  6
SDS2_5
 62
     1
100
AcDbLine
 10
47.06217394
 20
28.588572266
 30
0.0
 11
47.06217394
 21
28.593572266
 31
0.0
  0
LINE
  5
574
330
1F
100
AcDbEntity
  8
OUTLINE
  6
SDS2_5
 62
     1
100
AcDbLine
 10
47.06217394
 20
28.593572266
 30
0.0
 11
47.15023787
 21
28.593572266
 31
0.0
  0
LINE
  5
575
330
1F
100
AcDbEntity
  8
OUTLINE
  6
SDS2_5
 62
     1
100
AcDbLine
 10
47.15023787
 20
28.271072266
 30
0.0
 11
47.06217394
 21
28.271072266
 31
0.0
  0
LINE
  5
576
330
1F
100
AcDbEntity
  8
OUTLINE
  6
SDS2_5
 62
     1
100
AcDbLine
 10
47.15023787
 20
28.271072266
 30
0.0
 11
47.15023787
 21
28.276072266
 31
0.0
  0
LINE
  5
577
330
1F
100
AcDbEntity
  8
OUTLINE
  6
SDS2_5
 62
     1
100
AcDbLine
 10
47.15023787
 20
28.276072266
 30
0.0
 11
47.15023787
 21
28.588572266
 31
0.0
  0
LINE
  5
578
330
1F
100
AcDbEntity
  8
OUTLINE
  6
SDS2_5
 62
     1
100
AcDbLine
 10
47.15023787
 20
28.588572266
 30
0.0
 11
47.15023787
 21
28.593572266
 31
0.0
  0
LINE
  5
579
330
1F
100
AcDbEntity
  8
OUTLINE
  6
SDS2_5
 62
     1
100
AcDbLine
 10
47.15023787
 20
28.593572266
 30
0.0
 11
47.282034856
 21
28.593572266
 31
0.0
  0
LINE
  5
57A
330
1F
100
AcDbEntity
  8
OUTLINE
  6
SDS2_5
 62
     1
100
AcDbLine
 10
47.282034856
 20
28.271072266
 30
0.0
 11
47.15023787
 21
28.271072266
 31
0.0
  0
LINE
  5
57B
330
1F
100
AcDbEntity
  8
OUTLINE
  6
SDS2_5
 62
     1
100
AcDbLine
 10
47.282034856
 20
28.271072266
 30
0.0
 11
47.282034856
 21
28.276072266
 31
0.0
  0
LINE
  5
57C
330
1F
100
AcDbEntity
  8
OUTLINE
  6
SDS2_5
 62
     1
100
AcDbLine
 10
47.282034856
 20
28.276072266
 30
0.0
 11
47.282034856
 21
28.588572266
 31
0.0
  0
LINE
  5
57D
330
1F
100
AcDbEntity
  8
OUTLINE
  6
SDS2_5
 62
     1
100
AcDbLine
 10
47.282034856
 20
28.588572266
 30
0.0
 11
47.282034856
 21
28.593572266
 31
0.0
  0
LINE
  5
57E
330
1F
100
AcDbEntity
  8
OUTLINE
  6
SDS2_5
 62
     1
100
AcDbLine
 10
47.282034856
 20
28.593572266
 30
0.0
 11
47.4375
 21
28.593572266
 31
0.0
  0
LINE
  5
57F
330
1F
100
AcDbEntity
  8
OUTLINE
  6
SDS2_5
 62
     1
100
AcDbLine
 10
47.4375
 20
28.271072266
 30
0.0
 11
47.282034856
 21
28.271072266
 31
0.0
  0
LINE
  5
580
330
1F
100
AcDbEntity
  8
OUTLINE
  6
SDS2_5
 62
     1
100
AcDbLine
 10
49.6925
 20
25.932322266
 30
0.0
 11
49.6925
 21
25.776857121
 31
0.0
  0
LINE
  5
581
330
1F
100
AcDbEntity
  8
OUTLINE
  6
SDS2_5
 62
     1
100
AcDbLine
 10
49.6925
 20
25.776857121
 30
0.0
 11
49.6875
 21
25.776857121
 31
0.0
  0
LINE
  5
582
330
1F
100
AcDbEntity
  8
OUTLINE
  6
SDS2_5
 62
     1
100
AcDbLine
 10
49.6875
 20
25.776857121
 30
0.0
 11
49.375
 21
25.776857121
 31
0.0
  0
LINE
  5
583
330
1F
100
AcDbEntity
  8
OUTLINE
  6
SDS2_5
 62
     1
100
AcDbLine
 10
49.375
 20
25.776857121
 30
0.0
 11
49.37
 21
25.776857121
 31
0.0
  0
LINE
  5
584
330
1F
100
AcDbEntity
  8
OUTLINE
  6
SDS2_5
 62
     1
100
AcDbLine
 10
49.37
 20
25.776857121
 30
0.0
 11
49.37
 21
25.932322266
 31
0.0
  0
LINE
  5
585
330
1F
100
AcDbEntity
  8
OUTLINE
  6
SDS2_5
 62
     1
100
AcDbLine
 10
49.6925
 20
25.776857121
 30
0.0
 11
49.6925
 21
25.645060136
 31
0.0
  0
LINE
  5
586
330
1F
100
AcDbEntity
  8
OUTLINE
  6
SDS2_5
 62
     1
100
AcDbLine
 10
49.6925
 20
25.645060136
 30
0.0
 11
49.6875
 21
25.645060136
 31
0.0
  0
LINE
  5
587
330
1F
100
AcDbEntity
  8
OUTLINE
  6
SDS2_5
 62
     1
100
AcDbLine
 10
49.6875
 20
25.645060136
 30
0.0
 11
49.375
 21
25.645060136
 31
0.0
  0
LINE
  5
588
330
1F
100
AcDbEntity
  8
OUTLINE
  6
SDS2_5
 62
     1
100
AcDbLine
 10
49.375
 20
25.645060136
 30
0.0
 11
49.37
 21
25.645060136
 31
0.0
  0
LINE
  5
589
330
1F
100
AcDbEntity
  8
OUTLINE
  6
SDS2_5
 62
     1
100
AcDbLine
 10
49.37
 20
25.645060136
 30
0.0
 11
49.37
 21
25.776857121
 31
0.0
  0
LINE
  5
58A
330
1F
100
AcDbEntity
  8
OUTLINE
  6
SDS2_5
 62
     1
100
AcDbLine
 10
49.6925
 20
25.645060136
 30
0.0
 11
49.6925
 21
25.556996206
 31
0.0
  0
LINE
  5
58B
330
1F
100
AcDbEntity
  8
OUTLINE
  6
SDS2_5
 62
     1
100
AcDbLine
 10
49.6925
 20
25.556996206
 30
0.0
 11
49.6875
 21
25.556996206
 31
0.0
  0
LINE
  5
58C
330
1F
100
AcDbEntity
  8
OUTLINE
  6
SDS2_5
 62
     1
100
AcDbLine
 10
49.6875
 20
25.556996206
 30
0.0
 11
49.375
 21
25.556996206
 31
0.0
  0
LINE
  5
58D
330
1F
100
AcDbEntity
  8
OUTLINE
  6
SDS2_5
 62
     1
100
AcDbLine
 10
49.375
 20
25.556996206
 30
0.0
 11
49.37
 21
25.556996206
 31
0.0
  0
LINE
  5
58E
330
1F
100
AcDbEntity
  8
OUTLINE
  6
SDS2_5
 62
     1
100
AcDbLine
 10
49.37
 20
25.556996206
 30
0.0
 11
49.37
 21
25.645060136
 31
0.0
  0
LINE
  5
58F
330
1F
100
AcDbEntity
  8
OUTLINE
  6
SDS2_5
 62
     1
100
AcDbLine
 10
49.6925
 20
25.556996206
 30
0.0
 11
49.6925
 21
25.526072266
 31
0.0
  0
LINE
  5
590
330
1F
100
AcDbEntity
  8
OUTLINE
  6
SDS2_5
 62
     1
100
AcDbLine
 10
49.37
 20
25.526072266
 30
0.0
 11
49.37
 21
25.556996206
 31
0.0
  0
LINE
  5
591
330
1F
100
AcDbEntity
  8
OUTLINE
  6
CONTINUOUS
 62
     2
100
AcDbLine
 10
49.37
 20
25.526072266
 30
0.0
 11
49.375
 21
25.526072266
 31
0.0
  0
LINE
  5
592
330
1F
100
AcDbEntity
  8
OUTLINE
  6
SDS2_5
 62
     1
100
AcDbLine
 10
49.375
 20
25.526072266
 30
0.0
 11
49.6875
 21
25.526072266
 31
0.0
  0
LINE
  5
593
330
1F
100
AcDbEntity
  8
OUTLINE
  6
CONTINUOUS
 62
     2
100
AcDbLine
 10
49.6875
 20
25.526072266
 30
0.0
 11
49.6925
 21
25.526072266
 31
0.0
  0
LINE
  5
594
330
1F
100
AcDbEntity
  8
OUTLINE
  6
CONTINUOUS
 62
     2
100
AcDbLine
 10
49.6925
 20
26.526072266
 30
0.0
 11
49.6875
 21
26.526072266
 31
0.0
  0
LINE
  5
595
330
1F
100
AcDbEntity
  8
OUTLINE
  6
SDS2_5
 62
     1
100
AcDbLine
 10
49.6875
 20
26.526072266
 30
0.0
 11
49.375
 21
26.526072266
 31
0.0
  0
LINE
  5
596
330
1F
100
AcDbEntity
  8
OUTLINE
  6
CONTINUOUS
 62
     2
100
AcDbLine
 10
49.375
 20
26.526072266
 30
0.0
 11
49.37
 21
26.526072266
 31
0.0
  0
LINE
  5
597
330
1F
100
AcDbEntity
  8
OUTLINE
  6
SDS2_5
 62
     1
100
AcDbLine
 10
49.6925
 20
26.526072266
 30
0.0
 11
49.6925
 21
26.495148326
 31
0.0
  0
LINE
  5
598
330
1F
100
AcDbEntity
  8
OUTLINE
  6
SDS2_5
 62
     1
100
AcDbLine
 10
49.37
 20
26.495148326
 30
0.0
 11
49.37
 21
26.526072266
 31
0.0
  0
LINE
  5
599
330
1F
100
AcDbEntity
  8
OUTLINE
  6
SDS2_5
 62
     1
100
AcDbLine
 10
49.37
 20
26.495148326
 30
0.0
 11
49.375
 21
26.495148326
 31
0.0
  0
LINE
  5
59A
330
1F
100
AcDbEntity
  8
OUTLINE
  6
SDS2_5
 62
     1
100
AcDbLine
 10
49.375
 20
26.495148326
 30
0.0
 11
49.6875
 21
26.495148326
 31
0.0
  0
LINE
  5
59B
330
1F
100
AcDbEntity
  8
OUTLINE
  6
SDS2_5
 62
     1
100
AcDbLine
 10
49.6875
 20
26.495148326
 30
0.0
 11
49.6925
 21
26.495148326
 31
0.0
  0
LINE
  5
59C
330
1F
100
AcDbEntity
  8
OUTLINE
  6
SDS2_5
 62
     1
100
AcDbLine
 10
49.6925
 20
26.495148326
 30
0.0
 11
49.6925
 21
26.407084395
 31
0.0
  0
LINE
  5
59D
330
1F
100
AcDbEntity
  8
OUTLINE
  6
SDS2_5
 62
     1
100
AcDbLine
 10
49.37
 20
26.407084395
 30
0.0
 11
49.37
 21
26.495148326
 31
0.0
  0
LINE
  5
59E
330
1F
100
AcDbEntity
  8
OUTLINE
  6
SDS2_5
 62
     1
100
AcDbLine
 10
49.37
 20
26.407084395
 30
0.0
 11
49.375
 21
26.407084395
 31
0.0
  0
LINE
  5
59F
330
1F
100
AcDbEntity
  8
OUTLINE
  6
SDS2_5
 62
     1
100
AcDbLine
 10
49.375
 20
26.407084395
 30
0.0
 11
49.6875
 21
26.407084395
 31
0.0
  0
LINE
  5
5A0
330
1F
100
AcDbEntity
  8
OUTLINE
  6
SDS2_5
 62
     1
100
AcDbLine
 10
49.6875
 20
26.407084395
 30
0.0
 11
49.6925
 21
26.407084395
 31
0.0
  0
LINE
  5
5A1
330
1F
100
AcDbEntity
  8
OUTLINE
  6
SDS2_5
 62
     1
100
AcDbLine
 10
49.6925
 20
26.407084395
 30
0.0
 11
49.6925
 21
26.27528741
 31
0.0
  0
LINE
  5
5A2
330
1F
100
AcDbEntity
  8
OUTLINE
  6
SDS2_5
 62
     1
100
AcDbLine
 10
49.37
 20
26.27528741
 30
0.0
 11
49.37
 21
26.407084395
 31
0.0
  0
LINE
  5
5A3
330
1F
100
AcDbEntity
  8
OUTLINE
  6
SDS2_5
 62
     1
100
AcDbLine
 10
49.37
 20
26.27528741
 30
0.0
 11
49.375
 21
26.27528741
 31
0.0
  0
LINE
  5
5A4
330
1F
100
AcDbEntity
  8
OUTLINE
  6
SDS2_5
 62
     1
100
AcDbLine
 10
49.375
 20
26.27528741
 30
0.0
 11
49.6875
 21
26.27528741
 31
0.0
  0
LINE
  5
5A5
330
1F
100
AcDbEntity
  8
OUTLINE
  6
SDS2_5
 62
     1
100
AcDbLine
 10
49.6875
 20
26.27528741
 30
0.0
 11
49.6925
 21
26.27528741
 31
0.0
  0
LINE
  5
5A6
330
1F
100
AcDbEntity
  8
OUTLINE
  6
SDS2_5
 62
     1
100
AcDbLine
 10
49.6925
 20
26.27528741
 30
0.0
 11
49.6925
 21
26.119822266
 31
0.0
  0
LINE
  5
5A7
330
1F
100
AcDbEntity
  8
OUTLINE
  6
SDS2_5
 62
     1
100
AcDbLine
 10
49.37
 20
26.119822266
 30
0.0
 11
49.37
 21
26.27528741
 31
0.0
  0
LINE
  5
5A8
330
1F
100
AcDbEntity
  8
OUTLINE
  6
SDS2_5
 62
     1
100
AcDbLine
 10
49.37
 20
26.119822266
 30
0.0
 11
49.375
 21
26.119822266
 31
0.0
  0
LINE
  5
5A9
330
1F
100
AcDbEntity
  8
OUTLINE
  6
SDS2_5
 62
     1
100
AcDbLine
 10
49.375
 20
26.119822266
 30
0.0
 11
49.6875
 21
26.119822266
 31
0.0
  0
LINE
  5
5AA
330
1F
100
AcDbEntity
  8
OUTLINE
  6
SDS2_5
 62
     1
100
AcDbLine
 10
49.6875
 20
26.119822266
 30
0.0
 11
49.6925
 21
26.119822266
 31
0.0
  0
LINE
  5
5AB
330
1F
100
AcDbEntity
  8
OUTLINE
  6
SDS2_5
 62
     1
100
AcDbLine
 10
49.6925
 20
26.119822266
 30
0.0
 11
49.6925
 21
25.932322266
 31
0.0
  0
LINE
  5
5AC
330
1F
100
AcDbEntity
  8
OUTLINE
  6
SDS2_5
 62
     1
100
AcDbLine
 10
49.6925
 20
25.932322266
 30
0.0
 11
49.6875
 21
25.932322266
 31
0.0
  0
LINE
  5
5AD
330
1F
100
AcDbEntity
  8
OUTLINE
  6
SDS2_5
 62
     1
100
AcDbLine
 10
49.6875
 20
25.932322266
 30
0.0
 11
49.375
 21
25.932322266
 31
0.0
  0
LINE
  5
5AE
330
1F
100
AcDbEntity
  8
OUTLINE
  6
SDS2_5
 62
     1
100
AcDbLine
 10
49.375
 20
25.932322266
 30
0.0
 11
49.37
 21
25.932322266
 31
0.0
  0
LINE
  5
5AF
330
1F
100
AcDbEntity
  8
OUTLINE
  6
SDS2_5
 62
     1
100
AcDbLine
 10
49.37
 20
25.932322266
 30
0.0
 11
49.37
 21
26.119822266
 31
0.0
  0
LINE
  5
5B0
330
1F
100
AcDbEntity
  8
OUTLINE
  6
SDS2_5
 62
     1
100
AcDbLine
 10
47.4375
 20
29.206072266
 30
0.0
 11
47.4375
 21
29.201072266
 31
0.0
  0
LINE
  5
5B1
330
1F
100
AcDbEntity
  8
OUTLINE
  6
SDS2_5
 62
     1
100
AcDbLine
 10
47.4375
 20
29.201072266
 30
0.0
 11
47.4375
 21
28.888572266
 31
0.0
  0
LINE
  5
5B2
330
1F
100
AcDbEntity
  8
OUTLINE
  6
SDS2_5
 62
     1
100
AcDbLine
 10
47.4375
 20
28.888572266
 30
0.0
 11
47.4375
 21
28.883572266
 31
0.0
  0
LINE
  5
5B3
330
1F
100
AcDbEntity
  8
OUTLINE
  6
SDS2_5
 62
     1
100
AcDbLine
 10
47.4375
 20
28.883572266
 30
0.0
 11
47.282034856
 21
28.883572266
 31
0.0
  0
LINE
  5
5B4
330
1F
100
AcDbEntity
  8
OUTLINE
  6
SDS2_5
 62
     1
100
AcDbLine
 10
47.282034856
 20
28.883572266
 30
0.0
 11
47.282034856
 21
28.888572266
 31
0.0
  0
LINE
  5
5B5
330
1F
100
AcDbEntity
  8
OUTLINE
  6
SDS2_5
 62
     1
100
AcDbLine
 10
47.282034856
 20
28.888572266
 30
0.0
 11
47.282034856
 21
29.201072266
 31
0.0
  0
LINE
  5
5B6
330
1F
100
AcDbEntity
  8
OUTLINE
  6
SDS2_5
 62
     1
100
AcDbLine
 10
47.282034856
 20
29.201072266
 30
0.0
 11
47.282034856
 21
29.206072266
 31
0.0
  0
LINE
  5
5B7
330
1F
100
AcDbEntity
  8
OUTLINE
  6
SDS2_5
 62
     1
100
AcDbLine
 10
47.282034856
 20
29.206072266
 30
0.0
 11
47.4375
 21
29.206072266
 31
0.0
  0
LINE
  5
5B8
330
1F
100
AcDbEntity
  8
OUTLINE
  6
SDS2_5
 62
     1
100
AcDbLine
 10
47.282034856
 20
28.883572266
 30
0.0
 11
47.15023787
 21
28.883572266
 31
0.0
  0
LINE
  5
5B9
330
1F
100
AcDbEntity
  8
OUTLINE
  6
SDS2_5
 62
     1
100
AcDbLine
 10
47.15023787
 20
28.883572266
 30
0.0
 11
47.15023787
 21
28.888572266
 31
0.0
  0
LINE
  5
5BA
330
1F
100
AcDbEntity
  8
OUTLINE
  6
SDS2_5
 62
     1
100
AcDbLine
 10
47.15023787
 20
28.888572266
 30
0.0
 11
47.15023787
 21
29.201072266
 31
0.0
  0
LINE
  5
5BB
330
1F
100
AcDbEntity
  8
OUTLINE
  6
SDS2_5
 62
     1
100
AcDbLine
 10
47.15023787
 20
29.201072266
 30
0.0
 11
47.15023787
 21
29.206072266
 31
0.0
  0
LINE
  5
5BC
330
1F
100
AcDbEntity
  8
OUTLINE
  6
SDS2_5
 62
     1
100
AcDbLine
 10
47.15023787
 20
29.206072266
 30
0.0
 11
47.282034856
 21
29.206072266
 31
0.0
  0
LINE
  5
5BD
330
1F
100
AcDbEntity
  8
OUTLINE
  6
SDS2_5
 62
     1
100
AcDbLine
 10
47.15023787
 20
28.883572266
 30
0.0
 11
47.06217394
 21
28.883572266
 31
0.0
  0
LINE
  5
5BE
330
1F
100
AcDbEntity
  8
OUTLINE
  6
SDS2_5
 62
     1
100
AcDbLine
 10
47.06217394
 20
28.883572266
 30
0.0
 11
47.06217394
 21
28.888572266
 31
0.0
  0
LINE
  5
5BF
330
1F
100
AcDbEntity
  8
OUTLINE
  6
SDS2_5
 62
     1
100
AcDbLine
 10
47.06217394
 20
28.888572266
 30
0.0
 11
47.06217394
 21
29.201072266
 31
0.0
  0
LINE
  5
5C0
330
1F
100
AcDbEntity
  8
OUTLINE
  6
SDS2_5
 62
     1
100
AcDbLine
 10
47.06217394
 20
29.201072266
 30
0.0
 11
47.06217394
 21
29.206072266
 31
0.0
  0
LINE
  5
5C1
330
1F
100
AcDbEntity
  8
OUTLINE
  6
SDS2_5
 62
     1
100
AcDbLine
 10
47.06217394
 20
29.206072266
 30
0.0
 11
47.15023787
 21
29.206072266
 31
0.0
  0
LINE
  5
5C2
330
1F
100
AcDbEntity
  8
OUTLINE
  6
SDS2_5
 62
     1
100
AcDbLine
 10
47.06217394
 20
28.883572266
 30
0.0
 11
47.03125
 21
28.883572266
 31
0.0
  0
LINE
  5
5C3
330
1F
100
AcDbEntity
  8
OUTLINE
  6
SDS2_5
 62
     1
100
AcDbLine
 10
47.03125
 20
29.206072266
 30
0.0
 11
47.06217394
 21
29.206072266
 31
0.0
  0
LINE
  5
5C4
330
1F
100
AcDbEntity
  8
OUTLINE
  6
CONTINUOUS
 62
     2
100
AcDbLine
 10
47.03125
 20
29.206072266
 30
0.0
 11
47.03125
 21
29.201072266
 31
0.0
  0
LINE
  5
5C5
330
1F
100
AcDbEntity
  8
OUTLINE
  6
SDS2_5
 62
     1
100
AcDbLine
 10
47.03125
 20
29.201072266
 30
0.0
 11
47.03125
 21
28.888572266
 31
0.0
  0
LINE
  5
5C6
330
1F
100
AcDbEntity
  8
OUTLINE
  6
CONTINUOUS
 62
     2
100
AcDbLine
 10
47.03125
 20
28.888572266
 30
0.0
 11
47.03125
 21
28.883572266
 31
0.0
  0
LINE
  5
5C7
330
1F
100
AcDbEntity
  8
OUTLINE
  6
CONTINUOUS
 62
     2
100
AcDbLine
 10
47.84375
 20
28.883572266
 30
0.0
 11
47.84375
 21
28.888572266
 31
0.0
  0
LINE
  5
5C8
330
1F
100
AcDbEntity
  8
OUTLINE
  6
SDS2_5
 62
     1
100
AcDbLine
 10
47.84375
 20
28.888572266
 30
0.0
 11
47.84375
 21
29.201072266
 31
0.0
  0
LINE
  5
5C9
330
1F
100
AcDbEntity
  8
OUTLINE
  6
CONTINUOUS
 62
     2
100
AcDbLine
 10
47.84375
 20
29.201072266
 30
0.0
 11
47.84375
 21
29.206072266
 31
0.0
  0
LINE
  5
5CA
330
1F
100
AcDbEntity
  8
OUTLINE
  6
SDS2_5
 62
     1
100
AcDbLine
 10
47.84375
 20
28.883572266
 30
0.0
 11
47.81282606
 21
28.883572266
 31
0.0
  0
LINE
  5
5CB
330
1F
100
AcDbEntity
  8
OUTLINE
  6
SDS2_5
 62
     1
100
AcDbLine
 10
47.81282606
 20
29.206072266
 30
0.0
 11
47.84375
 21
29.206072266
 31
0.0
  0
LINE
  5
5CC
330
1F
100
AcDbEntity
  8
OUTLINE
  6
SDS2_5
 62
     1
100
AcDbLine
 10
47.81282606
 20
29.206072266
 30
0.0
 11
47.81282606
 21
29.201072266
 31
0.0
  0
LINE
  5
5CD
330
1F
100
AcDbEntity
  8
OUTLINE
  6
SDS2_5
 62
     1
100
AcDbLine
 10
47.81282606
 20
29.201072266
 30
0.0
 11
47.81282606
 21
28.888572266
 31
0.0
  0
LINE
  5
5CE
330
1F
100
AcDbEntity
  8
OUTLINE
  6
SDS2_5
 62
     1
100
AcDbLine
 10
47.81282606
 20
28.888572266
 30
0.0
 11
47.81282606
 21
28.883572266
 31
0.0
  0
LINE
  5
5CF
330
1F
100
AcDbEntity
  8
OUTLINE
  6
SDS2_5
 62
     1
100
AcDbLine
 10
47.81282606
 20
28.883572266
 30
0.0
 11
47.72476213
 21
28.883572266
 31
0.0
  0
LINE
  5
5D0
330
1F
100
AcDbEntity
  8
OUTLINE
  6
SDS2_5
 62
     1
100
AcDbLine
 10
47.72476213
 20
29.206072266
 30
0.0
 11
47.81282606
 21
29.206072266
 31
0.0
  0
LINE
  5
5D1
330
1F
100
AcDbEntity
  8
OUTLINE
  6
SDS2_5
 62
     1
100
AcDbLine
 10
47.72476213
 20
29.206072266
 30
0.0
 11
47.72476213
 21
29.201072266
 31
0.0
  0
LINE
  5
5D2
330
1F
100
AcDbEntity
  8
OUTLINE
  6
SDS2_5
 62
     1
100
AcDbLine
 10
47.72476213
 20
29.201072266
 30
0.0
 11
47.72476213
 21
28.888572266
 31
0.0
  0
LINE
  5
5D3
330
1F
100
AcDbEntity
  8
OUTLINE
  6
SDS2_5
 62
     1
100
AcDbLine
 10
47.72476213
 20
28.888572266
 30
0.0
 11
47.72476213
 21
28.883572266
 31
0.0
  0
LINE
  5
5D4
330
1F
100
AcDbEntity
  8
OUTLINE
  6
SDS2_5
 62
     1
100
AcDbLine
 10
47.72476213
 20
28.883572266
 30
0.0
 11
47.592965144
 21
28.883572266
 31
0.0
  0
LINE
  5
5D5
330
1F
100
AcDbEntity
  8
OUTLINE
  6
SDS2_5
 62
     1
100
AcDbLine
 10
47.592965144
 20
29.206072266
 30
0.0
 11
47.72476213
 21
29.206072266
 31
0.0
  0
LINE
  5
5D6
330
1F
100
AcDbEntity
  8
OUTLINE
  6
SDS2_5
 62
     1
100
AcDbLine
 10
47.592965144
 20
29.206072266
 30
0.0
 11
47.592965144
 21
29.201072266
 31
0.0
  0
LINE
  5
5D7
330
1F
100
AcDbEntity
  8
OUTLINE
  6
SDS2_5
 62
     1
100
AcDbLine
 10
47.592965144
 20
29.201072266
 30
0.0
 11
47.592965144
 21
28.888572266
 31
0.0
  0
LINE
  5
5D8
330
1F
100
AcDbEntity
  8
OUTLINE
  6
SDS2_5
 62
     1
100
AcDbLine
 10
47.592965144
 20
28.888572266
 30
0.0
 11
47.592965144
 21
28.883572266
 31
0.0
  0
LINE
  5
5D9
330
1F
100
AcDbEntity
  8
OUTLINE
  6
SDS2_5
 62
     1
100
AcDbLine
 10
47.592965144
 20
28.883572266
 30
0.0
 11
47.4375
 21
28.883572266
 31
0.0
  0
LINE
  5
5DA
330
1F
100
AcDbEntity
  8
OUTLINE
  6
SDS2_5
 62
     1
100
AcDbLine
 10
47.4375
 20
29.206072266
 30
0.0
 11
47.592965144
 21
29.206072266
 31
0.0
  0
LINE
  5
5DB
330
1F
100
AcDbEntity
  8
OUTLINE
  6
SDS2_5
 62
     1
100
AcDbLine
 10
49.6925
 20
31.357322266
 30
0.0
 11
49.6925
 21
31.201857121
 31
0.0
  0
LINE
  5
5DC
330
1F
100
AcDbEntity
  8
OUTLINE
  6
SDS2_5
 62
     1
100
AcDbLine
 10
49.6925
 20
31.201857121
 30
0.0
 11
49.6875
 21
31.201857121
 31
0.0
  0
LINE
  5
5DD
330
1F
100
AcDbEntity
  8
OUTLINE
  6
SDS2_5
 62
     1
100
AcDbLine
 10
49.6875
 20
31.201857121
 30
0.0
 11
49.375
 21
31.201857121
 31
0.0
  0
LINE
  5
5DE
330
1F
100
AcDbEntity
  8
OUTLINE
  6
SDS2_5
 62
     1
100
AcDbLine
 10
49.375
 20
31.201857121
 30
0.0
 11
49.37
 21
31.201857121
 31
0.0
  0
LINE
  5
5DF
330
1F
100
AcDbEntity
  8
OUTLINE
  6
SDS2_5
 62
     1
100
AcDbLine
 10
49.37
 20
31.201857121
 30
0.0
 11
49.37
 21
31.357322266
 31
0.0
  0
LINE
  5
5E0
330
1F
100
AcDbEntity
  8
OUTLINE
  6
SDS2_5
 62
     1
100
AcDbLine
 10
49.6925
 20
31.201857121
 30
0.0
 11
49.6925
 21
31.070060136
 31
0.0
  0
LINE
  5
5E1
330
1F
100
AcDbEntity
  8
OUTLINE
  6
SDS2_5
 62
     1
100
AcDbLine
 10
49.6925
 20
31.070060136
 30
0.0
 11
49.6875
 21
31.070060136
 31
0.0
  0
LINE
  5
5E2
330
1F
100
AcDbEntity
  8
OUTLINE
  6
SDS2_5
 62
     1
100
AcDbLine
 10
49.6875
 20
31.070060136
 30
0.0
 11
49.375
 21
31.070060136
 31
0.0
  0
LINE
  5
5E3
330
1F
100
AcDbEntity
  8
OUTLINE
  6
SDS2_5
 62
     1
100
AcDbLine
 10
49.375
 20
31.070060136
 30
0.0
 11
49.37
 21
31.070060136
 31
0.0
  0
LINE
  5
5E4
330
1F
100
AcDbEntity
  8
OUTLINE
  6
SDS2_5
 62
     1
100
AcDbLine
 10
49.37
 20
31.070060136
 30
0.0
 11
49.37
 21
31.201857121
 31
0.0
  0
LINE
  5
5E5
330
1F
100
AcDbEntity
  8
OUTLINE
  6
SDS2_5
 62
     1
100
AcDbLine
 10
49.6925
 20
31.070060136
 30
0.0
 11
49.6925
 21
30.981996206
 31
0.0
  0
LINE
  5
5E6
330
1F
100
AcDbEntity
  8
OUTLINE
  6
SDS2_5
 62
     1
100
AcDbLine
 10
49.6925
 20
30.981996206
 30
0.0
 11
49.6875
 21
30.981996206
 31
0.0
  0
LINE
  5
5E7
330
1F
100
AcDbEntity
  8
OUTLINE
  6
SDS2_5
 62
     1
100
AcDbLine
 10
49.6875
 20
30.981996206
 30
0.0
 11
49.375
 21
30.981996206
 31
0.0
  0
LINE
  5
5E8
330
1F
100
AcDbEntity
  8
OUTLINE
  6
SDS2_5
 62
     1
100
AcDbLine
 10
49.375
 20
30.981996206
 30
0.0
 11
49.37
 21
30.981996206
 31
0.0
  0
LINE
  5
5E9
330
1F
100
AcDbEntity
  8
OUTLINE
  6
SDS2_5
 62
     1
100
AcDbLine
 10
49.37
 20
30.981996206
 30
0.0
 11
49.37
 21
31.070060136
 31
0.0
  0
LINE
  5
5EA
330
1F
100
AcDbEntity
  8
OUTLINE
  6
SDS2_5
 62
     1
100
AcDbLine
 10
49.6925
 20
30.981996206
 30
0.0
 11
49.6925
 21
30.951072266
 31
0.0
  0
LINE
  5
5EB
330
1F
100
AcDbEntity
  8
OUTLINE
  6
SDS2_5
 62
     1
100
AcDbLine
 10
49.37
 20
30.951072266
 30
0.0
 11
49.37
 21
30.981996206
 31
0.0
  0
LINE
  5
5EC
330
1F
100
AcDbEntity
  8
OUTLINE
  6
CONTINUOUS
 62
     2
100
AcDbLine
 10
49.37
 20
30.951072266
 30
0.0
 11
49.375
 21
30.951072266
 31
0.0
  0
LINE
  5
5ED
330
1F
100
AcDbEntity
  8
OUTLINE
  6
SDS2_5
 62
     1
100
AcDbLine
 10
49.375
 20
30.951072266
 30
0.0
 11
49.6875
 21
30.951072266
 31
0.0
  0
LINE
  5
5EE
330
1F
100
AcDbEntity
  8
OUTLINE
  6
CONTINUOUS
 62
     2
100
AcDbLine
 10
49.6875
 20
30.951072266
 30
0.0
 11
49.6925
 21
30.951072266
 31
0.0
  0
LINE
  5
5EF
330
1F
100
AcDbEntity
  8
OUTLINE
  6
CONTINUOUS
 62
     2
100
AcDbLine
 10
49.6925
 20
31.951072266
 30
0.0
 11
49.6875
 21
31.951072266
 31
0.0
  0
LINE
  5
5F0
330
1F
100
AcDbEntity
  8
OUTLINE
  6
SDS2_5
 62
     1
100
AcDbLine
 10
49.6875
 20
31.951072266
 30
0.0
 11
49.375
 21
31.951072266
 31
0.0
  0
LINE
  5
5F1
330
1F
100
AcDbEntity
  8
OUTLINE
  6
CONTINUOUS
 62
     2
100
AcDbLine
 10
49.375
 20
31.951072266
 30
0.0
 11
49.37
 21
31.951072266
 31
0.0
  0
LINE
  5
5F2
330
1F
100
AcDbEntity
  8
OUTLINE
  6
SDS2_5
 62
     1
100
AcDbLine
 10
49.6925
 20
31.951072266
 30
0.0
 11
49.6925
 21
31.920148326
 31
0.0
  0
LINE
  5
5F3
330
1F
100
AcDbEntity
  8
OUTLINE
  6
SDS2_5
 62
     1
100
AcDbLine
 10
49.37
 20
31.920148326
 30
0.0
 11
49.37
 21
31.951072266
 31
0.0
  0
LINE
  5
5F4
330
1F
100
AcDbEntity
  8
OUTLINE
  6
SDS2_5
 62
     1
100
AcDbLine
 10
49.37
 20
31.920148326
 30
0.0
 11
49.375
 21
31.920148326
 31
0.0
  0
LINE
  5
5F5
330
1F
100
AcDbEntity
  8
OUTLINE
  6
SDS2_5
 62
     1
100
AcDbLine
 10
49.375
 20
31.920148326
 30
0.0
 11
49.6875
 21
31.920148326
 31
0.0
  0
LINE
  5
5F6
330
1F
100
AcDbEntity
  8
OUTLINE
  6
SDS2_5
 62
     1
100
AcDbLine
 10
49.6875
 20
31.920148326
 30
0.0
 11
49.6925
 21
31.920148326
 31
0.0
  0
LINE
  5
5F7
330
1F
100
AcDbEntity
  8
OUTLINE
  6
SDS2_5
 62
     1
100
AcDbLine
 10
49.6925
 20
31.920148326
 30
0.0
 11
49.6925
 21
31.832084395
 31
0.0
  0
LINE
  5
5F8
330
1F
100
AcDbEntity
  8
OUTLINE
  6
SDS2_5
 62
     1
100
AcDbLine
 10
49.37
 20
31.832084395
 30
0.0
 11
49.37
 21
31.920148326
 31
0.0
  0
LINE
  5
5F9
330
1F
100
AcDbEntity
  8
OUTLINE
  6
SDS2_5
 62
     1
100
AcDbLine
 10
49.37
 20
31.832084395
 30
0.0
 11
49.375
 21
31.832084395
 31
0.0
  0
LINE
  5
5FA
330
1F
100
AcDbEntity
  8
OUTLINE
  6
SDS2_5
 62
     1
100
AcDbLine
 10
49.375
 20
31.832084395
 30
0.0
 11
49.6875
 21
31.832084395
 31
0.0
  0
LINE
  5
5FB
330
1F
100
AcDbEntity
  8
OUTLINE
  6
SDS2_5
 62
     1
100
AcDbLine
 10
49.6875
 20
31.832084395
 30
0.0
 11
49.6925
 21
31.832084395
 31
0.0
  0
LINE
  5
5FC
330
1F
100
AcDbEntity
  8
OUTLINE
  6
SDS2_5
 62
     1
100
AcDbLine
 10
49.6925
 20
31.832084395
 30
0.0
 11
49.6925
 21
31.70028741
 31
0.0
  0
LINE
  5
5FD
330
1F
100
AcDbEntity
  8
OUTLINE
  6
SDS2_5
 62
     1
100
AcDbLine
 10
49.37
 20
31.70028741
 30
0.0
 11
49.37
 21
31.832084395
 31
0.0
  0
LINE
  5
5FE
330
1F
100
AcDbEntity
  8
OUTLINE
  6
SDS2_5
 62
     1
100
AcDbLine
 10
49.37
 20
31.70028741
 30
0.0
 11
49.375
 21
31.70028741
 31
0.0
  0
LINE
  5
5FF
330
1F
100
AcDbEntity
  8
OUTLINE
  6
SDS2_5
 62
     1
100
AcDbLine
 10
49.375
 20
31.70028741
 30
0.0
 11
49.6875
 21
31.70028741
 31
0.0
  0
LINE
  5
600
330
1F
100
AcDbEntity
  8
OUTLINE
  6
SDS2_5
 62
     1
100
AcDbLine
 10
49.6875
 20
31.70028741
 30
0.0
 11
49.6925
 21
31.70028741
 31
0.0
  0
LINE
  5
601
330
1F
100
AcDbEntity
  8
OUTLINE
  6
SDS2_5
 62
     1
100
AcDbLine
 10
49.6925
 20
31.70028741
 30
0.0
 11
49.6925
 21
31.544822266
 31
0.0
  0
LINE
  5
602
330
1F
100
AcDbEntity
  8
OUTLINE
  6
SDS2_5
 62
     1
100
AcDbLine
 10
49.37
 20
31.544822266
 30
0.0
 11
49.37
 21
31.70028741
 31
0.0
  0
LINE
  5
603
330
1F
100
AcDbEntity
  8
OUTLINE
  6
SDS2_5
 62
     1
100
AcDbLine
 10
49.37
 20
31.544822266
 30
0.0
 11
49.375
 21
31.544822266
 31
0.0
  0
LINE
  5
604
330
1F
100
AcDbEntity
  8
OUTLINE
  6
SDS2_5
 62
     1
100
AcDbLine
 10
49.375
 20
31.544822266
 30
0.0
 11
49.6875
 21
31.544822266
 31
0.0
  0
LINE
  5
605
330
1F
100
AcDbEntity
  8
OUTLINE
  6
SDS2_5
 62
     1
100
AcDbLine
 10
49.6875
 20
31.544822266
 30
0.0
 11
49.6925
 21
31.544822266
 31
0.0
  0
LINE
  5
606
330
1F
100
AcDbEntity
  8
OUTLINE
  6
SDS2_5
 62
     1
100
AcDbLine
 10
49.6925
 20
31.544822266
 30
0.0
 11
49.6925
 21
31.357322266
 31
0.0
  0
LINE
  5
607
330
1F
100
AcDbEntity
  8
OUTLINE
  6
SDS2_5
 62
     1
100
AcDbLine
 10
49.6925
 20
31.357322266
 30
0.0
 11
49.6875
 21
31.357322266
 31
0.0
  0
LINE
  5
608
330
1F
100
AcDbEntity
  8
OUTLINE
  6
SDS2_5
 62
     1
100
AcDbLine
 10
49.6875
 20
31.357322266
 30
0.0
 11
49.375
 21
31.357322266
 31
0.0
  0
LINE
  5
609
330
1F
100
AcDbEntity
  8
OUTLINE
  6
SDS2_5
 62
     1
100
AcDbLine
 10
49.375
 20
31.357322266
 30
0.0
 11
49.37
 21
31.357322266
 31
0.0
  0
LINE
  5
60A
330
1F
100
AcDbEntity
  8
OUTLINE
  6
SDS2_5
 62
     1
100
AcDbLine
 10
49.37
 20
31.357322266
 30
0.0
 11
49.37
 21
31.544822266
 31
0.0
  0
LINE
  5
60B
330
1F
100
AcDbEntity
  8
OUTLINE
  6
SDS2_5
 62
     1
100
AcDbLine
 10
22.53
 20
31.269822266
 30
0.0
 11
22.53
 21
31.114357121
 31
0.0
  0
LINE
  5
60C
330
1F
100
AcDbEntity
  8
OUTLINE
  6
SDS2_5
 62
     1
100
AcDbLine
 10
22.53
 20
31.114357121
 30
0.0
 11
22.525
 21
31.114357121
 31
0.0
  0
LINE
  5
60D
330
1F
100
AcDbEntity
  8
OUTLINE
  6
SDS2_5
 62
     1
100
AcDbLine
 10
22.525
 20
31.114357121
 30
0.0
 11
22.15
 21
31.114357121
 31
0.0
  0
LINE
  5
60E
330
1F
100
AcDbEntity
  8
OUTLINE
  6
SDS2_5
 62
     1
100
AcDbLine
 10
22.15
 20
31.114357121
 30
0.0
 11
22.145
 21
31.114357121
 31
0.0
  0
LINE
  5
60F
330
1F
100
AcDbEntity
  8
OUTLINE
  6
SDS2_5
 62
     1
100
AcDbLine
 10
22.145
 20
31.114357121
 30
0.0
 11
22.145
 21
31.269822266
 31
0.0
  0
LINE
  5
610
330
1F
100
AcDbEntity
  8
OUTLINE
  6
SDS2_5
 62
     1
100
AcDbLine
 10
22.53
 20
31.114357121
 30
0.0
 11
22.53
 21
30.982560136
 31
0.0
  0
LINE
  5
611
330
1F
100
AcDbEntity
  8
OUTLINE
  6
SDS2_5
 62
     1
100
AcDbLine
 10
22.53
 20
30.982560136
 30
0.0
 11
22.525
 21
30.982560136
 31
0.0
  0
LINE
  5
612
330
1F
100
AcDbEntity
  8
OUTLINE
  6
SDS2_5
 62
     1
100
AcDbLine
 10
22.525
 20
30.982560136
 30
0.0
 11
22.15
 21
30.982560136
 31
0.0
  0
LINE
  5
613
330
1F
100
AcDbEntity
  8
OUTLINE
  6
SDS2_5
 62
     1
100
AcDbLine
 10
22.15
 20
30.982560136
 30
0.0
 11
22.145
 21
30.982560136
 31
0.0
  0
LINE
  5
614
330
1F
100
AcDbEntity
  8
OUTLINE
  6
SDS2_5
 62
     1
100
AcDbLine
 10
22.145
 20
30.982560136
 30
0.0
 11
22.145
 21
31.114357121
 31
0.0
  0
LINE
  5
615
330
1F
100
AcDbEntity
  8
OUTLINE
  6
SDS2_5
 62
     1
100
AcDbLine
 10
22.53
 20
30.982560136
 30
0.0
 11
22.53
 21
30.894496206
 31
0.0
  0
LINE
  5
616
330
1F
100
AcDbEntity
  8
OUTLINE
  6
SDS2_5
 62
     1
100
AcDbLine
 10
22.53
 20
30.894496206
 30
0.0
 11
22.525
 21
30.894496206
 31
0.0
  0
LINE
  5
617
330
1F
100
AcDbEntity
  8
OUTLINE
  6
SDS2_5
 62
     1
100
AcDbLine
 10
22.525
 20
30.894496206
 30
0.0
 11
22.15
 21
30.894496206
 31
0.0
  0
LINE
  5
618
330
1F
100
AcDbEntity
  8
OUTLINE
  6
SDS2_5
 62
     1
100
AcDbLine
 10
22.15
 20
30.894496206
 30
0.0
 11
22.145
 21
30.894496206
 31
0.0
  0
LINE
  5
619
330
1F
100
AcDbEntity
  8
OUTLINE
  6
SDS2_5
 62
     1
100
AcDbLine
 10
22.145
 20
30.894496206
 30
0.0
 11
22.145
 21
30.982560136
 31
0.0
  0
LINE
  5
61A
330
1F
100
AcDbEntity
  8
OUTLINE
  6
SDS2_5
 62
     1
100
AcDbLine
 10
22.53
 20
30.894496206
 30
0.0
 11
22.53
 21
30.863572266
 31
0.0
  0
LINE
  5
61B
330
1F
100
AcDbEntity
  8
OUTLINE
  6
SDS2_5
 62
     1
100
AcDbLine
 10
22.145
 20
30.863572266
 30
0.0
 11
22.145
 21
30.894496206
 31
0.0
  0
LINE
  5
61C
330
1F
100
AcDbEntity
  8
OUTLINE
  6
CONTINUOUS
 62
     2
100
AcDbLine
 10
22.145
 20
30.863572266
 30
0.0
 11
22.15
 21
30.863572266
 31
0.0
  0
LINE
  5
61D
330
1F
100
AcDbEntity
  8
OUTLINE
  6
SDS2_5
 62
     1
100
AcDbLine
 10
22.15
 20
30.863572266
 30
0.0
 11
22.525
 21
30.863572266
 31
0.0
  0
LINE
  5
61E
330
1F
100
AcDbEntity
  8
OUTLINE
  6
CONTINUOUS
 62
     2
100
AcDbLine
 10
22.525
 20
30.863572266
 30
0.0
 11
22.53
 21
30.863572266
 31
0.0
  0
LINE
  5
61F
330
1F
100
AcDbEntity
  8
OUTLINE
  6
CONTINUOUS
 62
     2
100
AcDbLine
 10
22.53
 20
31.863572266
 30
0.0
 11
22.525
 21
31.863572266
 31
0.0
  0
LINE
  5
620
330
1F
100
AcDbEntity
  8
OUTLINE
  6
SDS2_5
 62
     1
100
AcDbLine
 10
22.525
 20
31.863572266
 30
0.0
 11
22.15
 21
31.863572266
 31
0.0
  0
LINE
  5
621
330
1F
100
AcDbEntity
  8
OUTLINE
  6
CONTINUOUS
 62
     2
100
AcDbLine
 10
22.15
 20
31.863572266
 30
0.0
 11
22.145
 21
31.863572266
 31
0.0
  0
LINE
  5
622
330
1F
100
AcDbEntity
  8
OUTLINE
  6
SDS2_5
 62
     1
100
AcDbLine
 10
22.53
 20
31.863572266
 30
0.0
 11
22.53
 21
31.832648326
 31
0.0
  0
LINE
  5
623
330
1F
100
AcDbEntity
  8
OUTLINE
  6
SDS2_5
 62
     1
100
AcDbLine
 10
22.145
 20
31.832648326
 30
0.0
 11
22.145
 21
31.863572266
 31
0.0
  0
LINE
  5
624
330
1F
100
AcDbEntity
  8
OUTLINE
  6
SDS2_5
 62
     1
100
AcDbLine
 10
22.145
 20
31.832648326
 30
0.0
 11
22.15
 21
31.832648326
 31
0.0
  0
LINE
  5
625
330
1F
100
AcDbEntity
  8
OUTLINE
  6
SDS2_5
 62
     1
100
AcDbLine
 10
22.15
 20
31.832648326
 30
0.0
 11
22.525
 21
31.832648326
 31
0.0
  0
LINE
  5
626
330
1F
100
AcDbEntity
  8
OUTLINE
  6
SDS2_5
 62
     1
100
AcDbLine
 10
22.525
 20
31.832648326
 30
0.0
 11
22.53
 21
31.832648326
 31
0.0
  0
LINE
  5
627
330
1F
100
AcDbEntity
  8
OUTLINE
  6
SDS2_5
 62
     1
100
AcDbLine
 10
22.53
 20
31.832648326
 30
0.0
 11
22.53
 21
31.744584395
 31
0.0
  0
LINE
  5
628
330
1F
100
AcDbEntity
  8
OUTLINE
  6
SDS2_5
 62
     1
100
AcDbLine
 10
22.145
 20
31.744584395
 30
0.0
 11
22.145
 21
31.832648326
 31
0.0
  0
LINE
  5
629
330
1F
100
AcDbEntity
  8
OUTLINE
  6
SDS2_5
 62
     1
100
AcDbLine
 10
22.145
 20
31.744584395
 30
0.0
 11
22.15
 21
31.744584395
 31
0.0
  0
LINE
  5
62A
330
1F
100
AcDbEntity
  8
OUTLINE
  6
SDS2_5
 62
     1
100
AcDbLine
 10
22.15
 20
31.744584395
 30
0.0
 11
22.525
 21
31.744584395
 31
0.0
  0
LINE
  5
62B
330
1F
100
AcDbEntity
  8
OUTLINE
  6
SDS2_5
 62
     1
100
AcDbLine
 10
22.525
 20
31.744584395
 30
0.0
 11
22.53
 21
31.744584395
 31
0.0
  0
LINE
  5
62C
330
1F
100
AcDbEntity
  8
OUTLINE
  6
SDS2_5
 62
     1
100
AcDbLine
 10
22.53
 20
31.744584395
 30
0.0
 11
22.53
 21
31.61278741
 31
0.0
  0
LINE
  5
62D
330
1F
100
AcDbEntity
  8
OUTLINE
  6
SDS2_5
 62
     1
100
AcDbLine
 10
22.145
 20
31.61278741
 30
0.0
 11
22.145
 21
31.744584395
 31
0.0
  0
LINE
  5
62E
330
1F
100
AcDbEntity
  8
OUTLINE
  6
SDS2_5
 62
     1
100
AcDbLine
 10
22.145
 20
31.61278741
 30
0.0
 11
22.15
 21
31.61278741
 31
0.0
  0
LINE
  5
62F
330
1F
100
AcDbEntity
  8
OUTLINE
  6
SDS2_5
 62
     1
100
AcDbLine
 10
22.15
 20
31.61278741
 30
0.0
 11
22.525
 21
31.61278741
 31
0.0
  0
LINE
  5
630
330
1F
100
AcDbEntity
  8
OUTLINE
  6
SDS2_5
 62
     1
100
AcDbLine
 10
22.525
 20
31.61278741
 30
0.0
 11
22.53
 21
31.61278741
 31
0.0
  0
LINE
  5
631
330
1F
100
AcDbEntity
  8
OUTLINE
  6
SDS2_5
 62
     1
100
AcDbLine
 10
22.53
 20
31.61278741
 30
0.0
 11
22.53
 21
31.457322266
 31
0.0
  0
LINE
  5
632
330
1F
100
AcDbEntity
  8
OUTLINE
  6
SDS2_5
 62
     1
100
AcDbLine
 10
22.145
 20
31.457322266
 30
0.0
 11
22.145
 21
31.61278741
 31
0.0
  0
LINE
  5
633
330
1F
100
AcDbEntity
  8
OUTLINE
  6
SDS2_5
 62
     1
100
AcDbLine
 10
22.145
 20
31.457322266
 30
0.0
 11
22.15
 21
31.457322266
 31
0.0
  0
LINE
  5
634
330
1F
100
AcDbEntity
  8
OUTLINE
  6
SDS2_5
 62
     1
100
AcDbLine
 10
22.15
 20
31.457322266
 30
0.0
 11
22.525
 21
31.457322266
 31
0.0
  0
LINE
  5
635
330
1F
100
AcDbEntity
  8
OUTLINE
  6
SDS2_5
 62
     1
100
AcDbLine
 10
22.525
 20
31.457322266
 30
0.0
 11
22.53
 21
31.457322266
 31
0.0
  0
LINE
  5
636
330
1F
100
AcDbEntity
  8
OUTLINE
  6
SDS2_5
 62
     1
100
AcDbLine
 10
22.53
 20
31.457322266
 30
0.0
 11
22.53
 21
31.269822266
 31
0.0
  0
LINE
  5
637
330
1F
100
AcDbEntity
  8
OUTLINE
  6
SDS2_5
 62
     1
100
AcDbLine
 10
22.53
 20
31.269822266
 30
0.0
 11
22.525
 21
31.269822266
 31
0.0
  0
LINE
  5
638
330
1F
100
AcDbEntity
  8
OUTLINE
  6
SDS2_5
 62
     1
100
AcDbLine
 10
22.525
 20
31.269822266
 30
0.0
 11
22.15
 21
31.269822266
 31
0.0
  0
LINE
  5
639
330
1F
100
AcDbEntity
  8
OUTLINE
  6
SDS2_5
 62
     1
100
AcDbLine
 10
22.15
 20
31.269822266
 30
0.0
 11
22.145
 21
31.269822266
 31
0.0
  0
LINE
  5
63A
330
1F
100
AcDbEntity
  8
OUTLINE
  6
SDS2_5
 62
     1
100
AcDbLine
 10
22.145
 20
31.269822266
 30
0.0
 11
22.145
 21
31.457322266
 31
0.0
  0
LINE
  5
63B
330
1F
100
AcDbEntity
  8
OUTLINE
  6
SDS2_5
 62
     1
100
AcDbLine
 10
27.505
 20
26.182322266
 30
0.0
 11
27.505
 21
26.33778741
 31
0.0
  0
LINE
  5
63C
330
1F
100
AcDbEntity
  8
OUTLINE
  6
SDS2_5
 62
     1
100
AcDbLine
 10
27.505
 20
26.33778741
 30
0.0
 11
27.51
 21
26.33778741
 31
0.0
  0
LINE
  5
63D
330
1F
100
AcDbEntity
  8
OUTLINE
  6
SDS2_5
 62
     1
100
AcDbLine
 10
27.51
 20
26.33778741
 30
0.0
 11
27.885
 21
26.33778741
 31
0.0
  0
LINE
  5
63E
330
1F
100
AcDbEntity
  8
OUTLINE
  6
SDS2_5
 62
     1
100
AcDbLine
 10
27.885
 20
26.33778741
 30
0.0
 11
27.89
 21
26.33778741
 31
0.0
  0
LINE
  5
63F
330
1F
100
AcDbEntity
  8
OUTLINE
  6
SDS2_5
 62
     1
100
AcDbLine
 10
27.89
 20
26.33778741
 30
0.0
 11
27.89
 21
26.182322266
 31
0.0
  0
LINE
  5
640
330
1F
100
AcDbEntity
  8
OUTLINE
  6
SDS2_5
 62
     1
100
AcDbLine
 10
27.505
 20
26.33778741
 30
0.0
 11
27.505
 21
26.469584395
 31
0.0
  0
LINE
  5
641
330
1F
100
AcDbEntity
  8
OUTLINE
  6
SDS2_5
 62
     1
100
AcDbLine
 10
27.505
 20
26.469584395
 30
0.0
 11
27.51
 21
26.469584395
 31
0.0
  0
LINE
  5
642
330
1F
100
AcDbEntity
  8
OUTLINE
  6
SDS2_5
 62
     1
100
AcDbLine
 10
27.51
 20
26.469584395
 30
0.0
 11
27.885
 21
26.469584395
 31
0.0
  0
LINE
  5
643
330
1F
100
AcDbEntity
  8
OUTLINE
  6
SDS2_5
 62
     1
100
AcDbLine
 10
27.885
 20
26.469584395
 30
0.0
 11
27.89
 21
26.469584395
 31
0.0
  0
LINE
  5
644
330
1F
100
AcDbEntity
  8
OUTLINE
  6
SDS2_5
 62
     1
100
AcDbLine
 10
27.89
 20
26.469584395
 30
0.0
 11
27.89
 21
26.33778741
 31
0.0
  0
LINE
  5
645
330
1F
100
AcDbEntity
  8
OUTLINE
  6
SDS2_5
 62
     1
100
AcDbLine
 10
27.505
 20
26.469584395
 30
0.0
 11
27.505
 21
26.557648326
 31
0.0
  0
LINE
  5
646
330
1F
100
AcDbEntity
  8
OUTLINE
  6
SDS2_5
 62
     1
100
AcDbLine
 10
27.505
 20
26.557648326
 30
0.0
 11
27.51
 21
26.557648326
 31
0.0
  0
LINE
  5
647
330
1F
100
AcDbEntity
  8
OUTLINE
  6
SDS2_5
 62
     1
100
AcDbLine
 10
27.51
 20
26.557648326
 30
0.0
 11
27.885
 21
26.557648326
 31
0.0
  0
LINE
  5
648
330
1F
100
AcDbEntity
  8
OUTLINE
  6
SDS2_5
 62
     1
100
AcDbLine
 10
27.885
 20
26.557648326
 30
0.0
 11
27.89
 21
26.557648326
 31
0.0
  0
LINE
  5
649
330
1F
100
AcDbEntity
  8
OUTLINE
  6
SDS2_5
 62
     1
100
AcDbLine
 10
27.89
 20
26.557648326
 30
0.0
 11
27.89
 21
26.469584395
 31
0.0
  0
LINE
  5
64A
330
1F
100
AcDbEntity
  8
OUTLINE
  6
SDS2_5
 62
     1
100
AcDbLine
 10
27.505
 20
26.557648326
 30
0.0
 11
27.505
 21
26.588572266
 31
0.0
  0
LINE
  5
64B
330
1F
100
AcDbEntity
  8
OUTLINE
  6
SDS2_5
 62
     1
100
AcDbLine
 10
27.89
 20
26.588572266
 30
0.0
 11
27.89
 21
26.557648326
 31
0.0
  0
LINE
  5
64C
330
1F
100
AcDbEntity
  8
OUTLINE
  6
CONTINUOUS
 62
     2
100
AcDbLine
 10
27.89
 20
26.588572266
 30
0.0
 11
27.885
 21
26.588572266
 31
0.0
  0
LINE
  5
64D
330
1F
100
AcDbEntity
  8
OUTLINE
  6
SDS2_5
 62
     1
100
AcDbLine
 10
27.885
 20
26.588572266
 30
0.0
 11
27.51
 21
26.588572266
 31
0.0
  0
LINE
  5
64E
330
1F
100
AcDbEntity
  8
OUTLINE
  6
CONTINUOUS
 62
     2
100
AcDbLine
 10
27.51
 20
26.588572266
 30
0.0
 11
27.505
 21
26.588572266
 31
0.0
  0
LINE
  5
64F
330
1F
100
AcDbEntity
  8
OUTLINE
  6
CONTINUOUS
 62
     2
100
AcDbLine
 10
27.505
 20
25.588572266
 30
0.0
 11
27.51
 21
25.588572266
 31
0.0
  0
LINE
  5
650
330
1F
100
AcDbEntity
  8
OUTLINE
  6
SDS2_5
 62
     1
100
AcDbLine
 10
27.51
 20
25.588572266
 30
0.0
 11
27.885
 21
25.588572266
 31
0.0
  0
LINE
  5
651
330
1F
100
AcDbEntity
  8
OUTLINE
  6
CONTINUOUS
 62
     2
100
AcDbLine
 10
27.885
 20
25.588572266
 30
0.0
 11
27.89
 21
25.588572266
 31
0.0
  0
LINE
  5
652
330
1F
100
AcDbEntity
  8
OUTLINE
  6
SDS2_5
 62
     1
100
AcDbLine
 10
27.505
 20
25.588572266
 30
0.0
 11
27.505
 21
25.619496206
 31
0.0
  0
LINE
  5
653
330
1F
100
AcDbEntity
  8
OUTLINE
  6
SDS2_5
 62
     1
100
AcDbLine
 10
27.89
 20
25.619496206
 30
0.0
 11
27.89
 21
25.588572266
 31
0.0
  0
LINE
  5
654
330
1F
100
AcDbEntity
  8
OUTLINE
  6
SDS2_5
 62
     1
100
AcDbLine
 10
27.89
 20
25.619496206
 30
0.0
 11
27.885
 21
25.619496206
 31
0.0
  0
LINE
  5
655
330
1F
100
AcDbEntity
  8
OUTLINE
  6
SDS2_5
 62
     1
100
AcDbLine
 10
27.885
 20
25.619496206
 30
0.0
 11
27.51
 21
25.619496206
 31
0.0
  0
LINE
  5
656
330
1F
100
AcDbEntity
  8
OUTLINE
  6
SDS2_5
 62
     1
100
AcDbLine
 10
27.51
 20
25.619496206
 30
0.0
 11
27.505
 21
25.619496206
 31
0.0
  0
LINE
  5
657
330
1F
100
AcDbEntity
  8
OUTLINE
  6
SDS2_5
 62
     1
100
AcDbLine
 10
27.505
 20
25.619496206
 30
0.0
 11
27.505
 21
25.707560136
 31
0.0
  0
LINE
  5
658
330
1F
100
AcDbEntity
  8
OUTLINE
  6
SDS2_5
 62
     1
100
AcDbLine
 10
27.89
 20
25.707560136
 30
0.0
 11
27.89
 21
25.619496206
 31
0.0
  0
LINE
  5
659
330
1F
100
AcDbEntity
  8
OUTLINE
  6
SDS2_5
 62
     1
100
AcDbLine
 10
27.89
 20
25.707560136
 30
0.0
 11
27.885
 21
25.707560136
 31
0.0
  0
LINE
  5
65A
330
1F
100
AcDbEntity
  8
OUTLINE
  6
SDS2_5
 62
     1
100
AcDbLine
 10
27.885
 20
25.707560136
 30
0.0
 11
27.51
 21
25.707560136
 31
0.0
  0
LINE
  5
65B
330
1F
100
AcDbEntity
  8
OUTLINE
  6
SDS2_5
 62
     1
100
AcDbLine
 10
27.51
 20
25.707560136
 30
0.0
 11
27.505
 21
25.707560136
 31
0.0
  0
LINE
  5
65C
330
1F
100
AcDbEntity
  8
OUTLINE
  6
SDS2_5
 62
     1
100
AcDbLine
 10
27.505
 20
25.707560136
 30
0.0
 11
27.505
 21
25.839357121
 31
0.0
  0
LINE
  5
65D
330
1F
100
AcDbEntity
  8
OUTLINE
  6
SDS2_5
 62
     1
100
AcDbLine
 10
27.89
 20
25.839357121
 30
0.0
 11
27.89
 21
25.707560136
 31
0.0
  0
LINE
  5
65E
330
1F
100
AcDbEntity
  8
OUTLINE
  6
SDS2_5
 62
     1
100
AcDbLine
 10
27.89
 20
25.839357121
 30
0.0
 11
27.885
 21
25.839357121
 31
0.0
  0
LINE
  5
65F
330
1F
100
AcDbEntity
  8
OUTLINE
  6
SDS2_5
 62
     1
100
AcDbLine
 10
27.885
 20
25.839357121
 30
0.0
 11
27.51
 21
25.839357121
 31
0.0
  0
LINE
  5
660
330
1F
100
AcDbEntity
  8
OUTLINE
  6
SDS2_5
 62
     1
100
AcDbLine
 10
27.51
 20
25.839357121
 30
0.0
 11
27.505
 21
25.839357121
 31
0.0
  0
LINE
  5
661
330
1F
100
AcDbEntity
  8
OUTLINE
  6
SDS2_5
 62
     1
100
AcDbLine
 10
27.505
 20
25.839357121
 30
0.0
 11
27.505
 21
25.994822266
 31
0.0
  0
LINE
  5
662
330
1F
100
AcDbEntity
  8
OUTLINE
  6
SDS2_5
 62
     1
100
AcDbLine
 10
27.89
 20
25.994822266
 30
0.0
 11
27.89
 21
25.839357121
 31
0.0
  0
LINE
  5
663
330
1F
100
AcDbEntity
  8
OUTLINE
  6
SDS2_5
 62
     1
100
AcDbLine
 10
27.89
 20
25.994822266
 30
0.0
 11
27.885
 21
25.994822266
 31
0.0
  0
LINE
  5
664
330
1F
100
AcDbEntity
  8
OUTLINE
  6
SDS2_5
 62
     1
100
AcDbLine
 10
27.885
 20
25.994822266
 30
0.0
 11
27.51
 21
25.994822266
 31
0.0
  0
LINE
  5
665
330
1F
100
AcDbEntity
  8
OUTLINE
  6
SDS2_5
 62
     1
100
AcDbLine
 10
27.51
 20
25.994822266
 30
0.0
 11
27.505
 21
25.994822266
 31
0.0
  0
LINE
  5
666
330
1F
100
AcDbEntity
  8
OUTLINE
  6
SDS2_5
 62
     1
100
AcDbLine
 10
27.505
 20
25.994822266
 30
0.0
 11
27.505
 21
26.182322266
 31
0.0
  0
LINE
  5
667
330
1F
100
AcDbEntity
  8
OUTLINE
  6
SDS2_5
 62
     1
100
AcDbLine
 10
27.505
 20
26.182322266
 30
0.0
 11
27.51
 21
26.182322266
 31
0.0
  0
LINE
  5
668
330
1F
100
AcDbEntity
  8
OUTLINE
  6
SDS2_5
 62
     1
100
AcDbLine
 10
27.51
 20
26.182322266
 30
0.0
 11
27.885
 21
26.182322266
 31
0.0
  0
LINE
  5
669
330
1F
100
AcDbEntity
  8
OUTLINE
  6
SDS2_5
 62
     1
100
AcDbLine
 10
27.885
 20
26.182322266
 30
0.0
 11
27.89
 21
26.182322266
 31
0.0
  0
LINE
  5
66A
330
1F
100
AcDbEntity
  8
OUTLINE
  6
SDS2_5
 62
     1
100
AcDbLine
 10
27.89
 20
26.182322266
 30
0.0
 11
27.89
 21
25.994822266
 31
0.0
  0
LWPOLYLINE
  5
66B
102
{ACAD_REACTORS
330
66C
102
}
330
1F
100
AcDbEntity
  8
OUTLINE
  6
CONTINUOUS
 62
     1
100
AcDbPolyline
 90
       19
 70
     1
 43
0.0
 10
96.496165661
 20
-19.609812705
 10
96.651630805
 20
-19.578888765
 10
96.78342779
 20
-19.490824835
 10
96.871491721
 20
-19.35902785
 10
96.902415661
 20
-19.203562705
 10
96.871491721
 20
-19.048097561
 10
96.78342779
 20
-18.916300575
 10
96.651630805
 20
-18.828236645
 10
96.496165661
 20
-18.797312705
 10
96.308665661
 20
-18.797312705
 10
96.153200516
 20
-18.828236645
 10
96.021403531
 20
-18.916300575
 10
95.9333396
 20
-19.048097561
 10
95.902415661
 20
-19.203562705
 10
95.9333396
 20
-19.35902785
 10
96.021403531
 20
-19.490824835
 10
96.153200516
 20
-19.578888765
 10
96.308665661
 20
-19.609812705
 10
96.496165661
 20
-19.609812705
  0
HATCH
  5
66C
330
1F
100
AcDbEntity
  8
0
 62
     3
100
AcDbHatch
 10
0.0
 20
0.0
 30
0.0
210
0.0
220
0.0
230
1.0
  2
SOLID
 70
     1
 71
     1
 91
        1
 92
       16
 93
       19
 72
     1
 10
96.49616566054308
 20
-19.609812705246
 11
96.65163080494156
 21
-19.57888876532867
 72
     1
 10
96.65163080494156
 20
-19.57888876532867
 11
96.78342779040057
 21
-19.49082483510303
 72
     1
 10
96.78342779040057
 20
-19.49082483510303
 11
96.87149172062553
 21
-19.35902784964425
 72
     1
 10
96.87149172062553
 20
-19.35902784964425
 11
96.90241566054308
 21
-19.203562705246
 72
     1
 10
96.90241566054308
 20
-19.203562705246
 11
96.87149172062553
 21
-19.04809756084775
 72
     1
 10
96.87149172062553
 20
-19.04809756084775
 11
96.78342779040057
 21
-18.91630057538897
 72
     1
 10
96.78342779040057
 20
-18.91630057538897
 11
96.65163080494156
 21
-18.82823664516333
 72
     1
 10
96.65163080494156
 20
-18.82823664516333
 11
96.49616566054308
 21
-18.797312705246
 72
     1
 10
96.49616566054308
 20
-18.797312705246
 11
96.30866566054308
 21
-18.797312705246
 72
     1
 10
96.30866566054308
 20
-18.797312705246
 11
96.15320051614461
 21
-18.82823664516333
 72
     1
 10
96.15320051614461
 20
-18.82823664516333
 11
96.0214035306856
 21
-18.91630057538897
 72
     1
 10
96.0214035306856
 20
-18.91630057538897
 11
95.93333960046064
 21
-19.04809756084775
 72
     1
 10
95.93333960046064
 20
-19.04809756084775
 11
95.90241566054308
 21
-19.203562705246
 72
     1
 10
95.90241566054308
 20
-19.203562705246
 11
95.93333960046064
 21
-19.35902784964425
 72
     1
 10
95.93333960046064
 20
-19.35902784964425
 11
96.0214035306856
 21
-19.49082483510303
 72
     1
 10
96.0214035306856
 20
-19.49082483510303
 11
96.15320051614461
 21
-19.57888876532867
 72
     1
 10
96.15320051614461
 20
-19.57888876532867
 11
96.30866566054308
 21
-19.609812705246
 72
     1
 10
96.30866566054308
 20
-19.609812705246
 11
96.49616566054308
 21
-19.609812705246
 72
     1
 10
96.49616566054308
 20
-19.609812705246
 11
96.49616566054308
 21
-19.609812705246
 97
        1
330
66B
 75
     0
 76
     1
 98
        0
  0
LWPOLYLINE
  5
66D
102
{ACAD_REACTORS
330
66E
102
}
330
1F
100
AcDbEntity
  8
OUTLINE
  6
CONTINUOUS
 62
     1
100
AcDbPolyline
 90
       19
 70
     1
 43
0.0
 10
96.496165661
 20
-22.609812705
 10
96.651630805
 20
-22.578888765
 10
96.78342779
 20
-22.490824835
 10
96.871491721
 20
-22.35902785
 10
96.902415661
 20
-22.203562705
 10
96.871491721
 20
-22.048097561
 10
96.78342779
 20
-21.916300575
 10
96.651630805
 20
-21.828236645
 10
96.496165661
 20
-21.797312705
 10
96.308665661
 20
-21.797312705
 10
96.153200516
 20
-21.828236645
 10
96.021403531
 20
-21.916300575
 10
95.9333396
 20
-22.048097561
 10
95.902415661
 20
-22.203562705
 10
95.9333396
 20
-22.35902785
 10
96.021403531
 20
-22.490824835
 10
96.153200516
 20
-22.578888765
 10
96.308665661
 20
-22.609812705
 10
96.496165661
 20
-22.609812705
  0
HATCH
  5
66E
330
1F
100
AcDbEntity
  8
0
 62
     3
100
AcDbHatch
 10
0.0
 20
0.0
 30
0.0
210
0.0
220
0.0
230
1.0
  2
SOLID
 70
     1
 71
     1
 91
        1
 92
       16
 93
       19
 72
     1
 10
96.49616566054308
 20
-22.609812705246
 11
96.65163080494156
 21
-22.57888876532867
 72
     1
 10
96.65163080494156
 20
-22.57888876532867
 11
96.78342779040057
 21
-22.49082483510303
 72
     1
 10
96.78342779040057
 20
-22.49082483510303
 11
96.87149172062553
 21
-22.35902784964425
 72
     1
 10
96.87149172062553
 20
-22.35902784964425
 11
96.90241566054308
 21
-22.203562705246
 72
     1
 10
96.90241566054308
 20
-22.203562705246
 11
96.87149172062553
 21
-22.04809756084775
 72
     1
 10
96.87149172062553
 20
-22.04809756084775
 11
96.78342779040057
 21
-21.91630057538897
 72
     1
 10
96.78342779040057
 20
-21.91630057538897
 11
96.65163080494156
 21
-21.82823664516333
 72
     1
 10
96.65163080494156
 20
-21.82823664516333
 11
96.49616566054308
 21
-21.797312705246
 72
     1
 10
96.49616566054308
 20
-21.797312705246
 11
96.30866566054308
 21
-21.797312705246
 72
     1
 10
96.30866566054308
 20
-21.797312705246
 11
96.15320051614461
 21
-21.82823664516333
 72
     1
 10
96.15320051614461
 20
-21.82823664516333
 11
96.0214035306856
 21
-21.91630057538897
 72
     1
 10
96.0214035306856
 20
-21.91630057538897
 11
95.93333960046064
 21
-22.04809756084775
 72
     1
 10
95.93333960046064
 20
-22.04809756084775
 11
95.90241566054308
 21
-22.203562705246
 72
     1
 10
95.90241566054308
 20
-22.203562705246
 11
95.93333960046064
 21
-22.35902784964425
 72
     1
 10
95.93333960046064
 20
-22.35902784964425
 11
96.0214035306856
 21
-22.49082483510303
 72
     1
 10
96.0214035306856
 20
-22.49082483510303
 11
96.15320051614461
 21
-22.57888876532867
 72
     1
 10
96.15320051614461
 20
-22.57888876532867
 11
96.30866566054308
 21
-22.609812705246
 72
     1
 10
96.30866566054308
 20
-22.609812705246
 11
96.49616566054308
 21
-22.609812705246
 72
     1
 10
96.49616566054308
 20
-22.609812705246
 11
96.49616566054308
 21
-22.609812705246
 97
        1
330
66D
 75
     0
 76
     1
 98
        0
  0
LWPOLYLINE
  5
66F
102
{ACAD_REACTORS
330
670
102
}
330
1F
100
AcDbEntity
  8
OUTLINE
  6
CONTINUOUS
 62
     1
100
AcDbPolyline
 90
       19
 70
     1
 43
0.0
 10
96.496165661
 20
-25.609812705
 10
96.651630805
 20
-25.578888765
 10
96.78342779
 20
-25.490824835
 10
96.871491721
 20
-25.35902785
 10
96.902415661
 20
-25.203562705
 10
96.871491721
 20
-25.048097561
 10
96.78342779
 20
-24.916300575
 10
96.651630805
 20
-24.828236645
 10
96.496165661
 20
-24.797312705
 10
96.308665661
 20
-24.797312705
 10
96.153200516
 20
-24.828236645
 10
96.021403531
 20
-24.916300575
 10
95.9333396
 20
-25.048097561
 10
95.902415661
 20
-25.203562705
 10
95.9333396
 20
-25.35902785
 10
96.021403531
 20
-25.490824835
 10
96.153200516
 20
-25.578888765
 10
96.308665661
 20
-25.609812705
 10
96.496165661
 20
-25.609812705
  0
HATCH
  5
670
330
1F
100
AcDbEntity
  8
0
 62
     3
100
AcDbHatch
 10
0.0
 20
0.0
 30
0.0
210
0.0
220
0.0
230
1.0
  2
SOLID
 70
     1
 71
     1
 91
        1
 92
       16
 93
       19
 72
     1
 10
96.49616566054308
 20
-25.609812705246
 11
96.65163080494156
 21
-25.57888876532867
 72
     1
 10
96.65163080494156
 20
-25.57888876532867
 11
96.78342779040057
 21
-25.49082483510303
 72
     1
 10
96.78342779040057
 20
-25.49082483510303
 11
96.87149172062553
 21
-25.35902784964425
 72
     1
 10
96.87149172062553
 20
-25.35902784964425
 11
96.90241566054308
 21
-25.203562705246
 72
     1
 10
96.90241566054308
 20
-25.203562705246
 11
96.87149172062553
 21
-25.04809756084775
 72
     1
 10
96.87149172062553
 20
-25.04809756084775
 11
96.78342779040057
 21
-24.91630057538897
 72
     1
 10
96.78342779040057
 20
-24.91630057538897
 11
96.65163080494156
 21
-24.82823664516333
 72
     1
 10
96.65163080494156
 20
-24.82823664516333
 11
96.49616566054308
 21
-24.797312705246
 72
     1
 10
96.49616566054308
 20
-24.797312705246
 11
96.30866566054308
 21
-24.797312705246
 72
     1
 10
96.30866566054308
 20
-24.797312705246
 11
96.15320051614461
 21
-24.82823664516333
 72
     1
 10
96.15320051614461
 20
-24.82823664516333
 11
96.0214035306856
 21
-24.91630057538897
 72
     1
 10
96.0214035306856
 20
-24.91630057538897
 11
95.93333960046064
 21
-25.04809756084775
 72
     1
 10
95.93333960046064
 20
-25.04809756084775
 11
95.90241566054308
 21
-25.203562705246
 72
     1
 10
95.90241566054308
 20
-25.203562705246
 11
95.93333960046064
 21
-25.35902784964425
 72
     1
 10
95.93333960046064
 20
-25.35902784964425
 11
96.0214035306856
 21
-25.49082483510303
 72
     1
 10
96.0214035306856
 20
-25.49082483510303
 11
96.15320051614461
 21
-25.57888876532867
 72
     1
 10
96.15320051614461
 20
-25.57888876532867
 11
96.30866566054308
 21
-25.609812705246
 72
     1
 10
96.30866566054308
 20
-25.609812705246
 11
96.49616566054308
 21
-25.609812705246
 72
     1
 10
96.49616566054308
 20
-25.609812705246
 11
96.49616566054308
 21
-25.609812705246
 97
        1
330
66F
 75
     0
 76
     1
 98
        0
  0
LWPOLYLINE
  5
671
102
{ACAD_REACTORS
330
672
102
}
330
1F
100
AcDbEntity
  8
OUTLINE
  6
CONTINUOUS
 62
     1
100
AcDbPolyline
 90
       19
 70
     1
 43
0.0
 10
96.496165661
 20
-28.609812705
 10
96.651630805
 20
-28.578888765
 10
96.78342779
 20
-28.490824835
 10
96.871491721
 20
-28.35902785
 10
96.902415661
 20
-28.203562705
 10
96.871491721
 20
-28.048097561
 10
96.78342779
 20
-27.916300575
 10
96.651630805
 20
-27.828236645
 10
96.496165661
 20
-27.797312705
 10
96.308665661
 20
-27.797312705
 10
96.153200516
 20
-27.828236645
 10
96.021403531
 20
-27.916300575
 10
95.9333396
 20
-28.048097561
 10
95.902415661
 20
-28.203562705
 10
95.9333396
 20
-28.35902785
 10
96.021403531
 20
-28.490824835
 10
96.153200516
 20
-28.578888765
 10
96.308665661
 20
-28.609812705
 10
96.496165661
 20
-28.609812705
  0
HATCH
  5
672
330
1F
100
AcDbEntity
  8
0
 62
     3
100
AcDbHatch
 10
0.0
 20
0.0
 30
0.0
210
0.0
220
0.0
230
1.0
  2
SOLID
 70
     1
 71
     1
 91
        1
 92
       16
 93
       19
 72
     1
 10
96.49616566054308
 20
-28.609812705246
 11
96.65163080494156
 21
-28.57888876532867
 72
     1
 10
96.65163080494156
 20
-28.57888876532867
 11
96.78342779040057
 21
-28.49082483510303
 72
     1
 10
96.78342779040057
 20
-28.49082483510303
 11
96.87149172062553
 21
-28.35902784964425
 72
     1
 10
96.87149172062553
 20
-28.35902784964425
 11
96.90241566054308
 21
-28.203562705246
 72
     1
 10
96.90241566054308
 20
-28.203562705246
 11
96.87149172062553
 21
-28.04809756084775
 72
     1
 10
96.87149172062553
 20
-28.04809756084775
 11
96.78342779040057
 21
-27.91630057538897
 72
     1
 10
96.78342779040057
 20
-27.91630057538897
 11
96.65163080494156
 21
-27.82823664516333
 72
     1
 10
96.65163080494156
 20
-27.82823664516333
 11
96.49616566054308
 21
-27.797312705246
 72
     1
 10
96.49616566054308
 20
-27.797312705246
 11
96.30866566054308
 21
-27.797312705246
 72
     1
 10
96.30866566054308
 20
-27.797312705246
 11
96.15320051614461
 21
-27.82823664516333
 72
     1
 10
96.15320051614461
 20
-27.82823664516333
 11
96.0214035306856
 21
-27.91630057538897
 72
     1
 10
96.0214035306856
 20
-27.91630057538897
 11
95.93333960046064
 21
-28.04809756084775
 72
     1
 10
95.93333960046064
 20
-28.04809756084775
 11
95.90241566054308
 21
-28.203562705246
 72
     1
 10
95.90241566054308
 20
-28.203562705246
 11
95.93333960046064
 21
-28.35902784964425
 72
     1
 10
95.93333960046064
 20
-28.35902784964425
 11
96.0214035306856
 21
-28.49082483510303
 72
     1
 10
96.0214035306856
 20
-28.49082483510303
 11
96.15320051614461
 21
-28.57888876532867
 72
     1
 10
96.15320051614461
 20
-28.57888876532867
 11
96.30866566054308
 21
-28.609812705246
 72
     1
 10
96.30866566054308
 20
-28.609812705246
 11
96.49616566054308
 21
-28.609812705246
 72
     1
 10
96.49616566054308
 20
-28.609812705246
 11
96.49616566054308
 21
-28.609812705246
 97
        1
330
671
 75
     0
 76
     1
 98
        0
  0
LWPOLYLINE
  5
673
102
{ACAD_REACTORS
330
674
102
}
330
1F
100
AcDbEntity
  8
OUTLINE
  6
CONTINUOUS
 62
     1
100
AcDbPolyline
 90
       19
 70
     1
 43
0.0
 10
96.496165661
 20
-31.609812705
 10
96.651630805
 20
-31.578888765
 10
96.78342779
 20
-31.490824835
 10
96.871491721
 20
-31.35902785
 10
96.902415661
 20
-31.203562705
 10
96.871491721
 20
-31.048097561
 10
96.78342779
 20
-30.916300575
 10
96.651630805
 20
-30.828236645
 10
96.496165661
 20
-30.797312705
 10
96.308665661
 20
-30.797312705
 10
96.153200516
 20
-30.828236645
 10
96.021403531
 20
-30.916300575
 10
95.9333396
 20
-31.048097561
 10
95.902415661
 20
-31.203562705
 10
95.9333396
 20
-31.35902785
 10
96.021403531
 20
-31.490824835
 10
96.153200516
 20
-31.578888765
 10
96.308665661
 20
-31.609812705
 10
96.496165661
 20
-31.609812705
  0
HATCH
  5
674
330
1F
100
AcDbEntity
  8
0
 62
     3
100
AcDbHatch
 10
0.0
 20
0.0
 30
0.0
210
0.0
220
0.0
230
1.0
  2
SOLID
 70
     1
 71
     1
 91
        1
 92
       16
 93
       19
 72
     1
 10
96.49616566054308
 20
-31.609812705246
 11
96.65163080494156
 21
-31.57888876532867
 72
     1
 10
96.65163080494156
 20
-31.57888876532867
 11
96.78342779040057
 21
-31.49082483510303
 72
     1
 10
96.78342779040057
 20
-31.49082483510303
 11
96.87149172062553
 21
-31.35902784964425
 72
     1
 10
96.87149172062553
 20
-31.35902784964425
 11
96.90241566054308
 21
-31.203562705246
 72
     1
 10
96.90241566054308
 20
-31.203562705246
 11
96.87149172062553
 21
-31.04809756084775
 72
     1
 10
96.87149172062553
 20
-31.04809756084775
 11
96.78342779040057
 21
-30.91630057538897
 72
     1
 10
96.78342779040057
 20
-30.91630057538897
 11
96.65163080494156
 21
-30.82823664516333
 72
     1
 10
96.65163080494156
 20
-30.82823664516333
 11
96.49616566054308
 21
-30.797312705246
 72
     1
 10
96.49616566054308
 20
-30.797312705246
 11
96.30866566054308
 21
-30.797312705246
 72
     1
 10
96.30866566054308
 20
-30.797312705246
 11
96.15320051614461
 21
-30.82823664516333
 72
     1
 10
96.15320051614461
 20
-30.82823664516333
 11
96.0214035306856
 21
-30.91630057538897
 72
     1
 10
96.0214035306856
 20
-30.91630057538897
 11
95.93333960046064
 21
-31.04809756084775
 72
     1
 10
95.93333960046064
 20
-31.04809756084775
 11
95.90241566054308
 21
-31.203562705246
 72
     1
 10
95.90241566054308
 20
-31.203562705246
 11
95.93333960046064
 21
-31.35902784964425
 72
     1
 10
95.93333960046064
 20
-31.35902784964425
 11
96.0214035306856
 21
-31.49082483510303
 72
     1
 10
96.0214035306856
 20
-31.49082483510303
 11
96.15320051614461
 21
-31.57888876532867
 72
     1
 10
96.15320051614461
 20
-31.57888876532867
 11
96.30866566054308
 21
-31.609812705246
 72
     1
 10
96.30866566054308
 20
-31.609812705246
 11
96.49616566054308
 21
-31.609812705246
 72
     1
 10
96.49616566054308
 20
-31.609812705246
 11
96.49616566054308
 21
-31.609812705246
 97
        1
330
673
 75
     0
 76
     1
 98
        0
  0
LWPOLYLINE
  5
675
102
{ACAD_REACTORS
330
676
102
}
330
1F
100
AcDbEntity
  8
OUTLINE
  6
CONTINUOUS
 62
     1
100
AcDbPolyline
 90
       19
 70
     1
 43
0.0
 10
91.221165661
 20
26.761744688
 10
91.376630805
 20
26.792668628
 10
91.50842779
 20
26.880732558
 10
91.596491721
 20
27.012529544
 10
91.627415661
 20
27.167994688
 10
91.596491721
 20
27.323459833
 10
91.50842779
 20
27.455256818
 10
91.376630805
 20
27.543320748
 10
91.221165661
 20
27.574244688
 10
91.033665661
 20
27.574244688
 10
90.878200516
 20
27.543320748
 10
90.746403531
 20
27.455256818
 10
90.6583396
 20
27.323459833
 10
90.627415661
 20
27.167994688
 10
90.6583396
 20
27.012529544
 10
90.746403531
 20
26.880732558
 10
90.878200516
 20
26.792668628
 10
91.033665661
 20
26.761744688
 10
91.221165661
 20
26.761744688
  0
HATCH
  5
676
330
1F
100
AcDbEntity
  8
0
 62
     3
100
AcDbHatch
 10
0.0
 20
0.0
 30
0.0
210
0.0
220
0.0
230
1.0
  2
SOLID
 70
     1
 71
     1
 91
        1
 92
       16
 93
       19
 72
     1
 10
91.22116566054345
 20
26.76174468829097
 11
91.37663080494193
 21
26.7926686282083
 72
     1
 10
91.37663080494193
 20
26.7926686282083
 11
91.50842779040093
 21
26.88073255843395
 72
     1
 10
91.50842779040093
 20
26.88073255843395
 11
91.59649172062589
 21
27.01252954389273
 72
     1
 10
91.59649172062589
 20
27.01252954389273
 11
91.62741566054345
 21
27.16799468829097
 72
     1
 10
91.62741566054345
 20
27.16799468829097
 11
91.59649172062589
 21
27.32345983268922
 72
     1
 10
91.59649172062589
 20
27.32345983268922
 11
91.50842779040093
 21
27.455256818148
 72
     1
 10
91.50842779040093
 20
27.455256818148
 11
91.37663080494193
 21
27.54332074837365
 72
     1
 10
91.37663080494193
 20
27.54332074837365
 11
91.22116566054345
 21
27.57424468829097
 72
     1
 10
91.22116566054345
 20
27.57424468829097
 11
91.03366566054345
 21
27.57424468829097
 72
     1
 10
91.03366566054345
 20
27.57424468829097
 11
90.87820051614497
 21
27.54332074837365
 72
     1
 10
90.87820051614497
 20
27.54332074837365
 11
90.74640353068597
 21
27.455256818148
 72
     1
 10
90.74640353068597
 20
27.455256818148
 11
90.658339600461
 21
27.32345983268922
 72
     1
 10
90.658339600461
 20
27.32345983268922
 11
90.62741566054345
 21
27.16799468829097
 72
     1
 10
90.62741566054345
 20
27.16799468829097
 11
90.658339600461
 21
27.01252954389273
 72
     1
 10
90.658339600461
 20
27.01252954389273
 11
90.74640353068597
 21
26.88073255843395
 72
     1
 10
90.74640353068597
 20
26.88073255843395
 11
90.87820051614497
 21
26.7926686282083
 72
     1
 10
90.87820051614497
 20
26.7926686282083
 11
91.03366566054345
 21
26.76174468829097
 72
     1
 10
91.03366566054345
 20
26.76174468829097
 11
91.22116566054345
 21
26.76174468829097
 72
     1
 10
91.22116566054345
 20
26.76174468829097
 11
91.22116566054345
 21
26.76174468829097
 97
        1
330
675
 75
     0
 76
     1
 98
        0
  0
LWPOLYLINE
  5
677
102
{ACAD_REACTORS
330
678
102
}
330
1F
100
AcDbEntity
  8
OUTLINE
  6
CONTINUOUS
 62
     1
100
AcDbPolyline
 90
       19
 70
     1
 43
0.0
 10
91.221165661
 20
23.761744688
 10
91.376630805
 20
23.792668628
 10
91.50842779
 20
23.880732558
 10
91.596491721
 20
24.012529544
 10
91.627415661
 20
24.167994688
 10
91.596491721
 20
24.323459833
 10
91.50842779
 20
24.455256818
 10
91.376630805
 20
24.543320748
 10
91.221165661
 20
24.574244688
 10
91.033665661
 20
24.574244688
 10
90.878200516
 20
24.543320748
 10
90.746403531
 20
24.455256818
 10
90.6583396
 20
24.323459833
 10
90.627415661
 20
24.167994688
 10
90.6583396
 20
24.012529544
 10
90.746403531
 20
23.880732558
 10
90.878200516
 20
23.792668628
 10
91.033665661
 20
23.761744688
 10
91.221165661
 20
23.761744688
  0
HATCH
  5
678
330
1F
100
AcDbEntity
  8
0
 62
     3
100
AcDbHatch
 10
0.0
 20
0.0
 30
0.0
210
0.0
220
0.0
230
1.0
  2
SOLID
 70
     1
 71
     1
 91
        1
 92
       16
 93
       19
 72
     1
 10
91.22116566054345
 20
23.76174468829097
 11
91.37663080494193
 21
23.7926686282083
 72
     1
 10
91.37663080494193
 20
23.7926686282083
 11
91.50842779040093
 21
23.88073255843395
 72
     1
 10
91.50842779040093
 20
23.88073255843395
 11
91.59649172062589
 21
24.01252954389273
 72
     1
 10
91.59649172062589
 20
24.01252954389273
 11
91.62741566054345
 21
24.16799468829097
 72
     1
 10
91.62741566054345
 20
24.16799468829097
 11
91.59649172062589
 21
24.32345983268922
 72
     1
 10
91.59649172062589
 20
24.32345983268922
 11
91.50842779040093
 21
24.455256818148
 72
     1
 10
91.50842779040093
 20
24.455256818148
 11
91.37663080494193
 21
24.54332074837365
 72
     1
 10
91.37663080494193
 20
24.54332074837365
 11
91.22116566054345
 21
24.57424468829097
 72
     1
 10
91.22116566054345
 20
24.57424468829097
 11
91.03366566054345
 21
24.57424468829097
 72
     1
 10
91.03366566054345
 20
24.57424468829097
 11
90.87820051614497
 21
24.54332074837365
 72
     1
 10
90.87820051614497
 20
24.54332074837365
 11
90.74640353068597
 21
24.455256818148
 72
     1
 10
90.74640353068597
 20
24.455256818148
 11
90.658339600461
 21
24.32345983268922
 72
     1
 10
90.658339600461
 20
24.32345983268922
 11
90.62741566054345
 21
24.16799468829097
 72
     1
 10
90.62741566054345
 20
24.16799468829097
 11
90.658339600461
 21
24.01252954389273
 72
     1
 10
90.658339600461
 20
24.01252954389273
 11
90.74640353068597
 21
23.88073255843395
 72
     1
 10
90.74640353068597
 20
23.88073255843395
 11
90.87820051614497
 21
23.7926686282083
 72
     1
 10
90.87820051614497
 20
23.7926686282083
 11
91.03366566054345
 21
23.76174468829097
 72
     1
 10
91.03366566054345
 20
23.76174468829097
 11
91.22116566054345
 21
23.76174468829097
 72
     1
 10
91.22116566054345
 20
23.76174468829097
 11
91.22116566054345
 21
23.76174468829097
 97
        1
330
677
 75
     0
 76
     1
 98
        0
  0
LWPOLYLINE
  5
679
102
{ACAD_REACTORS
330
67A
102
}
330
1F
100
AcDbEntity
  8
OUTLINE
  6
CONTINUOUS
 62
     1
100
AcDbPolyline
 90
       19
 70
     1
 43
0.0
 10
91.221165661
 20
20.761744688
 10
91.376630805
 20
20.792668628
 10
91.50842779
 20
20.880732558
 10
91.596491721
 20
21.012529544
 10
91.627415661
 20
21.167994688
 10
91.596491721
 20
21.323459833
 10
91.50842779
 20
21.455256818
 10
91.376630805
 20
21.543320748
 10
91.221165661
 20
21.574244688
 10
91.033665661
 20
21.574244688
 10
90.878200516
 20
21.543320748
 10
90.746403531
 20
21.455256818
 10
90.6583396
 20
21.323459833
 10
90.627415661
 20
21.167994688
 10
90.6583396
 20
21.012529544
 10
90.746403531
 20
20.880732558
 10
90.878200516
 20
20.792668628
 10
91.033665661
 20
20.761744688
 10
91.221165661
 20
20.761744688
  0
HATCH
  5
67A
330
1F
100
AcDbEntity
  8
0
 62
     3
100
AcDbHatch
 10
0.0
 20
0.0
 30
0.0
210
0.0
220
0.0
230
1.0
  2
SOLID
 70
     1
 71
     1
 91
        1
 92
       16
 93
       19
 72
     1
 10
91.22116566054345
 20
20.76174468829097
 11
91.37663080494193
 21
20.7926686282083
 72
     1
 10
91.37663080494193
 20
20.7926686282083
 11
91.50842779040093
 21
20.88073255843395
 72
     1
 10
91.50842779040093
 20
20.88073255843395
 11
91.59649172062589
 21
21.01252954389273
 72
     1
 10
91.59649172062589
 20
21.01252954389273
 11
91.62741566054345
 21
21.16799468829097
 72
     1
 10
91.62741566054345
 20
21.16799468829097
 11
91.59649172062589
 21
21.32345983268922
 72
     1
 10
91.59649172062589
 20
21.32345983268922
 11
91.50842779040093
 21
21.455256818148
 72
     1
 10
91.50842779040093
 20
21.455256818148
 11
91.37663080494193
 21
21.54332074837365
 72
     1
 10
91.37663080494193
 20
21.54332074837365
 11
91.22116566054345
 21
21.57424468829097
 72
     1
 10
91.22116566054345
 20
21.57424468829097
 11
91.03366566054345
 21
21.57424468829097
 72
     1
 10
91.03366566054345
 20
21.57424468829097
 11
90.87820051614497
 21
21.54332074837365
 72
     1
 10
90.87820051614497
 20
21.54332074837365
 11
90.74640353068597
 21
21.455256818148
 72
     1
 10
90.74640353068597
 20
21.455256818148
 11
90.658339600461
 21
21.32345983268922
 72
     1
 10
90.658339600461
 20
21.32345983268922
 11
90.62741566054345
 21
21.16799468829097
 72
     1
 10
90.62741566054345
 20
21.16799468829097
 11
90.658339600461
 21
21.01252954389273
 72
     1
 10
90.658339600461
 20
21.01252954389273
 11
90.74640353068597
 21
20.88073255843395
 72
     1
 10
90.74640353068597
 20
20.88073255843395
 11
90.87820051614497
 21
20.7926686282083
 72
     1
 10
90.87820051614497
 20
20.7926686282083
 11
91.03366566054345
 21
20.76174468829097
 72
     1
 10
91.03366566054345
 20
20.76174468829097
 11
91.22116566054345
 21
20.76174468829097
 72
     1
 10
91.22116566054345
 20
20.76174468829097
 11
91.22116566054345
 21
20.76174468829097
 97
        1
330
679
 75
     0
 76
     1
 98
        0
  0
LINE
  5
67B
330
1F
100
AcDbEntity
  8
OUTLINE
  6
SDS2_5
 62
     1
100
AcDbLine
 10
6.5
 20
-21.0
 30
0.0
 11
6.5546875
 21
-21.2890625
 31
0.0
  0
LINE
  5
67C
330
1F
100
AcDbEntity
  8
OUTLINE
  6
SDS2_5
 62
     1
100
AcDbLine
 10
6.5
 20
-21.0
 30
0.0
 11
6.5546875
 21
-21.2890625
 31
0.0
  0
LINE
  5
67D
330
1F
100
AcDbEntity
  8
OUTLINE
  6
SDS2_5
 62
     1
100
AcDbLine
 10
6.5
 20
-21.0
 30
0.0
 11
6.5546875
 21
-20.7109375
 31
0.0
  0
LINE
  5
67E
330
1F
100
AcDbEntity
  8
OUTLINE
  6
SDS2_5
 62
     1
100
AcDbLine
 10
6.5
 20
-21.0
 30
0.0
 11
6.5546875
 21
-20.7109375
 31
0.0
  0
LINE
  5
67F
330
1F
100
AcDbEntity
  8
OUTLINE
  6
CONTINUOUS
 62
     1
100
AcDbLine
 10
6.53125
 20
-21.0
 30
0.0
 11
6.890625
 21
-21.625
 31
0.0
  0
LINE
  5
680
330
1F
100
AcDbEntity
  8
OUTLINE
  6
CONTINUOUS
 62
     1
100
AcDbLine
 10
6.53125
 20
-21.0
 30
0.0
 11
6.890625
 21
-20.375
 31
0.0
  0
LINE
  5
681
330
1F
100
AcDbEntity
  8
OUTLINE
  6
SDS2_5
 62
     1
100
AcDbLine
 10
6.53125
 20
-21.0
 30
0.0
 11
6.890625
 21
-21.625
 31
0.0
  0
LINE
  5
682
330
1F
100
AcDbEntity
  8
OUTLINE
  6
SDS2_5
 62
     1
100
AcDbLine
 10
6.53125
 20
-21.0
 30
0.0
 11
6.890625
 21
-21.625
 31
0.0
  0
LINE
  5
683
330
1F
100
AcDbEntity
  8
OUTLINE
  6
SDS2_5
 62
     1
100
AcDbLine
 10
6.53125
 20
-21.0
 30
0.0
 11
6.890625
 21
-21.625
 31
0.0
  0
LINE
  5
684
330
1F
100
AcDbEntity
  8
OUTLINE
  6
SDS2_5
 62
     1
100
AcDbLine
 10
6.53125
 20
-21.0
 30
0.0
 11
6.890625
 21
-20.375
 31
0.0
  0
LINE
  5
685
330
1F
100
AcDbEntity
  8
OUTLINE
  6
SDS2_5
 62
     1
100
AcDbLine
 10
6.53125
 20
-21.0
 30
0.0
 11
6.890625
 21
-20.375
 31
0.0
  0
LINE
  5
686
330
1F
100
AcDbEntity
  8
OUTLINE
  6
SDS2_5
 62
     1
100
AcDbLine
 10
6.53125
 20
-21.0
 30
0.0
 11
6.890625
 21
-20.375
 31
0.0
  0
LINE
  5
687
330
1F
100
AcDbEntity
  8
OUTLINE
  6
SDS2_5
 62
     1
100
AcDbLine
 10
6.5546875
 20
-21.2890625
 30
0.0
 11
6.71875
 21
-21.53125
 31
0.0
  0
LINE
  5
688
330
1F
100
AcDbEntity
  8
OUTLINE
  6
SDS2_5
 62
     1
100
AcDbLine
 10
6.5546875
 20
-21.2890625
 30
0.0
 11
6.71875
 21
-21.53125
 31
0.0
  0
LINE
  5
689
330
1F
100
AcDbEntity
  8
OUTLINE
  6
SDS2_5
 62
     1
100
AcDbLine
 10
6.5546875
 20
-20.7109375
 30
0.0
 11
6.71875
 21
-20.46875
 31
0.0
  0
LINE
  5
68A
330
1F
100
AcDbEntity
  8
OUTLINE
  6
SDS2_5
 62
     1
100
AcDbLine
 10
6.5546875
 20
-20.7109375
 30
0.0
 11
6.71875
 21
-20.46875
 31
0.0
  0
LINE
  5
68B
330
1F
100
AcDbEntity
  8
OUTLINE
  6
SDS2_5
 62
     1
100
AcDbLine
 10
6.71875
 20
-21.53125
 30
0.0
 11
6.9609375
 21
-21.6953125
 31
0.0
  0
LINE
  5
68C
330
1F
100
AcDbEntity
  8
OUTLINE
  6
SDS2_5
 62
     1
100
AcDbLine
 10
6.71875
 20
-21.53125
 30
0.0
 11
6.9609375
 21
-21.6953125
 31
0.0
  0
LINE
  5
68D
330
1F
100
AcDbEntity
  8
OUTLINE
  6
SDS2_5
 62
     1
100
AcDbLine
 10
6.71875
 20
-20.46875
 30
0.0
 11
6.9609375
 21
-20.3046875
 31
0.0
  0
LINE
  5
68E
330
1F
100
AcDbEntity
  8
OUTLINE
  6
SDS2_5
 62
     1
100
AcDbLine
 10
6.71875
 20
-20.46875
 30
0.0
 11
6.9609375
 21
-20.3046875
 31
0.0
  0
LINE
  5
68F
330
1F
100
AcDbEntity
  8
OUTLINE
  6
SDS2_5
 62
     1
100
AcDbLine
 10
6.875
 20
-21.0
 30
0.0
 11
6.921875
 21
-21.1875
 31
0.0
  0
LINE
  5
690
330
1F
100
AcDbEntity
  8
OUTLINE
  6
SDS2_5
 62
     1
100
AcDbLine
 10
6.875
 20
-21.0
 30
0.0
 11
6.921875
 21
-21.1875
 31
0.0
  0
LINE
  5
691
330
1F
100
AcDbEntity
  8
OUTLINE
  6
SDS2_5
 62
     1
100
AcDbLine
 10
6.875
 20
-21.0
 30
0.0
 11
6.921875
 21
-21.1875
 31
0.0
  0
LINE
  5
692
330
1F
100
AcDbEntity
  8
OUTLINE
  6
SDS2_5
 62
     1
100
AcDbLine
 10
6.875
 20
-21.0
 30
0.0
 11
6.921875
 21
-21.1875
 31
0.0
  0
LINE
  5
693
330
1F
100
AcDbEntity
  8
OUTLINE
  6
SDS2_5
 62
     1
100
AcDbLine
 10
6.875
 20
-21.0
 30
0.0
 11
6.921875
 21
-20.8125
 31
0.0
  0
LINE
  5
694
330
1F
100
AcDbEntity
  8
OUTLINE
  6
SDS2_5
 62
     1
100
AcDbLine
 10
6.875
 20
-21.0
 30
0.0
 11
6.921875
 21
-20.8125
 31
0.0
  0
LINE
  5
695
330
1F
100
AcDbEntity
  8
OUTLINE
  6
SDS2_5
 62
     1
100
AcDbLine
 10
6.875
 20
-21.0
 30
0.0
 11
6.921875
 21
-20.8125
 31
0.0
  0
LINE
  5
696
330
1F
100
AcDbEntity
  8
OUTLINE
  6
SDS2_5
 62
     1
100
AcDbLine
 10
6.875
 20
-21.0
 30
0.0
 11
6.921875
 21
-20.8125
 31
0.0
  0
LINE
  5
697
330
1F
100
AcDbEntity
  8
OUTLINE
  6
CONTINUOUS
 62
     1
100
AcDbLine
 10
6.890625
 20
-21.625
 30
0.0
 11
7.609375
 21
-21.625
 31
0.0
  0
LINE
  5
698
330
1F
100
AcDbEntity
  8
OUTLINE
  6
SDS2_5
 62
     1
100
AcDbLine
 10
6.890625
 20
-21.625
 30
0.0
 11
7.609375
 21
-21.625
 31
0.0
  0
LINE
  5
699
330
1F
100
AcDbEntity
  8
OUTLINE
  6
SDS2_5
 62
     1
100
AcDbLine
 10
6.890625
 20
-21.625
 30
0.0
 11
7.609375
 21
-21.625
 31
0.0
  0
LINE
  5
69A
330
1F
100
AcDbEntity
  8
OUTLINE
  6
SDS2_5
 62
     1
100
AcDbLine
 10
6.890625
 20
-21.625
 30
0.0
 11
7.609375
 21
-21.625
 31
0.0
  0
LINE
  5
69B
330
1F
100
AcDbEntity
  8
OUTLINE
  6
CONTINUOUS
 62
     1
100
AcDbLine
 10
6.890625
 20
-20.375
 30
0.0
 11
7.609375
 21
-20.375
 31
0.0
  0
LINE
  5
69C
330
1F
100
AcDbEntity
  8
OUTLINE
  6
SDS2_5
 62
     1
100
AcDbLine
 10
6.890625
 20
-20.375
 30
0.0
 11
7.609375
 21
-20.375
 31
0.0
  0
LINE
  5
69D
330
1F
100
AcDbEntity
  8
OUTLINE
  6
SDS2_5
 62
     1
100
AcDbLine
 10
6.890625
 20
-20.375
 30
0.0
 11
7.609375
 21
-20.375
 31
0.0
  0
LINE
  5
69E
330
1F
100
AcDbEntity
  8
OUTLINE
  6
SDS2_5
 62
     1
100
AcDbLine
 10
6.890625
 20
-20.375
 30
0.0
 11
7.609375
 21
-20.375
 31
0.0
  0
LINE
  5
69F
330
1F
100
AcDbEntity
  8
OUTLINE
  6
SDS2_5
 62
     1
100
AcDbLine
 10
6.921875
 20
-21.1875
 30
0.0
 11
7.0625
 21
-21.328125
 31
0.0
  0
LINE
  5
6A0
330
1F
100
AcDbEntity
  8
OUTLINE
  6
SDS2_5
 62
     1
100
AcDbLine
 10
6.921875
 20
-21.1875
 30
0.0
 11
7.0625
 21
-21.328125
 31
0.0
  0
LINE
  5
6A1
330
1F
100
AcDbEntity
  8
OUTLINE
  6
SDS2_5
 62
     1
100
AcDbLine
 10
6.921875
 20
-21.1875
 30
0.0
 11
7.0625
 21
-21.328125
 31
0.0
  0
LINE
  5
6A2
330
1F
100
AcDbEntity
  8
OUTLINE
  6
SDS2_5
 62
     1
100
AcDbLine
 10
6.921875
 20
-21.1875
 30
0.0
 11
7.0625
 21
-21.328125
 31
0.0
  0
LINE
  5
6A3
330
1F
100
AcDbEntity
  8
OUTLINE
  6
SDS2_5
 62
     1
100
AcDbLine
 10
6.921875
 20
-20.8125
 30
0.0
 11
7.0625
 21
-20.671875
 31
0.0
  0
LINE
  5
6A4
330
1F
100
AcDbEntity
  8
OUTLINE
  6
SDS2_5
 62
     1
100
AcDbLine
 10
6.921875
 20
-20.8125
 30
0.0
 11
7.0625
 21
-20.671875
 31
0.0
  0
LINE
  5
6A5
330
1F
100
AcDbEntity
  8
OUTLINE
  6
SDS2_5
 62
     1
100
AcDbLine
 10
6.921875
 20
-20.8125
 30
0.0
 11
7.0625
 21
-20.671875
 31
0.0
  0
LINE
  5
6A6
330
1F
100
AcDbEntity
  8
OUTLINE
  6
SDS2_5
 62
     1
100
AcDbLine
 10
6.921875
 20
-20.8125
 30
0.0
 11
7.0625
 21
-20.671875
 31
0.0
  0
LINE
  5
6A7
330
1F
100
AcDbEntity
  8
OUTLINE
  6
SDS2_5
 62
     1
100
AcDbLine
 10
6.9609375
 20
-21.6953125
 30
0.0
 11
7.25
 21
-21.75
 31
0.0
  0
LINE
  5
6A8
330
1F
100
AcDbEntity
  8
OUTLINE
  6
SDS2_5
 62
     1
100
AcDbLine
 10
6.9609375
 20
-21.6953125
 30
0.0
 11
7.25
 21
-21.75
 31
0.0
  0
LINE
  5
6A9
330
1F
100
AcDbEntity
  8
OUTLINE
  6
SDS2_5
 62
     1
100
AcDbLine
 10
6.9609375
 20
-20.3046875
 30
0.0
 11
7.25
 21
-20.25
 31
0.0
  0
LINE
  5
6AA
330
1F
100
AcDbEntity
  8
OUTLINE
  6
SDS2_5
 62
     1
100
AcDbLine
 10
6.9609375
 20
-20.3046875
 30
0.0
 11
7.25
 21
-20.25
 31
0.0
  0
LINE
  5
6AB
330
1F
100
AcDbEntity
  8
OUTLINE
  6
SDS2_5
 62
     1
100
AcDbLine
 10
7.0625
 20
-21.328125
 30
0.0
 11
7.25
 21
-21.375
 31
0.0
  0
LINE
  5
6AC
330
1F
100
AcDbEntity
  8
OUTLINE
  6
SDS2_5
 62
     1
100
AcDbLine
 10
7.0625
 20
-21.328125
 30
0.0
 11
7.25
 21
-21.375
 31
0.0
  0
LINE
  5
6AD
330
1F
100
AcDbEntity
  8
OUTLINE
  6
SDS2_5
 62
     1
100
AcDbLine
 10
7.0625
 20
-21.328125
 30
0.0
 11
7.25
 21
-21.375
 31
0.0
  0
LINE
  5
6AE
330
1F
100
AcDbEntity
  8
OUTLINE
  6
SDS2_5
 62
     1
100
AcDbLine
 10
7.0625
 20
-21.328125
 30
0.0
 11
7.25
 21
-21.375
 31
0.0
  0
LINE
  5
6AF
330
1F
100
AcDbEntity
  8
OUTLINE
  6
SDS2_5
 62
     1
100
AcDbLine
 10
7.0625
 20
-20.671875
 30
0.0
 11
7.25
 21
-20.625
 31
0.0
  0
LINE
  5
6B0
330
1F
100
AcDbEntity
  8
OUTLINE
  6
SDS2_5
 62
     1
100
AcDbLine
 10
7.0625
 20
-20.671875
 30
0.0
 11
7.25
 21
-20.625
 31
0.0
  0
LINE
  5
6B1
330
1F
100
AcDbEntity
  8
OUTLINE
  6
SDS2_5
 62
     1
100
AcDbLine
 10
7.0625
 20
-20.671875
 30
0.0
 11
7.25
 21
-20.625
 31
0.0
  0
LINE
  5
6B2
330
1F
100
AcDbEntity
  8
OUTLINE
  6
SDS2_5
 62
     1
100
AcDbLine
 10
7.0625
 20
-20.671875
 30
0.0
 11
7.25
 21
-20.625
 31
0.0
  0
LINE
  5
6B3
330
1F
100
AcDbEntity
  8
OUTLINE
  6
SDS2_5
 62
     1
100
AcDbLine
 10
7.25
 20
-21.75
 30
0.0
 11
7.5390625
 21
-21.6953125
 31
0.0
  0
LINE
  5
6B4
330
1F
100
AcDbEntity
  8
OUTLINE
  6
SDS2_5
 62
     1
100
AcDbLine
 10
7.25
 20
-21.75
 30
0.0
 11
7.5390625
 21
-21.6953125
 31
0.0
  0
LINE
  5
6B5
330
1F
100
AcDbEntity
  8
OUTLINE
  6
SDS2_5
 62
     1
100
AcDbLine
 10
7.25
 20
-21.375
 30
0.0
 11
7.4375
 21
-21.328125
 31
0.0
  0
LINE
  5
6B6
330
1F
100
AcDbEntity
  8
OUTLINE
  6
SDS2_5
 62
     1
100
AcDbLine
 10
7.25
 20
-21.375
 30
0.0
 11
7.4375
 21
-21.328125
 31
0.0
  0
LINE
  5
6B7
330
1F
100
AcDbEntity
  8
OUTLINE
  6
SDS2_5
 62
     1
100
AcDbLine
 10
7.25
 20
-21.375
 30
0.0
 11
7.4375
 21
-21.328125
 31
0.0
  0
LINE
  5
6B8
330
1F
100
AcDbEntity
  8
OUTLINE
  6
SDS2_5
 62
     1
100
AcDbLine
 10
7.25
 20
-21.375
 30
0.0
 11
7.4375
 21
-21.328125
 31
0.0
  0
LINE
  5
6B9
330
1F
100
AcDbEntity
  8
OUTLINE
  6
SDS2_5
 62
     1
100
AcDbLine
 10
7.25
 20
-20.625
 30
0.0
 11
7.4375
 21
-20.671875
 31
0.0
  0
LINE
  5
6BA
330
1F
100
AcDbEntity
  8
OUTLINE
  6
SDS2_5
 62
     1
100
AcDbLine
 10
7.25
 20
-20.625
 30
0.0
 11
7.4375
 21
-20.671875
 31
0.0
  0
LINE
  5
6BB
330
1F
100
AcDbEntity
  8
OUTLINE
  6
SDS2_5
 62
     1
100
AcDbLine
 10
7.25
 20
-20.625
 30
0.0
 11
7.4375
 21
-20.671875
 31
0.0
  0
LINE
  5
6BC
330
1F
100
AcDbEntity
  8
OUTLINE
  6
SDS2_5
 62
     1
100
AcDbLine
 10
7.25
 20
-20.625
 30
0.0
 11
7.4375
 21
-20.671875
 31
0.0
  0
LINE
  5
6BD
330
1F
100
AcDbEntity
  8
OUTLINE
  6
SDS2_5
 62
     1
100
AcDbLine
 10
7.25
 20
-20.25
 30
0.0
 11
7.5390625
 21
-20.3046875
 31
0.0
  0
LINE
  5
6BE
330
1F
100
AcDbEntity
  8
OUTLINE
  6
SDS2_5
 62
     1
100
AcDbLine
 10
7.25
 20
-20.25
 30
0.0
 11
7.5390625
 21
-20.3046875
 31
0.0
  0
LINE
  5
6BF
330
1F
100
AcDbEntity
  8
OUTLINE
  6
SDS2_5
 62
     1
100
AcDbLine
 10
7.4375
 20
-21.328125
 30
0.0
 11
7.578125
 21
-21.1875
 31
0.0
  0
LINE
  5
6C0
330
1F
100
AcDbEntity
  8
OUTLINE
  6
SDS2_5
 62
     1
100
AcDbLine
 10
7.4375
 20
-21.328125
 30
0.0
 11
7.578125
 21
-21.1875
 31
0.0
  0
LINE
  5
6C1
330
1F
100
AcDbEntity
  8
OUTLINE
  6
SDS2_5
 62
     1
100
AcDbLine
 10
7.4375
 20
-21.328125
 30
0.0
 11
7.578125
 21
-21.1875
 31
0.0
  0
LINE
  5
6C2
330
1F
100
AcDbEntity
  8
OUTLINE
  6
SDS2_5
 62
     1
100
AcDbLine
 10
7.4375
 20
-21.328125
 30
0.0
 11
7.578125
 21
-21.1875
 31
0.0
  0
LINE
  5
6C3
330
1F
100
AcDbEntity
  8
OUTLINE
  6
SDS2_5
 62
     1
100
AcDbLine
 10
7.4375
 20
-20.671875
 30
0.0
 11
7.578125
 21
-20.8125
 31
0.0
  0
LINE
  5
6C4
330
1F
100
AcDbEntity
  8
OUTLINE
  6
SDS2_5
 62
     1
100
AcDbLine
 10
7.4375
 20
-20.671875
 30
0.0
 11
7.578125
 21
-20.8125
 31
0.0
  0
LINE
  5
6C5
330
1F
100
AcDbEntity
  8
OUTLINE
  6
SDS2_5
 62
     1
100
AcDbLine
 10
7.4375
 20
-20.671875
 30
0.0
 11
7.578125
 21
-20.8125
 31
0.0
  0
LINE
  5
6C6
330
1F
100
AcDbEntity
  8
OUTLINE
  6
SDS2_5
 62
     1
100
AcDbLine
 10
7.4375
 20
-20.671875
 30
0.0
 11
7.578125
 21
-20.8125
 31
0.0
  0
LINE
  5
6C7
330
1F
100
AcDbEntity
  8
OUTLINE
  6
SDS2_5
 62
     1
100
AcDbLine
 10
7.5390625
 20
-21.6953125
 30
0.0
 11
7.78125
 21
-21.53125
 31
0.0
  0
LINE
  5
6C8
330
1F
100
AcDbEntity
  8
OUTLINE
  6
SDS2_5
 62
     1
100
AcDbLine
 10
7.5390625
 20
-21.6953125
 30
0.0
 11
7.78125
 21
-21.53125
 31
0.0
  0
LINE
  5
6C9
330
1F
100
AcDbEntity
  8
OUTLINE
  6
SDS2_5
 62
     1
100
AcDbLine
 10
7.5390625
 20
-20.3046875
 30
0.0
 11
7.78125
 21
-20.46875
 31
0.0
  0
LINE
  5
6CA
330
1F
100
AcDbEntity
  8
OUTLINE
  6
SDS2_5
 62
     1
100
AcDbLine
 10
7.5390625
 20
-20.3046875
 30
0.0
 11
7.78125
 21
-20.46875
 31
0.0
  0
LINE
  5
6CB
330
1F
100
AcDbEntity
  8
OUTLINE
  6
SDS2_5
 62
     1
100
AcDbLine
 10
7.578125
 20
-21.1875
 30
0.0
 11
7.625
 21
-21.0
 31
0.0
  0
LINE
  5
6CC
330
1F
100
AcDbEntity
  8
OUTLINE
  6
SDS2_5
 62
     1
100
AcDbLine
 10
7.578125
 20
-21.1875
 30
0.0
 11
7.625
 21
-21.0
 31
0.0
  0
LINE
  5
6CD
330
1F
100
AcDbEntity
  8
OUTLINE
  6
SDS2_5
 62
     1
100
AcDbLine
 10
7.578125
 20
-21.1875
 30
0.0
 11
7.625
 21
-21.0
 31
0.0
  0
LINE
  5
6CE
330
1F
100
AcDbEntity
  8
OUTLINE
  6
SDS2_5
 62
     1
100
AcDbLine
 10
7.578125
 20
-21.1875
 30
0.0
 11
7.625
 21
-21.0
 31
0.0
  0
LINE
  5
6CF
330
1F
100
AcDbEntity
  8
OUTLINE
  6
SDS2_5
 62
     1
100
AcDbLine
 10
7.578125
 20
-20.8125
 30
0.0
 11
7.625
 21
-21.0
 31
0.0
  0
LINE
  5
6D0
330
1F
100
AcDbEntity
  8
OUTLINE
  6
SDS2_5
 62
     1
100
AcDbLine
 10
7.578125
 20
-20.8125
 30
0.0
 11
7.625
 21
-21.0
 31
0.0
  0
LINE
  5
6D1
330
1F
100
AcDbEntity
  8
OUTLINE
  6
SDS2_5
 62
     1
100
AcDbLine
 10
7.578125
 20
-20.8125
 30
0.0
 11
7.625
 21
-21.0
 31
0.0
  0
LINE
  5
6D2
330
1F
100
AcDbEntity
  8
OUTLINE
  6
SDS2_5
 62
     1
100
AcDbLine
 10
7.578125
 20
-20.8125
 30
0.0
 11
7.625
 21
-21.0
 31
0.0
  0
LINE
  5
6D3
330
1F
100
AcDbEntity
  8
OUTLINE
  6
CONTINUOUS
 62
     1
100
AcDbLine
 10
7.609375
 20
-21.625
 30
0.0
 11
7.96875
 21
-21.0
 31
0.0
  0
LINE
  5
6D4
330
1F
100
AcDbEntity
  8
OUTLINE
  6
SDS2_5
 62
     1
100
AcDbLine
 10
7.609375
 20
-21.625
 30
0.0
 11
7.96875
 21
-21.0
 31
0.0
  0
LINE
  5
6D5
330
1F
100
AcDbEntity
  8
OUTLINE
  6
SDS2_5
 62
     1
100
AcDbLine
 10
7.609375
 20
-21.625
 30
0.0
 11
7.96875
 21
-21.0
 31
0.0
  0
LINE
  5
6D6
330
1F
100
AcDbEntity
  8
OUTLINE
  6
SDS2_5
 62
     1
100
AcDbLine
 10
7.609375
 20
-21.625
 30
0.0
 11
7.96875
 21
-21.0
 31
0.0
  0
LINE
  5
6D7
330
1F
100
AcDbEntity
  8
OUTLINE
  6
CONTINUOUS
 62
     1
100
AcDbLine
 10
7.609375
 20
-20.375
 30
0.0
 11
7.96875
 21
-21.0
 31
0.0
  0
LINE
  5
6D8
330
1F
100
AcDbEntity
  8
OUTLINE
  6
SDS2_5
 62
     1
100
AcDbLine
 10
7.609375
 20
-20.375
 30
0.0
 11
7.96875
 21
-21.0
 31
0.0
  0
LINE
  5
6D9
330
1F
100
AcDbEntity
  8
OUTLINE
  6
SDS2_5
 62
     1
100
AcDbLine
 10
7.609375
 20
-20.375
 30
0.0
 11
7.96875
 21
-21.0
 31
0.0
  0
LINE
  5
6DA
330
1F
100
AcDbEntity
  8
OUTLINE
  6
SDS2_5
 62
     1
100
AcDbLine
 10
7.609375
 20
-20.375
 30
0.0
 11
7.96875
 21
-21.0
 31
0.0
  0
LINE
  5
6DB
330
1F
100
AcDbEntity
  8
OUTLINE
  6
SDS2_5
 62
     1
100
AcDbLine
 10
7.78125
 20
-21.53125
 30
0.0
 11
7.9453125
 21
-21.2890625
 31
0.0
  0
LINE
  5
6DC
330
1F
100
AcDbEntity
  8
OUTLINE
  6
SDS2_5
 62
     1
100
AcDbLine
 10
7.78125
 20
-21.53125
 30
0.0
 11
7.9453125
 21
-21.2890625
 31
0.0
  0
LINE
  5
6DD
330
1F
100
AcDbEntity
  8
OUTLINE
  6
SDS2_5
 62
     1
100
AcDbLine
 10
7.78125
 20
-20.46875
 30
0.0
 11
7.9453125
 21
-20.7109375
 31
0.0
  0
LINE
  5
6DE
330
1F
100
AcDbEntity
  8
OUTLINE
  6
SDS2_5
 62
     1
100
AcDbLine
 10
7.78125
 20
-20.46875
 30
0.0
 11
7.9453125
 21
-20.7109375
 31
0.0
  0
LINE
  5
6DF
330
1F
100
AcDbEntity
  8
OUTLINE
  6
SDS2_5
 62
     1
100
AcDbLine
 10
7.9453125
 20
-21.2890625
 30
0.0
 11
8.0
 21
-21.0
 31
0.0
  0
LINE
  5
6E0
330
1F
100
AcDbEntity
  8
OUTLINE
  6
SDS2_5
 62
     1
100
AcDbLine
 10
7.9453125
 20
-21.2890625
 30
0.0
 11
8.0
 21
-21.0
 31
0.0
  0
LINE
  5
6E1
330
1F
100
AcDbEntity
  8
OUTLINE
  6
SDS2_5
 62
     1
100
AcDbLine
 10
7.9453125
 20
-20.7109375
 30
0.0
 11
8.0
 21
-21.0
 31
0.0
  0
LINE
  5
6E2
330
1F
100
AcDbEntity
  8
OUTLINE
  6
SDS2_5
 62
     1
100
AcDbLine
 10
7.9453125
 20
-20.7109375
 30
0.0
 11
8.0
 21
-21.0
 31
0.0
  0
LINE
  5
6E3
330
1F
100
AcDbEntity
  8
OUTLINE
  6
SDS2_5
 62
     1
100
AcDbLine
 10
6.5
 20
-18.0
 30
0.0
 11
6.5546875
 21
-18.2890625
 31
0.0
  0
LINE
  5
6E4
330
1F
100
AcDbEntity
  8
OUTLINE
  6
SDS2_5
 62
     1
100
AcDbLine
 10
6.5
 20
-18.0
 30
0.0
 11
6.5546875
 21
-18.2890625
 31
0.0
  0
LINE
  5
6E5
330
1F
100
AcDbEntity
  8
OUTLINE
  6
SDS2_5
 62
     1
100
AcDbLine
 10
6.5
 20
-18.0
 30
0.0
 11
6.5546875
 21
-17.7109375
 31
0.0
  0
LINE
  5
6E6
330
1F
100
AcDbEntity
  8
OUTLINE
  6
SDS2_5
 62
     1
100
AcDbLine
 10
6.5
 20
-18.0
 30
0.0
 11
6.5546875
 21
-17.7109375
 31
0.0
  0
LINE
  5
6E7
330
1F
100
AcDbEntity
  8
OUTLINE
  6
CONTINUOUS
 62
     1
100
AcDbLine
 10
6.53125
 20
-18.0
 30
0.0
 11
6.890625
 21
-18.625
 31
0.0
  0
LINE
  5
6E8
330
1F
100
AcDbEntity
  8
OUTLINE
  6
CONTINUOUS
 62
     1
100
AcDbLine
 10
6.53125
 20
-18.0
 30
0.0
 11
6.890625
 21
-17.375
 31
0.0
  0
LINE
  5
6E9
330
1F
100
AcDbEntity
  8
OUTLINE
  6
SDS2_5
 62
     1
100
AcDbLine
 10
6.53125
 20
-18.0
 30
0.0
 11
6.890625
 21
-18.625
 31
0.0
  0
LINE
  5
6EA
330
1F
100
AcDbEntity
  8
OUTLINE
  6
SDS2_5
 62
     1
100
AcDbLine
 10
6.53125
 20
-18.0
 30
0.0
 11
6.890625
 21
-18.625
 31
0.0
  0
LINE
  5
6EB
330
1F
100
AcDbEntity
  8
OUTLINE
  6
SDS2_5
 62
     1
100
AcDbLine
 10
6.53125
 20
-18.0
 30
0.0
 11
6.890625
 21
-18.625
 31
0.0
  0
LINE
  5
6EC
330
1F
100
AcDbEntity
  8
OUTLINE
  6
SDS2_5
 62
     1
100
AcDbLine
 10
6.53125
 20
-18.0
 30
0.0
 11
6.890625
 21
-17.375
 31
0.0
  0
LINE
  5
6ED
330
1F
100
AcDbEntity
  8
OUTLINE
  6
SDS2_5
 62
     1
100
AcDbLine
 10
6.53125
 20
-18.0
 30
0.0
 11
6.890625
 21
-17.375
 31
0.0
  0
LINE
  5
6EE
330
1F
100
AcDbEntity
  8
OUTLINE
  6
SDS2_5
 62
     1
100
AcDbLine
 10
6.53125
 20
-18.0
 30
0.0
 11
6.890625
 21
-17.375
 31
0.0
  0
LINE
  5
6EF
330
1F
100
AcDbEntity
  8
OUTLINE
  6
SDS2_5
 62
     1
100
AcDbLine
 10
6.5546875
 20
-18.2890625
 30
0.0
 11
6.71875
 21
-18.53125
 31
0.0
  0
LINE
  5
6F0
330
1F
100
AcDbEntity
  8
OUTLINE
  6
SDS2_5
 62
     1
100
AcDbLine
 10
6.5546875
 20
-18.2890625
 30
0.0
 11
6.71875
 21
-18.53125
 31
0.0
  0
LINE
  5
6F1
330
1F
100
AcDbEntity
  8
OUTLINE
  6
SDS2_5
 62
     1
100
AcDbLine
 10
6.5546875
 20
-17.7109375
 30
0.0
 11
6.71875
 21
-17.46875
 31
0.0
  0
LINE
  5
6F2
330
1F
100
AcDbEntity
  8
OUTLINE
  6
SDS2_5
 62
     1
100
AcDbLine
 10
6.5546875
 20
-17.7109375
 30
0.0
 11
6.71875
 21
-17.46875
 31
0.0
  0
LINE
  5
6F3
330
1F
100
AcDbEntity
  8
OUTLINE
  6
SDS2_5
 62
     1
100
AcDbLine
 10
6.71875
 20
-18.53125
 30
0.0
 11
6.9609375
 21
-18.6953125
 31
0.0
  0
LINE
  5
6F4
330
1F
100
AcDbEntity
  8
OUTLINE
  6
SDS2_5
 62
     1
100
AcDbLine
 10
6.71875
 20
-18.53125
 30
0.0
 11
6.9609375
 21
-18.6953125
 31
0.0
  0
LINE
  5
6F5
330
1F
100
AcDbEntity
  8
OUTLINE
  6
SDS2_5
 62
     1
100
AcDbLine
 10
6.71875
 20
-17.46875
 30
0.0
 11
6.9609375
 21
-17.3046875
 31
0.0
  0
LINE
  5
6F6
330
1F
100
AcDbEntity
  8
OUTLINE
  6
SDS2_5
 62
     1
100
AcDbLine
 10
6.71875
 20
-17.46875
 30
0.0
 11
6.9609375
 21
-17.3046875
 31
0.0
  0
LINE
  5
6F7
330
1F
100
AcDbEntity
  8
OUTLINE
  6
SDS2_5
 62
     1
100
AcDbLine
 10
6.875
 20
-18.0
 30
0.0
 11
6.921875
 21
-18.1875
 31
0.0
  0
LINE
  5
6F8
330
1F
100
AcDbEntity
  8
OUTLINE
  6
SDS2_5
 62
     1
100
AcDbLine
 10
6.875
 20
-18.0
 30
0.0
 11
6.921875
 21
-18.1875
 31
0.0
  0
LINE
  5
6F9
330
1F
100
AcDbEntity
  8
OUTLINE
  6
SDS2_5
 62
     1
100
AcDbLine
 10
6.875
 20
-18.0
 30
0.0
 11
6.921875
 21
-18.1875
 31
0.0
  0
LINE
  5
6FA
330
1F
100
AcDbEntity
  8
OUTLINE
  6
SDS2_5
 62
     1
100
AcDbLine
 10
6.875
 20
-18.0
 30
0.0
 11
6.921875
 21
-18.1875
 31
0.0
  0
LINE
  5
6FB
330
1F
100
AcDbEntity
  8
OUTLINE
  6
SDS2_5
 62
     1
100
AcDbLine
 10
6.875
 20
-18.0
 30
0.0
 11
6.921875
 21
-17.8125
 31
0.0
  0
LINE
  5
6FC
330
1F
100
AcDbEntity
  8
OUTLINE
  6
SDS2_5
 62
     1
100
AcDbLine
 10
6.875
 20
-18.0
 30
0.0
 11
6.921875
 21
-17.8125
 31
0.0
  0
LINE
  5
6FD
330
1F
100
AcDbEntity
  8
OUTLINE
  6
SDS2_5
 62
     1
100
AcDbLine
 10
6.875
 20
-18.0
 30
0.0
 11
6.921875
 21
-17.8125
 31
0.0
  0
LINE
  5
6FE
330
1F
100
AcDbEntity
  8
OUTLINE
  6
SDS2_5
 62
     1
100
AcDbLine
 10
6.875
 20
-18.0
 30
0.0
 11
6.921875
 21
-17.8125
 31
0.0
  0
LINE
  5
6FF
330
1F
100
AcDbEntity
  8
OUTLINE
  6
CONTINUOUS
 62
     1
100
AcDbLine
 10
6.890625
 20
-18.625
 30
0.0
 11
7.609375
 21
-18.625
 31
0.0
  0
LINE
  5
700
330
1F
100
AcDbEntity
  8
OUTLINE
  6
SDS2_5
 62
     1
100
AcDbLine
 10
6.890625
 20
-18.625
 30
0.0
 11
7.609375
 21
-18.625
 31
0.0
  0
LINE
  5
701
330
1F
100
AcDbEntity
  8
OUTLINE
  6
SDS2_5
 62
     1
100
AcDbLine
 10
6.890625
 20
-18.625
 30
0.0
 11
7.609375
 21
-18.625
 31
0.0
  0
LINE
  5
702
330
1F
100
AcDbEntity
  8
OUTLINE
  6
SDS2_5
 62
     1
100
AcDbLine
 10
6.890625
 20
-18.625
 30
0.0
 11
7.609375
 21
-18.625
 31
0.0
  0
LINE
  5
703
330
1F
100
AcDbEntity
  8
OUTLINE
  6
CONTINUOUS
 62
     1
100
AcDbLine
 10
6.890625
 20
-17.375
 30
0.0
 11
7.609375
 21
-17.375
 31
0.0
  0
LINE
  5
704
330
1F
100
AcDbEntity
  8
OUTLINE
  6
SDS2_5
 62
     1
100
AcDbLine
 10
6.890625
 20
-17.375
 30
0.0
 11
7.609375
 21
-17.375
 31
0.0
  0
LINE
  5
705
330
1F
100
AcDbEntity
  8
OUTLINE
  6
SDS2_5
 62
     1
100
AcDbLine
 10
6.890625
 20
-17.375
 30
0.0
 11
7.609375
 21
-17.375
 31
0.0
  0
LINE
  5
706
330
1F
100
AcDbEntity
  8
OUTLINE
  6
SDS2_5
 62
     1
100
AcDbLine
 10
6.890625
 20
-17.375
 30
0.0
 11
7.609375
 21
-17.375
 31
0.0
  0
LINE
  5
707
330
1F
100
AcDbEntity
  8
OUTLINE
  6
SDS2_5
 62
     1
100
AcDbLine
 10
6.921875
 20
-18.1875
 30
0.0
 11
7.0625
 21
-18.328125
 31
0.0
  0
LINE
  5
708
330
1F
100
AcDbEntity
  8
OUTLINE
  6
SDS2_5
 62
     1
100
AcDbLine
 10
6.921875
 20
-18.1875
 30
0.0
 11
7.0625
 21
-18.328125
 31
0.0
  0
LINE
  5
709
330
1F
100
AcDbEntity
  8
OUTLINE
  6
SDS2_5
 62
     1
100
AcDbLine
 10
6.921875
 20
-18.1875
 30
0.0
 11
7.0625
 21
-18.328125
 31
0.0
  0
LINE
  5
70A
330
1F
100
AcDbEntity
  8
OUTLINE
  6
SDS2_5
 62
     1
100
AcDbLine
 10
6.921875
 20
-18.1875
 30
0.0
 11
7.0625
 21
-18.328125
 31
0.0
  0
LINE
  5
70B
330
1F
100
AcDbEntity
  8
OUTLINE
  6
SDS2_5
 62
     1
100
AcDbLine
 10
6.921875
 20
-17.8125
 30
0.0
 11
7.0625
 21
-17.671875
 31
0.0
  0
LINE
  5
70C
330
1F
100
AcDbEntity
  8
OUTLINE
  6
SDS2_5
 62
     1
100
AcDbLine
 10
6.921875
 20
-17.8125
 30
0.0
 11
7.0625
 21
-17.671875
 31
0.0
  0
LINE
  5
70D
330
1F
100
AcDbEntity
  8
OUTLINE
  6
SDS2_5
 62
     1
100
AcDbLine
 10
6.921875
 20
-17.8125
 30
0.0
 11
7.0625
 21
-17.671875
 31
0.0
  0
LINE
  5
70E
330
1F
100
AcDbEntity
  8
OUTLINE
  6
SDS2_5
 62
     1
100
AcDbLine
 10
6.921875
 20
-17.8125
 30
0.0
 11
7.0625
 21
-17.671875
 31
0.0
  0
LINE
  5
70F
330
1F
100
AcDbEntity
  8
OUTLINE
  6
SDS2_5
 62
     1
100
AcDbLine
 10
6.9609375
 20
-18.6953125
 30
0.0
 11
7.25
 21
-18.75
 31
0.0
  0
LINE
  5
710
330
1F
100
AcDbEntity
  8
OUTLINE
  6
SDS2_5
 62
     1
100
AcDbLine
 10
6.9609375
 20
-18.6953125
 30
0.0
 11
7.25
 21
-18.75
 31
0.0
  0
LINE
  5
711
330
1F
100
AcDbEntity
  8
OUTLINE
  6
SDS2_5
 62
     1
100
AcDbLine
 10
6.9609375
 20
-17.3046875
 30
0.0
 11
7.25
 21
-17.25
 31
0.0
  0
LINE
  5
712
330
1F
100
AcDbEntity
  8
OUTLINE
  6
SDS2_5
 62
     1
100
AcDbLine
 10
6.9609375
 20
-17.3046875
 30
0.0
 11
7.25
 21
-17.25
 31
0.0
  0
LINE
  5
713
330
1F
100
AcDbEntity
  8
OUTLINE
  6
SDS2_5
 62
     1
100
AcDbLine
 10
7.0625
 20
-18.328125
 30
0.0
 11
7.25
 21
-18.375
 31
0.0
  0
LINE
  5
714
330
1F
100
AcDbEntity
  8
OUTLINE
  6
SDS2_5
 62
     1
100
AcDbLine
 10
7.0625
 20
-18.328125
 30
0.0
 11
7.25
 21
-18.375
 31
0.0
  0
LINE
  5
715
330
1F
100
AcDbEntity
  8
OUTLINE
  6
SDS2_5
 62
     1
100
AcDbLine
 10
7.0625
 20
-18.328125
 30
0.0
 11
7.25
 21
-18.375
 31
0.0
  0
LINE
  5
716
330
1F
100
AcDbEntity
  8
OUTLINE
  6
SDS2_5
 62
     1
100
AcDbLine
 10
7.0625
 20
-18.328125
 30
0.0
 11
7.25
 21
-18.375
 31
0.0
  0
LINE
  5
717
330
1F
100
AcDbEntity
  8
OUTLINE
  6
SDS2_5
 62
     1
100
AcDbLine
 10
7.0625
 20
-17.671875
 30
0.0
 11
7.25
 21
-17.625
 31
0.0
  0
LINE
  5
718
330
1F
100
AcDbEntity
  8
OUTLINE
  6
SDS2_5
 62
     1
100
AcDbLine
 10
7.0625
 20
-17.671875
 30
0.0
 11
7.25
 21
-17.625
 31
0.0
  0
LINE
  5
719
330
1F
100
AcDbEntity
  8
OUTLINE
  6
SDS2_5
 62
     1
100
AcDbLine
 10
7.0625
 20
-17.671875
 30
0.0
 11
7.25
 21
-17.625
 31
0.0
  0
LINE
  5
71A
330
1F
100
AcDbEntity
  8
OUTLINE
  6
SDS2_5
 62
     1
100
AcDbLine
 10
7.0625
 20
-17.671875
 30
0.0
 11
7.25
 21
-17.625
 31
0.0
  0
LINE
  5
71B
330
1F
100
AcDbEntity
  8
OUTLINE
  6
SDS2_5
 62
     1
100
AcDbLine
 10
7.25
 20
-18.75
 30
0.0
 11
7.5390625
 21
-18.6953125
 31
0.0
  0
LINE
  5
71C
330
1F
100
AcDbEntity
  8
OUTLINE
  6
SDS2_5
 62
     1
100
AcDbLine
 10
7.25
 20
-18.75
 30
0.0
 11
7.5390625
 21
-18.6953125
 31
0.0
  0
LINE
  5
71D
330
1F
100
AcDbEntity
  8
OUTLINE
  6
SDS2_5
 62
     1
100
AcDbLine
 10
7.25
 20
-18.375
 30
0.0
 11
7.4375
 21
-18.328125
 31
0.0
  0
LINE
  5
71E
330
1F
100
AcDbEntity
  8
OUTLINE
  6
SDS2_5
 62
     1
100
AcDbLine
 10
7.25
 20
-18.375
 30
0.0
 11
7.4375
 21
-18.328125
 31
0.0
  0
LINE
  5
71F
330
1F
100
AcDbEntity
  8
OUTLINE
  6
SDS2_5
 62
     1
100
AcDbLine
 10
7.25
 20
-18.375
 30
0.0
 11
7.4375
 21
-18.328125
 31
0.0
  0
LINE
  5
720
330
1F
100
AcDbEntity
  8
OUTLINE
  6
SDS2_5
 62
     1
100
AcDbLine
 10
7.25
 20
-18.375
 30
0.0
 11
7.4375
 21
-18.328125
 31
0.0
  0
LINE
  5
721
330
1F
100
AcDbEntity
  8
OUTLINE
  6
SDS2_5
 62
     1
100
AcDbLine
 10
7.25
 20
-17.625
 30
0.0
 11
7.4375
 21
-17.671875
 31
0.0
  0
LINE
  5
722
330
1F
100
AcDbEntity
  8
OUTLINE
  6
SDS2_5
 62
     1
100
AcDbLine
 10
7.25
 20
-17.625
 30
0.0
 11
7.4375
 21
-17.671875
 31
0.0
  0
LINE
  5
723
330
1F
100
AcDbEntity
  8
OUTLINE
  6
SDS2_5
 62
     1
100
AcDbLine
 10
7.25
 20
-17.625
 30
0.0
 11
7.4375
 21
-17.671875
 31
0.0
  0
LINE
  5
724
330
1F
100
AcDbEntity
  8
OUTLINE
  6
SDS2_5
 62
     1
100
AcDbLine
 10
7.25
 20
-17.625
 30
0.0
 11
7.4375
 21
-17.671875
 31
0.0
  0
LINE
  5
725
330
1F
100
AcDbEntity
  8
OUTLINE
  6
SDS2_5
 62
     1
100
AcDbLine
 10
7.25
 20
-17.25
 30
0.0
 11
7.5390625
 21
-17.3046875
 31
0.0
  0
LINE
  5
726
330
1F
100
AcDbEntity
  8
OUTLINE
  6
SDS2_5
 62
     1
100
AcDbLine
 10
7.25
 20
-17.25
 30
0.0
 11
7.5390625
 21
-17.3046875
 31
0.0
  0
LINE
  5
727
330
1F
100
AcDbEntity
  8
OUTLINE
  6
SDS2_5
 62
     1
100
AcDbLine
 10
7.4375
 20
-18.328125
 30
0.0
 11
7.578125
 21
-18.1875
 31
0.0
  0
LINE
  5
728
330
1F
100
AcDbEntity
  8
OUTLINE
  6
SDS2_5
 62
     1
100
AcDbLine
 10
7.4375
 20
-18.328125
 30
0.0
 11
7.578125
 21
-18.1875
 31
0.0
  0
LINE
  5
729
330
1F
100
AcDbEntity
  8
OUTLINE
  6
SDS2_5
 62
     1
100
AcDbLine
 10
7.4375
 20
-18.328125
 30
0.0
 11
7.578125
 21
-18.1875
 31
0.0
  0
LINE
  5
72A
330
1F
100
AcDbEntity
  8
OUTLINE
  6
SDS2_5
 62
     1
100
AcDbLine
 10
7.4375
 20
-18.328125
 30
0.0
 11
7.578125
 21
-18.1875
 31
0.0
  0
LINE
  5
72B
330
1F
100
AcDbEntity
  8
OUTLINE
  6
SDS2_5
 62
     1
100
AcDbLine
 10
7.4375
 20
-17.671875
 30
0.0
 11
7.578125
 21
-17.8125
 31
0.0
  0
LINE
  5
72C
330
1F
100
AcDbEntity
  8
OUTLINE
  6
SDS2_5
 62
     1
100
AcDbLine
 10
7.4375
 20
-17.671875
 30
0.0
 11
7.578125
 21
-17.8125
 31
0.0
  0
LINE
  5
72D
330
1F
100
AcDbEntity
  8
OUTLINE
  6
SDS2_5
 62
     1
100
AcDbLine
 10
7.4375
 20
-17.671875
 30
0.0
 11
7.578125
 21
-17.8125
 31
0.0
  0
LINE
  5
72E
330
1F
100
AcDbEntity
  8
OUTLINE
  6
SDS2_5
 62
     1
100
AcDbLine
 10
7.4375
 20
-17.671875
 30
0.0
 11
7.578125
 21
-17.8125
 31
0.0
  0
LINE
  5
72F
330
1F
100
AcDbEntity
  8
OUTLINE
  6
SDS2_5
 62
     1
100
AcDbLine
 10
7.5390625
 20
-18.6953125
 30
0.0
 11
7.78125
 21
-18.53125
 31
0.0
  0
LINE
  5
730
330
1F
100
AcDbEntity
  8
OUTLINE
  6
SDS2_5
 62
     1
100
AcDbLine
 10
7.5390625
 20
-18.6953125
 30
0.0
 11
7.78125
 21
-18.53125
 31
0.0
  0
LINE
  5
731
330
1F
100
AcDbEntity
  8
OUTLINE
  6
SDS2_5
 62
     1
100
AcDbLine
 10
7.5390625
 20
-17.3046875
 30
0.0
 11
7.78125
 21
-17.46875
 31
0.0
  0
LINE
  5
732
330
1F
100
AcDbEntity
  8
OUTLINE
  6
SDS2_5
 62
     1
100
AcDbLine
 10
7.5390625
 20
-17.3046875
 30
0.0
 11
7.78125
 21
-17.46875
 31
0.0
  0
LINE
  5
733
330
1F
100
AcDbEntity
  8
OUTLINE
  6
SDS2_5
 62
     1
100
AcDbLine
 10
7.578125
 20
-18.1875
 30
0.0
 11
7.625
 21
-18.0
 31
0.0
  0
LINE
  5
734
330
1F
100
AcDbEntity
  8
OUTLINE
  6
SDS2_5
 62
     1
100
AcDbLine
 10
7.578125
 20
-18.1875
 30
0.0
 11
7.625
 21
-18.0
 31
0.0
  0
LINE
  5
735
330
1F
100
AcDbEntity
  8
OUTLINE
  6
SDS2_5
 62
     1
100
AcDbLine
 10
7.578125
 20
-18.1875
 30
0.0
 11
7.625
 21
-18.0
 31
0.0
  0
LINE
  5
736
330
1F
100
AcDbEntity
  8
OUTLINE
  6
SDS2_5
 62
     1
100
AcDbLine
 10
7.578125
 20
-18.1875
 30
0.0
 11
7.625
 21
-18.0
 31
0.0
  0
LINE
  5
737
330
1F
100
AcDbEntity
  8
OUTLINE
  6
SDS2_5
 62
     1
100
AcDbLine
 10
7.578125
 20
-17.8125
 30
0.0
 11
7.625
 21
-18.0
 31
0.0
  0
LINE
  5
738
330
1F
100
AcDbEntity
  8
OUTLINE
  6
SDS2_5
 62
     1
100
AcDbLine
 10
7.578125
 20
-17.8125
 30
0.0
 11
7.625
 21
-18.0
 31
0.0
  0
LINE
  5
739
330
1F
100
AcDbEntity
  8
OUTLINE
  6
SDS2_5
 62
     1
100
AcDbLine
 10
7.578125
 20
-17.8125
 30
0.0
 11
7.625
 21
-18.0
 31
0.0
  0
LINE
  5
73A
330
1F
100
AcDbEntity
  8
OUTLINE
  6
SDS2_5
 62
     1
100
AcDbLine
 10
7.578125
 20
-17.8125
 30
0.0
 11
7.625
 21
-18.0
 31
0.0
  0
LINE
  5
73B
330
1F
100
AcDbEntity
  8
OUTLINE
  6
CONTINUOUS
 62
     1
100
AcDbLine
 10
7.609375
 20
-18.625
 30
0.0
 11
7.96875
 21
-18.0
 31
0.0
  0
LINE
  5
73C
330
1F
100
AcDbEntity
  8
OUTLINE
  6
SDS2_5
 62
     1
100
AcDbLine
 10
7.609375
 20
-18.625
 30
0.0
 11
7.96875
 21
-18.0
 31
0.0
  0
LINE
  5
73D
330
1F
100
AcDbEntity
  8
OUTLINE
  6
SDS2_5
 62
     1
100
AcDbLine
 10
7.609375
 20
-18.625
 30
0.0
 11
7.96875
 21
-18.0
 31
0.0
  0
LINE
  5
73E
330
1F
100
AcDbEntity
  8
OUTLINE
  6
SDS2_5
 62
     1
100
AcDbLine
 10
7.609375
 20
-18.625
 30
0.0
 11
7.96875
 21
-18.0
 31
0.0
  0
LINE
  5
73F
330
1F
100
AcDbEntity
  8
OUTLINE
  6
CONTINUOUS
 62
     1
100
AcDbLine
 10
7.609375
 20
-17.375
 30
0.0
 11
7.96875
 21
-18.0
 31
0.0
  0
LINE
  5
740
330
1F
100
AcDbEntity
  8
OUTLINE
  6
SDS2_5
 62
     1
100
AcDbLine
 10
7.609375
 20
-17.375
 30
0.0
 11
7.96875
 21
-18.0
 31
0.0
  0
LINE
  5
741
330
1F
100
AcDbEntity
  8
OUTLINE
  6
SDS2_5
 62
     1
100
AcDbLine
 10
7.609375
 20
-17.375
 30
0.0
 11
7.96875
 21
-18.0
 31
0.0
  0
LINE
  5
742
330
1F
100
AcDbEntity
  8
OUTLINE
  6
SDS2_5
 62
     1
100
AcDbLine
 10
7.609375
 20
-17.375
 30
0.0
 11
7.96875
 21
-18.0
 31
0.0
  0
LINE
  5
743
330
1F
100
AcDbEntity
  8
OUTLINE
  6
SDS2_5
 62
     1
100
AcDbLine
 10
7.78125
 20
-18.53125
 30
0.0
 11
7.9453125
 21
-18.2890625
 31
0.0
  0
LINE
  5
744
330
1F
100
AcDbEntity
  8
OUTLINE
  6
SDS2_5
 62
     1
100
AcDbLine
 10
7.78125
 20
-18.53125
 30
0.0
 11
7.9453125
 21
-18.2890625
 31
0.0
  0
LINE
  5
745
330
1F
100
AcDbEntity
  8
OUTLINE
  6
SDS2_5
 62
     1
100
AcDbLine
 10
7.78125
 20
-17.46875
 30
0.0
 11
7.9453125
 21
-17.7109375
 31
0.0
  0
LINE
  5
746
330
1F
100
AcDbEntity
  8
OUTLINE
  6
SDS2_5
 62
     1
100
AcDbLine
 10
7.78125
 20
-17.46875
 30
0.0
 11
7.9453125
 21
-17.7109375
 31
0.0
  0
LINE
  5
747
330
1F
100
AcDbEntity
  8
OUTLINE
  6
SDS2_5
 62
     1
100
AcDbLine
 10
7.9453125
 20
-18.2890625
 30
0.0
 11
8.0
 21
-18.0
 31
0.0
  0
LINE
  5
748
330
1F
100
AcDbEntity
  8
OUTLINE
  6
SDS2_5
 62
     1
100
AcDbLine
 10
7.9453125
 20
-18.2890625
 30
0.0
 11
8.0
 21
-18.0
 31
0.0
  0
LINE
  5
749
330
1F
100
AcDbEntity
  8
OUTLINE
  6
SDS2_5
 62
     1
100
AcDbLine
 10
7.9453125
 20
-17.7109375
 30
0.0
 11
8.0
 21
-18.0
 31
0.0
  0
LINE
  5
74A
330
1F
100
AcDbEntity
  8
OUTLINE
  6
SDS2_5
 62
     1
100
AcDbLine
 10
7.9453125
 20
-17.7109375
 30
0.0
 11
8.0
 21
-18.0
 31
0.0
  0
LINE
  5
74B
330
1F
100
AcDbEntity
  8
OUTLINE
  6
SDS2_5
 62
     1
100
AcDbLine
 10
6.5
 20
-15.0
 30
0.0
 11
6.5546875
 21
-15.2890625
 31
0.0
  0
LINE
  5
74C
330
1F
100
AcDbEntity
  8
OUTLINE
  6
SDS2_5
 62
     1
100
AcDbLine
 10
6.5
 20
-15.0
 30
0.0
 11
6.5546875
 21
-15.2890625
 31
0.0
  0
LINE
  5
74D
330
1F
100
AcDbEntity
  8
OUTLINE
  6
SDS2_5
 62
     1
100
AcDbLine
 10
6.5
 20
-15.0
 30
0.0
 11
6.5546875
 21
-14.7109375
 31
0.0
  0
LINE
  5
74E
330
1F
100
AcDbEntity
  8
OUTLINE
  6
SDS2_5
 62
     1
100
AcDbLine
 10
6.5
 20
-15.0
 30
0.0
 11
6.5546875
 21
-14.7109375
 31
0.0
  0
LINE
  5
74F
330
1F
100
AcDbEntity
  8
OUTLINE
  6
CONTINUOUS
 62
     1
100
AcDbLine
 10
6.53125
 20
-15.0
 30
0.0
 11
6.890625
 21
-15.625
 31
0.0
  0
LINE
  5
750
330
1F
100
AcDbEntity
  8
OUTLINE
  6
CONTINUOUS
 62
     1
100
AcDbLine
 10
6.53125
 20
-15.0
 30
0.0
 11
6.890625
 21
-14.375
 31
0.0
  0
LINE
  5
751
330
1F
100
AcDbEntity
  8
OUTLINE
  6
SDS2_5
 62
     1
100
AcDbLine
 10
6.53125
 20
-15.0
 30
0.0
 11
6.890625
 21
-15.625
 31
0.0
  0
LINE
  5
752
330
1F
100
AcDbEntity
  8
OUTLINE
  6
SDS2_5
 62
     1
100
AcDbLine
 10
6.53125
 20
-15.0
 30
0.0
 11
6.890625
 21
-15.625
 31
0.0
  0
LINE
  5
753
330
1F
100
AcDbEntity
  8
OUTLINE
  6
SDS2_5
 62
     1
100
AcDbLine
 10
6.53125
 20
-15.0
 30
0.0
 11
6.890625
 21
-15.625
 31
0.0
  0
LINE
  5
754
330
1F
100
AcDbEntity
  8
OUTLINE
  6
SDS2_5
 62
     1
100
AcDbLine
 10
6.53125
 20
-15.0
 30
0.0
 11
6.890625
 21
-14.375
 31
0.0
  0
LINE
  5
755
330
1F
100
AcDbEntity
  8
OUTLINE
  6
SDS2_5
 62
     1
100
AcDbLine
 10
6.53125
 20
-15.0
 30
0.0
 11
6.890625
 21
-14.375
 31
0.0
  0
LINE
  5
756
330
1F
100
AcDbEntity
  8
OUTLINE
  6
SDS2_5
 62
     1
100
AcDbLine
 10
6.53125
 20
-15.0
 30
0.0
 11
6.890625
 21
-14.375
 31
0.0
  0
LINE
  5
757
330
1F
100
AcDbEntity
  8
OUTLINE
  6
SDS2_5
 62
     1
100
AcDbLine
 10
6.5546875
 20
-15.2890625
 30
0.0
 11
6.71875
 21
-15.53125
 31
0.0
  0
LINE
  5
758
330
1F
100
AcDbEntity
  8
OUTLINE
  6
SDS2_5
 62
     1
100
AcDbLine
 10
6.5546875
 20
-15.2890625
 30
0.0
 11
6.71875
 21
-15.53125
 31
0.0
  0
LINE
  5
759
330
1F
100
AcDbEntity
  8
OUTLINE
  6
SDS2_5
 62
     1
100
AcDbLine
 10
6.5546875
 20
-14.7109375
 30
0.0
 11
6.71875
 21
-14.46875
 31
0.0
  0
LINE
  5
75A
330
1F
100
AcDbEntity
  8
OUTLINE
  6
SDS2_5
 62
     1
100
AcDbLine
 10
6.5546875
 20
-14.7109375
 30
0.0
 11
6.71875
 21
-14.46875
 31
0.0
  0
LINE
  5
75B
330
1F
100
AcDbEntity
  8
OUTLINE
  6
SDS2_5
 62
     1
100
AcDbLine
 10
6.71875
 20
-15.53125
 30
0.0
 11
6.9609375
 21
-15.6953125
 31
0.0
  0
LINE
  5
75C
330
1F
100
AcDbEntity
  8
OUTLINE
  6
SDS2_5
 62
     1
100
AcDbLine
 10
6.71875
 20
-15.53125
 30
0.0
 11
6.9609375
 21
-15.6953125
 31
0.0
  0
LINE
  5
75D
330
1F
100
AcDbEntity
  8
OUTLINE
  6
SDS2_5
 62
     1
100
AcDbLine
 10
6.71875
 20
-14.46875
 30
0.0
 11
6.9609375
 21
-14.3046875
 31
0.0
  0
LINE
  5
75E
330
1F
100
AcDbEntity
  8
OUTLINE
  6
SDS2_5
 62
     1
100
AcDbLine
 10
6.71875
 20
-14.46875
 30
0.0
 11
6.9609375
 21
-14.3046875
 31
0.0
  0
LINE
  5
75F
330
1F
100
AcDbEntity
  8
OUTLINE
  6
SDS2_5
 62
     1
100
AcDbLine
 10
6.875
 20
-15.0
 30
0.0
 11
6.921875
 21
-15.1875
 31
0.0
  0
LINE
  5
760
330
1F
100
AcDbEntity
  8
OUTLINE
  6
SDS2_5
 62
     1
100
AcDbLine
 10
6.875
 20
-15.0
 30
0.0
 11
6.921875
 21
-15.1875
 31
0.0
  0
LINE
  5
761
330
1F
100
AcDbEntity
  8
OUTLINE
  6
SDS2_5
 62
     1
100
AcDbLine
 10
6.875
 20
-15.0
 30
0.0
 11
6.921875
 21
-15.1875
 31
0.0
  0
LINE
  5
762
330
1F
100
AcDbEntity
  8
OUTLINE
  6
SDS2_5
 62
     1
100
AcDbLine
 10
6.875
 20
-15.0
 30
0.0
 11
6.921875
 21
-15.1875
 31
0.0
  0
LINE
  5
763
330
1F
100
AcDbEntity
  8
OUTLINE
  6
SDS2_5
 62
     1
100
AcDbLine
 10
6.875
 20
-15.0
 30
0.0
 11
6.921875
 21
-14.8125
 31
0.0
  0
LINE
  5
764
330
1F
100
AcDbEntity
  8
OUTLINE
  6
SDS2_5
 62
     1
100
AcDbLine
 10
6.875
 20
-15.0
 30
0.0
 11
6.921875
 21
-14.8125
 31
0.0
  0
LINE
  5
765
330
1F
100
AcDbEntity
  8
OUTLINE
  6
SDS2_5
 62
     1
100
AcDbLine
 10
6.875
 20
-15.0
 30
0.0
 11
6.921875
 21
-14.8125
 31
0.0
  0
LINE
  5
766
330
1F
100
AcDbEntity
  8
OUTLINE
  6
SDS2_5
 62
     1
100
AcDbLine
 10
6.875
 20
-15.0
 30
0.0
 11
6.921875
 21
-14.8125
 31
0.0
  0
LINE
  5
767
330
1F
100
AcDbEntity
  8
OUTLINE
  6
CONTINUOUS
 62
     1
100
AcDbLine
 10
6.890625
 20
-15.625
 30
0.0
 11
7.609375
 21
-15.625
 31
0.0
  0
LINE
  5
768
330
1F
100
AcDbEntity
  8
OUTLINE
  6
SDS2_5
 62
     1
100
AcDbLine
 10
6.890625
 20
-15.625
 30
0.0
 11
7.609375
 21
-15.625
 31
0.0
  0
LINE
  5
769
330
1F
100
AcDbEntity
  8
OUTLINE
  6
SDS2_5
 62
     1
100
AcDbLine
 10
6.890625
 20
-15.625
 30
0.0
 11
7.609375
 21
-15.625
 31
0.0
  0
LINE
  5
76A
330
1F
100
AcDbEntity
  8
OUTLINE
  6
SDS2_5
 62
     1
100
AcDbLine
 10
6.890625
 20
-15.625
 30
0.0
 11
7.609375
 21
-15.625
 31
0.0
  0
LINE
  5
76B
330
1F
100
AcDbEntity
  8
OUTLINE
  6
CONTINUOUS
 62
     1
100
AcDbLine
 10
6.890625
 20
-14.375
 30
0.0
 11
7.609375
 21
-14.375
 31
0.0
  0
LINE
  5
76C
330
1F
100
AcDbEntity
  8
OUTLINE
  6
SDS2_5
 62
     1
100
AcDbLine
 10
6.890625
 20
-14.375
 30
0.0
 11
7.609375
 21
-14.375
 31
0.0
  0
LINE
  5
76D
330
1F
100
AcDbEntity
  8
OUTLINE
  6
SDS2_5
 62
     1
100
AcDbLine
 10
6.890625
 20
-14.375
 30
0.0
 11
7.609375
 21
-14.375
 31
0.0
  0
LINE
  5
76E
330
1F
100
AcDbEntity
  8
OUTLINE
  6
SDS2_5
 62
     1
100
AcDbLine
 10
6.890625
 20
-14.375
 30
0.0
 11
7.609375
 21
-14.375
 31
0.0
  0
LINE
  5
76F
330
1F
100
AcDbEntity
  8
OUTLINE
  6
SDS2_5
 62
     1
100
AcDbLine
 10
6.921875
 20
-15.1875
 30
0.0
 11
7.0625
 21
-15.328125
 31
0.0
  0
LINE
  5
770
330
1F
100
AcDbEntity
  8
OUTLINE
  6
SDS2_5
 62
     1
100
AcDbLine
 10
6.921875
 20
-15.1875
 30
0.0
 11
7.0625
 21
-15.328125
 31
0.0
  0
LINE
  5
771
330
1F
100
AcDbEntity
  8
OUTLINE
  6
SDS2_5
 62
     1
100
AcDbLine
 10
6.921875
 20
-15.1875
 30
0.0
 11
7.0625
 21
-15.328125
 31
0.0
  0
LINE
  5
772
330
1F
100
AcDbEntity
  8
OUTLINE
  6
SDS2_5
 62
     1
100
AcDbLine
 10
6.921875
 20
-15.1875
 30
0.0
 11
7.0625
 21
-15.328125
 31
0.0
  0
LINE
  5
773
330
1F
100
AcDbEntity
  8
OUTLINE
  6
SDS2_5
 62
     1
100
AcDbLine
 10
6.921875
 20
-14.8125
 30
0.0
 11
7.0625
 21
-14.671875
 31
0.0
  0
LINE
  5
774
330
1F
100
AcDbEntity
  8
OUTLINE
  6
SDS2_5
 62
     1
100
AcDbLine
 10
6.921875
 20
-14.8125
 30
0.0
 11
7.0625
 21
-14.671875
 31
0.0
  0
LINE
  5
775
330
1F
100
AcDbEntity
  8
OUTLINE
  6
SDS2_5
 62
     1
100
AcDbLine
 10
6.921875
 20
-14.8125
 30
0.0
 11
7.0625
 21
-14.671875
 31
0.0
  0
LINE
  5
776
330
1F
100
AcDbEntity
  8
OUTLINE
  6
SDS2_5
 62
     1
100
AcDbLine
 10
6.921875
 20
-14.8125
 30
0.0
 11
7.0625
 21
-14.671875
 31
0.0
  0
LINE
  5
777
330
1F
100
AcDbEntity
  8
OUTLINE
  6
SDS2_5
 62
     1
100
AcDbLine
 10
6.9609375
 20
-15.6953125
 30
0.0
 11
7.25
 21
-15.75
 31
0.0
  0
LINE
  5
778
330
1F
100
AcDbEntity
  8
OUTLINE
  6
SDS2_5
 62
     1
100
AcDbLine
 10
6.9609375
 20
-15.6953125
 30
0.0
 11
7.25
 21
-15.75
 31
0.0
  0
LINE
  5
779
330
1F
100
AcDbEntity
  8
OUTLINE
  6
SDS2_5
 62
     1
100
AcDbLine
 10
6.9609375
 20
-14.3046875
 30
0.0
 11
7.25
 21
-14.25
 31
0.0
  0
LINE
  5
77A
330
1F
100
AcDbEntity
  8
OUTLINE
  6
SDS2_5
 62
     1
100
AcDbLine
 10
6.9609375
 20
-14.3046875
 30
0.0
 11
7.25
 21
-14.25
 31
0.0
  0
LINE
  5
77B
330
1F
100
AcDbEntity
  8
OUTLINE
  6
SDS2_5
 62
     1
100
AcDbLine
 10
7.0625
 20
-15.328125
 30
0.0
 11
7.25
 21
-15.375
 31
0.0
  0
LINE
  5
77C
330
1F
100
AcDbEntity
  8
OUTLINE
  6
SDS2_5
 62
     1
100
AcDbLine
 10
7.0625
 20
-15.328125
 30
0.0
 11
7.25
 21
-15.375
 31
0.0
  0
LINE
  5
77D
330
1F
100
AcDbEntity
  8
OUTLINE
  6
SDS2_5
 62
     1
100
AcDbLine
 10
7.0625
 20
-15.328125
 30
0.0
 11
7.25
 21
-15.375
 31
0.0
  0
LINE
  5
77E
330
1F
100
AcDbEntity
  8
OUTLINE
  6
SDS2_5
 62
     1
100
AcDbLine
 10
7.0625
 20
-15.328125
 30
0.0
 11
7.25
 21
-15.375
 31
0.0
  0
LINE
  5
77F
330
1F
100
AcDbEntity
  8
OUTLINE
  6
SDS2_5
 62
     1
100
AcDbLine
 10
7.0625
 20
-14.671875
 30
0.0
 11
7.25
 21
-14.625
 31
0.0
  0
LINE
  5
780
330
1F
100
AcDbEntity
  8
OUTLINE
  6
SDS2_5
 62
     1
100
AcDbLine
 10
7.0625
 20
-14.671875
 30
0.0
 11
7.25
 21
-14.625
 31
0.0
  0
LINE
  5
781
330
1F
100
AcDbEntity
  8
OUTLINE
  6
SDS2_5
 62
     1
100
AcDbLine
 10
7.0625
 20
-14.671875
 30
0.0
 11
7.25
 21
-14.625
 31
0.0
  0
LINE
  5
782
330
1F
100
AcDbEntity
  8
OUTLINE
  6
SDS2_5
 62
     1
100
AcDbLine
 10
7.0625
 20
-14.671875
 30
0.0
 11
7.25
 21
-14.625
 31
0.0
  0
LINE
  5
783
330
1F
100
AcDbEntity
  8
OUTLINE
  6
SDS2_5
 62
     1
100
AcDbLine
 10
7.25
 20
-15.75
 30
0.0
 11
7.5390625
 21
-15.6953125
 31
0.0
  0
LINE
  5
784
330
1F
100
AcDbEntity
  8
OUTLINE
  6
SDS2_5
 62
     1
100
AcDbLine
 10
7.25
 20
-15.75
 30
0.0
 11
7.5390625
 21
-15.6953125
 31
0.0
  0
LINE
  5
785
330
1F
100
AcDbEntity
  8
OUTLINE
  6
SDS2_5
 62
     1
100
AcDbLine
 10
7.25
 20
-15.375
 30
0.0
 11
7.4375
 21
-15.328125
 31
0.0
  0
LINE
  5
786
330
1F
100
AcDbEntity
  8
OUTLINE
  6
SDS2_5
 62
     1
100
AcDbLine
 10
7.25
 20
-15.375
 30
0.0
 11
7.4375
 21
-15.328125
 31
0.0
  0
LINE
  5
787
330
1F
100
AcDbEntity
  8
OUTLINE
  6
SDS2_5
 62
     1
100
AcDbLine
 10
7.25
 20
-15.375
 30
0.0
 11
7.4375
 21
-15.328125
 31
0.0
  0
LINE
  5
788
330
1F
100
AcDbEntity
  8
OUTLINE
  6
SDS2_5
 62
     1
100
AcDbLine
 10
7.25
 20
-15.375
 30
0.0
 11
7.4375
 21
-15.328125
 31
0.0
  0
LINE
  5
789
330
1F
100
AcDbEntity
  8
OUTLINE
  6
SDS2_5
 62
     1
100
AcDbLine
 10
7.25
 20
-14.625
 30
0.0
 11
7.4375
 21
-14.671875
 31
0.0
  0
LINE
  5
78A
330
1F
100
AcDbEntity
  8
OUTLINE
  6
SDS2_5
 62
     1
100
AcDbLine
 10
7.25
 20
-14.625
 30
0.0
 11
7.4375
 21
-14.671875
 31
0.0
  0
LINE
  5
78B
330
1F
100
AcDbEntity
  8
OUTLINE
  6
SDS2_5
 62
     1
100
AcDbLine
 10
7.25
 20
-14.625
 30
0.0
 11
7.4375
 21
-14.671875
 31
0.0
  0
LINE
  5
78C
330
1F
100
AcDbEntity
  8
OUTLINE
  6
SDS2_5
 62
     1
100
AcDbLine
 10
7.25
 20
-14.625
 30
0.0
 11
7.4375
 21
-14.671875
 31
0.0
  0
LINE
  5
78D
330
1F
100
AcDbEntity
  8
OUTLINE
  6
SDS2_5
 62
     1
100
AcDbLine
 10
7.25
 20
-14.25
 30
0.0
 11
7.5390625
 21
-14.3046875
 31
0.0
  0
LINE
  5
78E
330
1F
100
AcDbEntity
  8
OUTLINE
  6
SDS2_5
 62
     1
100
AcDbLine
 10
7.25
 20
-14.25
 30
0.0
 11
7.5390625
 21
-14.3046875
 31
0.0
  0
LINE
  5
78F
330
1F
100
AcDbEntity
  8
OUTLINE
  6
SDS2_5
 62
     1
100
AcDbLine
 10
7.4375
 20
-15.328125
 30
0.0
 11
7.578125
 21
-15.1875
 31
0.0
  0
LINE
  5
790
330
1F
100
AcDbEntity
  8
OUTLINE
  6
SDS2_5
 62
     1
100
AcDbLine
 10
7.4375
 20
-15.328125
 30
0.0
 11
7.578125
 21
-15.1875
 31
0.0
  0
LINE
  5
791
330
1F
100
AcDbEntity
  8
OUTLINE
  6
SDS2_5
 62
     1
100
AcDbLine
 10
7.4375
 20
-15.328125
 30
0.0
 11
7.578125
 21
-15.1875
 31
0.0
  0
LINE
  5
792
330
1F
100
AcDbEntity
  8
OUTLINE
  6
SDS2_5
 62
     1
100
AcDbLine
 10
7.4375
 20
-15.328125
 30
0.0
 11
7.578125
 21
-15.1875
 31
0.0
  0
LINE
  5
793
330
1F
100
AcDbEntity
  8
OUTLINE
  6
SDS2_5
 62
     1
100
AcDbLine
 10
7.4375
 20
-14.671875
 30
0.0
 11
7.578125
 21
-14.8125
 31
0.0
  0
LINE
  5
794
330
1F
100
AcDbEntity
  8
OUTLINE
  6
SDS2_5
 62
     1
100
AcDbLine
 10
7.4375
 20
-14.671875
 30
0.0
 11
7.578125
 21
-14.8125
 31
0.0
  0
LINE
  5
795
330
1F
100
AcDbEntity
  8
OUTLINE
  6
SDS2_5
 62
     1
100
AcDbLine
 10
7.4375
 20
-14.671875
 30
0.0
 11
7.578125
 21
-14.8125
 31
0.0
  0
LINE
  5
796
330
1F
100
AcDbEntity
  8
OUTLINE
  6
SDS2_5
 62
     1
100
AcDbLine
 10
7.4375
 20
-14.671875
 30
0.0
 11
7.578125
 21
-14.8125
 31
0.0
  0
LINE
  5
797
330
1F
100
AcDbEntity
  8
OUTLINE
  6
SDS2_5
 62
     1
100
AcDbLine
 10
7.5390625
 20
-15.6953125
 30
0.0
 11
7.78125
 21
-15.53125
 31
0.0
  0
LINE
  5
798
330
1F
100
AcDbEntity
  8
OUTLINE
  6
SDS2_5
 62
     1
100
AcDbLine
 10
7.5390625
 20
-15.6953125
 30
0.0
 11
7.78125
 21
-15.53125
 31
0.0
  0
LINE
  5
799
330
1F
100
AcDbEntity
  8
OUTLINE
  6
SDS2_5
 62
     1
100
AcDbLine
 10
7.5390625
 20
-14.3046875
 30
0.0
 11
7.78125
 21
-14.46875
 31
0.0
  0
LINE
  5
79A
330
1F
100
AcDbEntity
  8
OUTLINE
  6
SDS2_5
 62
     1
100
AcDbLine
 10
7.5390625
 20
-14.3046875
 30
0.0
 11
7.78125
 21
-14.46875
 31
0.0
  0
LINE
  5
79B
330
1F
100
AcDbEntity
  8
OUTLINE
  6
SDS2_5
 62
     1
100
AcDbLine
 10
7.578125
 20
-15.1875
 30
0.0
 11
7.625
 21
-15.0
 31
0.0
  0
LINE
  5
79C
330
1F
100
AcDbEntity
  8
OUTLINE
  6
SDS2_5
 62
     1
100
AcDbLine
 10
7.578125
 20
-15.1875
 30
0.0
 11
7.625
 21
-15.0
 31
0.0
  0
LINE
  5
79D
330
1F
100
AcDbEntity
  8
OUTLINE
  6
SDS2_5
 62
     1
100
AcDbLine
 10
7.578125
 20
-15.1875
 30
0.0
 11
7.625
 21
-15.0
 31
0.0
  0
LINE
  5
79E
330
1F
100
AcDbEntity
  8
OUTLINE
  6
SDS2_5
 62
     1
100
AcDbLine
 10
7.578125
 20
-15.1875
 30
0.0
 11
7.625
 21
-15.0
 31
0.0
  0
LINE
  5
79F
330
1F
100
AcDbEntity
  8
OUTLINE
  6
SDS2_5
 62
     1
100
AcDbLine
 10
7.578125
 20
-14.8125
 30
0.0
 11
7.625
 21
-15.0
 31
0.0
  0
LINE
  5
7A0
330
1F
100
AcDbEntity
  8
OUTLINE
  6
SDS2_5
 62
     1
100
AcDbLine
 10
7.578125
 20
-14.8125
 30
0.0
 11
7.625
 21
-15.0
 31
0.0
  0
LINE
  5
7A1
330
1F
100
AcDbEntity
  8
OUTLINE
  6
SDS2_5
 62
     1
100
AcDbLine
 10
7.578125
 20
-14.8125
 30
0.0
 11
7.625
 21
-15.0
 31
0.0
  0
LINE
  5
7A2
330
1F
100
AcDbEntity
  8
OUTLINE
  6
SDS2_5
 62
     1
100
AcDbLine
 10
7.578125
 20
-14.8125
 30
0.0
 11
7.625
 21
-15.0
 31
0.0
  0
LINE
  5
7A3
330
1F
100
AcDbEntity
  8
OUTLINE
  6
CONTINUOUS
 62
     1
100
AcDbLine
 10
7.609375
 20
-15.625
 30
0.0
 11
7.96875
 21
-15.0
 31
0.0
  0
LINE
  5
7A4
330
1F
100
AcDbEntity
  8
OUTLINE
  6
SDS2_5
 62
     1
100
AcDbLine
 10
7.609375
 20
-15.625
 30
0.0
 11
7.96875
 21
-15.0
 31
0.0
  0
LINE
  5
7A5
330
1F
100
AcDbEntity
  8
OUTLINE
  6
SDS2_5
 62
     1
100
AcDbLine
 10
7.609375
 20
-15.625
 30
0.0
 11
7.96875
 21
-15.0
 31
0.0
  0
LINE
  5
7A6
330
1F
100
AcDbEntity
  8
OUTLINE
  6
SDS2_5
 62
     1
100
AcDbLine
 10
7.609375
 20
-15.625
 30
0.0
 11
7.96875
 21
-15.0
 31
0.0
  0
LINE
  5
7A7
330
1F
100
AcDbEntity
  8
OUTLINE
  6
CONTINUOUS
 62
     1
100
AcDbLine
 10
7.609375
 20
-14.375
 30
0.0
 11
7.96875
 21
-15.0
 31
0.0
  0
LINE
  5
7A8
330
1F
100
AcDbEntity
  8
OUTLINE
  6
SDS2_5
 62
     1
100
AcDbLine
 10
7.609375
 20
-14.375
 30
0.0
 11
7.96875
 21
-15.0
 31
0.0
  0
LINE
  5
7A9
330
1F
100
AcDbEntity
  8
OUTLINE
  6
SDS2_5
 62
     1
100
AcDbLine
 10
7.609375
 20
-14.375
 30
0.0
 11
7.96875
 21
-15.0
 31
0.0
  0
LINE
  5
7AA
330
1F
100
AcDbEntity
  8
OUTLINE
  6
SDS2_5
 62
     1
100
AcDbLine
 10
7.609375
 20
-14.375
 30
0.0
 11
7.96875
 21
-15.0
 31
0.0
  0
LINE
  5
7AB
330
1F
100
AcDbEntity
  8
OUTLINE
  6
SDS2_5
 62
     1
100
AcDbLine
 10
7.78125
 20
-15.53125
 30
0.0
 11
7.9453125
 21
-15.2890625
 31
0.0
  0
LINE
  5
7AC
330
1F
100
AcDbEntity
  8
OUTLINE
  6
SDS2_5
 62
     1
100
AcDbLine
 10
7.78125
 20
-15.53125
 30
0.0
 11
7.9453125
 21
-15.2890625
 31
0.0
  0
LINE
  5
7AD
330
1F
100
AcDbEntity
  8
OUTLINE
  6
SDS2_5
 62
     1
100
AcDbLine
 10
7.78125
 20
-14.46875
 30
0.0
 11
7.9453125
 21
-14.7109375
 31
0.0
  0
LINE
  5
7AE
330
1F
100
AcDbEntity
  8
OUTLINE
  6
SDS2_5
 62
     1
100
AcDbLine
 10
7.78125
 20
-14.46875
 30
0.0
 11
7.9453125
 21
-14.7109375
 31
0.0
  0
LINE
  5
7AF
330
1F
100
AcDbEntity
  8
OUTLINE
  6
SDS2_5
 62
     1
100
AcDbLine
 10
7.9453125
 20
-15.2890625
 30
0.0
 11
8.0
 21
-15.0
 31
0.0
  0
LINE
  5
7B0
330
1F
100
AcDbEntity
  8
OUTLINE
  6
SDS2_5
 62
     1
100
AcDbLine
 10
7.9453125
 20
-15.2890625
 30
0.0
 11
8.0
 21
-15.0
 31
0.0
  0
LINE
  5
7B1
330
1F
100
AcDbEntity
  8
OUTLINE
  6
SDS2_5
 62
     1
100
AcDbLine
 10
7.9453125
 20
-14.7109375
 30
0.0
 11
8.0
 21
-15.0
 31
0.0
  0
LINE
  5
7B2
330
1F
100
AcDbEntity
  8
OUTLINE
  6
SDS2_5
 62
     1
100
AcDbLine
 10
7.9453125
 20
-14.7109375
 30
0.0
 11
8.0
 21
-15.0
 31
0.0
  0
LINE
  5
7B3
330
1F
100
AcDbEntity
  8
OUTLINE
  6
SDS2_5
 62
     1
100
AcDbLine
 10
6.5
 20
-12.0
 30
0.0
 11
6.5546875
 21
-12.2890625
 31
0.0
  0
LINE
  5
7B4
330
1F
100
AcDbEntity
  8
OUTLINE
  6
SDS2_5
 62
     1
100
AcDbLine
 10
6.5
 20
-12.0
 30
0.0
 11
6.5546875
 21
-12.2890625
 31
0.0
  0
LINE
  5
7B5
330
1F
100
AcDbEntity
  8
OUTLINE
  6
SDS2_5
 62
     1
100
AcDbLine
 10
6.5
 20
-12.0
 30
0.0
 11
6.5546875
 21
-11.7109375
 31
0.0
  0
LINE
  5
7B6
330
1F
100
AcDbEntity
  8
OUTLINE
  6
SDS2_5
 62
     1
100
AcDbLine
 10
6.5
 20
-12.0
 30
0.0
 11
6.5546875
 21
-11.7109375
 31
0.0
  0
LINE
  5
7B7
330
1F
100
AcDbEntity
  8
OUTLINE
  6
CONTINUOUS
 62
     1
100
AcDbLine
 10
6.53125
 20
-12.0
 30
0.0
 11
6.890625
 21
-12.625
 31
0.0
  0
LINE
  5
7B8
330
1F
100
AcDbEntity
  8
OUTLINE
  6
CONTINUOUS
 62
     1
100
AcDbLine
 10
6.53125
 20
-12.0
 30
0.0
 11
6.890625
 21
-11.375
 31
0.0
  0
LINE
  5
7B9
330
1F
100
AcDbEntity
  8
OUTLINE
  6
SDS2_5
 62
     1
100
AcDbLine
 10
6.53125
 20
-12.0
 30
0.0
 11
6.890625
 21
-12.625
 31
0.0
  0
LINE
  5
7BA
330
1F
100
AcDbEntity
  8
OUTLINE
  6
SDS2_5
 62
     1
100
AcDbLine
 10
6.53125
 20
-12.0
 30
0.0
 11
6.890625
 21
-12.625
 31
0.0
  0
LINE
  5
7BB
330
1F
100
AcDbEntity
  8
OUTLINE
  6
SDS2_5
 62
     1
100
AcDbLine
 10
6.53125
 20
-12.0
 30
0.0
 11
6.890625
 21
-12.625
 31
0.0
  0
LINE
  5
7BC
330
1F
100
AcDbEntity
  8
OUTLINE
  6
SDS2_5
 62
     1
100
AcDbLine
 10
6.53125
 20
-12.0
 30
0.0
 11
6.890625
 21
-11.375
 31
0.0
  0
LINE
  5
7BD
330
1F
100
AcDbEntity
  8
OUTLINE
  6
SDS2_5
 62
     1
100
AcDbLine
 10
6.53125
 20
-12.0
 30
0.0
 11
6.890625
 21
-11.375
 31
0.0
  0
LINE
  5
7BE
330
1F
100
AcDbEntity
  8
OUTLINE
  6
SDS2_5
 62
     1
100
AcDbLine
 10
6.53125
 20
-12.0
 30
0.0
 11
6.890625
 21
-11.375
 31
0.0
  0
LINE
  5
7BF
330
1F
100
AcDbEntity
  8
OUTLINE
  6
SDS2_5
 62
     1
100
AcDbLine
 10
6.5546875
 20
-12.2890625
 30
0.0
 11
6.71875
 21
-12.53125
 31
0.0
  0
LINE
  5
7C0
330
1F
100
AcDbEntity
  8
OUTLINE
  6
SDS2_5
 62
     1
100
AcDbLine
 10
6.5546875
 20
-12.2890625
 30
0.0
 11
6.71875
 21
-12.53125
 31
0.0
  0
LINE
  5
7C1
330
1F
100
AcDbEntity
  8
OUTLINE
  6
SDS2_5
 62
     1
100
AcDbLine
 10
6.5546875
 20
-11.7109375
 30
0.0
 11
6.71875
 21
-11.46875
 31
0.0
  0
LINE
  5
7C2
330
1F
100
AcDbEntity
  8
OUTLINE
  6
SDS2_5
 62
     1
100
AcDbLine
 10
6.5546875
 20
-11.7109375
 30
0.0
 11
6.71875
 21
-11.46875
 31
0.0
  0
LINE
  5
7C3
330
1F
100
AcDbEntity
  8
OUTLINE
  6
SDS2_5
 62
     1
100
AcDbLine
 10
6.71875
 20
-12.53125
 30
0.0
 11
6.9609375
 21
-12.6953125
 31
0.0
  0
LINE
  5
7C4
330
1F
100
AcDbEntity
  8
OUTLINE
  6
SDS2_5
 62
     1
100
AcDbLine
 10
6.71875
 20
-12.53125
 30
0.0
 11
6.9609375
 21
-12.6953125
 31
0.0
  0
LINE
  5
7C5
330
1F
100
AcDbEntity
  8
OUTLINE
  6
SDS2_5
 62
     1
100
AcDbLine
 10
6.71875
 20
-11.46875
 30
0.0
 11
6.9609375
 21
-11.3046875
 31
0.0
  0
LINE
  5
7C6
330
1F
100
AcDbEntity
  8
OUTLINE
  6
SDS2_5
 62
     1
100
AcDbLine
 10
6.71875
 20
-11.46875
 30
0.0
 11
6.9609375
 21
-11.3046875
 31
0.0
  0
LINE
  5
7C7
330
1F
100
AcDbEntity
  8
OUTLINE
  6
SDS2_5
 62
     1
100
AcDbLine
 10
6.875
 20
-12.0
 30
0.0
 11
6.921875
 21
-12.1875
 31
0.0
  0
LINE
  5
7C8
330
1F
100
AcDbEntity
  8
OUTLINE
  6
SDS2_5
 62
     1
100
AcDbLine
 10
6.875
 20
-12.0
 30
0.0
 11
6.921875
 21
-12.1875
 31
0.0
  0
LINE
  5
7C9
330
1F
100
AcDbEntity
  8
OUTLINE
  6
SDS2_5
 62
     1
100
AcDbLine
 10
6.875
 20
-12.0
 30
0.0
 11
6.921875
 21
-12.1875
 31
0.0
  0
LINE
  5
7CA
330
1F
100
AcDbEntity
  8
OUTLINE
  6
SDS2_5
 62
     1
100
AcDbLine
 10
6.875
 20
-12.0
 30
0.0
 11
6.921875
 21
-12.1875
 31
0.0
  0
LINE
  5
7CB
330
1F
100
AcDbEntity
  8
OUTLINE
  6
SDS2_5
 62
     1
100
AcDbLine
 10
6.875
 20
-12.0
 30
0.0
 11
6.921875
 21
-11.8125
 31
0.0
  0
LINE
  5
7CC
330
1F
100
AcDbEntity
  8
OUTLINE
  6
SDS2_5
 62
     1
100
AcDbLine
 10
6.875
 20
-12.0
 30
0.0
 11
6.921875
 21
-11.8125
 31
0.0
  0
LINE
  5
7CD
330
1F
100
AcDbEntity
  8
OUTLINE
  6
SDS2_5
 62
     1
100
AcDbLine
 10
6.875
 20
-12.0
 30
0.0
 11
6.921875
 21
-11.8125
 31
0.0
  0
LINE
  5
7CE
330
1F
100
AcDbEntity
  8
OUTLINE
  6
SDS2_5
 62
     1
100
AcDbLine
 10
6.875
 20
-12.0
 30
0.0
 11
6.921875
 21
-11.8125
 31
0.0
  0
LINE
  5
7CF
330
1F
100
AcDbEntity
  8
OUTLINE
  6
CONTINUOUS
 62
     1
100
AcDbLine
 10
6.890625
 20
-12.625
 30
0.0
 11
7.609375
 21
-12.625
 31
0.0
  0
LINE
  5
7D0
330
1F
100
AcDbEntity
  8
OUTLINE
  6
SDS2_5
 62
     1
100
AcDbLine
 10
6.890625
 20
-12.625
 30
0.0
 11
7.609375
 21
-12.625
 31
0.0
  0
LINE
  5
7D1
330
1F
100
AcDbEntity
  8
OUTLINE
  6
SDS2_5
 62
     1
100
AcDbLine
 10
6.890625
 20
-12.625
 30
0.0
 11
7.609375
 21
-12.625
 31
0.0
  0
LINE
  5
7D2
330
1F
100
AcDbEntity
  8
OUTLINE
  6
SDS2_5
 62
     1
100
AcDbLine
 10
6.890625
 20
-12.625
 30
0.0
 11
7.609375
 21
-12.625
 31
0.0
  0
LINE
  5
7D3
330
1F
100
AcDbEntity
  8
OUTLINE
  6
CONTINUOUS
 62
     1
100
AcDbLine
 10
6.890625
 20
-11.375
 30
0.0
 11
7.609375
 21
-11.375
 31
0.0
  0
LINE
  5
7D4
330
1F
100
AcDbEntity
  8
OUTLINE
  6
SDS2_5
 62
     1
100
AcDbLine
 10
6.890625
 20
-11.375
 30
0.0
 11
7.609375
 21
-11.375
 31
0.0
  0
LINE
  5
7D5
330
1F
100
AcDbEntity
  8
OUTLINE
  6
SDS2_5
 62
     1
100
AcDbLine
 10
6.890625
 20
-11.375
 30
0.0
 11
7.609375
 21
-11.375
 31
0.0
  0
LINE
  5
7D6
330
1F
100
AcDbEntity
  8
OUTLINE
  6
SDS2_5
 62
     1
100
AcDbLine
 10
6.890625
 20
-11.375
 30
0.0
 11
7.609375
 21
-11.375
 31
0.0
  0
LINE
  5
7D7
330
1F
100
AcDbEntity
  8
OUTLINE
  6
SDS2_5
 62
     1
100
AcDbLine
 10
6.921875
 20
-12.1875
 30
0.0
 11
7.0625
 21
-12.328125
 31
0.0
  0
LINE
  5
7D8
330
1F
100
AcDbEntity
  8
OUTLINE
  6
SDS2_5
 62
     1
100
AcDbLine
 10
6.921875
 20
-12.1875
 30
0.0
 11
7.0625
 21
-12.328125
 31
0.0
  0
LINE
  5
7D9
330
1F
100
AcDbEntity
  8
OUTLINE
  6
SDS2_5
 62
     1
100
AcDbLine
 10
6.921875
 20
-12.1875
 30
0.0
 11
7.0625
 21
-12.328125
 31
0.0
  0
LINE
  5
7DA
330
1F
100
AcDbEntity
  8
OUTLINE
  6
SDS2_5
 62
     1
100
AcDbLine
 10
6.921875
 20
-12.1875
 30
0.0
 11
7.0625
 21
-12.328125
 31
0.0
  0
LINE
  5
7DB
330
1F
100
AcDbEntity
  8
OUTLINE
  6
SDS2_5
 62
     1
100
AcDbLine
 10
6.921875
 20
-11.8125
 30
0.0
 11
7.0625
 21
-11.671875
 31
0.0
  0
LINE
  5
7DC
330
1F
100
AcDbEntity
  8
OUTLINE
  6
SDS2_5
 62
     1
100
AcDbLine
 10
6.921875
 20
-11.8125
 30
0.0
 11
7.0625
 21
-11.671875
 31
0.0
  0
LINE
  5
7DD
330
1F
100
AcDbEntity
  8
OUTLINE
  6
SDS2_5
 62
     1
100
AcDbLine
 10
6.921875
 20
-11.8125
 30
0.0
 11
7.0625
 21
-11.671875
 31
0.0
  0
LINE
  5
7DE
330
1F
100
AcDbEntity
  8
OUTLINE
  6
SDS2_5
 62
     1
100
AcDbLine
 10
6.921875
 20
-11.8125
 30
0.0
 11
7.0625
 21
-11.671875
 31
0.0
  0
LINE
  5
7DF
330
1F
100
AcDbEntity
  8
OUTLINE
  6
SDS2_5
 62
     1
100
AcDbLine
 10
6.9609375
 20
-12.6953125
 30
0.0
 11
7.25
 21
-12.75
 31
0.0
  0
LINE
  5
7E0
330
1F
100
AcDbEntity
  8
OUTLINE
  6
SDS2_5
 62
     1
100
AcDbLine
 10
6.9609375
 20
-12.6953125
 30
0.0
 11
7.25
 21
-12.75
 31
0.0
  0
LINE
  5
7E1
330
1F
100
AcDbEntity
  8
OUTLINE
  6
SDS2_5
 62
     1
100
AcDbLine
 10
6.9609375
 20
-11.3046875
 30
0.0
 11
7.25
 21
-11.25
 31
0.0
  0
LINE
  5
7E2
330
1F
100
AcDbEntity
  8
OUTLINE
  6
SDS2_5
 62
     1
100
AcDbLine
 10
6.9609375
 20
-11.3046875
 30
0.0
 11
7.25
 21
-11.25
 31
0.0
  0
LINE
  5
7E3
330
1F
100
AcDbEntity
  8
OUTLINE
  6
SDS2_5
 62
     1
100
AcDbLine
 10
7.0625
 20
-12.328125
 30
0.0
 11
7.25
 21
-12.375
 31
0.0
  0
LINE
  5
7E4
330
1F
100
AcDbEntity
  8
OUTLINE
  6
SDS2_5
 62
     1
100
AcDbLine
 10
7.0625
 20
-12.328125
 30
0.0
 11
7.25
 21
-12.375
 31
0.0
  0
LINE
  5
7E5
330
1F
100
AcDbEntity
  8
OUTLINE
  6
SDS2_5
 62
     1
100
AcDbLine
 10
7.0625
 20
-12.328125
 30
0.0
 11
7.25
 21
-12.375
 31
0.0
  0
LINE
  5
7E6
330
1F
100
AcDbEntity
  8
OUTLINE
  6
SDS2_5
 62
     1
100
AcDbLine
 10
7.0625
 20
-12.328125
 30
0.0
 11
7.25
 21
-12.375
 31
0.0
  0
LINE
  5
7E7
330
1F
100
AcDbEntity
  8
OUTLINE
  6
SDS2_5
 62
     1
100
AcDbLine
 10
7.0625
 20
-11.671875
 30
0.0
 11
7.25
 21
-11.625
 31
0.0
  0
LINE
  5
7E8
330
1F
100
AcDbEntity
  8
OUTLINE
  6
SDS2_5
 62
     1
100
AcDbLine
 10
7.0625
 20
-11.671875
 30
0.0
 11
7.25
 21
-11.625
 31
0.0
  0
LINE
  5
7E9
330
1F
100
AcDbEntity
  8
OUTLINE
  6
SDS2_5
 62
     1
100
AcDbLine
 10
7.0625
 20
-11.671875
 30
0.0
 11
7.25
 21
-11.625
 31
0.0
  0
LINE
  5
7EA
330
1F
100
AcDbEntity
  8
OUTLINE
  6
SDS2_5
 62
     1
100
AcDbLine
 10
7.0625
 20
-11.671875
 30
0.0
 11
7.25
 21
-11.625
 31
0.0
  0
LINE
  5
7EB
330
1F
100
AcDbEntity
  8
OUTLINE
  6
SDS2_5
 62
     1
100
AcDbLine
 10
7.25
 20
-12.75
 30
0.0
 11
7.5390625
 21
-12.6953125
 31
0.0
  0
LINE
  5
7EC
330
1F
100
AcDbEntity
  8
OUTLINE
  6
SDS2_5
 62
     1
100
AcDbLine
 10
7.25
 20
-12.75
 30
0.0
 11
7.5390625
 21
-12.6953125
 31
0.0
  0
LINE
  5
7ED
330
1F
100
AcDbEntity
  8
OUTLINE
  6
SDS2_5
 62
     1
100
AcDbLine
 10
7.25
 20
-12.375
 30
0.0
 11
7.4375
 21
-12.328125
 31
0.0
  0
LINE
  5
7EE
330
1F
100
AcDbEntity
  8
OUTLINE
  6
SDS2_5
 62
     1
100
AcDbLine
 10
7.25
 20
-12.375
 30
0.0
 11
7.4375
 21
-12.328125
 31
0.0
  0
LINE
  5
7EF
330
1F
100
AcDbEntity
  8
OUTLINE
  6
SDS2_5
 62
     1
100
AcDbLine
 10
7.25
 20
-12.375
 30
0.0
 11
7.4375
 21
-12.328125
 31
0.0
  0
LINE
  5
7F0
330
1F
100
AcDbEntity
  8
OUTLINE
  6
SDS2_5
 62
     1
100
AcDbLine
 10
7.25
 20
-12.375
 30
0.0
 11
7.4375
 21
-12.328125
 31
0.0
  0
LINE
  5
7F1
330
1F
100
AcDbEntity
  8
OUTLINE
  6
SDS2_5
 62
     1
100
AcDbLine
 10
7.25
 20
-11.625
 30
0.0
 11
7.4375
 21
-11.671875
 31
0.0
  0
LINE
  5
7F2
330
1F
100
AcDbEntity
  8
OUTLINE
  6
SDS2_5
 62
     1
100
AcDbLine
 10
7.25
 20
-11.625
 30
0.0
 11
7.4375
 21
-11.671875
 31
0.0
  0
LINE
  5
7F3
330
1F
100
AcDbEntity
  8
OUTLINE
  6
SDS2_5
 62
     1
100
AcDbLine
 10
7.25
 20
-11.625
 30
0.0
 11
7.4375
 21
-11.671875
 31
0.0
  0
LINE
  5
7F4
330
1F
100
AcDbEntity
  8
OUTLINE
  6
SDS2_5
 62
     1
100
AcDbLine
 10
7.25
 20
-11.625
 30
0.0
 11
7.4375
 21
-11.671875
 31
0.0
  0
LINE
  5
7F5
330
1F
100
AcDbEntity
  8
OUTLINE
  6
SDS2_5
 62
     1
100
AcDbLine
 10
7.25
 20
-11.25
 30
0.0
 11
7.5390625
 21
-11.3046875
 31
0.0
  0
LINE
  5
7F6
330
1F
100
AcDbEntity
  8
OUTLINE
  6
SDS2_5
 62
     1
100
AcDbLine
 10
7.25
 20
-11.25
 30
0.0
 11
7.5390625
 21
-11.3046875
 31
0.0
  0
LINE
  5
7F7
330
1F
100
AcDbEntity
  8
OUTLINE
  6
SDS2_5
 62
     1
100
AcDbLine
 10
7.4375
 20
-12.328125
 30
0.0
 11
7.578125
 21
-12.1875
 31
0.0
  0
LINE
  5
7F8
330
1F
100
AcDbEntity
  8
OUTLINE
  6
SDS2_5
 62
     1
100
AcDbLine
 10
7.4375
 20
-12.328125
 30
0.0
 11
7.578125
 21
-12.1875
 31
0.0
  0
LINE
  5
7F9
330
1F
100
AcDbEntity
  8
OUTLINE
  6
SDS2_5
 62
     1
100
AcDbLine
 10
7.4375
 20
-12.328125
 30
0.0
 11
7.578125
 21
-12.1875
 31
0.0
  0
LINE
  5
7FA
330
1F
100
AcDbEntity
  8
OUTLINE
  6
SDS2_5
 62
     1
100
AcDbLine
 10
7.4375
 20
-12.328125
 30
0.0
 11
7.578125
 21
-12.1875
 31
0.0
  0
LINE
  5
7FB
330
1F
100
AcDbEntity
  8
OUTLINE
  6
SDS2_5
 62
     1
100
AcDbLine
 10
7.4375
 20
-11.671875
 30
0.0
 11
7.578125
 21
-11.8125
 31
0.0
  0
LINE
  5
7FC
330
1F
100
AcDbEntity
  8
OUTLINE
  6
SDS2_5
 62
     1
100
AcDbLine
 10
7.4375
 20
-11.671875
 30
0.0
 11
7.578125
 21
-11.8125
 31
0.0
  0
LINE
  5
7FD
330
1F
100
AcDbEntity
  8
OUTLINE
  6
SDS2_5
 62
     1
100
AcDbLine
 10
7.4375
 20
-11.671875
 30
0.0
 11
7.578125
 21
-11.8125
 31
0.0
  0
LINE
  5
7FE
330
1F
100
AcDbEntity
  8
OUTLINE
  6
SDS2_5
 62
     1
100
AcDbLine
 10
7.4375
 20
-11.671875
 30
0.0
 11
7.578125
 21
-11.8125
 31
0.0
  0
LINE
  5
7FF
330
1F
100
AcDbEntity
  8
OUTLINE
  6
SDS2_5
 62
     1
100
AcDbLine
 10
7.5390625
 20
-12.6953125
 30
0.0
 11
7.78125
 21
-12.53125
 31
0.0
  0
LINE
  5
800
330
1F
100
AcDbEntity
  8
OUTLINE
  6
SDS2_5
 62
     1
100
AcDbLine
 10
7.5390625
 20
-12.6953125
 30
0.0
 11
7.78125
 21
-12.53125
 31
0.0
  0
LINE
  5
801
330
1F
100
AcDbEntity
  8
OUTLINE
  6
SDS2_5
 62
     1
100
AcDbLine
 10
7.5390625
 20
-11.3046875
 30
0.0
 11
7.78125
 21
-11.46875
 31
0.0
  0
LINE
  5
802
330
1F
100
AcDbEntity
  8
OUTLINE
  6
SDS2_5
 62
     1
100
AcDbLine
 10
7.5390625
 20
-11.3046875
 30
0.0
 11
7.78125
 21
-11.46875
 31
0.0
  0
LINE
  5
803
330
1F
100
AcDbEntity
  8
OUTLINE
  6
SDS2_5
 62
     1
100
AcDbLine
 10
7.578125
 20
-12.1875
 30
0.0
 11
7.625
 21
-12.0
 31
0.0
  0
LINE
  5
804
330
1F
100
AcDbEntity
  8
OUTLINE
  6
SDS2_5
 62
     1
100
AcDbLine
 10
7.578125
 20
-12.1875
 30
0.0
 11
7.625
 21
-12.0
 31
0.0
  0
LINE
  5
805
330
1F
100
AcDbEntity
  8
OUTLINE
  6
SDS2_5
 62
     1
100
AcDbLine
 10
7.578125
 20
-12.1875
 30
0.0
 11
7.625
 21
-12.0
 31
0.0
  0
LINE
  5
806
330
1F
100
AcDbEntity
  8
OUTLINE
  6
SDS2_5
 62
     1
100
AcDbLine
 10
7.578125
 20
-12.1875
 30
0.0
 11
7.625
 21
-12.0
 31
0.0
  0
LINE
  5
807
330
1F
100
AcDbEntity
  8
OUTLINE
  6
SDS2_5
 62
     1
100
AcDbLine
 10
7.578125
 20
-11.8125
 30
0.0
 11
7.625
 21
-12.0
 31
0.0
  0
LINE
  5
808
330
1F
100
AcDbEntity
  8
OUTLINE
  6
SDS2_5
 62
     1
100
AcDbLine
 10
7.578125
 20
-11.8125
 30
0.0
 11
7.625
 21
-12.0
 31
0.0
  0
LINE
  5
809
330
1F
100
AcDbEntity
  8
OUTLINE
  6
SDS2_5
 62
     1
100
AcDbLine
 10
7.578125
 20
-11.8125
 30
0.0
 11
7.625
 21
-12.0
 31
0.0
  0
LINE
  5
80A
330
1F
100
AcDbEntity
  8
OUTLINE
  6
SDS2_5
 62
     1
100
AcDbLine
 10
7.578125
 20
-11.8125
 30
0.0
 11
7.625
 21
-12.0
 31
0.0
  0
LINE
  5
80B
330
1F
100
AcDbEntity
  8
OUTLINE
  6
CONTINUOUS
 62
     1
100
AcDbLine
 10
7.609375
 20
-12.625
 30
0.0
 11
7.96875
 21
-12.0
 31
0.0
  0
LINE
  5
80C
330
1F
100
AcDbEntity
  8
OUTLINE
  6
SDS2_5
 62
     1
100
AcDbLine
 10
7.609375
 20
-12.625
 30
0.0
 11
7.96875
 21
-12.0
 31
0.0
  0
LINE
  5
80D
330
1F
100
AcDbEntity
  8
OUTLINE
  6
SDS2_5
 62
     1
100
AcDbLine
 10
7.609375
 20
-12.625
 30
0.0
 11
7.96875
 21
-12.0
 31
0.0
  0
LINE
  5
80E
330
1F
100
AcDbEntity
  8
OUTLINE
  6
SDS2_5
 62
     1
100
AcDbLine
 10
7.609375
 20
-12.625
 30
0.0
 11
7.96875
 21
-12.0
 31
0.0
  0
LINE
  5
80F
330
1F
100
AcDbEntity
  8
OUTLINE
  6
CONTINUOUS
 62
     1
100
AcDbLine
 10
7.609375
 20
-11.375
 30
0.0
 11
7.96875
 21
-12.0
 31
0.0
  0
LINE
  5
810
330
1F
100
AcDbEntity
  8
OUTLINE
  6
SDS2_5
 62
     1
100
AcDbLine
 10
7.609375
 20
-11.375
 30
0.0
 11
7.96875
 21
-12.0
 31
0.0
  0
LINE
  5
811
330
1F
100
AcDbEntity
  8
OUTLINE
  6
SDS2_5
 62
     1
100
AcDbLine
 10
7.609375
 20
-11.375
 30
0.0
 11
7.96875
 21
-12.0
 31
0.0
  0
LINE
  5
812
330
1F
100
AcDbEntity
  8
OUTLINE
  6
SDS2_5
 62
     1
100
AcDbLine
 10
7.609375
 20
-11.375
 30
0.0
 11
7.96875
 21
-12.0
 31
0.0
  0
LINE
  5
813
330
1F
100
AcDbEntity
  8
OUTLINE
  6
SDS2_5
 62
     1
100
AcDbLine
 10
7.78125
 20
-12.53125
 30
0.0
 11
7.9453125
 21
-12.2890625
 31
0.0
  0
LINE
  5
814
330
1F
100
AcDbEntity
  8
OUTLINE
  6
SDS2_5
 62
     1
100
AcDbLine
 10
7.78125
 20
-12.53125
 30
0.0
 11
7.9453125
 21
-12.2890625
 31
0.0
  0
LINE
  5
815
330
1F
100
AcDbEntity
  8
OUTLINE
  6
SDS2_5
 62
     1
100
AcDbLine
 10
7.78125
 20
-11.46875
 30
0.0
 11
7.9453125
 21
-11.7109375
 31
0.0
  0
LINE
  5
816
330
1F
100
AcDbEntity
  8
OUTLINE
  6
SDS2_5
 62
     1
100
AcDbLine
 10
7.78125
 20
-11.46875
 30
0.0
 11
7.9453125
 21
-11.7109375
 31
0.0
  0
LINE
  5
817
330
1F
100
AcDbEntity
  8
OUTLINE
  6
SDS2_5
 62
     1
100
AcDbLine
 10
7.9453125
 20
-12.2890625
 30
0.0
 11
8.0
 21
-12.0
 31
0.0
  0
LINE
  5
818
330
1F
100
AcDbEntity
  8
OUTLINE
  6
SDS2_5
 62
     1
100
AcDbLine
 10
7.9453125
 20
-12.2890625
 30
0.0
 11
8.0
 21
-12.0
 31
0.0
  0
LINE
  5
819
330
1F
100
AcDbEntity
  8
OUTLINE
  6
SDS2_5
 62
     1
100
AcDbLine
 10
7.9453125
 20
-11.7109375
 30
0.0
 11
8.0
 21
-12.0
 31
0.0
  0
LINE
  5
81A
330
1F
100
AcDbEntity
  8
OUTLINE
  6
SDS2_5
 62
     1
100
AcDbLine
 10
7.9453125
 20
-11.7109375
 30
0.0
 11
8.0
 21
-12.0
 31
0.0
  0
LINE
  5
81B
330
1F
100
AcDbEntity
  8
OUTLINE
  6
SDS2_5
 62
     1
100
AcDbLine
 10
46.6875
 20
-12.0
 30
0.0
 11
46.7421875
 21
-12.2890625
 31
0.0
  0
LINE
  5
81C
330
1F
100
AcDbEntity
  8
OUTLINE
  6
SDS2_5
 62
     1
100
AcDbLine
 10
46.6875
 20
-12.0
 30
0.0
 11
46.7421875
 21
-12.2890625
 31
0.0
  0
LINE
  5
81D
330
1F
100
AcDbEntity
  8
OUTLINE
  6
SDS2_5
 62
     1
100
AcDbLine
 10
46.6875
 20
-12.0
 30
0.0
 11
46.7421875
 21
-11.7109375
 31
0.0
  0
LINE
  5
81E
330
1F
100
AcDbEntity
  8
OUTLINE
  6
SDS2_5
 62
     1
100
AcDbLine
 10
46.6875
 20
-12.0
 30
0.0
 11
46.7421875
 21
-11.7109375
 31
0.0
  0
LINE
  5
81F
330
1F
100
AcDbEntity
  8
OUTLINE
  6
CONTINUOUS
 62
     1
100
AcDbLine
 10
46.71875
 20
-12.0
 30
0.0
 11
47.078125
 21
-12.625
 31
0.0
  0
LINE
  5
820
330
1F
100
AcDbEntity
  8
OUTLINE
  6
CONTINUOUS
 62
     1
100
AcDbLine
 10
46.71875
 20
-12.0
 30
0.0
 11
47.078125
 21
-11.375
 31
0.0
  0
LINE
  5
821
330
1F
100
AcDbEntity
  8
OUTLINE
  6
SDS2_5
 62
     1
100
AcDbLine
 10
46.71875
 20
-12.0
 30
0.0
 11
47.078125
 21
-12.625
 31
0.0
  0
LINE
  5
822
330
1F
100
AcDbEntity
  8
OUTLINE
  6
SDS2_5
 62
     1
100
AcDbLine
 10
46.71875
 20
-12.0
 30
0.0
 11
47.078125
 21
-12.625
 31
0.0
  0
LINE
  5
823
330
1F
100
AcDbEntity
  8
OUTLINE
  6
SDS2_5
 62
     1
100
AcDbLine
 10
46.71875
 20
-12.0
 30
0.0
 11
47.078125
 21
-12.625
 31
0.0
  0
LINE
  5
824
330
1F
100
AcDbEntity
  8
OUTLINE
  6
SDS2_5
 62
     1
100
AcDbLine
 10
46.71875
 20
-12.0
 30
0.0
 11
47.078125
 21
-11.375
 31
0.0
  0
LINE
  5
825
330
1F
100
AcDbEntity
  8
OUTLINE
  6
SDS2_5
 62
     1
100
AcDbLine
 10
46.71875
 20
-12.0
 30
0.0
 11
47.078125
 21
-11.375
 31
0.0
  0
LINE
  5
826
330
1F
100
AcDbEntity
  8
OUTLINE
  6
SDS2_5
 62
     1
100
AcDbLine
 10
46.71875
 20
-12.0
 30
0.0
 11
47.078125
 21
-11.375
 31
0.0
  0
LINE
  5
827
330
1F
100
AcDbEntity
  8
OUTLINE
  6
SDS2_5
 62
     1
100
AcDbLine
 10
46.7421875
 20
-12.2890625
 30
0.0
 11
46.90625
 21
-12.53125
 31
0.0
  0
LINE
  5
828
330
1F
100
AcDbEntity
  8
OUTLINE
  6
SDS2_5
 62
     1
100
AcDbLine
 10
46.7421875
 20
-12.2890625
 30
0.0
 11
46.90625
 21
-12.53125
 31
0.0
  0
LINE
  5
829
330
1F
100
AcDbEntity
  8
OUTLINE
  6
SDS2_5
 62
     1
100
AcDbLine
 10
46.7421875
 20
-11.7109375
 30
0.0
 11
46.90625
 21
-11.46875
 31
0.0
  0
LINE
  5
82A
330
1F
100
AcDbEntity
  8
OUTLINE
  6
SDS2_5
 62
     1
100
AcDbLine
 10
46.7421875
 20
-11.7109375
 30
0.0
 11
46.90625
 21
-11.46875
 31
0.0
  0
LINE
  5
82B
330
1F
100
AcDbEntity
  8
OUTLINE
  6
SDS2_5
 62
     1
100
AcDbLine
 10
46.90625
 20
-12.53125
 30
0.0
 11
47.1484375
 21
-12.6953125
 31
0.0
  0
LINE
  5
82C
330
1F
100
AcDbEntity
  8
OUTLINE
  6
SDS2_5
 62
     1
100
AcDbLine
 10
46.90625
 20
-12.53125
 30
0.0
 11
47.1484375
 21
-12.6953125
 31
0.0
  0
LINE
  5
82D
330
1F
100
AcDbEntity
  8
OUTLINE
  6
SDS2_5
 62
     1
100
AcDbLine
 10
46.90625
 20
-11.46875
 30
0.0
 11
47.1484375
 21
-11.3046875
 31
0.0
  0
LINE
  5
82E
330
1F
100
AcDbEntity
  8
OUTLINE
  6
SDS2_5
 62
     1
100
AcDbLine
 10
46.90625
 20
-11.46875
 30
0.0
 11
47.1484375
 21
-11.3046875
 31
0.0
  0
LINE
  5
82F
330
1F
100
AcDbEntity
  8
OUTLINE
  6
SDS2_5
 62
     1
100
AcDbLine
 10
47.0625
 20
-12.0
 30
0.0
 11
47.109375
 21
-12.1875
 31
0.0
  0
LINE
  5
830
330
1F
100
AcDbEntity
  8
OUTLINE
  6
SDS2_5
 62
     1
100
AcDbLine
 10
47.0625
 20
-12.0
 30
0.0
 11
47.109375
 21
-12.1875
 31
0.0
  0
LINE
  5
831
330
1F
100
AcDbEntity
  8
OUTLINE
  6
SDS2_5
 62
     1
100
AcDbLine
 10
47.0625
 20
-12.0
 30
0.0
 11
47.109375
 21
-12.1875
 31
0.0
  0
LINE
  5
832
330
1F
100
AcDbEntity
  8
OUTLINE
  6
SDS2_5
 62
     1
100
AcDbLine
 10
47.0625
 20
-12.0
 30
0.0
 11
47.109375
 21
-12.1875
 31
0.0
  0
LINE
  5
833
330
1F
100
AcDbEntity
  8
OUTLINE
  6
SDS2_5
 62
     1
100
AcDbLine
 10
47.0625
 20
-12.0
 30
0.0
 11
47.109375
 21
-11.8125
 31
0.0
  0
LINE
  5
834
330
1F
100
AcDbEntity
  8
OUTLINE
  6
SDS2_5
 62
     1
100
AcDbLine
 10
47.0625
 20
-12.0
 30
0.0
 11
47.109375
 21
-11.8125
 31
0.0
  0
LINE
  5
835
330
1F
100
AcDbEntity
  8
OUTLINE
  6
SDS2_5
 62
     1
100
AcDbLine
 10
47.0625
 20
-12.0
 30
0.0
 11
47.109375
 21
-11.8125
 31
0.0
  0
LINE
  5
836
330
1F
100
AcDbEntity
  8
OUTLINE
  6
SDS2_5
 62
     1
100
AcDbLine
 10
47.0625
 20
-12.0
 30
0.0
 11
47.109375
 21
-11.8125
 31
0.0
  0
LINE
  5
837
330
1F
100
AcDbEntity
  8
OUTLINE
  6
CONTINUOUS
 62
     1
100
AcDbLine
 10
47.078125
 20
-12.625
 30
0.0
 11
47.796875
 21
-12.625
 31
0.0
  0
LINE
  5
838
330
1F
100
AcDbEntity
  8
OUTLINE
  6
SDS2_5
 62
     1
100
AcDbLine
 10
47.078125
 20
-12.625
 30
0.0
 11
47.796875
 21
-12.625
 31
0.0
  0
LINE
  5
839
330
1F
100
AcDbEntity
  8
OUTLINE
  6
SDS2_5
 62
     1
100
AcDbLine
 10
47.078125
 20
-12.625
 30
0.0
 11
47.796875
 21
-12.625
 31
0.0
  0
LINE
  5
83A
330
1F
100
AcDbEntity
  8
OUTLINE
  6
SDS2_5
 62
     1
100
AcDbLine
 10
47.078125
 20
-12.625
 30
0.0
 11
47.796875
 21
-12.625
 31
0.0
  0
LINE
  5
83B
330
1F
100
AcDbEntity
  8
OUTLINE
  6
CONTINUOUS
 62
     1
100
AcDbLine
 10
47.078125
 20
-11.375
 30
0.0
 11
47.796875
 21
-11.375
 31
0.0
  0
LINE
  5
83C
330
1F
100
AcDbEntity
  8
OUTLINE
  6
SDS2_5
 62
     1
100
AcDbLine
 10
47.078125
 20
-11.375
 30
0.0
 11
47.796875
 21
-11.375
 31
0.0
  0
LINE
  5
83D
330
1F
100
AcDbEntity
  8
OUTLINE
  6
SDS2_5
 62
     1
100
AcDbLine
 10
47.078125
 20
-11.375
 30
0.0
 11
47.796875
 21
-11.375
 31
0.0
  0
LINE
  5
83E
330
1F
100
AcDbEntity
  8
OUTLINE
  6
SDS2_5
 62
     1
100
AcDbLine
 10
47.078125
 20
-11.375
 30
0.0
 11
47.796875
 21
-11.375
 31
0.0
  0
LINE
  5
83F
330
1F
100
AcDbEntity
  8
OUTLINE
  6
SDS2_5
 62
     1
100
AcDbLine
 10
47.109375
 20
-12.1875
 30
0.0
 11
47.25
 21
-12.328125
 31
0.0
  0
LINE
  5
840
330
1F
100
AcDbEntity
  8
OUTLINE
  6
SDS2_5
 62
     1
100
AcDbLine
 10
47.109375
 20
-12.1875
 30
0.0
 11
47.25
 21
-12.328125
 31
0.0
  0
LINE
  5
841
330
1F
100
AcDbEntity
  8
OUTLINE
  6
SDS2_5
 62
     1
100
AcDbLine
 10
47.109375
 20
-12.1875
 30
0.0
 11
47.25
 21
-12.328125
 31
0.0
  0
LINE
  5
842
330
1F
100
AcDbEntity
  8
OUTLINE
  6
SDS2_5
 62
     1
100
AcDbLine
 10
47.109375
 20
-12.1875
 30
0.0
 11
47.25
 21
-12.328125
 31
0.0
  0
LINE
  5
843
330
1F
100
AcDbEntity
  8
OUTLINE
  6
SDS2_5
 62
     1
100
AcDbLine
 10
47.109375
 20
-11.8125
 30
0.0
 11
47.25
 21
-11.671875
 31
0.0
  0
LINE
  5
844
330
1F
100
AcDbEntity
  8
OUTLINE
  6
SDS2_5
 62
     1
100
AcDbLine
 10
47.109375
 20
-11.8125
 30
0.0
 11
47.25
 21
-11.671875
 31
0.0
  0
LINE
  5
845
330
1F
100
AcDbEntity
  8
OUTLINE
  6
SDS2_5
 62
     1
100
AcDbLine
 10
47.109375
 20
-11.8125
 30
0.0
 11
47.25
 21
-11.671875
 31
0.0
  0
LINE
  5
846
330
1F
100
AcDbEntity
  8
OUTLINE
  6
SDS2_5
 62
     1
100
AcDbLine
 10
47.109375
 20
-11.8125
 30
0.0
 11
47.25
 21
-11.671875
 31
0.0
  0
LINE
  5
847
330
1F
100
AcDbEntity
  8
OUTLINE
  6
SDS2_5
 62
     1
100
AcDbLine
 10
47.1484375
 20
-12.6953125
 30
0.0
 11
47.4375
 21
-12.75
 31
0.0
  0
LINE
  5
848
330
1F
100
AcDbEntity
  8
OUTLINE
  6
SDS2_5
 62
     1
100
AcDbLine
 10
47.1484375
 20
-12.6953125
 30
0.0
 11
47.4375
 21
-12.75
 31
0.0
  0
LINE
  5
849
330
1F
100
AcDbEntity
  8
OUTLINE
  6
SDS2_5
 62
     1
100
AcDbLine
 10
47.1484375
 20
-11.3046875
 30
0.0
 11
47.4375
 21
-11.25
 31
0.0
  0
LINE
  5
84A
330
1F
100
AcDbEntity
  8
OUTLINE
  6
SDS2_5
 62
     1
100
AcDbLine
 10
47.1484375
 20
-11.3046875
 30
0.0
 11
47.4375
 21
-11.25
 31
0.0
  0
LINE
  5
84B
330
1F
100
AcDbEntity
  8
OUTLINE
  6
SDS2_5
 62
     1
100
AcDbLine
 10
47.25
 20
-12.328125
 30
0.0
 11
47.4375
 21
-12.375
 31
0.0
  0
LINE
  5
84C
330
1F
100
AcDbEntity
  8
OUTLINE
  6
SDS2_5
 62
     1
100
AcDbLine
 10
47.25
 20
-12.328125
 30
0.0
 11
47.4375
 21
-12.375
 31
0.0
  0
LINE
  5
84D
330
1F
100
AcDbEntity
  8
OUTLINE
  6
SDS2_5
 62
     1
100
AcDbLine
 10
47.25
 20
-12.328125
 30
0.0
 11
47.4375
 21
-12.375
 31
0.0
  0
LINE
  5
84E
330
1F
100
AcDbEntity
  8
OUTLINE
  6
SDS2_5
 62
     1
100
AcDbLine
 10
47.25
 20
-12.328125
 30
0.0
 11
47.4375
 21
-12.375
 31
0.0
  0
LINE
  5
84F
330
1F
100
AcDbEntity
  8
OUTLINE
  6
SDS2_5
 62
     1
100
AcDbLine
 10
47.25
 20
-11.671875
 30
0.0
 11
47.4375
 21
-11.625
 31
0.0
  0
LINE
  5
850
330
1F
100
AcDbEntity
  8
OUTLINE
  6
SDS2_5
 62
     1
100
AcDbLine
 10
47.25
 20
-11.671875
 30
0.0
 11
47.4375
 21
-11.625
 31
0.0
  0
LINE
  5
851
330
1F
100
AcDbEntity
  8
OUTLINE
  6
SDS2_5
 62
     1
100
AcDbLine
 10
47.25
 20
-11.671875
 30
0.0
 11
47.4375
 21
-11.625
 31
0.0
  0
LINE
  5
852
330
1F
100
AcDbEntity
  8
OUTLINE
  6
SDS2_5
 62
     1
100
AcDbLine
 10
47.25
 20
-11.671875
 30
0.0
 11
47.4375
 21
-11.625
 31
0.0
  0
LINE
  5
853
330
1F
100
AcDbEntity
  8
OUTLINE
  6
SDS2_5
 62
     1
100
AcDbLine
 10
47.4375
 20
-12.75
 30
0.0
 11
47.7265625
 21
-12.6953125
 31
0.0
  0
LINE
  5
854
330
1F
100
AcDbEntity
  8
OUTLINE
  6
SDS2_5
 62
     1
100
AcDbLine
 10
47.4375
 20
-12.75
 30
0.0
 11
47.7265625
 21
-12.6953125
 31
0.0
  0
LINE
  5
855
330
1F
100
AcDbEntity
  8
OUTLINE
  6
SDS2_5
 62
     1
100
AcDbLine
 10
47.4375
 20
-12.375
 30
0.0
 11
47.625
 21
-12.328125
 31
0.0
  0
LINE
  5
856
330
1F
100
AcDbEntity
  8
OUTLINE
  6
SDS2_5
 62
     1
100
AcDbLine
 10
47.4375
 20
-12.375
 30
0.0
 11
47.625
 21
-12.328125
 31
0.0
  0
LINE
  5
857
330
1F
100
AcDbEntity
  8
OUTLINE
  6
SDS2_5
 62
     1
100
AcDbLine
 10
47.4375
 20
-12.375
 30
0.0
 11
47.625
 21
-12.328125
 31
0.0
  0
LINE
  5
858
330
1F
100
AcDbEntity
  8
OUTLINE
  6
SDS2_5
 62
     1
100
AcDbLine
 10
47.4375
 20
-12.375
 30
0.0
 11
47.625
 21
-12.328125
 31
0.0
  0
LINE
  5
859
330
1F
100
AcDbEntity
  8
OUTLINE
  6
SDS2_5
 62
     1
100
AcDbLine
 10
47.4375
 20
-11.625
 30
0.0
 11
47.625
 21
-11.671875
 31
0.0
  0
LINE
  5
85A
330
1F
100
AcDbEntity
  8
OUTLINE
  6
SDS2_5
 62
     1
100
AcDbLine
 10
47.4375
 20
-11.625
 30
0.0
 11
47.625
 21
-11.671875
 31
0.0
  0
LINE
  5
85B
330
1F
100
AcDbEntity
  8
OUTLINE
  6
SDS2_5
 62
     1
100
AcDbLine
 10
47.4375
 20
-11.625
 30
0.0
 11
47.625
 21
-11.671875
 31
0.0
  0
LINE
  5
85C
330
1F
100
AcDbEntity
  8
OUTLINE
  6
SDS2_5
 62
     1
100
AcDbLine
 10
47.4375
 20
-11.625
 30
0.0
 11
47.625
 21
-11.671875
 31
0.0
  0
LINE
  5
85D
330
1F
100
AcDbEntity
  8
OUTLINE
  6
SDS2_5
 62
     1
100
AcDbLine
 10
47.4375
 20
-11.25
 30
0.0
 11
47.7265625
 21
-11.3046875
 31
0.0
  0
LINE
  5
85E
330
1F
100
AcDbEntity
  8
OUTLINE
  6
SDS2_5
 62
     1
100
AcDbLine
 10
47.4375
 20
-11.25
 30
0.0
 11
47.7265625
 21
-11.3046875
 31
0.0
  0
LINE
  5
85F
330
1F
100
AcDbEntity
  8
OUTLINE
  6
SDS2_5
 62
     1
100
AcDbLine
 10
47.625
 20
-12.328125
 30
0.0
 11
47.765625
 21
-12.1875
 31
0.0
  0
LINE
  5
860
330
1F
100
AcDbEntity
  8
OUTLINE
  6
SDS2_5
 62
     1
100
AcDbLine
 10
47.625
 20
-12.328125
 30
0.0
 11
47.765625
 21
-12.1875
 31
0.0
  0
LINE
  5
861
330
1F
100
AcDbEntity
  8
OUTLINE
  6
SDS2_5
 62
     1
100
AcDbLine
 10
47.625
 20
-12.328125
 30
0.0
 11
47.765625
 21
-12.1875
 31
0.0
  0
LINE
  5
862
330
1F
100
AcDbEntity
  8
OUTLINE
  6
SDS2_5
 62
     1
100
AcDbLine
 10
47.625
 20
-12.328125
 30
0.0
 11
47.765625
 21
-12.1875
 31
0.0
  0
LINE
  5
863
330
1F
100
AcDbEntity
  8
OUTLINE
  6
SDS2_5
 62
     1
100
AcDbLine
 10
47.625
 20
-11.671875
 30
0.0
 11
47.765625
 21
-11.8125
 31
0.0
  0
LINE
  5
864
330
1F
100
AcDbEntity
  8
OUTLINE
  6
SDS2_5
 62
     1
100
AcDbLine
 10
47.625
 20
-11.671875
 30
0.0
 11
47.765625
 21
-11.8125
 31
0.0
  0
LINE
  5
865
330
1F
100
AcDbEntity
  8
OUTLINE
  6
SDS2_5
 62
     1
100
AcDbLine
 10
47.625
 20
-11.671875
 30
0.0
 11
47.765625
 21
-11.8125
 31
0.0
  0
LINE
  5
866
330
1F
100
AcDbEntity
  8
OUTLINE
  6
SDS2_5
 62
     1
100
AcDbLine
 10
47.625
 20
-11.671875
 30
0.0
 11
47.765625
 21
-11.8125
 31
0.0
  0
LINE
  5
867
330
1F
100
AcDbEntity
  8
OUTLINE
  6
SDS2_5
 62
     1
100
AcDbLine
 10
47.7265625
 20
-12.6953125
 30
0.0
 11
47.96875
 21
-12.53125
 31
0.0
  0
LINE
  5
868
330
1F
100
AcDbEntity
  8
OUTLINE
  6
SDS2_5
 62
     1
100
AcDbLine
 10
47.7265625
 20
-12.6953125
 30
0.0
 11
47.96875
 21
-12.53125
 31
0.0
  0
LINE
  5
869
330
1F
100
AcDbEntity
  8
OUTLINE
  6
SDS2_5
 62
     1
100
AcDbLine
 10
47.7265625
 20
-11.3046875
 30
0.0
 11
47.96875
 21
-11.46875
 31
0.0
  0
LINE
  5
86A
330
1F
100
AcDbEntity
  8
OUTLINE
  6
SDS2_5
 62
     1
100
AcDbLine
 10
47.7265625
 20
-11.3046875
 30
0.0
 11
47.96875
 21
-11.46875
 31
0.0
  0
LINE
  5
86B
330
1F
100
AcDbEntity
  8
OUTLINE
  6
SDS2_5
 62
     1
100
AcDbLine
 10
47.765625
 20
-12.1875
 30
0.0
 11
47.8125
 21
-12.0
 31
0.0
  0
LINE
  5
86C
330
1F
100
AcDbEntity
  8
OUTLINE
  6
SDS2_5
 62
     1
100
AcDbLine
 10
47.765625
 20
-12.1875
 30
0.0
 11
47.8125
 21
-12.0
 31
0.0
  0
LINE
  5
86D
330
1F
100
AcDbEntity
  8
OUTLINE
  6
SDS2_5
 62
     1
100
AcDbLine
 10
47.765625
 20
-12.1875
 30
0.0
 11
47.8125
 21
-12.0
 31
0.0
  0
LINE
  5
86E
330
1F
100
AcDbEntity
  8
OUTLINE
  6
SDS2_5
 62
     1
100
AcDbLine
 10
47.765625
 20
-12.1875
 30
0.0
 11
47.8125
 21
-12.0
 31
0.0
  0
LINE
  5
86F
330
1F
100
AcDbEntity
  8
OUTLINE
  6
SDS2_5
 62
     1
100
AcDbLine
 10
47.765625
 20
-11.8125
 30
0.0
 11
47.8125
 21
-12.0
 31
0.0
  0
LINE
  5
870
330
1F
100
AcDbEntity
  8
OUTLINE
  6
SDS2_5
 62
     1
100
AcDbLine
 10
47.765625
 20
-11.8125
 30
0.0
 11
47.8125
 21
-12.0
 31
0.0
  0
LINE
  5
871
330
1F
100
AcDbEntity
  8
OUTLINE
  6
SDS2_5
 62
     1
100
AcDbLine
 10
47.765625
 20
-11.8125
 30
0.0
 11
47.8125
 21
-12.0
 31
0.0
  0
LINE
  5
872
330
1F
100
AcDbEntity
  8
OUTLINE
  6
SDS2_5
 62
     1
100
AcDbLine
 10
47.765625
 20
-11.8125
 30
0.0
 11
47.8125
 21
-12.0
 31
0.0
  0
LINE
  5
873
330
1F
100
AcDbEntity
  8
OUTLINE
  6
CONTINUOUS
 62
     1
100
AcDbLine
 10
47.796875
 20
-12.625
 30
0.0
 11
48.15625
 21
-12.0
 31
0.0
  0
LINE
  5
874
330
1F
100
AcDbEntity
  8
OUTLINE
  6
SDS2_5
 62
     1
100
AcDbLine
 10
47.796875
 20
-12.625
 30
0.0
 11
48.15625
 21
-12.0
 31
0.0
  0
LINE
  5
875
330
1F
100
AcDbEntity
  8
OUTLINE
  6
SDS2_5
 62
     1
100
AcDbLine
 10
47.796875
 20
-12.625
 30
0.0
 11
48.15625
 21
-12.0
 31
0.0
  0
LINE
  5
876
330
1F
100
AcDbEntity
  8
OUTLINE
  6
SDS2_5
 62
     1
100
AcDbLine
 10
47.796875
 20
-12.625
 30
0.0
 11
48.15625
 21
-12.0
 31
0.0
  0
LINE
  5
877
330
1F
100
AcDbEntity
  8
OUTLINE
  6
CONTINUOUS
 62
     1
100
AcDbLine
 10
47.796875
 20
-11.375
 30
0.0
 11
48.15625
 21
-12.0
 31
0.0
  0
LINE
  5
878
330
1F
100
AcDbEntity
  8
OUTLINE
  6
SDS2_5
 62
     1
100
AcDbLine
 10
47.796875
 20
-11.375
 30
0.0
 11
48.15625
 21
-12.0
 31
0.0
  0
LINE
  5
879
330
1F
100
AcDbEntity
  8
OUTLINE
  6
SDS2_5
 62
     1
100
AcDbLine
 10
47.796875
 20
-11.375
 30
0.0
 11
48.15625
 21
-12.0
 31
0.0
  0
LINE
  5
87A
330
1F
100
AcDbEntity
  8
OUTLINE
  6
SDS2_5
 62
     1
100
AcDbLine
 10
47.796875
 20
-11.375
 30
0.0
 11
48.15625
 21
-12.0
 31
0.0
  0
LINE
  5
87B
330
1F
100
AcDbEntity
  8
OUTLINE
  6
SDS2_5
 62
     1
100
AcDbLine
 10
47.96875
 20
-12.53125
 30
0.0
 11
48.1328125
 21
-12.2890625
 31
0.0
  0
LINE
  5
87C
330
1F
100
AcDbEntity
  8
OUTLINE
  6
SDS2_5
 62
     1
100
AcDbLine
 10
47.96875
 20
-12.53125
 30
0.0
 11
48.1328125
 21
-12.2890625
 31
0.0
  0
LINE
  5
87D
330
1F
100
AcDbEntity
  8
OUTLINE
  6
SDS2_5
 62
     1
100
AcDbLine
 10
47.96875
 20
-11.46875
 30
0.0
 11
48.1328125
 21
-11.7109375
 31
0.0
  0
LINE
  5
87E
330
1F
100
AcDbEntity
  8
OUTLINE
  6
SDS2_5
 62
     1
100
AcDbLine
 10
47.96875
 20
-11.46875
 30
0.0
 11
48.1328125
 21
-11.7109375
 31
0.0
  0
LINE
  5
87F
330
1F
100
AcDbEntity
  8
OUTLINE
  6
SDS2_5
 62
     1
100
AcDbLine
 10
48.1328125
 20
-12.2890625
 30
0.0
 11
48.1875
 21
-12.0
 31
0.0
  0
LINE
  5
880
330
1F
100
AcDbEntity
  8
OUTLINE
  6
SDS2_5
 62
     1
100
AcDbLine
 10
48.1328125
 20
-12.2890625
 30
0.0
 11
48.1875
 21
-12.0
 31
0.0
  0
LINE
  5
881
330
1F
100
AcDbEntity
  8
OUTLINE
  6
SDS2_5
 62
     1
100
AcDbLine
 10
48.1328125
 20
-11.7109375
 30
0.0
 11
48.1875
 21
-12.0
 31
0.0
  0
LINE
  5
882
330
1F
100
AcDbEntity
  8
OUTLINE
  6
SDS2_5
 62
     1
100
AcDbLine
 10
48.1328125
 20
-11.7109375
 30
0.0
 11
48.1875
 21
-12.0
 31
0.0
  0
LINE
  5
883
330
1F
100
AcDbEntity
  8
OUTLINE
  6
SDS2_5
 62
     1
100
AcDbLine
 10
46.6875
 20
-15.0
 30
0.0
 11
46.7421875
 21
-15.2890625
 31
0.0
  0
LINE
  5
884
330
1F
100
AcDbEntity
  8
OUTLINE
  6
SDS2_5
 62
     1
100
AcDbLine
 10
46.6875
 20
-15.0
 30
0.0
 11
46.7421875
 21
-15.2890625
 31
0.0
  0
LINE
  5
885
330
1F
100
AcDbEntity
  8
OUTLINE
  6
SDS2_5
 62
     1
100
AcDbLine
 10
46.6875
 20
-15.0
 30
0.0
 11
46.7421875
 21
-14.7109375
 31
0.0
  0
LINE
  5
886
330
1F
100
AcDbEntity
  8
OUTLINE
  6
SDS2_5
 62
     1
100
AcDbLine
 10
46.6875
 20
-15.0
 30
0.0
 11
46.7421875
 21
-14.7109375
 31
0.0
  0
LINE
  5
887
330
1F
100
AcDbEntity
  8
OUTLINE
  6
CONTINUOUS
 62
     1
100
AcDbLine
 10
46.71875
 20
-15.0
 30
0.0
 11
47.078125
 21
-15.625
 31
0.0
  0
LINE
  5
888
330
1F
100
AcDbEntity
  8
OUTLINE
  6
CONTINUOUS
 62
     1
100
AcDbLine
 10
46.71875
 20
-15.0
 30
0.0
 11
47.078125
 21
-14.375
 31
0.0
  0
LINE
  5
889
330
1F
100
AcDbEntity
  8
OUTLINE
  6
SDS2_5
 62
     1
100
AcDbLine
 10
46.71875
 20
-15.0
 30
0.0
 11
47.078125
 21
-15.625
 31
0.0
  0
LINE
  5
88A
330
1F
100
AcDbEntity
  8
OUTLINE
  6
SDS2_5
 62
     1
100
AcDbLine
 10
46.71875
 20
-15.0
 30
0.0
 11
47.078125
 21
-15.625
 31
0.0
  0
LINE
  5
88B
330
1F
100
AcDbEntity
  8
OUTLINE
  6
SDS2_5
 62
     1
100
AcDbLine
 10
46.71875
 20
-15.0
 30
0.0
 11
47.078125
 21
-15.625
 31
0.0
  0
LINE
  5
88C
330
1F
100
AcDbEntity
  8
OUTLINE
  6
SDS2_5
 62
     1
100
AcDbLine
 10
46.71875
 20
-15.0
 30
0.0
 11
47.078125
 21
-14.375
 31
0.0
  0
LINE
  5
88D
330
1F
100
AcDbEntity
  8
OUTLINE
  6
SDS2_5
 62
     1
100
AcDbLine
 10
46.71875
 20
-15.0
 30
0.0
 11
47.078125
 21
-14.375
 31
0.0
  0
LINE
  5
88E
330
1F
100
AcDbEntity
  8
OUTLINE
  6
SDS2_5
 62
     1
100
AcDbLine
 10
46.71875
 20
-15.0
 30
0.0
 11
47.078125
 21
-14.375
 31
0.0
  0
LINE
  5
88F
330
1F
100
AcDbEntity
  8
OUTLINE
  6
SDS2_5
 62
     1
100
AcDbLine
 10
46.7421875
 20
-15.2890625
 30
0.0
 11
46.90625
 21
-15.53125
 31
0.0
  0
LINE
  5
890
330
1F
100
AcDbEntity
  8
OUTLINE
  6
SDS2_5
 62
     1
100
AcDbLine
 10
46.7421875
 20
-15.2890625
 30
0.0
 11
46.90625
 21
-15.53125
 31
0.0
  0
LINE
  5
891
330
1F
100
AcDbEntity
  8
OUTLINE
  6
SDS2_5
 62
     1
100
AcDbLine
 10
46.7421875
 20
-14.7109375
 30
0.0
 11
46.90625
 21
-14.46875
 31
0.0
  0
LINE
  5
892
330
1F
100
AcDbEntity
  8
OUTLINE
  6
SDS2_5
 62
     1
100
AcDbLine
 10
46.7421875
 20
-14.7109375
 30
0.0
 11
46.90625
 21
-14.46875
 31
0.0
  0
LINE
  5
893
330
1F
100
AcDbEntity
  8
OUTLINE
  6
SDS2_5
 62
     1
100
AcDbLine
 10
46.90625
 20
-15.53125
 30
0.0
 11
47.1484375
 21
-15.6953125
 31
0.0
  0
LINE
  5
894
330
1F
100
AcDbEntity
  8
OUTLINE
  6
SDS2_5
 62
     1
100
AcDbLine
 10
46.90625
 20
-15.53125
 30
0.0
 11
47.1484375
 21
-15.6953125
 31
0.0
  0
LINE
  5
895
330
1F
100
AcDbEntity
  8
OUTLINE
  6
SDS2_5
 62
     1
100
AcDbLine
 10
46.90625
 20
-14.46875
 30
0.0
 11
47.1484375
 21
-14.3046875
 31
0.0
  0
LINE
  5
896
330
1F
100
AcDbEntity
  8
OUTLINE
  6
SDS2_5
 62
     1
100
AcDbLine
 10
46.90625
 20
-14.46875
 30
0.0
 11
47.1484375
 21
-14.3046875
 31
0.0
  0
LINE
  5
897
330
1F
100
AcDbEntity
  8
OUTLINE
  6
SDS2_5
 62
     1
100
AcDbLine
 10
47.0625
 20
-15.0
 30
0.0
 11
47.109375
 21
-15.1875
 31
0.0
  0
LINE
  5
898
330
1F
100
AcDbEntity
  8
OUTLINE
  6
SDS2_5
 62
     1
100
AcDbLine
 10
47.0625
 20
-15.0
 30
0.0
 11
47.109375
 21
-15.1875
 31
0.0
  0
LINE
  5
899
330
1F
100
AcDbEntity
  8
OUTLINE
  6
SDS2_5
 62
     1
100
AcDbLine
 10
47.0625
 20
-15.0
 30
0.0
 11
47.109375
 21
-15.1875
 31
0.0
  0
LINE
  5
89A
330
1F
100
AcDbEntity
  8
OUTLINE
  6
SDS2_5
 62
     1
100
AcDbLine
 10
47.0625
 20
-15.0
 30
0.0
 11
47.109375
 21
-15.1875
 31
0.0
  0
LINE
  5
89B
330
1F
100
AcDbEntity
  8
OUTLINE
  6
SDS2_5
 62
     1
100
AcDbLine
 10
47.0625
 20
-15.0
 30
0.0
 11
47.109375
 21
-14.8125
 31
0.0
  0
LINE
  5
89C
330
1F
100
AcDbEntity
  8
OUTLINE
  6
SDS2_5
 62
     1
100
AcDbLine
 10
47.0625
 20
-15.0
 30
0.0
 11
47.109375
 21
-14.8125
 31
0.0
  0
LINE
  5
89D
330
1F
100
AcDbEntity
  8
OUTLINE
  6
SDS2_5
 62
     1
100
AcDbLine
 10
47.0625
 20
-15.0
 30
0.0
 11
47.109375
 21
-14.8125
 31
0.0
  0
LINE
  5
89E
330
1F
100
AcDbEntity
  8
OUTLINE
  6
SDS2_5
 62
     1
100
AcDbLine
 10
47.0625
 20
-15.0
 30
0.0
 11
47.109375
 21
-14.8125
 31
0.0
  0
LINE
  5
89F
330
1F
100
AcDbEntity
  8
OUTLINE
  6
CONTINUOUS
 62
     1
100
AcDbLine
 10
47.078125
 20
-15.625
 30
0.0
 11
47.796875
 21
-15.625
 31
0.0
  0
LINE
  5
8A0
330
1F
100
AcDbEntity
  8
OUTLINE
  6
SDS2_5
 62
     1
100
AcDbLine
 10
47.078125
 20
-15.625
 30
0.0
 11
47.796875
 21
-15.625
 31
0.0
  0
LINE
  5
8A1
330
1F
100
AcDbEntity
  8
OUTLINE
  6
SDS2_5
 62
     1
100
AcDbLine
 10
47.078125
 20
-15.625
 30
0.0
 11
47.796875
 21
-15.625
 31
0.0
  0
LINE
  5
8A2
330
1F
100
AcDbEntity
  8
OUTLINE
  6
SDS2_5
 62
     1
100
AcDbLine
 10
47.078125
 20
-15.625
 30
0.0
 11
47.796875
 21
-15.625
 31
0.0
  0
LINE
  5
8A3
330
1F
100
AcDbEntity
  8
OUTLINE
  6
CONTINUOUS
 62
     1
100
AcDbLine
 10
47.078125
 20
-14.375
 30
0.0
 11
47.796875
 21
-14.375
 31
0.0
  0
LINE
  5
8A4
330
1F
100
AcDbEntity
  8
OUTLINE
  6
SDS2_5
 62
     1
100
AcDbLine
 10
47.078125
 20
-14.375
 30
0.0
 11
47.796875
 21
-14.375
 31
0.0
  0
LINE
  5
8A5
330
1F
100
AcDbEntity
  8
OUTLINE
  6
SDS2_5
 62
     1
100
AcDbLine
 10
47.078125
 20
-14.375
 30
0.0
 11
47.796875
 21
-14.375
 31
0.0
  0
LINE
  5
8A6
330
1F
100
AcDbEntity
  8
OUTLINE
  6
SDS2_5
 62
     1
100
AcDbLine
 10
47.078125
 20
-14.375
 30
0.0
 11
47.796875
 21
-14.375
 31
0.0
  0
LINE
  5
8A7
330
1F
100
AcDbEntity
  8
OUTLINE
  6
SDS2_5
 62
     1
100
AcDbLine
 10
47.109375
 20
-15.1875
 30
0.0
 11
47.25
 21
-15.328125
 31
0.0
  0
LINE
  5
8A8
330
1F
100
AcDbEntity
  8
OUTLINE
  6
SDS2_5
 62
     1
100
AcDbLine
 10
47.109375
 20
-15.1875
 30
0.0
 11
47.25
 21
-15.328125
 31
0.0
  0
LINE
  5
8A9
330
1F
100
AcDbEntity
  8
OUTLINE
  6
SDS2_5
 62
     1
100
AcDbLine
 10
47.109375
 20
-15.1875
 30
0.0
 11
47.25
 21
-15.328125
 31
0.0
  0
LINE
  5
8AA
330
1F
100
AcDbEntity
  8
OUTLINE
  6
SDS2_5
 62
     1
100
AcDbLine
 10
47.109375
 20
-15.1875
 30
0.0
 11
47.25
 21
-15.328125
 31
0.0
  0
LINE
  5
8AB
330
1F
100
AcDbEntity
  8
OUTLINE
  6
SDS2_5
 62
     1
100
AcDbLine
 10
47.109375
 20
-14.8125
 30
0.0
 11
47.25
 21
-14.671875
 31
0.0
  0
LINE
  5
8AC
330
1F
100
AcDbEntity
  8
OUTLINE
  6
SDS2_5
 62
     1
100
AcDbLine
 10
47.109375
 20
-14.8125
 30
0.0
 11
47.25
 21
-14.671875
 31
0.0
  0
LINE
  5
8AD
330
1F
100
AcDbEntity
  8
OUTLINE
  6
SDS2_5
 62
     1
100
AcDbLine
 10
47.109375
 20
-14.8125
 30
0.0
 11
47.25
 21
-14.671875
 31
0.0
  0
LINE
  5
8AE
330
1F
100
AcDbEntity
  8
OUTLINE
  6
SDS2_5
 62
     1
100
AcDbLine
 10
47.109375
 20
-14.8125
 30
0.0
 11
47.25
 21
-14.671875
 31
0.0
  0
LINE
  5
8AF
330
1F
100
AcDbEntity
  8
OUTLINE
  6
SDS2_5
 62
     1
100
AcDbLine
 10
47.1484375
 20
-15.6953125
 30
0.0
 11
47.4375
 21
-15.75
 31
0.0
  0
LINE
  5
8B0
330
1F
100
AcDbEntity
  8
OUTLINE
  6
SDS2_5
 62
     1
100
AcDbLine
 10
47.1484375
 20
-15.6953125
 30
0.0
 11
47.4375
 21
-15.75
 31
0.0
  0
LINE
  5
8B1
330
1F
100
AcDbEntity
  8
OUTLINE
  6
SDS2_5
 62
     1
100
AcDbLine
 10
47.1484375
 20
-14.3046875
 30
0.0
 11
47.4375
 21
-14.25
 31
0.0
  0
LINE
  5
8B2
330
1F
100
AcDbEntity
  8
OUTLINE
  6
SDS2_5
 62
     1
100
AcDbLine
 10
47.1484375
 20
-14.3046875
 30
0.0
 11
47.4375
 21
-14.25
 31
0.0
  0
LINE
  5
8B3
330
1F
100
AcDbEntity
  8
OUTLINE
  6
SDS2_5
 62
     1
100
AcDbLine
 10
47.25
 20
-15.328125
 30
0.0
 11
47.4375
 21
-15.375
 31
0.0
  0
LINE
  5
8B4
330
1F
100
AcDbEntity
  8
OUTLINE
  6
SDS2_5
 62
     1
100
AcDbLine
 10
47.25
 20
-15.328125
 30
0.0
 11
47.4375
 21
-15.375
 31
0.0
  0
LINE
  5
8B5
330
1F
100
AcDbEntity
  8
OUTLINE
  6
SDS2_5
 62
     1
100
AcDbLine
 10
47.25
 20
-15.328125
 30
0.0
 11
47.4375
 21
-15.375
 31
0.0
  0
LINE
  5
8B6
330
1F
100
AcDbEntity
  8
OUTLINE
  6
SDS2_5
 62
     1
100
AcDbLine
 10
47.25
 20
-15.328125
 30
0.0
 11
47.4375
 21
-15.375
 31
0.0
  0
LINE
  5
8B7
330
1F
100
AcDbEntity
  8
OUTLINE
  6
SDS2_5
 62
     1
100
AcDbLine
 10
47.25
 20
-14.671875
 30
0.0
 11
47.4375
 21
-14.625
 31
0.0
  0
LINE
  5
8B8
330
1F
100
AcDbEntity
  8
OUTLINE
  6
SDS2_5
 62
     1
100
AcDbLine
 10
47.25
 20
-14.671875
 30
0.0
 11
47.4375
 21
-14.625
 31
0.0
  0
LINE
  5
8B9
330
1F
100
AcDbEntity
  8
OUTLINE
  6
SDS2_5
 62
     1
100
AcDbLine
 10
47.25
 20
-14.671875
 30
0.0
 11
47.4375
 21
-14.625
 31
0.0
  0
LINE
  5
8BA
330
1F
100
AcDbEntity
  8
OUTLINE
  6
SDS2_5
 62
     1
100
AcDbLine
 10
47.25
 20
-14.671875
 30
0.0
 11
47.4375
 21
-14.625
 31
0.0
  0
LINE
  5
8BB
330
1F
100
AcDbEntity
  8
OUTLINE
  6
SDS2_5
 62
     1
100
AcDbLine
 10
47.4375
 20
-15.75
 30
0.0
 11
47.7265625
 21
-15.6953125
 31
0.0
  0
LINE
  5
8BC
330
1F
100
AcDbEntity
  8
OUTLINE
  6
SDS2_5
 62
     1
100
AcDbLine
 10
47.4375
 20
-15.75
 30
0.0
 11
47.7265625
 21
-15.6953125
 31
0.0
  0
LINE
  5
8BD
330
1F
100
AcDbEntity
  8
OUTLINE
  6
SDS2_5
 62
     1
100
AcDbLine
 10
47.4375
 20
-15.375
 30
0.0
 11
47.625
 21
-15.328125
 31
0.0
  0
LINE
  5
8BE
330
1F
100
AcDbEntity
  8
OUTLINE
  6
SDS2_5
 62
     1
100
AcDbLine
 10
47.4375
 20
-15.375
 30
0.0
 11
47.625
 21
-15.328125
 31
0.0
  0
LINE
  5
8BF
330
1F
100
AcDbEntity
  8
OUTLINE
  6
SDS2_5
 62
     1
100
AcDbLine
 10
47.4375
 20
-15.375
 30
0.0
 11
47.625
 21
-15.328125
 31
0.0
  0
LINE
  5
8C0
330
1F
100
AcDbEntity
  8
OUTLINE
  6
SDS2_5
 62
     1
100
AcDbLine
 10
47.4375
 20
-15.375
 30
0.0
 11
47.625
 21
-15.328125
 31
0.0
  0
LINE
  5
8C1
330
1F
100
AcDbEntity
  8
OUTLINE
  6
SDS2_5
 62
     1
100
AcDbLine
 10
47.4375
 20
-14.625
 30
0.0
 11
47.625
 21
-14.671875
 31
0.0
  0
LINE
  5
8C2
330
1F
100
AcDbEntity
  8
OUTLINE
  6
SDS2_5
 62
     1
100
AcDbLine
 10
47.4375
 20
-14.625
 30
0.0
 11
47.625
 21
-14.671875
 31
0.0
  0
LINE
  5
8C3
330
1F
100
AcDbEntity
  8
OUTLINE
  6
SDS2_5
 62
     1
100
AcDbLine
 10
47.4375
 20
-14.625
 30
0.0
 11
47.625
 21
-14.671875
 31
0.0
  0
LINE
  5
8C4
330
1F
100
AcDbEntity
  8
OUTLINE
  6
SDS2_5
 62
     1
100
AcDbLine
 10
47.4375
 20
-14.625
 30
0.0
 11
47.625
 21
-14.671875
 31
0.0
  0
LINE
  5
8C5
330
1F
100
AcDbEntity
  8
OUTLINE
  6
SDS2_5
 62
     1
100
AcDbLine
 10
47.4375
 20
-14.25
 30
0.0
 11
47.7265625
 21
-14.3046875
 31
0.0
  0
LINE
  5
8C6
330
1F
100
AcDbEntity
  8
OUTLINE
  6
SDS2_5
 62
     1
100
AcDbLine
 10
47.4375
 20
-14.25
 30
0.0
 11
47.7265625
 21
-14.3046875
 31
0.0
  0
LINE
  5
8C7
330
1F
100
AcDbEntity
  8
OUTLINE
  6
SDS2_5
 62
     1
100
AcDbLine
 10
47.625
 20
-15.328125
 30
0.0
 11
47.765625
 21
-15.1875
 31
0.0
  0
LINE
  5
8C8
330
1F
100
AcDbEntity
  8
OUTLINE
  6
SDS2_5
 62
     1
100
AcDbLine
 10
47.625
 20
-15.328125
 30
0.0
 11
47.765625
 21
-15.1875
 31
0.0
  0
LINE
  5
8C9
330
1F
100
AcDbEntity
  8
OUTLINE
  6
SDS2_5
 62
     1
100
AcDbLine
 10
47.625
 20
-15.328125
 30
0.0
 11
47.765625
 21
-15.1875
 31
0.0
  0
LINE
  5
8CA
330
1F
100
AcDbEntity
  8
OUTLINE
  6
SDS2_5
 62
     1
100
AcDbLine
 10
47.625
 20
-15.328125
 30
0.0
 11
47.765625
 21
-15.1875
 31
0.0
  0
LINE
  5
8CB
330
1F
100
AcDbEntity
  8
OUTLINE
  6
SDS2_5
 62
     1
100
AcDbLine
 10
47.625
 20
-14.671875
 30
0.0
 11
47.765625
 21
-14.8125
 31
0.0
  0
LINE
  5
8CC
330
1F
100
AcDbEntity
  8
OUTLINE
  6
SDS2_5
 62
     1
100
AcDbLine
 10
47.625
 20
-14.671875
 30
0.0
 11
47.765625
 21
-14.8125
 31
0.0
  0
LINE
  5
8CD
330
1F
100
AcDbEntity
  8
OUTLINE
  6
SDS2_5
 62
     1
100
AcDbLine
 10
47.625
 20
-14.671875
 30
0.0
 11
47.765625
 21
-14.8125
 31
0.0
  0
LINE
  5
8CE
330
1F
100
AcDbEntity
  8
OUTLINE
  6
SDS2_5
 62
     1
100
AcDbLine
 10
47.625
 20
-14.671875
 30
0.0
 11
47.765625
 21
-14.8125
 31
0.0
  0
LINE
  5
8CF
330
1F
100
AcDbEntity
  8
OUTLINE
  6
SDS2_5
 62
     1
100
AcDbLine
 10
47.7265625
 20
-15.6953125
 30
0.0
 11
47.96875
 21
-15.53125
 31
0.0
  0
LINE
  5
8D0
330
1F
100
AcDbEntity
  8
OUTLINE
  6
SDS2_5
 62
     1
100
AcDbLine
 10
47.7265625
 20
-15.6953125
 30
0.0
 11
47.96875
 21
-15.53125
 31
0.0
  0
LINE
  5
8D1
330
1F
100
AcDbEntity
  8
OUTLINE
  6
SDS2_5
 62
     1
100
AcDbLine
 10
47.7265625
 20
-14.3046875
 30
0.0
 11
47.96875
 21
-14.46875
 31
0.0
  0
LINE
  5
8D2
330
1F
100
AcDbEntity
  8
OUTLINE
  6
SDS2_5
 62
     1
100
AcDbLine
 10
47.7265625
 20
-14.3046875
 30
0.0
 11
47.96875
 21
-14.46875
 31
0.0
  0
LINE
  5
8D3
330
1F
100
AcDbEntity
  8
OUTLINE
  6
SDS2_5
 62
     1
100
AcDbLine
 10
47.765625
 20
-15.1875
 30
0.0
 11
47.8125
 21
-15.0
 31
0.0
  0
LINE
  5
8D4
330
1F
100
AcDbEntity
  8
OUTLINE
  6
SDS2_5
 62
     1
100
AcDbLine
 10
47.765625
 20
-15.1875
 30
0.0
 11
47.8125
 21
-15.0
 31
0.0
  0
LINE
  5
8D5
330
1F
100
AcDbEntity
  8
OUTLINE
  6
SDS2_5
 62
     1
100
AcDbLine
 10
47.765625
 20
-15.1875
 30
0.0
 11
47.8125
 21
-15.0
 31
0.0
  0
LINE
  5
8D6
330
1F
100
AcDbEntity
  8
OUTLINE
  6
SDS2_5
 62
     1
100
AcDbLine
 10
47.765625
 20
-15.1875
 30
0.0
 11
47.8125
 21
-15.0
 31
0.0
  0
LINE
  5
8D7
330
1F
100
AcDbEntity
  8
OUTLINE
  6
SDS2_5
 62
     1
100
AcDbLine
 10
47.765625
 20
-14.8125
 30
0.0
 11
47.8125
 21
-15.0
 31
0.0
  0
LINE
  5
8D8
330
1F
100
AcDbEntity
  8
OUTLINE
  6
SDS2_5
 62
     1
100
AcDbLine
 10
47.765625
 20
-14.8125
 30
0.0
 11
47.8125
 21
-15.0
 31
0.0
  0
LINE
  5
8D9
330
1F
100
AcDbEntity
  8
OUTLINE
  6
SDS2_5
 62
     1
100
AcDbLine
 10
47.765625
 20
-14.8125
 30
0.0
 11
47.8125
 21
-15.0
 31
0.0
  0
LINE
  5
8DA
330
1F
100
AcDbEntity
  8
OUTLINE
  6
SDS2_5
 62
     1
100
AcDbLine
 10
47.765625
 20
-14.8125
 30
0.0
 11
47.8125
 21
-15.0
 31
0.0
  0
LINE
  5
8DB
330
1F
100
AcDbEntity
  8
OUTLINE
  6
CONTINUOUS
 62
     1
100
AcDbLine
 10
47.796875
 20
-15.625
 30
0.0
 11
48.15625
 21
-15.0
 31
0.0
  0
LINE
  5
8DC
330
1F
100
AcDbEntity
  8
OUTLINE
  6
SDS2_5
 62
     1
100
AcDbLine
 10
47.796875
 20
-15.625
 30
0.0
 11
48.15625
 21
-15.0
 31
0.0
  0
LINE
  5
8DD
330
1F
100
AcDbEntity
  8
OUTLINE
  6
SDS2_5
 62
     1
100
AcDbLine
 10
47.796875
 20
-15.625
 30
0.0
 11
48.15625
 21
-15.0
 31
0.0
  0
LINE
  5
8DE
330
1F
100
AcDbEntity
  8
OUTLINE
  6
SDS2_5
 62
     1
100
AcDbLine
 10
47.796875
 20
-15.625
 30
0.0
 11
48.15625
 21
-15.0
 31
0.0
  0
LINE
  5
8DF
330
1F
100
AcDbEntity
  8
OUTLINE
  6
CONTINUOUS
 62
     1
100
AcDbLine
 10
47.796875
 20
-14.375
 30
0.0
 11
48.15625
 21
-15.0
 31
0.0
  0
LINE
  5
8E0
330
1F
100
AcDbEntity
  8
OUTLINE
  6
SDS2_5
 62
     1
100
AcDbLine
 10
47.796875
 20
-14.375
 30
0.0
 11
48.15625
 21
-15.0
 31
0.0
  0
LINE
  5
8E1
330
1F
100
AcDbEntity
  8
OUTLINE
  6
SDS2_5
 62
     1
100
AcDbLine
 10
47.796875
 20
-14.375
 30
0.0
 11
48.15625
 21
-15.0
 31
0.0
  0
LINE
  5
8E2
330
1F
100
AcDbEntity
  8
OUTLINE
  6
SDS2_5
 62
     1
100
AcDbLine
 10
47.796875
 20
-14.375
 30
0.0
 11
48.15625
 21
-15.0
 31
0.0
  0
LINE
  5
8E3
330
1F
100
AcDbEntity
  8
OUTLINE
  6
SDS2_5
 62
     1
100
AcDbLine
 10
47.96875
 20
-15.53125
 30
0.0
 11
48.1328125
 21
-15.2890625
 31
0.0
  0
LINE
  5
8E4
330
1F
100
AcDbEntity
  8
OUTLINE
  6
SDS2_5
 62
     1
100
AcDbLine
 10
47.96875
 20
-15.53125
 30
0.0
 11
48.1328125
 21
-15.2890625
 31
0.0
  0
LINE
  5
8E5
330
1F
100
AcDbEntity
  8
OUTLINE
  6
SDS2_5
 62
     1
100
AcDbLine
 10
47.96875
 20
-14.46875
 30
0.0
 11
48.1328125
 21
-14.7109375
 31
0.0
  0
LINE
  5
8E6
330
1F
100
AcDbEntity
  8
OUTLINE
  6
SDS2_5
 62
     1
100
AcDbLine
 10
47.96875
 20
-14.46875
 30
0.0
 11
48.1328125
 21
-14.7109375
 31
0.0
  0
LINE
  5
8E7
330
1F
100
AcDbEntity
  8
OUTLINE
  6
SDS2_5
 62
     1
100
AcDbLine
 10
48.1328125
 20
-15.2890625
 30
0.0
 11
48.1875
 21
-15.0
 31
0.0
  0
LINE
  5
8E8
330
1F
100
AcDbEntity
  8
OUTLINE
  6
SDS2_5
 62
     1
100
AcDbLine
 10
48.1328125
 20
-15.2890625
 30
0.0
 11
48.1875
 21
-15.0
 31
0.0
  0
LINE
  5
8E9
330
1F
100
AcDbEntity
  8
OUTLINE
  6
SDS2_5
 62
     1
100
AcDbLine
 10
48.1328125
 20
-14.7109375
 30
0.0
 11
48.1875
 21
-15.0
 31
0.0
  0
LINE
  5
8EA
330
1F
100
AcDbEntity
  8
OUTLINE
  6
SDS2_5
 62
     1
100
AcDbLine
 10
48.1328125
 20
-14.7109375
 30
0.0
 11
48.1875
 21
-15.0
 31
0.0
  0
LINE
  5
8EB
330
1F
100
AcDbEntity
  8
OUTLINE
  6
SDS2_5
 62
     1
100
AcDbLine
 10
46.6875
 20
-18.0
 30
0.0
 11
46.7421875
 21
-18.2890625
 31
0.0
  0
LINE
  5
8EC
330
1F
100
AcDbEntity
  8
OUTLINE
  6
SDS2_5
 62
     1
100
AcDbLine
 10
46.6875
 20
-18.0
 30
0.0
 11
46.7421875
 21
-18.2890625
 31
0.0
  0
LINE
  5
8ED
330
1F
100
AcDbEntity
  8
OUTLINE
  6
SDS2_5
 62
     1
100
AcDbLine
 10
46.6875
 20
-18.0
 30
0.0
 11
46.7421875
 21
-17.7109375
 31
0.0
  0
LINE
  5
8EE
330
1F
100
AcDbEntity
  8
OUTLINE
  6
SDS2_5
 62
     1
100
AcDbLine
 10
46.6875
 20
-18.0
 30
0.0
 11
46.7421875
 21
-17.7109375
 31
0.0
  0
LINE
  5
8EF
330
1F
100
AcDbEntity
  8
OUTLINE
  6
CONTINUOUS
 62
     1
100
AcDbLine
 10
46.71875
 20
-18.0
 30
0.0
 11
47.078125
 21
-18.625
 31
0.0
  0
LINE
  5
8F0
330
1F
100
AcDbEntity
  8
OUTLINE
  6
CONTINUOUS
 62
     1
100
AcDbLine
 10
46.71875
 20
-18.0
 30
0.0
 11
47.078125
 21
-17.375
 31
0.0
  0
LINE
  5
8F1
330
1F
100
AcDbEntity
  8
OUTLINE
  6
SDS2_5
 62
     1
100
AcDbLine
 10
46.71875
 20
-18.0
 30
0.0
 11
47.078125
 21
-18.625
 31
0.0
  0
LINE
  5
8F2
330
1F
100
AcDbEntity
  8
OUTLINE
  6
SDS2_5
 62
     1
100
AcDbLine
 10
46.71875
 20
-18.0
 30
0.0
 11
47.078125
 21
-18.625
 31
0.0
  0
LINE
  5
8F3
330
1F
100
AcDbEntity
  8
OUTLINE
  6
SDS2_5
 62
     1
100
AcDbLine
 10
46.71875
 20
-18.0
 30
0.0
 11
47.078125
 21
-18.625
 31
0.0
  0
LINE
  5
8F4
330
1F
100
AcDbEntity
  8
OUTLINE
  6
SDS2_5
 62
     1
100
AcDbLine
 10
46.71875
 20
-18.0
 30
0.0
 11
47.078125
 21
-17.375
 31
0.0
  0
LINE
  5
8F5
330
1F
100
AcDbEntity
  8
OUTLINE
  6
SDS2_5
 62
     1
100
AcDbLine
 10
46.71875
 20
-18.0
 30
0.0
 11
47.078125
 21
-17.375
 31
0.0
  0
LINE
  5
8F6
330
1F
100
AcDbEntity
  8
OUTLINE
  6
SDS2_5
 62
     1
100
AcDbLine
 10
46.71875
 20
-18.0
 30
0.0
 11
47.078125
 21
-17.375
 31
0.0
  0
LINE
  5
8F7
330
1F
100
AcDbEntity
  8
OUTLINE
  6
SDS2_5
 62
     1
100
AcDbLine
 10
46.7421875
 20
-18.2890625
 30
0.0
 11
46.90625
 21
-18.53125
 31
0.0
  0
LINE
  5
8F8
330
1F
100
AcDbEntity
  8
OUTLINE
  6
SDS2_5
 62
     1
100
AcDbLine
 10
46.7421875
 20
-18.2890625
 30
0.0
 11
46.90625
 21
-18.53125
 31
0.0
  0
LINE
  5
8F9
330
1F
100
AcDbEntity
  8
OUTLINE
  6
SDS2_5
 62
     1
100
AcDbLine
 10
46.7421875
 20
-17.7109375
 30
0.0
 11
46.90625
 21
-17.46875
 31
0.0
  0
LINE
  5
8FA
330
1F
100
AcDbEntity
  8
OUTLINE
  6
SDS2_5
 62
     1
100
AcDbLine
 10
46.7421875
 20
-17.7109375
 30
0.0
 11
46.90625
 21
-17.46875
 31
0.0
  0
LINE
  5
8FB
330
1F
100
AcDbEntity
  8
OUTLINE
  6
SDS2_5
 62
     1
100
AcDbLine
 10
46.90625
 20
-18.53125
 30
0.0
 11
47.1484375
 21
-18.6953125
 31
0.0
  0
LINE
  5
8FC
330
1F
100
AcDbEntity
  8
OUTLINE
  6
SDS2_5
 62
     1
100
AcDbLine
 10
46.90625
 20
-18.53125
 30
0.0
 11
47.1484375
 21
-18.6953125
 31
0.0
  0
LINE
  5
8FD
330
1F
100
AcDbEntity
  8
OUTLINE
  6
SDS2_5
 62
     1
100
AcDbLine
 10
46.90625
 20
-17.46875
 30
0.0
 11
47.1484375
 21
-17.3046875
 31
0.0
  0
LINE
  5
8FE
330
1F
100
AcDbEntity
  8
OUTLINE
  6
SDS2_5
 62
     1
100
AcDbLine
 10
46.90625
 20
-17.46875
 30
0.0
 11
47.1484375
 21
-17.3046875
 31
0.0
  0
LINE
  5
8FF
330
1F
100
AcDbEntity
  8
OUTLINE
  6
SDS2_5
 62
     1
100
AcDbLine
 10
47.0625
 20
-18.0
 30
0.0
 11
47.109375
 21
-18.1875
 31
0.0
  0
LINE
  5
900
330
1F
100
AcDbEntity
  8
OUTLINE
  6
SDS2_5
 62
     1
100
AcDbLine
 10
47.0625
 20
-18.0
 30
0.0
 11
47.109375
 21
-18.1875
 31
0.0
  0
LINE
  5
901
330
1F
100
AcDbEntity
  8
OUTLINE
  6
SDS2_5
 62
     1
100
AcDbLine
 10
47.0625
 20
-18.0
 30
0.0
 11
47.109375
 21
-18.1875
 31
0.0
  0
LINE
  5
902
330
1F
100
AcDbEntity
  8
OUTLINE
  6
SDS2_5
 62
     1
100
AcDbLine
 10
47.0625
 20
-18.0
 30
0.0
 11
47.109375
 21
-18.1875
 31
0.0
  0
LINE
  5
903
330
1F
100
AcDbEntity
  8
OUTLINE
  6
SDS2_5
 62
     1
100
AcDbLine
 10
47.0625
 20
-18.0
 30
0.0
 11
47.109375
 21
-17.8125
 31
0.0
  0
LINE
  5
904
330
1F
100
AcDbEntity
  8
OUTLINE
  6
SDS2_5
 62
     1
100
AcDbLine
 10
47.0625
 20
-18.0
 30
0.0
 11
47.109375
 21
-17.8125
 31
0.0
  0
LINE
  5
905
330
1F
100
AcDbEntity
  8
OUTLINE
  6
SDS2_5
 62
     1
100
AcDbLine
 10
47.0625
 20
-18.0
 30
0.0
 11
47.109375
 21
-17.8125
 31
0.0
  0
LINE
  5
906
330
1F
100
AcDbEntity
  8
OUTLINE
  6
SDS2_5
 62
     1
100
AcDbLine
 10
47.0625
 20
-18.0
 30
0.0
 11
47.109375
 21
-17.8125
 31
0.0
  0
LINE
  5
907
330
1F
100
AcDbEntity
  8
OUTLINE
  6
CONTINUOUS
 62
     1
100
AcDbLine
 10
47.078125
 20
-18.625
 30
0.0
 11
47.796875
 21
-18.625
 31
0.0
  0
LINE
  5
908
330
1F
100
AcDbEntity
  8
OUTLINE
  6
SDS2_5
 62
     1
100
AcDbLine
 10
47.078125
 20
-18.625
 30
0.0
 11
47.796875
 21
-18.625
 31
0.0
  0
LINE
  5
909
330
1F
100
AcDbEntity
  8
OUTLINE
  6
SDS2_5
 62
     1
100
AcDbLine
 10
47.078125
 20
-18.625
 30
0.0
 11
47.796875
 21
-18.625
 31
0.0
  0
LINE
  5
90A
330
1F
100
AcDbEntity
  8
OUTLINE
  6
SDS2_5
 62
     1
100
AcDbLine
 10
47.078125
 20
-18.625
 30
0.0
 11
47.796875
 21
-18.625
 31
0.0
  0
LINE
  5
90B
330
1F
100
AcDbEntity
  8
OUTLINE
  6
CONTINUOUS
 62
     1
100
AcDbLine
 10
47.078125
 20
-17.375
 30
0.0
 11
47.796875
 21
-17.375
 31
0.0
  0
LINE
  5
90C
330
1F
100
AcDbEntity
  8
OUTLINE
  6
SDS2_5
 62
     1
100
AcDbLine
 10
47.078125
 20
-17.375
 30
0.0
 11
47.796875
 21
-17.375
 31
0.0
  0
LINE
  5
90D
330
1F
100
AcDbEntity
  8
OUTLINE
  6
SDS2_5
 62
     1
100
AcDbLine
 10
47.078125
 20
-17.375
 30
0.0
 11
47.796875
 21
-17.375
 31
0.0
  0
LINE
  5
90E
330
1F
100
AcDbEntity
  8
OUTLINE
  6
SDS2_5
 62
     1
100
AcDbLine
 10
47.078125
 20
-17.375
 30
0.0
 11
47.796875
 21
-17.375
 31
0.0
  0
LINE
  5
90F
330
1F
100
AcDbEntity
  8
OUTLINE
  6
SDS2_5
 62
     1
100
AcDbLine
 10
47.109375
 20
-18.1875
 30
0.0
 11
47.25
 21
-18.328125
 31
0.0
  0
LINE
  5
910
330
1F
100
AcDbEntity
  8
OUTLINE
  6
SDS2_5
 62
     1
100
AcDbLine
 10
47.109375
 20
-18.1875
 30
0.0
 11
47.25
 21
-18.328125
 31
0.0
  0
LINE
  5
911
330
1F
100
AcDbEntity
  8
OUTLINE
  6
SDS2_5
 62
     1
100
AcDbLine
 10
47.109375
 20
-18.1875
 30
0.0
 11
47.25
 21
-18.328125
 31
0.0
  0
LINE
  5
912
330
1F
100
AcDbEntity
  8
OUTLINE
  6
SDS2_5
 62
     1
100
AcDbLine
 10
47.109375
 20
-18.1875
 30
0.0
 11
47.25
 21
-18.328125
 31
0.0
  0
LINE
  5
913
330
1F
100
AcDbEntity
  8
OUTLINE
  6
SDS2_5
 62
     1
100
AcDbLine
 10
47.109375
 20
-17.8125
 30
0.0
 11
47.25
 21
-17.671875
 31
0.0
  0
LINE
  5
914
330
1F
100
AcDbEntity
  8
OUTLINE
  6
SDS2_5
 62
     1
100
AcDbLine
 10
47.109375
 20
-17.8125
 30
0.0
 11
47.25
 21
-17.671875
 31
0.0
  0
LINE
  5
915
330
1F
100
AcDbEntity
  8
OUTLINE
  6
SDS2_5
 62
     1
100
AcDbLine
 10
47.109375
 20
-17.8125
 30
0.0
 11
47.25
 21
-17.671875
 31
0.0
  0
LINE
  5
916
330
1F
100
AcDbEntity
  8
OUTLINE
  6
SDS2_5
 62
     1
100
AcDbLine
 10
47.109375
 20
-17.8125
 30
0.0
 11
47.25
 21
-17.671875
 31
0.0
  0
LINE
  5
917
330
1F
100
AcDbEntity
  8
OUTLINE
  6
SDS2_5
 62
     1
100
AcDbLine
 10
47.1484375
 20
-18.6953125
 30
0.0
 11
47.4375
 21
-18.75
 31
0.0
  0
LINE
  5
918
330
1F
100
AcDbEntity
  8
OUTLINE
  6
SDS2_5
 62
     1
100
AcDbLine
 10
47.1484375
 20
-18.6953125
 30
0.0
 11
47.4375
 21
-18.75
 31
0.0
  0
LINE
  5
919
330
1F
100
AcDbEntity
  8
OUTLINE
  6
SDS2_5
 62
     1
100
AcDbLine
 10
47.1484375
 20
-17.3046875
 30
0.0
 11
47.4375
 21
-17.25
 31
0.0
  0
LINE
  5
91A
330
1F
100
AcDbEntity
  8
OUTLINE
  6
SDS2_5
 62
     1
100
AcDbLine
 10
47.1484375
 20
-17.3046875
 30
0.0
 11
47.4375
 21
-17.25
 31
0.0
  0
LINE
  5
91B
330
1F
100
AcDbEntity
  8
OUTLINE
  6
SDS2_5
 62
     1
100
AcDbLine
 10
47.25
 20
-18.328125
 30
0.0
 11
47.4375
 21
-18.375
 31
0.0
  0
LINE
  5
91C
330
1F
100
AcDbEntity
  8
OUTLINE
  6
SDS2_5
 62
     1
100
AcDbLine
 10
47.25
 20
-18.328125
 30
0.0
 11
47.4375
 21
-18.375
 31
0.0
  0
LINE
  5
91D
330
1F
100
AcDbEntity
  8
OUTLINE
  6
SDS2_5
 62
     1
100
AcDbLine
 10
47.25
 20
-18.328125
 30
0.0
 11
47.4375
 21
-18.375
 31
0.0
  0
LINE
  5
91E
330
1F
100
AcDbEntity
  8
OUTLINE
  6
SDS2_5
 62
     1
100
AcDbLine
 10
47.25
 20
-18.328125
 30
0.0
 11
47.4375
 21
-18.375
 31
0.0
  0
LINE
  5
91F
330
1F
100
AcDbEntity
  8
OUTLINE
  6
SDS2_5
 62
     1
100
AcDbLine
 10
47.25
 20
-17.671875
 30
0.0
 11
47.4375
 21
-17.625
 31
0.0
  0
LINE
  5
920
330
1F
100
AcDbEntity
  8
OUTLINE
  6
SDS2_5
 62
     1
100
AcDbLine
 10
47.25
 20
-17.671875
 30
0.0
 11
47.4375
 21
-17.625
 31
0.0
  0
LINE
  5
921
330
1F
100
AcDbEntity
  8
OUTLINE
  6
SDS2_5
 62
     1
100
AcDbLine
 10
47.25
 20
-17.671875
 30
0.0
 11
47.4375
 21
-17.625
 31
0.0
  0
LINE
  5
922
330
1F
100
AcDbEntity
  8
OUTLINE
  6
SDS2_5
 62
     1
100
AcDbLine
 10
47.25
 20
-17.671875
 30
0.0
 11
47.4375
 21
-17.625
 31
0.0
  0
LINE
  5
923
330
1F
100
AcDbEntity
  8
OUTLINE
  6
SDS2_5
 62
     1
100
AcDbLine
 10
47.4375
 20
-18.75
 30
0.0
 11
47.7265625
 21
-18.6953125
 31
0.0
  0
LINE
  5
924
330
1F
100
AcDbEntity
  8
OUTLINE
  6
SDS2_5
 62
     1
100
AcDbLine
 10
47.4375
 20
-18.75
 30
0.0
 11
47.7265625
 21
-18.6953125
 31
0.0
  0
LINE
  5
925
330
1F
100
AcDbEntity
  8
OUTLINE
  6
SDS2_5
 62
     1
100
AcDbLine
 10
47.4375
 20
-18.375
 30
0.0
 11
47.625
 21
-18.328125
 31
0.0
  0
LINE
  5
926
330
1F
100
AcDbEntity
  8
OUTLINE
  6
SDS2_5
 62
     1
100
AcDbLine
 10
47.4375
 20
-18.375
 30
0.0
 11
47.625
 21
-18.328125
 31
0.0
  0
LINE
  5
927
330
1F
100
AcDbEntity
  8
OUTLINE
  6
SDS2_5
 62
     1
100
AcDbLine
 10
47.4375
 20
-18.375
 30
0.0
 11
47.625
 21
-18.328125
 31
0.0
  0
LINE
  5
928
330
1F
100
AcDbEntity
  8
OUTLINE
  6
SDS2_5
 62
     1
100
AcDbLine
 10
47.4375
 20
-18.375
 30
0.0
 11
47.625
 21
-18.328125
 31
0.0
  0
LINE
  5
929
330
1F
100
AcDbEntity
  8
OUTLINE
  6
SDS2_5
 62
     1
100
AcDbLine
 10
47.4375
 20
-17.625
 30
0.0
 11
47.625
 21
-17.671875
 31
0.0
  0
LINE
  5
92A
330
1F
100
AcDbEntity
  8
OUTLINE
  6
SDS2_5
 62
     1
100
AcDbLine
 10
47.4375
 20
-17.625
 30
0.0
 11
47.625
 21
-17.671875
 31
0.0
  0
LINE
  5
92B
330
1F
100
AcDbEntity
  8
OUTLINE
  6
SDS2_5
 62
     1
100
AcDbLine
 10
47.4375
 20
-17.625
 30
0.0
 11
47.625
 21
-17.671875
 31
0.0
  0
LINE
  5
92C
330
1F
100
AcDbEntity
  8
OUTLINE
  6
SDS2_5
 62
     1
100
AcDbLine
 10
47.4375
 20
-17.625
 30
0.0
 11
47.625
 21
-17.671875
 31
0.0
  0
LINE
  5
92D
330
1F
100
AcDbEntity
  8
OUTLINE
  6
SDS2_5
 62
     1
100
AcDbLine
 10
47.4375
 20
-17.25
 30
0.0
 11
47.7265625
 21
-17.3046875
 31
0.0
  0
LINE
  5
92E
330
1F
100
AcDbEntity
  8
OUTLINE
  6
SDS2_5
 62
     1
100
AcDbLine
 10
47.4375
 20
-17.25
 30
0.0
 11
47.7265625
 21
-17.3046875
 31
0.0
  0
LINE
  5
92F
330
1F
100
AcDbEntity
  8
OUTLINE
  6
SDS2_5
 62
     1
100
AcDbLine
 10
47.625
 20
-18.328125
 30
0.0
 11
47.765625
 21
-18.1875
 31
0.0
  0
LINE
  5
930
330
1F
100
AcDbEntity
  8
OUTLINE
  6
SDS2_5
 62
     1
100
AcDbLine
 10
47.625
 20
-18.328125
 30
0.0
 11
47.765625
 21
-18.1875
 31
0.0
  0
LINE
  5
931
330
1F
100
AcDbEntity
  8
OUTLINE
  6
SDS2_5
 62
     1
100
AcDbLine
 10
47.625
 20
-18.328125
 30
0.0
 11
47.765625
 21
-18.1875
 31
0.0
  0
LINE
  5
932
330
1F
100
AcDbEntity
  8
OUTLINE
  6
SDS2_5
 62
     1
100
AcDbLine
 10
47.625
 20
-18.328125
 30
0.0
 11
47.765625
 21
-18.1875
 31
0.0
  0
LINE
  5
933
330
1F
100
AcDbEntity
  8
OUTLINE
  6
SDS2_5
 62
     1
100
AcDbLine
 10
47.625
 20
-17.671875
 30
0.0
 11
47.765625
 21
-17.8125
 31
0.0
  0
LINE
  5
934
330
1F
100
AcDbEntity
  8
OUTLINE
  6
SDS2_5
 62
     1
100
AcDbLine
 10
47.625
 20
-17.671875
 30
0.0
 11
47.765625
 21
-17.8125
 31
0.0
  0
LINE
  5
935
330
1F
100
AcDbEntity
  8
OUTLINE
  6
SDS2_5
 62
     1
100
AcDbLine
 10
47.625
 20
-17.671875
 30
0.0
 11
47.765625
 21
-17.8125
 31
0.0
  0
LINE
  5
936
330
1F
100
AcDbEntity
  8
OUTLINE
  6
SDS2_5
 62
     1
100
AcDbLine
 10
47.625
 20
-17.671875
 30
0.0
 11
47.765625
 21
-17.8125
 31
0.0
  0
LINE
  5
937
330
1F
100
AcDbEntity
  8
OUTLINE
  6
SDS2_5
 62
     1
100
AcDbLine
 10
47.7265625
 20
-18.6953125
 30
0.0
 11
47.96875
 21
-18.53125
 31
0.0
  0
LINE
  5
938
330
1F
100
AcDbEntity
  8
OUTLINE
  6
SDS2_5
 62
     1
100
AcDbLine
 10
47.7265625
 20
-18.6953125
 30
0.0
 11
47.96875
 21
-18.53125
 31
0.0
  0
LINE
  5
939
330
1F
100
AcDbEntity
  8
OUTLINE
  6
SDS2_5
 62
     1
100
AcDbLine
 10
47.7265625
 20
-17.3046875
 30
0.0
 11
47.96875
 21
-17.46875
 31
0.0
  0
LINE
  5
93A
330
1F
100
AcDbEntity
  8
OUTLINE
  6
SDS2_5
 62
     1
100
AcDbLine
 10
47.7265625
 20
-17.3046875
 30
0.0
 11
47.96875
 21
-17.46875
 31
0.0
  0
LINE
  5
93B
330
1F
100
AcDbEntity
  8
OUTLINE
  6
SDS2_5
 62
     1
100
AcDbLine
 10
47.765625
 20
-18.1875
 30
0.0
 11
47.8125
 21
-18.0
 31
0.0
  0
LINE
  5
93C
330
1F
100
AcDbEntity
  8
OUTLINE
  6
SDS2_5
 62
     1
100
AcDbLine
 10
47.765625
 20
-18.1875
 30
0.0
 11
47.8125
 21
-18.0
 31
0.0
  0
LINE
  5
93D
330
1F
100
AcDbEntity
  8
OUTLINE
  6
SDS2_5
 62
     1
100
AcDbLine
 10
47.765625
 20
-18.1875
 30
0.0
 11
47.8125
 21
-18.0
 31
0.0
  0
LINE
  5
93E
330
1F
100
AcDbEntity
  8
OUTLINE
  6
SDS2_5
 62
     1
100
AcDbLine
 10
47.765625
 20
-18.1875
 30
0.0
 11
47.8125
 21
-18.0
 31
0.0
  0
LINE
  5
93F
330
1F
100
AcDbEntity
  8
OUTLINE
  6
SDS2_5
 62
     1
100
AcDbLine
 10
47.765625
 20
-17.8125
 30
0.0
 11
47.8125
 21
-18.0
 31
0.0
  0
LINE
  5
940
330
1F
100
AcDbEntity
  8
OUTLINE
  6
SDS2_5
 62
     1
100
AcDbLine
 10
47.765625
 20
-17.8125
 30
0.0
 11
47.8125
 21
-18.0
 31
0.0
  0
LINE
  5
941
330
1F
100
AcDbEntity
  8
OUTLINE
  6
SDS2_5
 62
     1
100
AcDbLine
 10
47.765625
 20
-17.8125
 30
0.0
 11
47.8125
 21
-18.0
 31
0.0
  0
LINE
  5
942
330
1F
100
AcDbEntity
  8
OUTLINE
  6
SDS2_5
 62
     1
100
AcDbLine
 10
47.765625
 20
-17.8125
 30
0.0
 11
47.8125
 21
-18.0
 31
0.0
  0
LINE
  5
943
330
1F
100
AcDbEntity
  8
OUTLINE
  6
CONTINUOUS
 62
     1
100
AcDbLine
 10
47.796875
 20
-18.625
 30
0.0
 11
48.15625
 21
-18.0
 31
0.0
  0
LINE
  5
944
330
1F
100
AcDbEntity
  8
OUTLINE
  6
SDS2_5
 62
     1
100
AcDbLine
 10
47.796875
 20
-18.625
 30
0.0
 11
48.15625
 21
-18.0
 31
0.0
  0
LINE
  5
945
330
1F
100
AcDbEntity
  8
OUTLINE
  6
SDS2_5
 62
     1
100
AcDbLine
 10
47.796875
 20
-18.625
 30
0.0
 11
48.15625
 21
-18.0
 31
0.0
  0
LINE
  5
946
330
1F
100
AcDbEntity
  8
OUTLINE
  6
SDS2_5
 62
     1
100
AcDbLine
 10
47.796875
 20
-18.625
 30
0.0
 11
48.15625
 21
-18.0
 31
0.0
  0
LINE
  5
947
330
1F
100
AcDbEntity
  8
OUTLINE
  6
CONTINUOUS
 62
     1
100
AcDbLine
 10
47.796875
 20
-17.375
 30
0.0
 11
48.15625
 21
-18.0
 31
0.0
  0
LINE
  5
948
330
1F
100
AcDbEntity
  8
OUTLINE
  6
SDS2_5
 62
     1
100
AcDbLine
 10
47.796875
 20
-17.375
 30
0.0
 11
48.15625
 21
-18.0
 31
0.0
  0
LINE
  5
949
330
1F
100
AcDbEntity
  8
OUTLINE
  6
SDS2_5
 62
     1
100
AcDbLine
 10
47.796875
 20
-17.375
 30
0.0
 11
48.15625
 21
-18.0
 31
0.0
  0
LINE
  5
94A
330
1F
100
AcDbEntity
  8
OUTLINE
  6
SDS2_5
 62
     1
100
AcDbLine
 10
47.796875
 20
-17.375
 30
0.0
 11
48.15625
 21
-18.0
 31
0.0
  0
LINE
  5
94B
330
1F
100
AcDbEntity
  8
OUTLINE
  6
SDS2_5
 62
     1
100
AcDbLine
 10
47.96875
 20
-18.53125
 30
0.0
 11
48.1328125
 21
-18.2890625
 31
0.0
  0
LINE
  5
94C
330
1F
100
AcDbEntity
  8
OUTLINE
  6
SDS2_5
 62
     1
100
AcDbLine
 10
47.96875
 20
-18.53125
 30
0.0
 11
48.1328125
 21
-18.2890625
 31
0.0
  0
LINE
  5
94D
330
1F
100
AcDbEntity
  8
OUTLINE
  6
SDS2_5
 62
     1
100
AcDbLine
 10
47.96875
 20
-17.46875
 30
0.0
 11
48.1328125
 21
-17.7109375
 31
0.0
  0
LINE
  5
94E
330
1F
100
AcDbEntity
  8
OUTLINE
  6
SDS2_5
 62
     1
100
AcDbLine
 10
47.96875
 20
-17.46875
 30
0.0
 11
48.1328125
 21
-17.7109375
 31
0.0
  0
LINE
  5
94F
330
1F
100
AcDbEntity
  8
OUTLINE
  6
SDS2_5
 62
     1
100
AcDbLine
 10
48.1328125
 20
-18.2890625
 30
0.0
 11
48.1875
 21
-18.0
 31
0.0
  0
LINE
  5
950
330
1F
100
AcDbEntity
  8
OUTLINE
  6
SDS2_5
 62
     1
100
AcDbLine
 10
48.1328125
 20
-18.2890625
 30
0.0
 11
48.1875
 21
-18.0
 31
0.0
  0
LINE
  5
951
330
1F
100
AcDbEntity
  8
OUTLINE
  6
SDS2_5
 62
     1
100
AcDbLine
 10
48.1328125
 20
-17.7109375
 30
0.0
 11
48.1875
 21
-18.0
 31
0.0
  0
LINE
  5
952
330
1F
100
AcDbEntity
  8
OUTLINE
  6
SDS2_5
 62
     1
100
AcDbLine
 10
48.1328125
 20
-17.7109375
 30
0.0
 11
48.1875
 21
-18.0
 31
0.0
  0
LINE
  5
953
330
1F
100
AcDbEntity
  8
OUTLINE
  6
SDS2_5
 62
     1
100
AcDbLine
 10
46.6875
 20
-21.0
 30
0.0
 11
46.7421875
 21
-21.2890625
 31
0.0
  0
LINE
  5
954
330
1F
100
AcDbEntity
  8
OUTLINE
  6
SDS2_5
 62
     1
100
AcDbLine
 10
46.6875
 20
-21.0
 30
0.0
 11
46.7421875
 21
-21.2890625
 31
0.0
  0
LINE
  5
955
330
1F
100
AcDbEntity
  8
OUTLINE
  6
SDS2_5
 62
     1
100
AcDbLine
 10
46.6875
 20
-21.0
 30
0.0
 11
46.7421875
 21
-20.7109375
 31
0.0
  0
LINE
  5
956
330
1F
100
AcDbEntity
  8
OUTLINE
  6
SDS2_5
 62
     1
100
AcDbLine
 10
46.6875
 20
-21.0
 30
0.0
 11
46.7421875
 21
-20.7109375
 31
0.0
  0
LINE
  5
957
330
1F
100
AcDbEntity
  8
OUTLINE
  6
CONTINUOUS
 62
     1
100
AcDbLine
 10
46.71875
 20
-21.0
 30
0.0
 11
47.078125
 21
-21.625
 31
0.0
  0
LINE
  5
958
330
1F
100
AcDbEntity
  8
OUTLINE
  6
CONTINUOUS
 62
     1
100
AcDbLine
 10
46.71875
 20
-21.0
 30
0.0
 11
47.078125
 21
-20.375
 31
0.0
  0
LINE
  5
959
330
1F
100
AcDbEntity
  8
OUTLINE
  6
SDS2_5
 62
     1
100
AcDbLine
 10
46.71875
 20
-21.0
 30
0.0
 11
47.078125
 21
-21.625
 31
0.0
  0
LINE
  5
95A
330
1F
100
AcDbEntity
  8
OUTLINE
  6
SDS2_5
 62
     1
100
AcDbLine
 10
46.71875
 20
-21.0
 30
0.0
 11
47.078125
 21
-21.625
 31
0.0
  0
LINE
  5
95B
330
1F
100
AcDbEntity
  8
OUTLINE
  6
SDS2_5
 62
     1
100
AcDbLine
 10
46.71875
 20
-21.0
 30
0.0
 11
47.078125
 21
-21.625
 31
0.0
  0
LINE
  5
95C
330
1F
100
AcDbEntity
  8
OUTLINE
  6
SDS2_5
 62
     1
100
AcDbLine
 10
46.71875
 20
-21.0
 30
0.0
 11
47.078125
 21
-20.375
 31
0.0
  0
LINE
  5
95D
330
1F
100
AcDbEntity
  8
OUTLINE
  6
SDS2_5
 62
     1
100
AcDbLine
 10
46.71875
 20
-21.0
 30
0.0
 11
47.078125
 21
-20.375
 31
0.0
  0
LINE
  5
95E
330
1F
100
AcDbEntity
  8
OUTLINE
  6
SDS2_5
 62
     1
100
AcDbLine
 10
46.71875
 20
-21.0
 30
0.0
 11
47.078125
 21
-20.375
 31
0.0
  0
LINE
  5
95F
330
1F
100
AcDbEntity
  8
OUTLINE
  6
SDS2_5
 62
     1
100
AcDbLine
 10
46.7421875
 20
-21.2890625
 30
0.0
 11
46.90625
 21
-21.53125
 31
0.0
  0
LINE
  5
960
330
1F
100
AcDbEntity
  8
OUTLINE
  6
SDS2_5
 62
     1
100
AcDbLine
 10
46.7421875
 20
-21.2890625
 30
0.0
 11
46.90625
 21
-21.53125
 31
0.0
  0
LINE
  5
961
330
1F
100
AcDbEntity
  8
OUTLINE
  6
SDS2_5
 62
     1
100
AcDbLine
 10
46.7421875
 20
-20.7109375
 30
0.0
 11
46.90625
 21
-20.46875
 31
0.0
  0
LINE
  5
962
330
1F
100
AcDbEntity
  8
OUTLINE
  6
SDS2_5
 62
     1
100
AcDbLine
 10
46.7421875
 20
-20.7109375
 30
0.0
 11
46.90625
 21
-20.46875
 31
0.0
  0
LINE
  5
963
330
1F
100
AcDbEntity
  8
OUTLINE
  6
SDS2_5
 62
     1
100
AcDbLine
 10
46.90625
 20
-21.53125
 30
0.0
 11
47.1484375
 21
-21.6953125
 31
0.0
  0
LINE
  5
964
330
1F
100
AcDbEntity
  8
OUTLINE
  6
SDS2_5
 62
     1
100
AcDbLine
 10
46.90625
 20
-21.53125
 30
0.0
 11
47.1484375
 21
-21.6953125
 31
0.0
  0
LINE
  5
965
330
1F
100
AcDbEntity
  8
OUTLINE
  6
SDS2_5
 62
     1
100
AcDbLine
 10
46.90625
 20
-20.46875
 30
0.0
 11
47.1484375
 21
-20.3046875
 31
0.0
  0
LINE
  5
966
330
1F
100
AcDbEntity
  8
OUTLINE
  6
SDS2_5
 62
     1
100
AcDbLine
 10
46.90625
 20
-20.46875
 30
0.0
 11
47.1484375
 21
-20.3046875
 31
0.0
  0
LINE
  5
967
330
1F
100
AcDbEntity
  8
OUTLINE
  6
SDS2_5
 62
     1
100
AcDbLine
 10
47.0625
 20
-21.0
 30
0.0
 11
47.109375
 21
-21.1875
 31
0.0
  0
LINE
  5
968
330
1F
100
AcDbEntity
  8
OUTLINE
  6
SDS2_5
 62
     1
100
AcDbLine
 10
47.0625
 20
-21.0
 30
0.0
 11
47.109375
 21
-21.1875
 31
0.0
  0
LINE
  5
969
330
1F
100
AcDbEntity
  8
OUTLINE
  6
SDS2_5
 62
     1
100
AcDbLine
 10
47.0625
 20
-21.0
 30
0.0
 11
47.109375
 21
-21.1875
 31
0.0
  0
LINE
  5
96A
330
1F
100
AcDbEntity
  8
OUTLINE
  6
SDS2_5
 62
     1
100
AcDbLine
 10
47.0625
 20
-21.0
 30
0.0
 11
47.109375
 21
-21.1875
 31
0.0
  0
LINE
  5
96B
330
1F
100
AcDbEntity
  8
OUTLINE
  6
SDS2_5
 62
     1
100
AcDbLine
 10
47.0625
 20
-21.0
 30
0.0
 11
47.109375
 21
-20.8125
 31
0.0
  0
LINE
  5
96C
330
1F
100
AcDbEntity
  8
OUTLINE
  6
SDS2_5
 62
     1
100
AcDbLine
 10
47.0625
 20
-21.0
 30
0.0
 11
47.109375
 21
-20.8125
 31
0.0
  0
LINE
  5
96D
330
1F
100
AcDbEntity
  8
OUTLINE
  6
SDS2_5
 62
     1
100
AcDbLine
 10
47.0625
 20
-21.0
 30
0.0
 11
47.109375
 21
-20.8125
 31
0.0
  0
LINE
  5
96E
330
1F
100
AcDbEntity
  8
OUTLINE
  6
SDS2_5
 62
     1
100
AcDbLine
 10
47.0625
 20
-21.0
 30
0.0
 11
47.109375
 21
-20.8125
 31
0.0
  0
LINE
  5
96F
330
1F
100
AcDbEntity
  8
OUTLINE
  6
CONTINUOUS
 62
     1
100
AcDbLine
 10
47.078125
 20
-21.625
 30
0.0
 11
47.796875
 21
-21.625
 31
0.0
  0
LINE
  5
970
330
1F
100
AcDbEntity
  8
OUTLINE
  6
SDS2_5
 62
     1
100
AcDbLine
 10
47.078125
 20
-21.625
 30
0.0
 11
47.796875
 21
-21.625
 31
0.0
  0
LINE
  5
971
330
1F
100
AcDbEntity
  8
OUTLINE
  6
SDS2_5
 62
     1
100
AcDbLine
 10
47.078125
 20
-21.625
 30
0.0
 11
47.796875
 21
-21.625
 31
0.0
  0
LINE
  5
972
330
1F
100
AcDbEntity
  8
OUTLINE
  6
SDS2_5
 62
     1
100
AcDbLine
 10
47.078125
 20
-21.625
 30
0.0
 11
47.796875
 21
-21.625
 31
0.0
  0
LINE
  5
973
330
1F
100
AcDbEntity
  8
OUTLINE
  6
CONTINUOUS
 62
     1
100
AcDbLine
 10
47.078125
 20
-20.375
 30
0.0
 11
47.796875
 21
-20.375
 31
0.0
  0
LINE
  5
974
330
1F
100
AcDbEntity
  8
OUTLINE
  6
SDS2_5
 62
     1
100
AcDbLine
 10
47.078125
 20
-20.375
 30
0.0
 11
47.796875
 21
-20.375
 31
0.0
  0
LINE
  5
975
330
1F
100
AcDbEntity
  8
OUTLINE
  6
SDS2_5
 62
     1
100
AcDbLine
 10
47.078125
 20
-20.375
 30
0.0
 11
47.796875
 21
-20.375
 31
0.0
  0
LINE
  5
976
330
1F
100
AcDbEntity
  8
OUTLINE
  6
SDS2_5
 62
     1
100
AcDbLine
 10
47.078125
 20
-20.375
 30
0.0
 11
47.796875
 21
-20.375
 31
0.0
  0
LINE
  5
977
330
1F
100
AcDbEntity
  8
OUTLINE
  6
SDS2_5
 62
     1
100
AcDbLine
 10
47.109375
 20
-21.1875
 30
0.0
 11
47.25
 21
-21.328125
 31
0.0
  0
LINE
  5
978
330
1F
100
AcDbEntity
  8
OUTLINE
  6
SDS2_5
 62
     1
100
AcDbLine
 10
47.109375
 20
-21.1875
 30
0.0
 11
47.25
 21
-21.328125
 31
0.0
  0
LINE
  5
979
330
1F
100
AcDbEntity
  8
OUTLINE
  6
SDS2_5
 62
     1
100
AcDbLine
 10
47.109375
 20
-21.1875
 30
0.0
 11
47.25
 21
-21.328125
 31
0.0
  0
LINE
  5
97A
330
1F
100
AcDbEntity
  8
OUTLINE
  6
SDS2_5
 62
     1
100
AcDbLine
 10
47.109375
 20
-21.1875
 30
0.0
 11
47.25
 21
-21.328125
 31
0.0
  0
LINE
  5
97B
330
1F
100
AcDbEntity
  8
OUTLINE
  6
SDS2_5
 62
     1
100
AcDbLine
 10
47.109375
 20
-20.8125
 30
0.0
 11
47.25
 21
-20.671875
 31
0.0
  0
LINE
  5
97C
330
1F
100
AcDbEntity
  8
OUTLINE
  6
SDS2_5
 62
     1
100
AcDbLine
 10
47.109375
 20
-20.8125
 30
0.0
 11
47.25
 21
-20.671875
 31
0.0
  0
LINE
  5
97D
330
1F
100
AcDbEntity
  8
OUTLINE
  6
SDS2_5
 62
     1
100
AcDbLine
 10
47.109375
 20
-20.8125
 30
0.0
 11
47.25
 21
-20.671875
 31
0.0
  0
LINE
  5
97E
330
1F
100
AcDbEntity
  8
OUTLINE
  6
SDS2_5
 62
     1
100
AcDbLine
 10
47.109375
 20
-20.8125
 30
0.0
 11
47.25
 21
-20.671875
 31
0.0
  0
LINE
  5
97F
330
1F
100
AcDbEntity
  8
OUTLINE
  6
SDS2_5
 62
     1
100
AcDbLine
 10
47.1484375
 20
-21.6953125
 30
0.0
 11
47.4375
 21
-21.75
 31
0.0
  0
LINE
  5
980
330
1F
100
AcDbEntity
  8
OUTLINE
  6
SDS2_5
 62
     1
100
AcDbLine
 10
47.1484375
 20
-21.6953125
 30
0.0
 11
47.4375
 21
-21.75
 31
0.0
  0
LINE
  5
981
330
1F
100
AcDbEntity
  8
OUTLINE
  6
SDS2_5
 62
     1
100
AcDbLine
 10
47.1484375
 20
-20.3046875
 30
0.0
 11
47.4375
 21
-20.25
 31
0.0
  0
LINE
  5
982
330
1F
100
AcDbEntity
  8
OUTLINE
  6
SDS2_5
 62
     1
100
AcDbLine
 10
47.1484375
 20
-20.3046875
 30
0.0
 11
47.4375
 21
-20.25
 31
0.0
  0
LINE
  5
983
330
1F
100
AcDbEntity
  8
OUTLINE
  6
SDS2_5
 62
     1
100
AcDbLine
 10
47.25
 20
-21.328125
 30
0.0
 11
47.4375
 21
-21.375
 31
0.0
  0
LINE
  5
984
330
1F
100
AcDbEntity
  8
OUTLINE
  6
SDS2_5
 62
     1
100
AcDbLine
 10
47.25
 20
-21.328125
 30
0.0
 11
47.4375
 21
-21.375
 31
0.0
  0
LINE
  5
985
330
1F
100
AcDbEntity
  8
OUTLINE
  6
SDS2_5
 62
     1
100
AcDbLine
 10
47.25
 20
-21.328125
 30
0.0
 11
47.4375
 21
-21.375
 31
0.0
  0
LINE
  5
986
330
1F
100
AcDbEntity
  8
OUTLINE
  6
SDS2_5
 62
     1
100
AcDbLine
 10
47.25
 20
-21.328125
 30
0.0
 11
47.4375
 21
-21.375
 31
0.0
  0
LINE
  5
987
330
1F
100
AcDbEntity
  8
OUTLINE
  6
SDS2_5
 62
     1
100
AcDbLine
 10
47.25
 20
-20.671875
 30
0.0
 11
47.4375
 21
-20.625
 31
0.0
  0
LINE
  5
988
330
1F
100
AcDbEntity
  8
OUTLINE
  6
SDS2_5
 62
     1
100
AcDbLine
 10
47.25
 20
-20.671875
 30
0.0
 11
47.4375
 21
-20.625
 31
0.0
  0
LINE
  5
989
330
1F
100
AcDbEntity
  8
OUTLINE
  6
SDS2_5
 62
     1
100
AcDbLine
 10
47.25
 20
-20.671875
 30
0.0
 11
47.4375
 21
-20.625
 31
0.0
  0
LINE
  5
98A
330
1F
100
AcDbEntity
  8
OUTLINE
  6
SDS2_5
 62
     1
100
AcDbLine
 10
47.25
 20
-20.671875
 30
0.0
 11
47.4375
 21
-20.625
 31
0.0
  0
LINE
  5
98B
330
1F
100
AcDbEntity
  8
OUTLINE
  6
SDS2_5
 62
     1
100
AcDbLine
 10
47.4375
 20
-21.75
 30
0.0
 11
47.7265625
 21
-21.6953125
 31
0.0
  0
LINE
  5
98C
330
1F
100
AcDbEntity
  8
OUTLINE
  6
SDS2_5
 62
     1
100
AcDbLine
 10
47.4375
 20
-21.75
 30
0.0
 11
47.7265625
 21
-21.6953125
 31
0.0
  0
LINE
  5
98D
330
1F
100
AcDbEntity
  8
OUTLINE
  6
SDS2_5
 62
     1
100
AcDbLine
 10
47.4375
 20
-21.375
 30
0.0
 11
47.625
 21
-21.328125
 31
0.0
  0
LINE
  5
98E
330
1F
100
AcDbEntity
  8
OUTLINE
  6
SDS2_5
 62
     1
100
AcDbLine
 10
47.4375
 20
-21.375
 30
0.0
 11
47.625
 21
-21.328125
 31
0.0
  0
LINE
  5
98F
330
1F
100
AcDbEntity
  8
OUTLINE
  6
SDS2_5
 62
     1
100
AcDbLine
 10
47.4375
 20
-21.375
 30
0.0
 11
47.625
 21
-21.328125
 31
0.0
  0
LINE
  5
990
330
1F
100
AcDbEntity
  8
OUTLINE
  6
SDS2_5
 62
     1
100
AcDbLine
 10
47.4375
 20
-21.375
 30
0.0
 11
47.625
 21
-21.328125
 31
0.0
  0
LINE
  5
991
330
1F
100
AcDbEntity
  8
OUTLINE
  6
SDS2_5
 62
     1
100
AcDbLine
 10
47.4375
 20
-20.625
 30
0.0
 11
47.625
 21
-20.671875
 31
0.0
  0
LINE
  5
992
330
1F
100
AcDbEntity
  8
OUTLINE
  6
SDS2_5
 62
     1
100
AcDbLine
 10
47.4375
 20
-20.625
 30
0.0
 11
47.625
 21
-20.671875
 31
0.0
  0
LINE
  5
993
330
1F
100
AcDbEntity
  8
OUTLINE
  6
SDS2_5
 62
     1
100
AcDbLine
 10
47.4375
 20
-20.625
 30
0.0
 11
47.625
 21
-20.671875
 31
0.0
  0
LINE
  5
994
330
1F
100
AcDbEntity
  8
OUTLINE
  6
SDS2_5
 62
     1
100
AcDbLine
 10
47.4375
 20
-20.625
 30
0.0
 11
47.625
 21
-20.671875
 31
0.0
  0
LINE
  5
995
330
1F
100
AcDbEntity
  8
OUTLINE
  6
SDS2_5
 62
     1
100
AcDbLine
 10
47.4375
 20
-20.25
 30
0.0
 11
47.7265625
 21
-20.3046875
 31
0.0
  0
LINE
  5
996
330
1F
100
AcDbEntity
  8
OUTLINE
  6
SDS2_5
 62
     1
100
AcDbLine
 10
47.4375
 20
-20.25
 30
0.0
 11
47.7265625
 21
-20.3046875
 31
0.0
  0
LINE
  5
997
330
1F
100
AcDbEntity
  8
OUTLINE
  6
SDS2_5
 62
     1
100
AcDbLine
 10
47.625
 20
-21.328125
 30
0.0
 11
47.765625
 21
-21.1875
 31
0.0
  0
LINE
  5
998
330
1F
100
AcDbEntity
  8
OUTLINE
  6
SDS2_5
 62
     1
100
AcDbLine
 10
47.625
 20
-21.328125
 30
0.0
 11
47.765625
 21
-21.1875
 31
0.0
  0
LINE
  5
999
330
1F
100
AcDbEntity
  8
OUTLINE
  6
SDS2_5
 62
     1
100
AcDbLine
 10
47.625
 20
-21.328125
 30
0.0
 11
47.765625
 21
-21.1875
 31
0.0
  0
LINE
  5
99A
330
1F
100
AcDbEntity
  8
OUTLINE
  6
SDS2_5
 62
     1
100
AcDbLine
 10
47.625
 20
-21.328125
 30
0.0
 11
47.765625
 21
-21.1875
 31
0.0
  0
LINE
  5
99B
330
1F
100
AcDbEntity
  8
OUTLINE
  6
SDS2_5
 62
     1
100
AcDbLine
 10
47.625
 20
-20.671875
 30
0.0
 11
47.765625
 21
-20.8125
 31
0.0
  0
LINE
  5
99C
330
1F
100
AcDbEntity
  8
OUTLINE
  6
SDS2_5
 62
     1
100
AcDbLine
 10
47.625
 20
-20.671875
 30
0.0
 11
47.765625
 21
-20.8125
 31
0.0
  0
LINE
  5
99D
330
1F
100
AcDbEntity
  8
OUTLINE
  6
SDS2_5
 62
     1
100
AcDbLine
 10
47.625
 20
-20.671875
 30
0.0
 11
47.765625
 21
-20.8125
 31
0.0
  0
LINE
  5
99E
330
1F
100
AcDbEntity
  8
OUTLINE
  6
SDS2_5
 62
     1
100
AcDbLine
 10
47.625
 20
-20.671875
 30
0.0
 11
47.765625
 21
-20.8125
 31
0.0
  0
LINE
  5
99F
330
1F
100
AcDbEntity
  8
OUTLINE
  6
SDS2_5
 62
     1
100
AcDbLine
 10
47.7265625
 20
-21.6953125
 30
0.0
 11
47.96875
 21
-21.53125
 31
0.0
  0
LINE
  5
9A0
330
1F
100
AcDbEntity
  8
OUTLINE
  6
SDS2_5
 62
     1
100
AcDbLine
 10
47.7265625
 20
-21.6953125
 30
0.0
 11
47.96875
 21
-21.53125
 31
0.0
  0
LINE
  5
9A1
330
1F
100
AcDbEntity
  8
OUTLINE
  6
SDS2_5
 62
     1
100
AcDbLine
 10
47.7265625
 20
-20.3046875
 30
0.0
 11
47.96875
 21
-20.46875
 31
0.0
  0
LINE
  5
9A2
330
1F
100
AcDbEntity
  8
OUTLINE
  6
SDS2_5
 62
     1
100
AcDbLine
 10
47.7265625
 20
-20.3046875
 30
0.0
 11
47.96875
 21
-20.46875
 31
0.0
  0
LINE
  5
9A3
330
1F
100
AcDbEntity
  8
OUTLINE
  6
SDS2_5
 62
     1
100
AcDbLine
 10
47.765625
 20
-21.1875
 30
0.0
 11
47.8125
 21
-21.0
 31
0.0
  0
LINE
  5
9A4
330
1F
100
AcDbEntity
  8
OUTLINE
  6
SDS2_5
 62
     1
100
AcDbLine
 10
47.765625
 20
-21.1875
 30
0.0
 11
47.8125
 21
-21.0
 31
0.0
  0
LINE
  5
9A5
330
1F
100
AcDbEntity
  8
OUTLINE
  6
SDS2_5
 62
     1
100
AcDbLine
 10
47.765625
 20
-21.1875
 30
0.0
 11
47.8125
 21
-21.0
 31
0.0
  0
LINE
  5
9A6
330
1F
100
AcDbEntity
  8
OUTLINE
  6
SDS2_5
 62
     1
100
AcDbLine
 10
47.765625
 20
-21.1875
 30
0.0
 11
47.8125
 21
-21.0
 31
0.0
  0
LINE
  5
9A7
330
1F
100
AcDbEntity
  8
OUTLINE
  6
SDS2_5
 62
     1
100
AcDbLine
 10
47.765625
 20
-20.8125
 30
0.0
 11
47.8125
 21
-21.0
 31
0.0
  0
LINE
  5
9A8
330
1F
100
AcDbEntity
  8
OUTLINE
  6
SDS2_5
 62
     1
100
AcDbLine
 10
47.765625
 20
-20.8125
 30
0.0
 11
47.8125
 21
-21.0
 31
0.0
  0
LINE
  5
9A9
330
1F
100
AcDbEntity
  8
OUTLINE
  6
SDS2_5
 62
     1
100
AcDbLine
 10
47.765625
 20
-20.8125
 30
0.0
 11
47.8125
 21
-21.0
 31
0.0
  0
LINE
  5
9AA
330
1F
100
AcDbEntity
  8
OUTLINE
  6
SDS2_5
 62
     1
100
AcDbLine
 10
47.765625
 20
-20.8125
 30
0.0
 11
47.8125
 21
-21.0
 31
0.0
  0
LINE
  5
9AB
330
1F
100
AcDbEntity
  8
OUTLINE
  6
CONTINUOUS
 62
     1
100
AcDbLine
 10
47.796875
 20
-21.625
 30
0.0
 11
48.15625
 21
-21.0
 31
0.0
  0
LINE
  5
9AC
330
1F
100
AcDbEntity
  8
OUTLINE
  6
SDS2_5
 62
     1
100
AcDbLine
 10
47.796875
 20
-21.625
 30
0.0
 11
48.15625
 21
-21.0
 31
0.0
  0
LINE
  5
9AD
330
1F
100
AcDbEntity
  8
OUTLINE
  6
SDS2_5
 62
     1
100
AcDbLine
 10
47.796875
 20
-21.625
 30
0.0
 11
48.15625
 21
-21.0
 31
0.0
  0
LINE
  5
9AE
330
1F
100
AcDbEntity
  8
OUTLINE
  6
SDS2_5
 62
     1
100
AcDbLine
 10
47.796875
 20
-21.625
 30
0.0
 11
48.15625
 21
-21.0
 31
0.0
  0
LINE
  5
9AF
330
1F
100
AcDbEntity
  8
OUTLINE
  6
CONTINUOUS
 62
     1
100
AcDbLine
 10
47.796875
 20
-20.375
 30
0.0
 11
48.15625
 21
-21.0
 31
0.0
  0
LINE
  5
9B0
330
1F
100
AcDbEntity
  8
OUTLINE
  6
SDS2_5
 62
     1
100
AcDbLine
 10
47.796875
 20
-20.375
 30
0.0
 11
48.15625
 21
-21.0
 31
0.0
  0
LINE
  5
9B1
330
1F
100
AcDbEntity
  8
OUTLINE
  6
SDS2_5
 62
     1
100
AcDbLine
 10
47.796875
 20
-20.375
 30
0.0
 11
48.15625
 21
-21.0
 31
0.0
  0
LINE
  5
9B2
330
1F
100
AcDbEntity
  8
OUTLINE
  6
SDS2_5
 62
     1
100
AcDbLine
 10
47.796875
 20
-20.375
 30
0.0
 11
48.15625
 21
-21.0
 31
0.0
  0
LINE
  5
9B3
330
1F
100
AcDbEntity
  8
OUTLINE
  6
SDS2_5
 62
     1
100
AcDbLine
 10
47.96875
 20
-21.53125
 30
0.0
 11
48.1328125
 21
-21.2890625
 31
0.0
  0
LINE
  5
9B4
330
1F
100
AcDbEntity
  8
OUTLINE
  6
SDS2_5
 62
     1
100
AcDbLine
 10
47.96875
 20
-21.53125
 30
0.0
 11
48.1328125
 21
-21.2890625
 31
0.0
  0
LINE
  5
9B5
330
1F
100
AcDbEntity
  8
OUTLINE
  6
SDS2_5
 62
     1
100
AcDbLine
 10
47.96875
 20
-20.46875
 30
0.0
 11
48.1328125
 21
-20.7109375
 31
0.0
  0
LINE
  5
9B6
330
1F
100
AcDbEntity
  8
OUTLINE
  6
SDS2_5
 62
     1
100
AcDbLine
 10
47.96875
 20
-20.46875
 30
0.0
 11
48.1328125
 21
-20.7109375
 31
0.0
  0
LINE
  5
9B7
330
1F
100
AcDbEntity
  8
OUTLINE
  6
SDS2_5
 62
     1
100
AcDbLine
 10
48.1328125
 20
-21.2890625
 30
0.0
 11
48.1875
 21
-21.0
 31
0.0
  0
LINE
  5
9B8
330
1F
100
AcDbEntity
  8
OUTLINE
  6
SDS2_5
 62
     1
100
AcDbLine
 10
48.1328125
 20
-21.2890625
 30
0.0
 11
48.1875
 21
-21.0
 31
0.0
  0
LINE
  5
9B9
330
1F
100
AcDbEntity
  8
OUTLINE
  6
SDS2_5
 62
     1
100
AcDbLine
 10
48.1328125
 20
-20.7109375
 30
0.0
 11
48.1875
 21
-21.0
 31
0.0
  0
LINE
  5
9BA
330
1F
100
AcDbEntity
  8
OUTLINE
  6
SDS2_5
 62
     1
100
AcDbLine
 10
48.1328125
 20
-20.7109375
 30
0.0
 11
48.1875
 21
-21.0
 31
0.0
  0
LINE
  5
9BB
330
1F
100
AcDbEntity
  8
OUTLINE
  6
CONTINUOUS
 62
     1
100
AcDbLine
 10
6.5
 20
29.205759766
 30
0.0
 11
6.5
 21
29.362009766
 31
0.0
  0
LINE
  5
9BC
330
1F
100
AcDbEntity
  8
OUTLINE
  6
CONTINUOUS
 62
     1
100
AcDbLine
 10
6.5
 20
29.205759766
 30
0.0
 11
6.5546875
 21
29.205759766
 31
0.0
  0
LINE
  5
9BD
330
1F
100
AcDbEntity
  8
OUTLINE
  6
SDS2_5
 62
     1
100
AcDbLine
 10
6.5
 20
29.205759766
 30
0.0
 11
6.5
 21
29.362009766
 31
0.0
  0
LINE
  5
9BE
330
1F
100
AcDbEntity
  8
OUTLINE
  6
SDS2_5
 62
     1
100
AcDbLine
 10
6.5
 20
29.205759766
 30
0.0
 11
6.5546875
 21
29.205759766
 31
0.0
  0
LINE
  5
9BF
330
1F
100
AcDbEntity
  8
OUTLINE
  6
CONTINUOUS
 62
     1
100
AcDbLine
 10
6.5
 20
29.362009766
 30
0.0
 11
6.5546875
 21
29.362009766
 31
0.0
  0
LINE
  5
9C0
330
1F
100
AcDbEntity
  8
OUTLINE
  6
SDS2_5
 62
     1
100
AcDbLine
 10
6.5
 20
29.362009766
 30
0.0
 11
6.5546875
 21
29.362009766
 31
0.0
  0
LINE
  5
9C1
330
1F
100
AcDbEntity
  8
OUTLINE
  6
CONTINUOUS
 62
     1
100
AcDbLine
 10
6.53125
 20
27.807322266
 30
0.0
 11
6.53125
 21
28.276072266
 31
0.0
  0
LINE
  5
9C2
330
1F
100
AcDbEntity
  8
OUTLINE
  6
CONTINUOUS
 62
     1
100
AcDbLine
 10
6.53125
 20
27.807322266
 30
0.0
 11
6.890625
 21
27.807322266
 31
0.0
  0
LINE
  5
9C3
330
1F
100
AcDbEntity
  8
OUTLINE
  6
SDS2_5
 62
     1
100
AcDbLine
 10
6.53125
 20
27.807322266
 30
0.0
 11
6.53125
 21
28.276072266
 31
0.0
  0
LINE
  5
9C4
330
1F
100
AcDbEntity
  8
OUTLINE
  6
SDS2_5
 62
     1
100
AcDbLine
 10
6.53125
 20
27.807322266
 30
0.0
 11
6.890625
 21
27.807322266
 31
0.0
  0
LINE
  5
9C5
330
1F
100
AcDbEntity
  8
OUTLINE
  6
CONTINUOUS
 62
     1
100
AcDbLine
 10
6.53125
 20
28.276072266
 30
0.0
 11
6.890625
 21
28.276072266
 31
0.0
  0
LINE
  5
9C6
330
1F
100
AcDbEntity
  8
OUTLINE
  6
SDS2_5
 62
     1
100
AcDbLine
 10
6.53125
 20
28.276072266
 30
0.0
 11
6.890625
 21
28.276072266
 31
0.0
  0
LINE
  5
9C7
330
1F
100
AcDbEntity
  8
OUTLINE
  6
CONTINUOUS
 62
     1
100
AcDbLine
 10
6.53125
 20
29.362009766
 30
0.0
 11
6.53125
 21
30.096384766
 31
0.0
  0
LINE
  5
9C8
330
1F
100
AcDbEntity
  8
OUTLINE
  6
SDS2_5
 62
     1
100
AcDbLine
 10
6.53125
 20
29.362009766
 30
0.0
 11
6.53125
 21
30.096384766
 31
0.0
  0
LINE
  5
9C9
330
1F
100
AcDbEntity
  8
OUTLINE
  6
SDS2_5
 62
     1
100
AcDbLine
 10
6.53125
 20
29.362009766
 30
0.0
 11
6.890625
 21
29.362009766
 31
0.0
  0
LINE
  5
9CA
330
1F
100
AcDbEntity
  8
OUTLINE
  6
SDS2_5
 62
     1
100
AcDbLine
 10
6.53125
 20
29.362009766
 30
0.0
 11
6.890625
 21
29.362009766
 31
0.0
  0
LINE
  5
9CB
330
1F
100
AcDbEntity
  8
OUTLINE
  6
CONTINUOUS
 62
     1
100
AcDbLine
 10
6.53125
 20
30.096384766
 30
0.0
 11
6.890625
 21
30.096384766
 31
0.0
  0
LINE
  5
9CC
330
1F
100
AcDbEntity
  8
OUTLINE
  6
SDS2_5
 62
     1
100
AcDbLine
 10
6.53125
 20
30.096384766
 30
0.0
 11
6.890625
 21
30.096384766
 31
0.0
  0
LINE
  5
9CD
330
1F
100
AcDbEntity
  8
OUTLINE
  6
CONTINUOUS
 62
     1
100
AcDbLine
 10
6.5546875
 20
29.205759766
 30
0.0
 11
6.71875
 21
29.205759766
 31
0.0
  0
LINE
  5
9CE
330
1F
100
AcDbEntity
  8
OUTLINE
  6
SDS2_5
 62
     1
100
AcDbLine
 10
6.5546875
 20
29.205759766
 30
0.0
 11
6.71875
 21
29.205759766
 31
0.0
  0
LINE
  5
9CF
330
1F
100
AcDbEntity
  8
OUTLINE
  6
CONTINUOUS
 62
     1
100
AcDbLine
 10
6.5546875
 20
29.362009766
 30
0.0
 11
6.71875
 21
29.362009766
 31
0.0
  0
LINE
  5
9D0
330
1F
100
AcDbEntity
  8
OUTLINE
  6
SDS2_5
 62
     1
100
AcDbLine
 10
6.5546875
 20
29.362009766
 30
0.0
 11
6.71875
 21
29.362009766
 31
0.0
  0
LINE
  5
9D1
330
1F
100
AcDbEntity
  8
OUTLINE
  6
CONTINUOUS
 62
     1
100
AcDbLine
 10
6.71875
 20
29.205759766
 30
0.0
 11
6.9609375
 21
29.205759766
 31
0.0
  0
LINE
  5
9D2
330
1F
100
AcDbEntity
  8
OUTLINE
  6
SDS2_5
 62
     1
100
AcDbLine
 10
6.71875
 20
29.205759766
 30
0.0
 11
6.9609375
 21
29.205759766
 31
0.0
  0
LINE
  5
9D3
330
1F
100
AcDbEntity
  8
OUTLINE
  6
CONTINUOUS
 62
     1
100
AcDbLine
 10
6.71875
 20
29.362009766
 30
0.0
 11
6.9609375
 21
29.362009766
 31
0.0
  0
LINE
  5
9D4
330
1F
100
AcDbEntity
  8
OUTLINE
  6
SDS2_5
 62
     1
100
AcDbLine
 10
6.71875
 20
29.362009766
 30
0.0
 11
6.9609375
 21
29.362009766
 31
0.0
  0
LINE
  5
9D5
330
1F
100
AcDbEntity
  8
OUTLINE
  6
CONTINUOUS
 62
     1
100
AcDbLine
 10
6.875
 20
28.276072266
 30
0.0
 11
6.875
 21
28.276072266
 31
0.0
  0
LINE
  5
9D6
330
1F
100
AcDbEntity
  8
OUTLINE
  6
SDS2_5
 62
     1
100
AcDbLine
 10
6.875
 20
28.276072266
 30
0.0
 11
6.875
 21
29.197947266
 31
0.0
  0
LINE
  5
9D7
330
1F
100
AcDbEntity
  8
OUTLINE
  6
SDS2_5
 62
     1
100
AcDbLine
 10
6.875
 20
28.276072266
 30
0.0
 11
6.875
 21
29.205759766
 31
0.0
  0
LINE
  5
9D8
330
1F
100
AcDbEntity
  8
OUTLINE
  6
SDS2_5
 62
     1
100
AcDbLine
 10
6.875
 20
28.276072266
 30
0.0
 11
6.921875
 21
28.276072266
 31
0.0
  0
LINE
  5
9D9
330
1F
100
AcDbEntity
  8
OUTLINE
  6
SDS2_5
 62
     1
100
AcDbLine
 10
6.875
 20
28.276072266
 30
0.0
 11
6.921875
 21
28.276072266
 31
0.0
  0
LINE
  5
9DA
330
1F
100
AcDbEntity
  8
OUTLINE
  6
CONTINUOUS
 62
     1
100
AcDbLine
 10
6.875
 20
29.197947266
 30
0.0
 11
6.875
 21
29.205759766
 31
0.0
  0
LINE
  5
9DB
330
1F
100
AcDbEntity
  8
OUTLINE
  6
SDS2_5
 62
     1
100
AcDbLine
 10
6.875
 20
29.205759766
 30
0.0
 11
6.921875
 21
29.205759766
 31
0.0
  0
LINE
  5
9DC
330
1F
100
AcDbEntity
  8
OUTLINE
  6
SDS2_5
 62
     1
100
AcDbLine
 10
6.875
 20
29.205759766
 30
0.0
 11
6.921875
 21
29.205759766
 31
0.0
  0
LINE
  5
9DD
330
1F
100
AcDbEntity
  8
OUTLINE
  6
CONTINUOUS
 62
     1
100
AcDbLine
 10
6.875
 20
30.096384766
 30
0.0
 11
6.875
 21
30.276072266
 31
0.0
  0
LINE
  5
9DE
330
1F
100
AcDbEntity
  8
OUTLINE
  6
SDS2_5
 62
     1
100
AcDbLine
 10
6.875
 20
30.096384766
 30
0.0
 11
6.875
 21
30.276072266
 31
0.0
  0
LINE
  5
9DF
330
1F
100
AcDbEntity
  8
OUTLINE
  6
SDS2_5
 62
     1
100
AcDbLine
 10
6.875
 20
30.096384766
 30
0.0
 11
6.921875
 21
30.096384766
 31
0.0
  0
LINE
  5
9E0
330
1F
100
AcDbEntity
  8
OUTLINE
  6
SDS2_5
 62
     1
100
AcDbLine
 10
6.875
 20
30.096384766
 30
0.0
 11
6.921875
 21
30.096384766
 31
0.0
  0
LINE
  5
9E1
330
1F
100
AcDbEntity
  8
OUTLINE
  6
CONTINUOUS
 62
     1
100
AcDbLine
 10
6.875
 20
30.276072266
 30
0.0
 11
6.921875
 21
30.276072266
 31
0.0
  0
LINE
  5
9E2
330
1F
100
AcDbEntity
  8
OUTLINE
  6
SDS2_5
 62
     1
100
AcDbLine
 10
6.875
 20
30.276072266
 30
0.0
 11
6.921875
 21
30.276072266
 31
0.0
  0
LINE
  5
9E3
330
1F
100
AcDbEntity
  8
OUTLINE
  6
CONTINUOUS
 62
     1
100
AcDbLine
 10
6.890625
 20
27.807322266
 30
0.0
 11
6.890625
 21
28.276072266
 31
0.0
  0
LINE
  5
9E4
330
1F
100
AcDbEntity
  8
OUTLINE
  6
CONTINUOUS
 62
     1
100
AcDbLine
 10
6.890625
 20
27.807322266
 30
0.0
 11
7.609375
 21
27.807322266
 31
0.0
  0
LINE
  5
9E5
330
1F
100
AcDbEntity
  8
OUTLINE
  6
SDS2_5
 62
     1
100
AcDbLine
 10
6.890625
 20
27.807322266
 30
0.0
 11
6.890625
 21
28.276072266
 31
0.0
  0
LINE
  5
9E6
330
1F
100
AcDbEntity
  8
OUTLINE
  6
SDS2_5
 62
     1
100
AcDbLine
 10
6.890625
 20
27.807322266
 30
0.0
 11
6.890625
 21
28.276072266
 31
0.0
  0
LINE
  5
9E7
330
1F
100
AcDbEntity
  8
OUTLINE
  6
SDS2_5
 62
     1
100
AcDbLine
 10
6.890625
 20
27.807322266
 30
0.0
 11
6.890625
 21
28.276072266
 31
0.0
  0
LINE
  5
9E8
330
1F
100
AcDbEntity
  8
OUTLINE
  6
SDS2_5
 62
     1
100
AcDbLine
 10
6.890625
 20
27.807322266
 30
0.0
 11
7.609375
 21
27.807322266
 31
0.0
  0
LINE
  5
9E9
330
1F
100
AcDbEntity
  8
OUTLINE
  6
CONTINUOUS
 62
     1
100
AcDbLine
 10
6.890625
 20
28.276072266
 30
0.0
 11
7.609375
 21
28.276072266
 31
0.0
  0
LINE
  5
9EA
330
1F
100
AcDbEntity
  8
OUTLINE
  6
SDS2_5
 62
     1
100
AcDbLine
 10
6.890625
 20
28.276072266
 30
0.0
 11
7.609375
 21
28.276072266
 31
0.0
  0
LINE
  5
9EB
330
1F
100
AcDbEntity
  8
OUTLINE
  6
CONTINUOUS
 62
     1
100
AcDbLine
 10
6.890625
 20
29.362009766
 30
0.0
 11
6.890625
 21
30.096384766
 31
0.0
  0
LINE
  5
9EC
330
1F
100
AcDbEntity
  8
OUTLINE
  6
SDS2_5
 62
     1
100
AcDbLine
 10
6.890625
 20
29.362009766
 30
0.0
 11
6.890625
 21
30.096384766
 31
0.0
  0
LINE
  5
9ED
330
1F
100
AcDbEntity
  8
OUTLINE
  6
SDS2_5
 62
     1
100
AcDbLine
 10
6.890625
 20
29.362009766
 30
0.0
 11
6.890625
 21
30.096384766
 31
0.0
  0
LINE
  5
9EE
330
1F
100
AcDbEntity
  8
OUTLINE
  6
SDS2_5
 62
     1
100
AcDbLine
 10
6.890625
 20
29.362009766
 30
0.0
 11
6.890625
 21
30.096384766
 31
0.0
  0
LINE
  5
9EF
330
1F
100
AcDbEntity
  8
OUTLINE
  6
SDS2_5
 62
     1
100
AcDbLine
 10
6.890625
 20
29.362009766
 30
0.0
 11
7.609375
 21
29.362009766
 31
0.0
  0
LINE
  5
9F0
330
1F
100
AcDbEntity
  8
OUTLINE
  6
SDS2_5
 62
     1
100
AcDbLine
 10
6.890625
 20
29.362009766
 30
0.0
 11
7.609375
 21
29.362009766
 31
0.0
  0
LINE
  5
9F1
330
1F
100
AcDbEntity
  8
OUTLINE
  6
CONTINUOUS
 62
     1
100
AcDbLine
 10
6.890625
 20
30.096384766
 30
0.0
 11
7.609375
 21
30.096384766
 31
0.0
  0
LINE
  5
9F2
330
1F
100
AcDbEntity
  8
OUTLINE
  6
SDS2_5
 62
     1
100
AcDbLine
 10
6.890625
 20
30.096384766
 30
0.0
 11
7.609375
 21
30.096384766
 31
0.0
  0
LINE
  5
9F3
330
1F
100
AcDbEntity
  8
OUTLINE
  6
SDS2_5
 62
     1
100
AcDbLine
 10
6.921875
 20
28.276072266
 30
0.0
 11
7.0625
 21
28.276072266
 31
0.0
  0
LINE
  5
9F4
330
1F
100
AcDbEntity
  8
OUTLINE
  6
SDS2_5
 62
     1
100
AcDbLine
 10
6.921875
 20
28.276072266
 30
0.0
 11
7.0625
 21
28.276072266
 31
0.0
  0
LINE
  5
9F5
330
1F
100
AcDbEntity
  8
OUTLINE
  6
SDS2_5
 62
     1
100
AcDbLine
 10
6.921875
 20
29.205759766
 30
0.0
 11
7.0625
 21
29.205759766
 31
0.0
  0
LINE
  5
9F6
330
1F
100
AcDbEntity
  8
OUTLINE
  6
SDS2_5
 62
     1
100
AcDbLine
 10
6.921875
 20
29.205759766
 30
0.0
 11
7.0625
 21
29.205759766
 31
0.0
  0
LINE
  5
9F7
330
1F
100
AcDbEntity
  8
OUTLINE
  6
SDS2_5
 62
     1
100
AcDbLine
 10
6.921875
 20
30.096384766
 30
0.0
 11
7.0625
 21
30.096384766
 31
0.0
  0
LINE
  5
9F8
330
1F
100
AcDbEntity
  8
OUTLINE
  6
SDS2_5
 62
     1
100
AcDbLine
 10
6.921875
 20
30.096384766
 30
0.0
 11
7.0625
 21
30.096384766
 31
0.0
  0
LINE
  5
9F9
330
1F
100
AcDbEntity
  8
OUTLINE
  6
CONTINUOUS
 62
     1
100
AcDbLine
 10
6.921875
 20
30.276072266
 30
0.0
 11
7.0625
 21
30.276072266
 31
0.0
  0
LINE
  5
9FA
330
1F
100
AcDbEntity
  8
OUTLINE
  6
SDS2_5
 62
     1
100
AcDbLine
 10
6.921875
 20
30.276072266
 30
0.0
 11
7.0625
 21
30.276072266
 31
0.0
  0
LINE
  5
9FB
330
1F
100
AcDbEntity
  8
OUTLINE
  6
CONTINUOUS
 62
     1
100
AcDbLine
 10
6.9609375
 20
29.205759766
 30
0.0
 11
7.25
 21
29.205759766
 31
0.0
  0
LINE
  5
9FC
330
1F
100
AcDbEntity
  8
OUTLINE
  6
SDS2_5
 62
     1
100
AcDbLine
 10
6.9609375
 20
29.205759766
 30
0.0
 11
7.25
 21
29.205759766
 31
0.0
  0
LINE
  5
9FD
330
1F
100
AcDbEntity
  8
OUTLINE
  6
CONTINUOUS
 62
     1
100
AcDbLine
 10
6.9609375
 20
29.362009766
 30
0.0
 11
7.25
 21
29.362009766
 31
0.0
  0
LINE
  5
9FE
330
1F
100
AcDbEntity
  8
OUTLINE
  6
SDS2_5
 62
     1
100
AcDbLine
 10
6.9609375
 20
29.362009766
 30
0.0
 11
7.25
 21
29.362009766
 31
0.0
  0
LINE
  5
9FF
330
1F
100
AcDbEntity
  8
OUTLINE
  6
SDS2_5
 62
     1
100
AcDbLine
 10
7.0625
 20
28.276072266
 30
0.0
 11
7.25
 21
28.276072266
 31
0.0
  0
LINE
  5
A00
330
1F
100
AcDbEntity
  8
OUTLINE
  6
SDS2_5
 62
     1
100
AcDbLine
 10
7.0625
 20
28.276072266
 30
0.0
 11
7.25
 21
28.276072266
 31
0.0
  0
LINE
  5
A01
330
1F
100
AcDbEntity
  8
OUTLINE
  6
SDS2_5
 62
     1
100
AcDbLine
 10
7.0625
 20
29.205759766
 30
0.0
 11
7.25
 21
29.205759766
 31
0.0
  0
LINE
  5
A02
330
1F
100
AcDbEntity
  8
OUTLINE
  6
SDS2_5
 62
     1
100
AcDbLine
 10
7.0625
 20
29.205759766
 30
0.0
 11
7.25
 21
29.205759766
 31
0.0
  0
LINE
  5
A03
330
1F
100
AcDbEntity
  8
OUTLINE
  6
SDS2_5
 62
     1
100
AcDbLine
 10
7.0625
 20
30.096384766
 30
0.0
 11
7.25
 21
30.096384766
 31
0.0
  0
LINE
  5
A04
330
1F
100
AcDbEntity
  8
OUTLINE
  6
SDS2_5
 62
     1
100
AcDbLine
 10
7.0625
 20
30.096384766
 30
0.0
 11
7.25
 21
30.096384766
 31
0.0
  0
LINE
  5
A05
330
1F
100
AcDbEntity
  8
OUTLINE
  6
CONTINUOUS
 62
     1
100
AcDbLine
 10
7.0625
 20
30.276072266
 30
0.0
 11
7.25
 21
30.276072266
 31
0.0
  0
LINE
  5
A06
330
1F
100
AcDbEntity
  8
OUTLINE
  6
SDS2_5
 62
     1
100
AcDbLine
 10
7.0625
 20
30.276072266
 30
0.0
 11
7.25
 21
30.276072266
 31
0.0
  0
LINE
  5
A07
330
1F
100
AcDbEntity
  8
OUTLINE
  6
SDS2_5
 62
     1
100
AcDbLine
 10
7.25
 20
28.276072266
 30
0.0
 11
7.4375
 21
28.276072266
 31
0.0
  0
LINE
  5
A08
330
1F
100
AcDbEntity
  8
OUTLINE
  6
SDS2_5
 62
     1
100
AcDbLine
 10
7.25
 20
28.276072266
 30
0.0
 11
7.4375
 21
28.276072266
 31
0.0
  0
LINE
  5
A09
330
1F
100
AcDbEntity
  8
OUTLINE
  6
CONTINUOUS
 62
     1
100
AcDbLine
 10
7.25
 20
29.205759766
 30
0.0
 11
7.5390625
 21
29.205759766
 31
0.0
  0
LINE
  5
A0A
330
1F
100
AcDbEntity
  8
OUTLINE
  6
SDS2_5
 62
     1
100
AcDbLine
 10
7.25
 20
29.205759766
 30
0.0
 11
7.4375
 21
29.205759766
 31
0.0
  0
LINE
  5
A0B
330
1F
100
AcDbEntity
  8
OUTLINE
  6
SDS2_5
 62
     1
100
AcDbLine
 10
7.25
 20
29.205759766
 30
0.0
 11
7.4375
 21
29.205759766
 31
0.0
  0
LINE
  5
A0C
330
1F
100
AcDbEntity
  8
OUTLINE
  6
SDS2_5
 62
     1
100
AcDbLine
 10
7.25
 20
29.205759766
 30
0.0
 11
7.5390625
 21
29.205759766
 31
0.0
  0
LINE
  5
A0D
330
1F
100
AcDbEntity
  8
OUTLINE
  6
CONTINUOUS
 62
     1
100
AcDbLine
 10
7.25
 20
29.362009766
 30
0.0
 11
7.5390625
 21
29.362009766
 31
0.0
  0
LINE
  5
A0E
330
1F
100
AcDbEntity
  8
OUTLINE
  6
SDS2_5
 62
     1
100
AcDbLine
 10
7.25
 20
29.362009766
 30
0.0
 11
7.5390625
 21
29.362009766
 31
0.0
  0
LINE
  5
A0F
330
1F
100
AcDbEntity
  8
OUTLINE
  6
SDS2_5
 62
     1
100
AcDbLine
 10
7.25
 20
30.096384766
 30
0.0
 11
7.4375
 21
30.096384766
 31
0.0
  0
LINE
  5
A10
330
1F
100
AcDbEntity
  8
OUTLINE
  6
SDS2_5
 62
     1
100
AcDbLine
 10
7.25
 20
30.096384766
 30
0.0
 11
7.4375
 21
30.096384766
 31
0.0
  0
LINE
  5
A11
330
1F
100
AcDbEntity
  8
OUTLINE
  6
CONTINUOUS
 62
     1
100
AcDbLine
 10
7.25
 20
30.276072266
 30
0.0
 11
7.4375
 21
30.276072266
 31
0.0
  0
LINE
  5
A12
330
1F
100
AcDbEntity
  8
OUTLINE
  6
SDS2_5
 62
     1
100
AcDbLine
 10
7.25
 20
30.276072266
 30
0.0
 11
7.4375
 21
30.276072266
 31
0.0
  0
LINE
  5
A13
330
1F
100
AcDbEntity
  8
OUTLINE
  6
SDS2_5
 62
     1
100
AcDbLine
 10
7.4375
 20
28.276072266
 30
0.0
 11
7.578125
 21
28.276072266
 31
0.0
  0
LINE
  5
A14
330
1F
100
AcDbEntity
  8
OUTLINE
  6
SDS2_5
 62
     1
100
AcDbLine
 10
7.4375
 20
28.276072266
 30
0.0
 11
7.578125
 21
28.276072266
 31
0.0
  0
LINE
  5
A15
330
1F
100
AcDbEntity
  8
OUTLINE
  6
SDS2_5
 62
     1
100
AcDbLine
 10
7.4375
 20
29.205759766
 30
0.0
 11
7.578125
 21
29.205759766
 31
0.0
  0
LINE
  5
A16
330
1F
100
AcDbEntity
  8
OUTLINE
  6
SDS2_5
 62
     1
100
AcDbLine
 10
7.4375
 20
29.205759766
 30
0.0
 11
7.578125
 21
29.205759766
 31
0.0
  0
LINE
  5
A17
330
1F
100
AcDbEntity
  8
OUTLINE
  6
SDS2_5
 62
     1
100
AcDbLine
 10
7.4375
 20
30.096384766
 30
0.0
 11
7.578125
 21
30.096384766
 31
0.0
  0
LINE
  5
A18
330
1F
100
AcDbEntity
  8
OUTLINE
  6
SDS2_5
 62
     1
100
AcDbLine
 10
7.4375
 20
30.096384766
 30
0.0
 11
7.578125
 21
30.096384766
 31
0.0
  0
LINE
  5
A19
330
1F
100
AcDbEntity
  8
OUTLINE
  6
CONTINUOUS
 62
     1
100
AcDbLine
 10
7.4375
 20
30.276072266
 30
0.0
 11
7.578125
 21
30.276072266
 31
0.0
  0
LINE
  5
A1A
330
1F
100
AcDbEntity
  8
OUTLINE
  6
SDS2_5
 62
     1
100
AcDbLine
 10
7.4375
 20
30.276072266
 30
0.0
 11
7.578125
 21
30.276072266
 31
0.0
  0
LINE
  5
A1B
330
1F
100
AcDbEntity
  8
OUTLINE
  6
CONTINUOUS
 62
     1
100
AcDbLine
 10
7.5390625
 20
29.205759766
 30
0.0
 11
7.78125
 21
29.205759766
 31
0.0
  0
LINE
  5
A1C
330
1F
100
AcDbEntity
  8
OUTLINE
  6
SDS2_5
 62
     1
100
AcDbLine
 10
7.5390625
 20
29.205759766
 30
0.0
 11
7.78125
 21
29.205759766
 31
0.0
  0
LINE
  5
A1D
330
1F
100
AcDbEntity
  8
OUTLINE
  6
CONTINUOUS
 62
     1
100
AcDbLine
 10
7.5390625
 20
29.362009766
 30
0.0
 11
7.78125
 21
29.362009766
 31
0.0
  0
LINE
  5
A1E
330
1F
100
AcDbEntity
  8
OUTLINE
  6
SDS2_5
 62
     1
100
AcDbLine
 10
7.5390625
 20
29.362009766
 30
0.0
 11
7.78125
 21
29.362009766
 31
0.0
  0
LINE
  5
A1F
330
1F
100
AcDbEntity
  8
OUTLINE
  6
SDS2_5
 62
     1
100
AcDbLine
 10
7.578125
 20
28.276072266
 30
0.0
 11
7.625
 21
28.276072266
 31
0.0
  0
LINE
  5
A20
330
1F
100
AcDbEntity
  8
OUTLINE
  6
SDS2_5
 62
     1
100
AcDbLine
 10
7.578125
 20
28.276072266
 30
0.0
 11
7.625
 21
28.276072266
 31
0.0
  0
LINE
  5
A21
330
1F
100
AcDbEntity
  8
OUTLINE
  6
SDS2_5
 62
     1
100
AcDbLine
 10
7.578125
 20
29.205759766
 30
0.0
 11
7.625
 21
29.205759766
 31
0.0
  0
LINE
  5
A22
330
1F
100
AcDbEntity
  8
OUTLINE
  6
SDS2_5
 62
     1
100
AcDbLine
 10
7.578125
 20
29.205759766
 30
0.0
 11
7.625
 21
29.205759766
 31
0.0
  0
LINE
  5
A23
330
1F
100
AcDbEntity
  8
OUTLINE
  6
SDS2_5
 62
     1
100
AcDbLine
 10
7.578125
 20
30.096384766
 30
0.0
 11
7.625
 21
30.096384766
 31
0.0
  0
LINE
  5
A24
330
1F
100
AcDbEntity
  8
OUTLINE
  6
SDS2_5
 62
     1
100
AcDbLine
 10
7.578125
 20
30.096384766
 30
0.0
 11
7.625
 21
30.096384766
 31
0.0
  0
LINE
  5
A25
330
1F
100
AcDbEntity
  8
OUTLINE
  6
CONTINUOUS
 62
     1
100
AcDbLine
 10
7.578125
 20
30.276072266
 30
0.0
 11
7.625
 21
30.276072266
 31
0.0
  0
LINE
  5
A26
330
1F
100
AcDbEntity
  8
OUTLINE
  6
SDS2_5
 62
     1
100
AcDbLine
 10
7.578125
 20
30.276072266
 30
0.0
 11
7.625
 21
30.276072266
 31
0.0
  0
LINE
  5
A27
330
1F
100
AcDbEntity
  8
OUTLINE
  6
CONTINUOUS
 62
     1
100
AcDbLine
 10
7.609375
 20
27.807322266
 30
0.0
 11
7.609375
 21
28.276072266
 31
0.0
  0
LINE
  5
A28
330
1F
100
AcDbEntity
  8
OUTLINE
  6
CONTINUOUS
 62
     1
100
AcDbLine
 10
7.609375
 20
27.807322266
 30
0.0
 11
7.96875
 21
27.807322266
 31
0.0
  0
LINE
  5
A29
330
1F
100
AcDbEntity
  8
OUTLINE
  6
SDS2_5
 62
     1
100
AcDbLine
 10
7.609375
 20
27.807322266
 30
0.0
 11
7.609375
 21
28.276072266
 31
0.0
  0
LINE
  5
A2A
330
1F
100
AcDbEntity
  8
OUTLINE
  6
SDS2_5
 62
     1
100
AcDbLine
 10
7.609375
 20
27.807322266
 30
0.0
 11
7.609375
 21
28.276072266
 31
0.0
  0
LINE
  5
A2B
330
1F
100
AcDbEntity
  8
OUTLINE
  6
SDS2_5
 62
     1
100
AcDbLine
 10
7.609375
 20
27.807322266
 30
0.0
 11
7.609375
 21
28.276072266
 31
0.0
  0
LINE
  5
A2C
330
1F
100
AcDbEntity
  8
OUTLINE
  6
SDS2_5
 62
     1
100
AcDbLine
 10
7.609375
 20
27.807322266
 30
0.0
 11
7.96875
 21
27.807322266
 31
0.0
  0
LINE
  5
A2D
330
1F
100
AcDbEntity
  8
OUTLINE
  6
CONTINUOUS
 62
     1
100
AcDbLine
 10
7.609375
 20
28.276072266
 30
0.0
 11
7.96875
 21
28.276072266
 31
0.0
  0
LINE
  5
A2E
330
1F
100
AcDbEntity
  8
OUTLINE
  6
SDS2_5
 62
     1
100
AcDbLine
 10
7.609375
 20
28.276072266
 30
0.0
 11
7.96875
 21
28.276072266
 31
0.0
  0
LINE
  5
A2F
330
1F
100
AcDbEntity
  8
OUTLINE
  6
CONTINUOUS
 62
     1
100
AcDbLine
 10
7.609375
 20
29.362009766
 30
0.0
 11
7.609375
 21
30.096384766
 31
0.0
  0
LINE
  5
A30
330
1F
100
AcDbEntity
  8
OUTLINE
  6
SDS2_5
 62
     1
100
AcDbLine
 10
7.609375
 20
29.362009766
 30
0.0
 11
7.609375
 21
30.096384766
 31
0.0
  0
LINE
  5
A31
330
1F
100
AcDbEntity
  8
OUTLINE
  6
SDS2_5
 62
     1
100
AcDbLine
 10
7.609375
 20
29.362009766
 30
0.0
 11
7.609375
 21
30.096384766
 31
0.0
  0
LINE
  5
A32
330
1F
100
AcDbEntity
  8
OUTLINE
  6
SDS2_5
 62
     1
100
AcDbLine
 10
7.609375
 20
29.362009766
 30
0.0
 11
7.609375
 21
30.096384766
 31
0.0
  0
LINE
  5
A33
330
1F
100
AcDbEntity
  8
OUTLINE
  6
SDS2_5
 62
     1
100
AcDbLine
 10
7.609375
 20
29.362009766
 30
0.0
 11
7.96875
 21
29.362009766
 31
0.0
  0
LINE
  5
A34
330
1F
100
AcDbEntity
  8
OUTLINE
  6
SDS2_5
 62
     1
100
AcDbLine
 10
7.609375
 20
29.362009766
 30
0.0
 11
7.96875
 21
29.362009766
 31
0.0
  0
LINE
  5
A35
330
1F
100
AcDbEntity
  8
OUTLINE
  6
CONTINUOUS
 62
     1
100
AcDbLine
 10
7.609375
 20
30.096384766
 30
0.0
 11
7.96875
 21
30.096384766
 31
0.0
  0
LINE
  5
A36
330
1F
100
AcDbEntity
  8
OUTLINE
  6
SDS2_5
 62
     1
100
AcDbLine
 10
7.609375
 20
30.096384766
 30
0.0
 11
7.96875
 21
30.096384766
 31
0.0
  0
LINE
  5
A37
330
1F
100
AcDbEntity
  8
OUTLINE
  6
CONTINUOUS
 62
     1
100
AcDbLine
 10
7.625
 20
28.276072266
 30
0.0
 11
7.625
 21
28.276072266
 31
0.0
  0
LINE
  5
A38
330
1F
100
AcDbEntity
  8
OUTLINE
  6
SDS2_5
 62
     1
100
AcDbLine
 10
7.625
 20
28.276072266
 30
0.0
 11
7.625
 21
29.197947266
 31
0.0
  0
LINE
  5
A39
330
1F
100
AcDbEntity
  8
OUTLINE
  6
SDS2_5
 62
     1
100
AcDbLine
 10
7.625
 20
28.276072266
 30
0.0
 11
7.625
 21
29.205759766
 31
0.0
  0
LINE
  5
A3A
330
1F
100
AcDbEntity
  8
OUTLINE
  6
CONTINUOUS
 62
     1
100
AcDbLine
 10
7.625
 20
29.197947266
 30
0.0
 11
7.625
 21
29.205759766
 31
0.0
  0
LINE
  5
A3B
330
1F
100
AcDbEntity
  8
OUTLINE
  6
CONTINUOUS
 62
     1
100
AcDbLine
 10
7.625
 20
30.096384766
 30
0.0
 11
7.625
 21
30.276072266
 31
0.0
  0
LINE
  5
A3C
330
1F
100
AcDbEntity
  8
OUTLINE
  6
SDS2_5
 62
     1
100
AcDbLine
 10
7.625
 20
30.096384766
 30
0.0
 11
7.625
 21
30.276072266
 31
0.0
  0
LINE
  5
A3D
330
1F
100
AcDbEntity
  8
OUTLINE
  6
CONTINUOUS
 62
     1
100
AcDbLine
 10
7.78125
 20
29.205759766
 30
0.0
 11
7.9453125
 21
29.205759766
 31
0.0
  0
LINE
  5
A3E
330
1F
100
AcDbEntity
  8
OUTLINE
  6
SDS2_5
 62
     1
100
AcDbLine
 10
7.78125
 20
29.205759766
 30
0.0
 11
7.9453125
 21
29.205759766
 31
0.0
  0
LINE
  5
A3F
330
1F
100
AcDbEntity
  8
OUTLINE
  6
CONTINUOUS
 62
     1
100
AcDbLine
 10
7.78125
 20
29.362009766
 30
0.0
 11
7.9453125
 21
29.362009766
 31
0.0
  0
LINE
  5
A40
330
1F
100
AcDbEntity
  8
OUTLINE
  6
SDS2_5
 62
     1
100
AcDbLine
 10
7.78125
 20
29.362009766
 30
0.0
 11
7.9453125
 21
29.362009766
 31
0.0
  0
LINE
  5
A41
330
1F
100
AcDbEntity
  8
OUTLINE
  6
CONTINUOUS
 62
     1
100
AcDbLine
 10
7.9453125
 20
29.205759766
 30
0.0
 11
8.0
 21
29.205759766
 31
0.0
  0
LINE
  5
A42
330
1F
100
AcDbEntity
  8
OUTLINE
  6
SDS2_5
 62
     1
100
AcDbLine
 10
7.9453125
 20
29.205759766
 30
0.0
 11
8.0
 21
29.205759766
 31
0.0
  0
LINE
  5
A43
330
1F
100
AcDbEntity
  8
OUTLINE
  6
CONTINUOUS
 62
     1
100
AcDbLine
 10
7.9453125
 20
29.362009766
 30
0.0
 11
8.0
 21
29.362009766
 31
0.0
  0
LINE
  5
A44
330
1F
100
AcDbEntity
  8
OUTLINE
  6
SDS2_5
 62
     1
100
AcDbLine
 10
7.9453125
 20
29.362009766
 30
0.0
 11
8.0
 21
29.362009766
 31
0.0
  0
LINE
  5
A45
330
1F
100
AcDbEntity
  8
OUTLINE
  6
CONTINUOUS
 62
     1
100
AcDbLine
 10
7.96875
 20
27.807322266
 30
0.0
 11
7.96875
 21
28.276072266
 31
0.0
  0
LINE
  5
A46
330
1F
100
AcDbEntity
  8
OUTLINE
  6
SDS2_5
 62
     1
100
AcDbLine
 10
7.96875
 20
27.807322266
 30
0.0
 11
7.96875
 21
28.276072266
 31
0.0
  0
LINE
  5
A47
330
1F
100
AcDbEntity
  8
OUTLINE
  6
CONTINUOUS
 62
     1
100
AcDbLine
 10
7.96875
 20
29.362009766
 30
0.0
 11
7.96875
 21
30.096384766
 31
0.0
  0
LINE
  5
A48
330
1F
100
AcDbEntity
  8
OUTLINE
  6
SDS2_5
 62
     1
100
AcDbLine
 10
7.96875
 20
29.362009766
 30
0.0
 11
7.96875
 21
30.096384766
 31
0.0
  0
LINE
  5
A49
330
1F
100
AcDbEntity
  8
OUTLINE
  6
CONTINUOUS
 62
     1
100
AcDbLine
 10
8.0
 20
29.205759766
 30
0.0
 11
8.0
 21
29.362009766
 31
0.0
  0
LINE
  5
A4A
330
1F
100
AcDbEntity
  8
OUTLINE
  6
SDS2_5
 62
     1
100
AcDbLine
 10
8.0
 20
29.205759766
 30
0.0
 11
8.0
 21
29.362009766
 31
0.0
  0
LINE
  5
A4B
330
1F
100
AcDbEntity
  8
OUTLINE
  6
CONTINUOUS
 62
     1
100
AcDbLine
 10
46.6875
 20
29.205759766
 30
0.0
 11
46.6875
 21
29.362009766
 31
0.0
  0
LINE
  5
A4C
330
1F
100
AcDbEntity
  8
OUTLINE
  6
CONTINUOUS
 62
     1
100
AcDbLine
 10
46.6875
 20
29.205759766
 30
0.0
 11
46.7421875
 21
29.205759766
 31
0.0
  0
LINE
  5
A4D
330
1F
100
AcDbEntity
  8
OUTLINE
  6
SDS2_5
 62
     1
100
AcDbLine
 10
46.6875
 20
29.205759766
 30
0.0
 11
46.6875
 21
29.362009766
 31
0.0
  0
LINE
  5
A4E
330
1F
100
AcDbEntity
  8
OUTLINE
  6
SDS2_5
 62
     1
100
AcDbLine
 10
46.6875
 20
29.205759766
 30
0.0
 11
46.7421875
 21
29.205759766
 31
0.0
  0
LINE
  5
A4F
330
1F
100
AcDbEntity
  8
OUTLINE
  6
CONTINUOUS
 62
     1
100
AcDbLine
 10
46.6875
 20
29.362009766
 30
0.0
 11
46.7421875
 21
29.362009766
 31
0.0
  0
LINE
  5
A50
330
1F
100
AcDbEntity
  8
OUTLINE
  6
SDS2_5
 62
     1
100
AcDbLine
 10
46.6875
 20
29.362009766
 30
0.0
 11
46.7421875
 21
29.362009766
 31
0.0
  0
LINE
  5
A51
330
1F
100
AcDbEntity
  8
OUTLINE
  6
CONTINUOUS
 62
     1
100
AcDbLine
 10
46.71875
 20
27.807322266
 30
0.0
 11
46.71875
 21
28.276072266
 31
0.0
  0
LINE
  5
A52
330
1F
100
AcDbEntity
  8
OUTLINE
  6
CONTINUOUS
 62
     1
100
AcDbLine
 10
46.71875
 20
27.807322266
 30
0.0
 11
47.078125
 21
27.807322266
 31
0.0
  0
LINE
  5
A53
330
1F
100
AcDbEntity
  8
OUTLINE
  6
SDS2_5
 62
     1
100
AcDbLine
 10
46.71875
 20
27.807322266
 30
0.0
 11
46.71875
 21
28.276072266
 31
0.0
  0
LINE
  5
A54
330
1F
100
AcDbEntity
  8
OUTLINE
  6
SDS2_5
 62
     1
100
AcDbLine
 10
46.71875
 20
27.807322266
 30
0.0
 11
47.078125
 21
27.807322266
 31
0.0
  0
LINE
  5
A55
330
1F
100
AcDbEntity
  8
OUTLINE
  6
CONTINUOUS
 62
     1
100
AcDbLine
 10
46.71875
 20
28.276072266
 30
0.0
 11
47.078125
 21
28.276072266
 31
0.0
  0
LINE
  5
A56
330
1F
100
AcDbEntity
  8
OUTLINE
  6
SDS2_5
 62
     1
100
AcDbLine
 10
46.71875
 20
28.276072266
 30
0.0
 11
47.078125
 21
28.276072266
 31
0.0
  0
LINE
  5
A57
330
1F
100
AcDbEntity
  8
OUTLINE
  6
CONTINUOUS
 62
     1
100
AcDbLine
 10
46.71875
 20
29.362009766
 30
0.0
 11
46.71875
 21
30.096384766
 31
0.0
  0
LINE
  5
A58
330
1F
100
AcDbEntity
  8
OUTLINE
  6
SDS2_5
 62
     1
100
AcDbLine
 10
46.71875
 20
29.362009766
 30
0.0
 11
46.71875
 21
30.096384766
 31
0.0
  0
LINE
  5
A59
330
1F
100
AcDbEntity
  8
OUTLINE
  6
SDS2_5
 62
     1
100
AcDbLine
 10
46.71875
 20
29.362009766
 30
0.0
 11
47.078125
 21
29.362009766
 31
0.0
  0
LINE
  5
A5A
330
1F
100
AcDbEntity
  8
OUTLINE
  6
SDS2_5
 62
     1
100
AcDbLine
 10
46.71875
 20
29.362009766
 30
0.0
 11
47.078125
 21
29.362009766
 31
0.0
  0
LINE
  5
A5B
330
1F
100
AcDbEntity
  8
OUTLINE
  6
CONTINUOUS
 62
     1
100
AcDbLine
 10
46.71875
 20
30.096384766
 30
0.0
 11
47.078125
 21
30.096384766
 31
0.0
  0
LINE
  5
A5C
330
1F
100
AcDbEntity
  8
OUTLINE
  6
SDS2_5
 62
     1
100
AcDbLine
 10
46.71875
 20
30.096384766
 30
0.0
 11
47.078125
 21
30.096384766
 31
0.0
  0
LINE
  5
A5D
330
1F
100
AcDbEntity
  8
OUTLINE
  6
CONTINUOUS
 62
     1
100
AcDbLine
 10
46.7421875
 20
29.205759766
 30
0.0
 11
46.90625
 21
29.205759766
 31
0.0
  0
LINE
  5
A5E
330
1F
100
AcDbEntity
  8
OUTLINE
  6
SDS2_5
 62
     1
100
AcDbLine
 10
46.7421875
 20
29.205759766
 30
0.0
 11
46.90625
 21
29.205759766
 31
0.0
  0
LINE
  5
A5F
330
1F
100
AcDbEntity
  8
OUTLINE
  6
CONTINUOUS
 62
     1
100
AcDbLine
 10
46.7421875
 20
29.362009766
 30
0.0
 11
46.90625
 21
29.362009766
 31
0.0
  0
LINE
  5
A60
330
1F
100
AcDbEntity
  8
OUTLINE
  6
SDS2_5
 62
     1
100
AcDbLine
 10
46.7421875
 20
29.362009766
 30
0.0
 11
46.90625
 21
29.362009766
 31
0.0
  0
LINE
  5
A61
330
1F
100
AcDbEntity
  8
OUTLINE
  6
CONTINUOUS
 62
     1
100
AcDbLine
 10
46.90625
 20
29.205759766
 30
0.0
 11
47.1484375
 21
29.205759766
 31
0.0
  0
LINE
  5
A62
330
1F
100
AcDbEntity
  8
OUTLINE
  6
SDS2_5
 62
     1
100
AcDbLine
 10
46.90625
 20
29.205759766
 30
0.0
 11
47.1484375
 21
29.205759766
 31
0.0
  0
LINE
  5
A63
330
1F
100
AcDbEntity
  8
OUTLINE
  6
CONTINUOUS
 62
     1
100
AcDbLine
 10
46.90625
 20
29.362009766
 30
0.0
 11
47.1484375
 21
29.362009766
 31
0.0
  0
LINE
  5
A64
330
1F
100
AcDbEntity
  8
OUTLINE
  6
SDS2_5
 62
     1
100
AcDbLine
 10
46.90625
 20
29.362009766
 30
0.0
 11
47.1484375
 21
29.362009766
 31
0.0
  0
LINE
  5
A65
330
1F
100
AcDbEntity
  8
OUTLINE
  6
CONTINUOUS
 62
     1
100
AcDbLine
 10
47.0625
 20
28.276072266
 30
0.0
 11
47.0625
 21
28.276072266
 31
0.0
  0
LINE
  5
A66
330
1F
100
AcDbEntity
  8
OUTLINE
  6
SDS2_5
 62
     1
100
AcDbLine
 10
47.0625
 20
28.276072266
 30
0.0
 11
47.0625
 21
29.197947266
 31
0.0
  0
LINE
  5
A67
330
1F
100
AcDbEntity
  8
OUTLINE
  6
SDS2_5
 62
     1
100
AcDbLine
 10
47.0625
 20
28.276072266
 30
0.0
 11
47.0625
 21
29.205759766
 31
0.0
  0
LINE
  5
A68
330
1F
100
AcDbEntity
  8
OUTLINE
  6
SDS2_5
 62
     1
100
AcDbLine
 10
47.0625
 20
28.276072266
 30
0.0
 11
47.109375
 21
28.276072266
 31
0.0
  0
LINE
  5
A69
330
1F
100
AcDbEntity
  8
OUTLINE
  6
SDS2_5
 62
     1
100
AcDbLine
 10
47.0625
 20
28.276072266
 30
0.0
 11
47.109375
 21
28.276072266
 31
0.0
  0
LINE
  5
A6A
330
1F
100
AcDbEntity
  8
OUTLINE
  6
CONTINUOUS
 62
     1
100
AcDbLine
 10
47.0625
 20
29.197947266
 30
0.0
 11
47.0625
 21
29.205759766
 31
0.0
  0
LINE
  5
A6B
330
1F
100
AcDbEntity
  8
OUTLINE
  6
SDS2_5
 62
     1
100
AcDbLine
 10
47.0625
 20
29.205759766
 30
0.0
 11
47.109375
 21
29.205759766
 31
0.0
  0
LINE
  5
A6C
330
1F
100
AcDbEntity
  8
OUTLINE
  6
SDS2_5
 62
     1
100
AcDbLine
 10
47.0625
 20
29.205759766
 30
0.0
 11
47.109375
 21
29.205759766
 31
0.0
  0
LINE
  5
A6D
330
1F
100
AcDbEntity
  8
OUTLINE
  6
CONTINUOUS
 62
     1
100
AcDbLine
 10
47.0625
 20
30.096384766
 30
0.0
 11
47.0625
 21
30.276072266
 31
0.0
  0
LINE
  5
A6E
330
1F
100
AcDbEntity
  8
OUTLINE
  6
SDS2_5
 62
     1
100
AcDbLine
 10
47.0625
 20
30.096384766
 30
0.0
 11
47.0625
 21
30.276072266
 31
0.0
  0
LINE
  5
A6F
330
1F
100
AcDbEntity
  8
OUTLINE
  6
SDS2_5
 62
     1
100
AcDbLine
 10
47.0625
 20
30.096384766
 30
0.0
 11
47.109375
 21
30.096384766
 31
0.0
  0
LINE
  5
A70
330
1F
100
AcDbEntity
  8
OUTLINE
  6
SDS2_5
 62
     1
100
AcDbLine
 10
47.0625
 20
30.096384766
 30
0.0
 11
47.109375
 21
30.096384766
 31
0.0
  0
LINE
  5
A71
330
1F
100
AcDbEntity
  8
OUTLINE
  6
CONTINUOUS
 62
     1
100
AcDbLine
 10
47.0625
 20
30.276072266
 30
0.0
 11
47.109375
 21
30.276072266
 31
0.0
  0
LINE
  5
A72
330
1F
100
AcDbEntity
  8
OUTLINE
  6
SDS2_5
 62
     1
100
AcDbLine
 10
47.0625
 20
30.276072266
 30
0.0
 11
47.109375
 21
30.276072266
 31
0.0
  0
LINE
  5
A73
330
1F
100
AcDbEntity
  8
OUTLINE
  6
CONTINUOUS
 62
     1
100
AcDbLine
 10
47.078125
 20
27.807322266
 30
0.0
 11
47.078125
 21
28.276072266
 31
0.0
  0
LINE
  5
A74
330
1F
100
AcDbEntity
  8
OUTLINE
  6
CONTINUOUS
 62
     1
100
AcDbLine
 10
47.078125
 20
27.807322266
 30
0.0
 11
47.796875
 21
27.807322266
 31
0.0
  0
LINE
  5
A75
330
1F
100
AcDbEntity
  8
OUTLINE
  6
SDS2_5
 62
     1
100
AcDbLine
 10
47.078125
 20
27.807322266
 30
0.0
 11
47.078125
 21
28.276072266
 31
0.0
  0
LINE
  5
A76
330
1F
100
AcDbEntity
  8
OUTLINE
  6
SDS2_5
 62
     1
100
AcDbLine
 10
47.078125
 20
27.807322266
 30
0.0
 11
47.078125
 21
28.276072266
 31
0.0
  0
LINE
  5
A77
330
1F
100
AcDbEntity
  8
OUTLINE
  6
SDS2_5
 62
     1
100
AcDbLine
 10
47.078125
 20
27.807322266
 30
0.0
 11
47.078125
 21
28.276072266
 31
0.0
  0
LINE
  5
A78
330
1F
100
AcDbEntity
  8
OUTLINE
  6
SDS2_5
 62
     1
100
AcDbLine
 10
47.078125
 20
27.807322266
 30
0.0
 11
47.796875
 21
27.807322266
 31
0.0
  0
LINE
  5
A79
330
1F
100
AcDbEntity
  8
OUTLINE
  6
CONTINUOUS
 62
     1
100
AcDbLine
 10
47.078125
 20
28.276072266
 30
0.0
 11
47.796875
 21
28.276072266
 31
0.0
  0
LINE
  5
A7A
330
1F
100
AcDbEntity
  8
OUTLINE
  6
SDS2_5
 62
     1
100
AcDbLine
 10
47.078125
 20
28.276072266
 30
0.0
 11
47.796875
 21
28.276072266
 31
0.0
  0
LINE
  5
A7B
330
1F
100
AcDbEntity
  8
OUTLINE
  6
CONTINUOUS
 62
     1
100
AcDbLine
 10
47.078125
 20
29.362009766
 30
0.0
 11
47.078125
 21
30.096384766
 31
0.0
  0
LINE
  5
A7C
330
1F
100
AcDbEntity
  8
OUTLINE
  6
SDS2_5
 62
     1
100
AcDbLine
 10
47.078125
 20
29.362009766
 30
0.0
 11
47.078125
 21
30.096384766
 31
0.0
  0
LINE
  5
A7D
330
1F
100
AcDbEntity
  8
OUTLINE
  6
SDS2_5
 62
     1
100
AcDbLine
 10
47.078125
 20
29.362009766
 30
0.0
 11
47.078125
 21
30.096384766
 31
0.0
  0
LINE
  5
A7E
330
1F
100
AcDbEntity
  8
OUTLINE
  6
SDS2_5
 62
     1
100
AcDbLine
 10
47.078125
 20
29.362009766
 30
0.0
 11
47.078125
 21
30.096384766
 31
0.0
  0
LINE
  5
A7F
330
1F
100
AcDbEntity
  8
OUTLINE
  6
SDS2_5
 62
     1
100
AcDbLine
 10
47.078125
 20
29.362009766
 30
0.0
 11
47.796875
 21
29.362009766
 31
0.0
  0
LINE
  5
A80
330
1F
100
AcDbEntity
  8
OUTLINE
  6
SDS2_5
 62
     1
100
AcDbLine
 10
47.078125
 20
29.362009766
 30
0.0
 11
47.796875
 21
29.362009766
 31
0.0
  0
LINE
  5
A81
330
1F
100
AcDbEntity
  8
OUTLINE
  6
CONTINUOUS
 62
     1
100
AcDbLine
 10
47.078125
 20
30.096384766
 30
0.0
 11
47.796875
 21
30.096384766
 31
0.0
  0
LINE
  5
A82
330
1F
100
AcDbEntity
  8
OUTLINE
  6
SDS2_5
 62
     1
100
AcDbLine
 10
47.078125
 20
30.096384766
 30
0.0
 11
47.796875
 21
30.096384766
 31
0.0
  0
LINE
  5
A83
330
1F
100
AcDbEntity
  8
OUTLINE
  6
SDS2_5
 62
     1
100
AcDbLine
 10
47.109375
 20
28.276072266
 30
0.0
 11
47.25
 21
28.276072266
 31
0.0
  0
LINE
  5
A84
330
1F
100
AcDbEntity
  8
OUTLINE
  6
SDS2_5
 62
     1
100
AcDbLine
 10
47.109375
 20
28.276072266
 30
0.0
 11
47.25
 21
28.276072266
 31
0.0
  0
LINE
  5
A85
330
1F
100
AcDbEntity
  8
OUTLINE
  6
SDS2_5
 62
     1
100
AcDbLine
 10
47.109375
 20
29.205759766
 30
0.0
 11
47.25
 21
29.205759766
 31
0.0
  0
LINE
  5
A86
330
1F
100
AcDbEntity
  8
OUTLINE
  6
SDS2_5
 62
     1
100
AcDbLine
 10
47.109375
 20
29.205759766
 30
0.0
 11
47.25
 21
29.205759766
 31
0.0
  0
LINE
  5
A87
330
1F
100
AcDbEntity
  8
OUTLINE
  6
SDS2_5
 62
     1
100
AcDbLine
 10
47.109375
 20
30.096384766
 30
0.0
 11
47.25
 21
30.096384766
 31
0.0
  0
LINE
  5
A88
330
1F
100
AcDbEntity
  8
OUTLINE
  6
SDS2_5
 62
     1
100
AcDbLine
 10
47.109375
 20
30.096384766
 30
0.0
 11
47.25
 21
30.096384766
 31
0.0
  0
LINE
  5
A89
330
1F
100
AcDbEntity
  8
OUTLINE
  6
CONTINUOUS
 62
     1
100
AcDbLine
 10
47.109375
 20
30.276072266
 30
0.0
 11
47.25
 21
30.276072266
 31
0.0
  0
LINE
  5
A8A
330
1F
100
AcDbEntity
  8
OUTLINE
  6
SDS2_5
 62
     1
100
AcDbLine
 10
47.109375
 20
30.276072266
 30
0.0
 11
47.25
 21
30.276072266
 31
0.0
  0
LINE
  5
A8B
330
1F
100
AcDbEntity
  8
OUTLINE
  6
CONTINUOUS
 62
     1
100
AcDbLine
 10
47.1484375
 20
29.205759766
 30
0.0
 11
47.4375
 21
29.205759766
 31
0.0
  0
LINE
  5
A8C
330
1F
100
AcDbEntity
  8
OUTLINE
  6
SDS2_5
 62
     1
100
AcDbLine
 10
47.1484375
 20
29.205759766
 30
0.0
 11
47.4375
 21
29.205759766
 31
0.0
  0
LINE
  5
A8D
330
1F
100
AcDbEntity
  8
OUTLINE
  6
CONTINUOUS
 62
     1
100
AcDbLine
 10
47.1484375
 20
29.362009766
 30
0.0
 11
47.4375
 21
29.362009766
 31
0.0
  0
LINE
  5
A8E
330
1F
100
AcDbEntity
  8
OUTLINE
  6
SDS2_5
 62
     1
100
AcDbLine
 10
47.1484375
 20
29.362009766
 30
0.0
 11
47.4375
 21
29.362009766
 31
0.0
  0
LINE
  5
A8F
330
1F
100
AcDbEntity
  8
OUTLINE
  6
SDS2_5
 62
     1
100
AcDbLine
 10
47.25
 20
28.276072266
 30
0.0
 11
47.4375
 21
28.276072266
 31
0.0
  0
LINE
  5
A90
330
1F
100
AcDbEntity
  8
OUTLINE
  6
SDS2_5
 62
     1
100
AcDbLine
 10
47.25
 20
28.276072266
 30
0.0
 11
47.4375
 21
28.276072266
 31
0.0
  0
LINE
  5
A91
330
1F
100
AcDbEntity
  8
OUTLINE
  6
SDS2_5
 62
     1
100
AcDbLine
 10
47.25
 20
29.205759766
 30
0.0
 11
47.4375
 21
29.205759766
 31
0.0
  0
LINE
  5
A92
330
1F
100
AcDbEntity
  8
OUTLINE
  6
SDS2_5
 62
     1
100
AcDbLine
 10
47.25
 20
29.205759766
 30
0.0
 11
47.4375
 21
29.205759766
 31
0.0
  0
LINE
  5
A93
330
1F
100
AcDbEntity
  8
OUTLINE
  6
SDS2_5
 62
     1
100
AcDbLine
 10
47.25
 20
30.096384766
 30
0.0
 11
47.4375
 21
30.096384766
 31
0.0
  0
LINE
  5
A94
330
1F
100
AcDbEntity
  8
OUTLINE
  6
SDS2_5
 62
     1
100
AcDbLine
 10
47.25
 20
30.096384766
 30
0.0
 11
47.4375
 21
30.096384766
 31
0.0
  0
LINE
  5
A95
330
1F
100
AcDbEntity
  8
OUTLINE
  6
CONTINUOUS
 62
     1
100
AcDbLine
 10
47.25
 20
30.276072266
 30
0.0
 11
47.4375
 21
30.276072266
 31
0.0
  0
LINE
  5
A96
330
1F
100
AcDbEntity
  8
OUTLINE
  6
SDS2_5
 62
     1
100
AcDbLine
 10
47.25
 20
30.276072266
 30
0.0
 11
47.4375
 21
30.276072266
 31
0.0
  0
LINE
  5
A97
330
1F
100
AcDbEntity
  8
OUTLINE
  6
SDS2_5
 62
     1
100
AcDbLine
 10
47.4375
 20
28.276072266
 30
0.0
 11
47.625
 21
28.276072266
 31
0.0
  0
LINE
  5
A98
330
1F
100
AcDbEntity
  8
OUTLINE
  6
SDS2_5
 62
     1
100
AcDbLine
 10
47.4375
 20
28.276072266
 30
0.0
 11
47.625
 21
28.276072266
 31
0.0
  0
LINE
  5
A99
330
1F
100
AcDbEntity
  8
OUTLINE
  6
CONTINUOUS
 62
     1
100
AcDbLine
 10
47.4375
 20
29.205759766
 30
0.0
 11
47.7265625
 21
29.205759766
 31
0.0
  0
LINE
  5
A9A
330
1F
100
AcDbEntity
  8
OUTLINE
  6
SDS2_5
 62
     1
100
AcDbLine
 10
47.4375
 20
29.205759766
 30
0.0
 11
47.625
 21
29.205759766
 31
0.0
  0
LINE
  5
A9B
330
1F
100
AcDbEntity
  8
OUTLINE
  6
SDS2_5
 62
     1
100
AcDbLine
 10
47.4375
 20
29.205759766
 30
0.0
 11
47.625
 21
29.205759766
 31
0.0
  0
LINE
  5
A9C
330
1F
100
AcDbEntity
  8
OUTLINE
  6
SDS2_5
 62
     1
100
AcDbLine
 10
47.4375
 20
29.205759766
 30
0.0
 11
47.7265625
 21
29.205759766
 31
0.0
  0
LINE
  5
A9D
330
1F
100
AcDbEntity
  8
OUTLINE
  6
CONTINUOUS
 62
     1
100
AcDbLine
 10
47.4375
 20
29.362009766
 30
0.0
 11
47.7265625
 21
29.362009766
 31
0.0
  0
LINE
  5
A9E
330
1F
100
AcDbEntity
  8
OUTLINE
  6
SDS2_5
 62
     1
100
AcDbLine
 10
47.4375
 20
29.362009766
 30
0.0
 11
47.7265625
 21
29.362009766
 31
0.0
  0
LINE
  5
A9F
330
1F
100
AcDbEntity
  8
OUTLINE
  6
SDS2_5
 62
     1
100
AcDbLine
 10
47.4375
 20
30.096384766
 30
0.0
 11
47.625
 21
30.096384766
 31
0.0
  0
LINE
  5
AA0
330
1F
100
AcDbEntity
  8
OUTLINE
  6
SDS2_5
 62
     1
100
AcDbLine
 10
47.4375
 20
30.096384766
 30
0.0
 11
47.625
 21
30.096384766
 31
0.0
  0
LINE
  5
AA1
330
1F
100
AcDbEntity
  8
OUTLINE
  6
CONTINUOUS
 62
     1
100
AcDbLine
 10
47.4375
 20
30.276072266
 30
0.0
 11
47.625
 21
30.276072266
 31
0.0
  0
LINE
  5
AA2
330
1F
100
AcDbEntity
  8
OUTLINE
  6
SDS2_5
 62
     1
100
AcDbLine
 10
47.4375
 20
30.276072266
 30
0.0
 11
47.625
 21
30.276072266
 31
0.0
  0
LINE
  5
AA3
330
1F
100
AcDbEntity
  8
OUTLINE
  6
SDS2_5
 62
     1
100
AcDbLine
 10
47.625
 20
28.276072266
 30
0.0
 11
47.765625
 21
28.276072266
 31
0.0
  0
LINE
  5
AA4
330
1F
100
AcDbEntity
  8
OUTLINE
  6
SDS2_5
 62
     1
100
AcDbLine
 10
47.625
 20
28.276072266
 30
0.0
 11
47.765625
 21
28.276072266
 31
0.0
  0
LINE
  5
AA5
330
1F
100
AcDbEntity
  8
OUTLINE
  6
SDS2_5
 62
     1
100
AcDbLine
 10
47.625
 20
29.205759766
 30
0.0
 11
47.765625
 21
29.205759766
 31
0.0
  0
LINE
  5
AA6
330
1F
100
AcDbEntity
  8
OUTLINE
  6
SDS2_5
 62
     1
100
AcDbLine
 10
47.625
 20
29.205759766
 30
0.0
 11
47.765625
 21
29.205759766
 31
0.0
  0
LINE
  5
AA7
330
1F
100
AcDbEntity
  8
OUTLINE
  6
SDS2_5
 62
     1
100
AcDbLine
 10
47.625
 20
30.096384766
 30
0.0
 11
47.765625
 21
30.096384766
 31
0.0
  0
LINE
  5
AA8
330
1F
100
AcDbEntity
  8
OUTLINE
  6
SDS2_5
 62
     1
100
AcDbLine
 10
47.625
 20
30.096384766
 30
0.0
 11
47.765625
 21
30.096384766
 31
0.0
  0
LINE
  5
AA9
330
1F
100
AcDbEntity
  8
OUTLINE
  6
CONTINUOUS
 62
     1
100
AcDbLine
 10
47.625
 20
30.276072266
 30
0.0
 11
47.765625
 21
30.276072266
 31
0.0
  0
LINE
  5
AAA
330
1F
100
AcDbEntity
  8
OUTLINE
  6
SDS2_5
 62
     1
100
AcDbLine
 10
47.625
 20
30.276072266
 30
0.0
 11
47.765625
 21
30.276072266
 31
0.0
  0
LINE
  5
AAB
330
1F
100
AcDbEntity
  8
OUTLINE
  6
CONTINUOUS
 62
     1
100
AcDbLine
 10
47.7265625
 20
29.205759766
 30
0.0
 11
47.96875
 21
29.205759766
 31
0.0
  0
LINE
  5
AAC
330
1F
100
AcDbEntity
  8
OUTLINE
  6
SDS2_5
 62
     1
100
AcDbLine
 10
47.7265625
 20
29.205759766
 30
0.0
 11
47.96875
 21
29.205759766
 31
0.0
  0
LINE
  5
AAD
330
1F
100
AcDbEntity
  8
OUTLINE
  6
CONTINUOUS
 62
     1
100
AcDbLine
 10
47.7265625
 20
29.362009766
 30
0.0
 11
47.96875
 21
29.362009766
 31
0.0
  0
LINE
  5
AAE
330
1F
100
AcDbEntity
  8
OUTLINE
  6
SDS2_5
 62
     1
100
AcDbLine
 10
47.7265625
 20
29.362009766
 30
0.0
 11
47.96875
 21
29.362009766
 31
0.0
  0
LINE
  5
AAF
330
1F
100
AcDbEntity
  8
OUTLINE
  6
SDS2_5
 62
     1
100
AcDbLine
 10
47.765625
 20
28.276072266
 30
0.0
 11
47.8125
 21
28.276072266
 31
0.0
  0
LINE
  5
AB0
330
1F
100
AcDbEntity
  8
OUTLINE
  6
SDS2_5
 62
     1
100
AcDbLine
 10
47.765625
 20
28.276072266
 30
0.0
 11
47.8125
 21
28.276072266
 31
0.0
  0
LINE
  5
AB1
330
1F
100
AcDbEntity
  8
OUTLINE
  6
SDS2_5
 62
     1
100
AcDbLine
 10
47.765625
 20
29.205759766
 30
0.0
 11
47.8125
 21
29.205759766
 31
0.0
  0
LINE
  5
AB2
330
1F
100
AcDbEntity
  8
OUTLINE
  6
SDS2_5
 62
     1
100
AcDbLine
 10
47.765625
 20
29.205759766
 30
0.0
 11
47.8125
 21
29.205759766
 31
0.0
  0
LINE
  5
AB3
330
1F
100
AcDbEntity
  8
OUTLINE
  6
SDS2_5
 62
     1
100
AcDbLine
 10
47.765625
 20
30.096384766
 30
0.0
 11
47.8125
 21
30.096384766
 31
0.0
  0
LINE
  5
AB4
330
1F
100
AcDbEntity
  8
OUTLINE
  6
SDS2_5
 62
     1
100
AcDbLine
 10
47.765625
 20
30.096384766
 30
0.0
 11
47.8125
 21
30.096384766
 31
0.0
  0
LINE
  5
AB5
330
1F
100
AcDbEntity
  8
OUTLINE
  6
CONTINUOUS
 62
     1
100
AcDbLine
 10
47.765625
 20
30.276072266
 30
0.0
 11
47.8125
 21
30.276072266
 31
0.0
  0
LINE
  5
AB6
330
1F
100
AcDbEntity
  8
OUTLINE
  6
SDS2_5
 62
     1
100
AcDbLine
 10
47.765625
 20
30.276072266
 30
0.0
 11
47.8125
 21
30.276072266
 31
0.0
  0
LINE
  5
AB7
330
1F
100
AcDbEntity
  8
OUTLINE
  6
CONTINUOUS
 62
     1
100
AcDbLine
 10
47.796875
 20
27.807322266
 30
0.0
 11
47.796875
 21
28.276072266
 31
0.0
  0
LINE
  5
AB8
330
1F
100
AcDbEntity
  8
OUTLINE
  6
CONTINUOUS
 62
     1
100
AcDbLine
 10
47.796875
 20
27.807322266
 30
0.0
 11
48.15625
 21
27.807322266
 31
0.0
  0
LINE
  5
AB9
330
1F
100
AcDbEntity
  8
OUTLINE
  6
SDS2_5
 62
     1
100
AcDbLine
 10
47.796875
 20
27.807322266
 30
0.0
 11
47.796875
 21
28.276072266
 31
0.0
  0
LINE
  5
ABA
330
1F
100
AcDbEntity
  8
OUTLINE
  6
SDS2_5
 62
     1
100
AcDbLine
 10
47.796875
 20
27.807322266
 30
0.0
 11
47.796875
 21
28.276072266
 31
0.0
  0
LINE
  5
ABB
330
1F
100
AcDbEntity
  8
OUTLINE
  6
SDS2_5
 62
     1
100
AcDbLine
 10
47.796875
 20
27.807322266
 30
0.0
 11
47.796875
 21
28.276072266
 31
0.0
  0
LINE
  5
ABC
330
1F
100
AcDbEntity
  8
OUTLINE
  6
SDS2_5
 62
     1
100
AcDbLine
 10
47.796875
 20
27.807322266
 30
0.0
 11
48.15625
 21
27.807322266
 31
0.0
  0
LINE
  5
ABD
330
1F
100
AcDbEntity
  8
OUTLINE
  6
CONTINUOUS
 62
     1
100
AcDbLine
 10
47.796875
 20
28.276072266
 30
0.0
 11
48.15625
 21
28.276072266
 31
0.0
  0
LINE
  5
ABE
330
1F
100
AcDbEntity
  8
OUTLINE
  6
SDS2_5
 62
     1
100
AcDbLine
 10
47.796875
 20
28.276072266
 30
0.0
 11
48.15625
 21
28.276072266
 31
0.0
  0
LINE
  5
ABF
330
1F
100
AcDbEntity
  8
OUTLINE
  6
CONTINUOUS
 62
     1
100
AcDbLine
 10
47.796875
 20
29.362009766
 30
0.0
 11
47.796875
 21
30.096384766
 31
0.0
  0
LINE
  5
AC0
330
1F
100
AcDbEntity
  8
OUTLINE
  6
SDS2_5
 62
     1
100
AcDbLine
 10
47.796875
 20
29.362009766
 30
0.0
 11
47.796875
 21
30.096384766
 31
0.0
  0
LINE
  5
AC1
330
1F
100
AcDbEntity
  8
OUTLINE
  6
SDS2_5
 62
     1
100
AcDbLine
 10
47.796875
 20
29.362009766
 30
0.0
 11
47.796875
 21
30.096384766
 31
0.0
  0
LINE
  5
AC2
330
1F
100
AcDbEntity
  8
OUTLINE
  6
SDS2_5
 62
     1
100
AcDbLine
 10
47.796875
 20
29.362009766
 30
0.0
 11
47.796875
 21
30.096384766
 31
0.0
  0
LINE
  5
AC3
330
1F
100
AcDbEntity
  8
OUTLINE
  6
SDS2_5
 62
     1
100
AcDbLine
 10
47.796875
 20
29.362009766
 30
0.0
 11
48.15625
 21
29.362009766
 31
0.0
  0
LINE
  5
AC4
330
1F
100
AcDbEntity
  8
OUTLINE
  6
SDS2_5
 62
     1
100
AcDbLine
 10
47.796875
 20
29.362009766
 30
0.0
 11
48.15625
 21
29.362009766
 31
0.0
  0
LINE
  5
AC5
330
1F
100
AcDbEntity
  8
OUTLINE
  6
CONTINUOUS
 62
     1
100
AcDbLine
 10
47.796875
 20
30.096384766
 30
0.0
 11
48.15625
 21
30.096384766
 31
0.0
  0
LINE
  5
AC6
330
1F
100
AcDbEntity
  8
OUTLINE
  6
SDS2_5
 62
     1
100
AcDbLine
 10
47.796875
 20
30.096384766
 30
0.0
 11
48.15625
 21
30.096384766
 31
0.0
  0
LINE
  5
AC7
330
1F
100
AcDbEntity
  8
OUTLINE
  6
CONTINUOUS
 62
     1
100
AcDbLine
 10
47.8125
 20
28.276072266
 30
0.0
 11
47.8125
 21
28.276072266
 31
0.0
  0
LINE
  5
AC8
330
1F
100
AcDbEntity
  8
OUTLINE
  6
SDS2_5
 62
     1
100
AcDbLine
 10
47.8125
 20
28.276072266
 30
0.0
 11
47.8125
 21
29.197947266
 31
0.0
  0
LINE
  5
AC9
330
1F
100
AcDbEntity
  8
OUTLINE
  6
SDS2_5
 62
     1
100
AcDbLine
 10
47.8125
 20
28.276072266
 30
0.0
 11
47.8125
 21
29.205759766
 31
0.0
  0
LINE
  5
ACA
330
1F
100
AcDbEntity
  8
OUTLINE
  6
CONTINUOUS
 62
     1
100
AcDbLine
 10
47.8125
 20
29.197947266
 30
0.0
 11
47.8125
 21
29.205759766
 31
0.0
  0
LINE
  5
ACB
330
1F
100
AcDbEntity
  8
OUTLINE
  6
CONTINUOUS
 62
     1
100
AcDbLine
 10
47.8125
 20
30.096384766
 30
0.0
 11
47.8125
 21
30.276072266
 31
0.0
  0
LINE
  5
ACC
330
1F
100
AcDbEntity
  8
OUTLINE
  6
SDS2_5
 62
     1
100
AcDbLine
 10
47.8125
 20
30.096384766
 30
0.0
 11
47.8125
 21
30.276072266
 31
0.0
  0
LINE
  5
ACD
330
1F
100
AcDbEntity
  8
OUTLINE
  6
CONTINUOUS
 62
     1
100
AcDbLine
 10
47.96875
 20
29.205759766
 30
0.0
 11
48.1328125
 21
29.205759766
 31
0.0
  0
LINE
  5
ACE
330
1F
100
AcDbEntity
  8
OUTLINE
  6
SDS2_5
 62
     1
100
AcDbLine
 10
47.96875
 20
29.205759766
 30
0.0
 11
48.1328125
 21
29.205759766
 31
0.0
  0
LINE
  5
ACF
330
1F
100
AcDbEntity
  8
OUTLINE
  6
CONTINUOUS
 62
     1
100
AcDbLine
 10
47.96875
 20
29.362009766
 30
0.0
 11
48.1328125
 21
29.362009766
 31
0.0
  0
LINE
  5
AD0
330
1F
100
AcDbEntity
  8
OUTLINE
  6
SDS2_5
 62
     1
100
AcDbLine
 10
47.96875
 20
29.362009766
 30
0.0
 11
48.1328125
 21
29.362009766
 31
0.0
  0
LINE
  5
AD1
330
1F
100
AcDbEntity
  8
OUTLINE
  6
CONTINUOUS
 62
     1
100
AcDbLine
 10
48.1328125
 20
29.205759766
 30
0.0
 11
48.1875
 21
29.205759766
 31
0.0
  0
LINE
  5
AD2
330
1F
100
AcDbEntity
  8
OUTLINE
  6
SDS2_5
 62
     1
100
AcDbLine
 10
48.1328125
 20
29.205759766
 30
0.0
 11
48.1875
 21
29.205759766
 31
0.0
  0
LINE
  5
AD3
330
1F
100
AcDbEntity
  8
OUTLINE
  6
CONTINUOUS
 62
     1
100
AcDbLine
 10
48.1328125
 20
29.362009766
 30
0.0
 11
48.1875
 21
29.362009766
 31
0.0
  0
LINE
  5
AD4
330
1F
100
AcDbEntity
  8
OUTLINE
  6
SDS2_5
 62
     1
100
AcDbLine
 10
48.1328125
 20
29.362009766
 30
0.0
 11
48.1875
 21
29.362009766
 31
0.0
  0
LINE
  5
AD5
330
1F
100
AcDbEntity
  8
OUTLINE
  6
CONTINUOUS
 62
     1
100
AcDbLine
 10
48.15625
 20
27.807322266
 30
0.0
 11
48.15625
 21
28.276072266
 31
0.0
  0
LINE
  5
AD6
330
1F
100
AcDbEntity
  8
OUTLINE
  6
SDS2_5
 62
     1
100
AcDbLine
 10
48.15625
 20
27.807322266
 30
0.0
 11
48.15625
 21
28.276072266
 31
0.0
  0
LINE
  5
AD7
330
1F
100
AcDbEntity
  8
OUTLINE
  6
CONTINUOUS
 62
     1
100
AcDbLine
 10
48.15625
 20
29.362009766
 30
0.0
 11
48.15625
 21
30.096384766
 31
0.0
  0
LINE
  5
AD8
330
1F
100
AcDbEntity
  8
OUTLINE
  6
SDS2_5
 62
     1
100
AcDbLine
 10
48.15625
 20
29.362009766
 30
0.0
 11
48.15625
 21
30.096384766
 31
0.0
  0
LINE
  5
AD9
330
1F
100
AcDbEntity
  8
OUTLINE
  6
CONTINUOUS
 62
     1
100
AcDbLine
 10
48.1875
 20
29.205759766
 30
0.0
 11
48.1875
 21
29.362009766
 31
0.0
  0
LINE
  5
ADA
330
1F
100
AcDbEntity
  8
OUTLINE
  6
SDS2_5
 62
     1
100
AcDbLine
 10
48.1875
 20
29.205759766
 30
0.0
 11
48.1875
 21
29.362009766
 31
0.0
  0
MTEXT
  5
ADC
330
1F
100
AcDbEntity
  8
SYSTEM_ANNOTATION
  6
CONTINUOUS
 62
     1
100
AcDbMText
 10
43.193163387
 20
-4.20533091
 30
0.0
 40
1.238613333
 41
0.0
 71
     7
 72
     1
  1
\A1;7{\H0.70x;\S1#8;}
  7
ARIAL
  0
LINE
  5
ADD
330
1F
100
AcDbEntity
  8
SYSTEM_ANNOTATION
  6
CONTINUOUS
 62
     1
100
AcDbLine
 10
49.1875
 20
-10.0
 30
0.0
 11
49.1875
 21
-4.395886808
 31
0.0
  0
LINE
  5
ADE
330
1F
100
AcDbEntity
  8
SYSTEM_ANNOTATION
  6
CONTINUOUS
 62
     1
100
AcDbLine
 10
49.1875
 20
-4.395886808
 30
0.0
 11
49.423720472
 21
-4.159666335
 31
0.0
  0
LINE
  5
ADF
330
1F
100
AcDbEntity
  8
SYSTEM_ANNOTATION
  6
CONTINUOUS
 62
     1
100
AcDbLine
 10
49.423720472
 20
-4.159666335
 30
0.0
 11
48.951279528
 21
-4.63210728
 31
0.0
  0
LINE
  5
AE0
330
1F
100
AcDbEntity
  8
SYSTEM_ANNOTATION
  6
CONTINUOUS
 62
     1
100
AcDbLine
 10
48.951279528
 20
-4.63210728
 30
0.0
 11
49.1875
 21
-4.395886808
 31
0.0
  0
LINE
  5
AE1
330
1F
100
AcDbEntity
  8
SYSTEM_ANNOTATION
  6
CONTINUOUS
 62
     1
100
AcDbLine
 10
49.1875
 20
-4.395886808
 30
0.0
 11
42.0625
 21
-4.395886808
 31
0.0
  0
LINE
  5
AE2
330
1F
100
AcDbEntity
  8
SYSTEM_ANNOTATION
  6
CONTINUOUS
 62
     1
100
AcDbLine
 10
42.0625
 20
-4.395886808
 30
0.0
 11
42.298720472
 21
-4.159666335
 31
0.0
  0
LINE
  5
AE3
330
1F
100
AcDbEntity
  8
SYSTEM_ANNOTATION
  6
CONTINUOUS
 62
     1
100
AcDbLine
 10
42.298720472
 20
-4.159666335
 30
0.0
 11
41.826279528
 21
-4.63210728
 31
0.0
  0
LINE
  5
AE4
330
1F
100
AcDbEntity
  8
SYSTEM_ANNOTATION
  6
CONTINUOUS
 62
     1
100
AcDbLine
 10
41.826279528
 20
-4.63210728
 30
0.0
 11
42.0625
 21
-4.395886808
 31
0.0
  0
LINE
  5
AE5
330
1F
100
AcDbEntity
  8
SYSTEM_ANNOTATION
  6
CONTINUOUS
 62
     1
100
AcDbLine
 10
42.0625
 20
-8.75
 30
0.0
 11
42.0625
 21
-4.395886808
 31
0.0
  0
MTEXT
  5
AE6
330
1F
100
AcDbEntity
  8
SYSTEM_ANNOTATION
  6
CONTINUOUS
 62
     1
100
AcDbMText
 10
52.837096401
 20
-7.779910935
 30
0.0
 40
1.238613333
 41
0.0
 71
     7
 72
     1
  1
\A1;1{\H0.70x;\S1#4;}
  7
ARIAL
 11
6.123031769111886E-17
 21
1.0
 31
0.0
  0
LINE
  5
AE7
330
1F
100
AcDbEntity
  8
SYSTEM_ANNOTATION
  6
CONTINUOUS
 62
     1
100
AcDbLine
 10
42.3125
 20
-9.0
 30
0.0
 11
53.027652298
 21
-9.0
 31
0.0
  0
LINE
  5
AE8
330
1F
100
AcDbEntity
  8
SYSTEM_ANNOTATION
  6
CONTINUOUS
 62
     1
100
AcDbLine
 10
53.027652298
 20
-9.0
 30
0.0
 11
53.027652298
 21
-5.089381807
 31
0.0
  0
LINE
  5
AE9
330
1F
100
AcDbEntity
  8
SYSTEM_ANNOTATION
  6
CONTINUOUS
 62
     1
100
AcDbLine
 10
53.027652298
 20
-9.0
 30
0.0
 11
52.791431826
 21
-8.763779528
 31
0.0
  0
LINE
  5
AEA
330
1F
100
AcDbEntity
  8
SYSTEM_ANNOTATION
  6
CONTINUOUS
 62
     1
100
AcDbLine
 10
52.791431826
 20
-8.763779528
 30
0.0
 11
53.26387277
 21
-9.236220472
 31
0.0
  0
LINE
  5
AEB
330
1F
100
AcDbEntity
  8
SYSTEM_ANNOTATION
  6
CONTINUOUS
 62
     1
100
AcDbLine
 10
53.26387277
 20
-9.236220472
 30
0.0
 11
53.027652298
 21
-9.0
 31
0.0
  0
LINE
  5
AEC
330
1F
100
AcDbEntity
  8
SYSTEM_ANNOTATION
  6
CONTINUOUS
 62
     1
100
AcDbLine
 10
53.027652298
 20
-9.0
 30
0.0
 11
53.027652298
 21
-10.25
 31
0.0
  0
LINE
  5
AED
330
1F
100
AcDbEntity
  8
SYSTEM_ANNOTATION
  6
CONTINUOUS
 62
     1
100
AcDbLine
 10
53.027652298
 20
-10.25
 30
0.0
 11
53.027652298
 21
-10.25
 31
0.0
  0
LINE
  5
AEE
330
1F
100
AcDbEntity
  8
SYSTEM_ANNOTATION
  6
CONTINUOUS
 62
     1
100
AcDbLine
 10
53.027652298
 20
-10.25
 30
0.0
 11
52.791431826
 21
-10.013779528
 31
0.0
  0
LINE
  5
AEF
330
1F
100
AcDbEntity
  8
SYSTEM_ANNOTATION
  6
CONTINUOUS
 62
     1
100
AcDbLine
 10
52.791431826
 20
-10.013779528
 30
0.0
 11
53.26387277
 21
-10.486220472
 31
0.0
  0
LINE
  5
AF0
330
1F
100
AcDbEntity
  8
SYSTEM_ANNOTATION
  6
CONTINUOUS
 62
     1
100
AcDbLine
 10
53.26387277
 20
-10.486220472
 30
0.0
 11
53.027652298
 21
-10.25
 31
0.0
  0
LINE
  5
AF1
330
1F
100
AcDbEntity
  8
SYSTEM_ANNOTATION
  6
CONTINUOUS
 62
     1
100
AcDbLine
 10
49.4375
 20
-10.25
 30
0.0
 11
53.027652298
 21
-10.25
 31
0.0
  0
MTEXT
  5
AF2
330
1F
100
AcDbEntity
  8
SYSTEM_ANNOTATION
  6
CONTINUOUS
 62
     1
100
AcDbMText
 10
1.809470872
 20
13.752125152
 30
0.0
 40
1.238613333
 41
0.0
 71
     7
 72
     1
  1
\A1;2{\H0.70x;\S1#4;}
  7
ARIAL
  0
LINE
  5
AF3
330
1F
100
AcDbEntity
  8
SYSTEM_ANNOTATION
  6
CONTINUOUS
 62
     1
100
AcDbLine
 10
5.0
 20
-9.0
 30
0.0
 11
5.0
 21
13.561569255
 31
0.0
  0
LINE
  5
AF4
330
1F
100
AcDbEntity
  8
SYSTEM_ANNOTATION
  6
CONTINUOUS
 62
     1
100
AcDbLine
 10
5.0
 20
13.561569255
 30
0.0
 11
1.809470872
 21
13.561569255
 31
0.0
  0
LINE
  5
AF5
330
1F
100
AcDbEntity
  8
SYSTEM_ANNOTATION
  6
CONTINUOUS
 62
     1
100
AcDbLine
 10
5.0
 20
13.561569255
 30
0.0
 11
4.763779528
 21
13.325348783
 31
0.0
  0
LINE
  5
AF6
330
1F
100
AcDbEntity
  8
SYSTEM_ANNOTATION
  6
CONTINUOUS
 62
     1
100
AcDbLine
 10
4.763779528
 20
13.325348783
 30
0.0
 11
5.236220472
 21
13.797789727
 31
0.0
  0
LINE
  5
AF7
330
1F
100
AcDbEntity
  8
SYSTEM_ANNOTATION
  6
CONTINUOUS
 62
     1
100
AcDbLine
 10
5.236220472
 20
13.797789727
 30
0.0
 11
5.0
 21
13.561569255
 31
0.0
  0
LINE
  5
AF8
330
1F
100
AcDbEntity
  8
SYSTEM_ANNOTATION
  6
CONTINUOUS
 62
     1
100
AcDbLine
 10
5.0
 20
13.561569255
 30
0.0
 11
7.25
 21
13.561569255
 31
0.0
  0
LINE
  5
AF9
330
1F
100
AcDbEntity
  8
SYSTEM_ANNOTATION
  6
CONTINUOUS
 62
     1
100
AcDbLine
 10
7.25
 20
13.561569255
 30
0.0
 11
7.013779528
 21
13.325348783
 31
0.0
  0
LINE
  5
AFA
330
1F
100
AcDbEntity
  8
SYSTEM_ANNOTATION
  6
CONTINUOUS
 62
     1
100
AcDbLine
 10
7.013779528
 20
13.325348783
 30
0.0
 11
7.486220472
 21
13.797789727
 31
0.0
  0
LINE
  5
AFB
330
1F
100
AcDbEntity
  8
SYSTEM_ANNOTATION
  6
CONTINUOUS
 62
     1
100
AcDbLine
 10
7.486220472
 20
13.797789727
 30
0.0
 11
7.25
 21
13.561569255
 31
0.0
  0
LINE
  5
AFC
330
1F
100
AcDbEntity
  8
SYSTEM_ANNOTATION
  6
CONTINUOUS
 62
     1
100
AcDbLine
 10
7.25
 20
-21.0
 30
0.0
 11
7.25
 21
13.561569255
 31
0.0
  0
MTEXT
  5
AFD
330
1F
100
AcDbEntity
  8
SYSTEM_ANNOTATION
  6
CONTINUOUS
 62
     1
100
AcDbMText
 10
50.1875
 20
13.752125152
 30
0.0
 40
1.238613333
 41
0.0
 71
     7
 72
     1
  1
\A1;2{\H0.70x;\S1#4;}
  7
ARIAL
  0
LINE
  5
AFE
330
1F
100
AcDbEntity
  8
SYSTEM_ANNOTATION
  6
CONTINUOUS
 62
     1
100
AcDbLine
 10
49.6875
 20
-9.0
 30
0.0
 11
49.6875
 21
13.561569255
 31
0.0
  0
LINE
  5
AFF
330
1F
100
AcDbEntity
  8
SYSTEM_ANNOTATION
  6
CONTINUOUS
 62
     1
100
AcDbLine
 10
49.6875
 20
13.561569255
 30
0.0
 11
52.878029128
 21
13.561569255
 31
0.0
  0
LINE
  5
B00
330
1F
100
AcDbEntity
  8
SYSTEM_ANNOTATION
  6
CONTINUOUS
 62
     1
100
AcDbLine
 10
49.6875
 20
13.561569255
 30
0.0
 11
49.923720472
 21
13.797789727
 31
0.0
  0
LINE
  5
B01
330
1F
100
AcDbEntity
  8
SYSTEM_ANNOTATION
  6
CONTINUOUS
 62
     1
100
AcDbLine
 10
49.923720472
 20
13.797789727
 30
0.0
 11
49.451279528
 21
13.325348783
 31
0.0
  0
LINE
  5
B02
330
1F
100
AcDbEntity
  8
SYSTEM_ANNOTATION
  6
CONTINUOUS
 62
     1
100
AcDbLine
 10
49.451279528
 20
13.325348783
 30
0.0
 11
49.6875
 21
13.561569255
 31
0.0
  0
LINE
  5
B03
330
1F
100
AcDbEntity
  8
SYSTEM_ANNOTATION
  6
CONTINUOUS
 62
     1
100
AcDbLine
 10
49.6875
 20
13.561569255
 30
0.0
 11
47.4375
 21
13.561569255
 31
0.0
  0
LINE
  5
B04
330
1F
100
AcDbEntity
  8
SYSTEM_ANNOTATION
  6
CONTINUOUS
 62
     1
100
AcDbLine
 10
47.4375
 20
13.561569255
 30
0.0
 11
47.673720472
 21
13.797789727
 31
0.0
  0
LINE
  5
B05
330
1F
100
AcDbEntity
  8
SYSTEM_ANNOTATION
  6
CONTINUOUS
 62
     1
100
AcDbLine
 10
47.673720472
 20
13.797789727
 30
0.0
 11
47.201279528
 21
13.325348783
 31
0.0
  0
LINE
  5
B06
330
1F
100
AcDbEntity
  8
SYSTEM_ANNOTATION
  6
CONTINUOUS
 62
     1
100
AcDbLine
 10
47.201279528
 20
13.325348783
 30
0.0
 11
47.4375
 21
13.561569255
 31
0.0
  0
LINE
  5
B07
330
1F
100
AcDbEntity
  8
SYSTEM_ANNOTATION
  6
CONTINUOUS
 62
     1
100
AcDbLine
 10
47.4375
 20
-21.0
 30
0.0
 11
47.4375
 21
4.507919076
 31
0.0
  0
LINE
  5
B08
330
1F
100
AcDbEntity
  8
SYSTEM_ANNOTATION
  6
CONTINUOUS
 62
     1
100
AcDbLine
 10
47.4375
 20
10.9
 30
0.0
 11
47.4375
 21
13.561569255
 31
0.0
  0
MTEXT
  5
B09
330
1F
100
AcDbEntity
  8
SYSTEM_ANNOTATION
  6
CONTINUOUS
 62
     1
100
AcDbMText
 10
8.219075334
 20
-2.434507049
 30
0.0
 40
1.238613333
 41
0.0
 71
     7
 72
     1
  1
\A1;1{\H0.70x;\S3#4;}
  7
ARIAL
  0
LINE
  5
B0A
330
1F
100
AcDbEntity
  8
SYSTEM_ANNOTATION
  6
CONTINUOUS
 62
     1
100
AcDbLine
 10
7.25
 20
-12.0
 30
0.0
 11
7.25
 21
-2.625062946
 31
0.0
  0
LINE
  5
B0B
330
1F
100
AcDbEntity
  8
SYSTEM_ANNOTATION
  6
CONTINUOUS
 62
     1
100
AcDbLine
 10
7.25
 20
-2.625062946
 30
0.0
 11
10.909604461
 21
-2.625062946
 31
0.0
  0
LINE
  5
B0C
330
1F
100
AcDbEntity
  8
SYSTEM_ANNOTATION
  6
CONTINUOUS
 62
     1
100
AcDbLine
 10
7.25
 20
-2.625062946
 30
0.0
 11
7.486220472
 21
-2.388842474
 31
0.0
  0
LINE
  5
B0D
330
1F
100
AcDbEntity
  8
SYSTEM_ANNOTATION
  6
CONTINUOUS
 62
     1
100
AcDbLine
 10
7.486220472
 20
-2.388842474
 30
0.0
 11
7.013779528
 21
-2.861283419
 31
0.0
  0
LINE
  5
B0E
330
1F
100
AcDbEntity
  8
SYSTEM_ANNOTATION
  6
CONTINUOUS
 62
     1
100
AcDbLine
 10
7.013779528
 20
-2.861283419
 30
0.0
 11
7.25
 21
-2.625062946
 31
0.0
  0
LINE
  5
B0F
330
1F
100
AcDbEntity
  8
SYSTEM_ANNOTATION
  6
CONTINUOUS
 62
     1
100
AcDbLine
 10
7.25
 20
-2.625062946
 30
0.0
 11
5.5
 21
-2.625062946
 31
0.0
  0
LINE
  5
B10
330
1F
100
AcDbEntity
  8
SYSTEM_ANNOTATION
  6
CONTINUOUS
 62
     1
100
AcDbLine
 10
5.5
 20
-2.625062946
 30
0.0
 11
5.5
 21
-2.625062946
 31
0.0
  0
LINE
  5
B11
330
1F
100
AcDbEntity
  8
SYSTEM_ANNOTATION
  6
CONTINUOUS
 62
     1
100
AcDbLine
 10
5.5
 20
-2.625062946
 30
0.0
 11
5.736220472
 21
-2.388842474
 31
0.0
  0
LINE
  5
B12
330
1F
100
AcDbEntity
  8
SYSTEM_ANNOTATION
  6
CONTINUOUS
 62
     1
100
AcDbLine
 10
5.736220472
 20
-2.388842474
 30
0.0
 11
5.263779528
 21
-2.861283419
 31
0.0
  0
LINE
  5
B13
330
1F
100
AcDbEntity
  8
SYSTEM_ANNOTATION
  6
CONTINUOUS
 62
     1
100
AcDbLine
 10
5.263779528
 20
-2.861283419
 30
0.0
 11
5.5
 21
-2.625062946
 31
0.0
  0
LINE
  5
B14
330
1F
100
AcDbEntity
  8
SYSTEM_ANNOTATION
  6
CONTINUOUS
 62
     1
100
AcDbLine
 10
5.5
 20
-8.75
 30
0.0
 11
5.5
 21
-2.625062946
 31
0.0
  0
MTEXT
  5
B15
330
1F
100
AcDbEntity
  8
SYSTEM_ANNOTATION
  6
CONTINUOUS
 62
     1
100
AcDbMText
 10
2.769712443
 20
-2.434507049
 30
0.0
 40
1.238613333
 41
0.0
 71
     7
 72
     1
  1
\A1;{\H0.70x;\S1#2;}
  7
ARIAL
  0
LINE
  5
B16
330
1F
100
AcDbEntity
  8
SYSTEM_ANNOTATION
  6
CONTINUOUS
 62
     1
100
AcDbLine
 10
5.0
 20
-9.0
 30
0.0
 11
5.0
 21
-2.625062946
 31
0.0
  0
LINE
  5
B17
330
1F
100
AcDbEntity
  8
SYSTEM_ANNOTATION
  6
CONTINUOUS
 62
     1
100
AcDbLine
 10
5.0
 20
-2.625062946
 30
0.0
 11
2.769712443
 21
-2.625062946
 31
0.0
  0
LINE
  5
B18
330
1F
100
AcDbEntity
  8
SYSTEM_ANNOTATION
  6
CONTINUOUS
 62
     1
100
AcDbLine
 10
5.0
 20
-2.625062946
 30
0.0
 11
4.763779528
 21
-2.861283419
 31
0.0
  0
LINE
  5
B19
330
1F
100
AcDbEntity
  8
SYSTEM_ANNOTATION
  6
CONTINUOUS
 62
     1
100
AcDbLine
 10
4.763779528
 20
-2.861283419
 30
0.0
 11
5.236220472
 21
-2.388842474
 31
0.0
  0
LINE
  5
B1A
330
1F
100
AcDbEntity
  8
SYSTEM_ANNOTATION
  6
CONTINUOUS
 62
     1
100
AcDbLine
 10
5.236220472
 20
-2.388842474
 30
0.0
 11
5.0
 21
-2.625062946
 31
0.0
  0
LINE
  5
B1B
330
1F
100
AcDbEntity
  8
SYSTEM_ANNOTATION
  6
CONTINUOUS
 62
     1
100
AcDbLine
 10
5.0
 20
-2.625062946
 30
0.0
 11
5.5
 21
-2.625062946
 31
0.0
  0
LINE
  5
B1C
330
1F
100
AcDbEntity
  8
SYSTEM_ANNOTATION
  6
CONTINUOUS
 62
     1
100
AcDbLine
 10
5.5
 20
-2.625062946
 30
0.0
 11
5.5
 21
-2.625062946
 31
0.0
  0
LINE
  5
B1D
330
1F
100
AcDbEntity
  8
SYSTEM_ANNOTATION
  6
CONTINUOUS
 62
     1
100
AcDbLine
 10
5.5
 20
-2.625062946
 30
0.0
 11
5.263779528
 21
-2.861283419
 31
0.0
  0
LINE
  5
B1E
330
1F
100
AcDbEntity
  8
SYSTEM_ANNOTATION
  6
CONTINUOUS
 62
     1
100
AcDbLine
 10
5.263779528
 20
-2.861283419
 30
0.0
 11
5.736220472
 21
-2.388842474
 31
0.0
  0
LINE
  5
B1F
330
1F
100
AcDbEntity
  8
SYSTEM_ANNOTATION
  6
CONTINUOUS
 62
     1
100
AcDbLine
 10
5.736220472
 20
-2.388842474
 30
0.0
 11
5.5
 21
-2.625062946
 31
0.0
  0
LINE
  5
B20
330
1F
100
AcDbEntity
  8
SYSTEM_ANNOTATION
  6
CONTINUOUS
 62
     1
100
AcDbLine
 10
5.5
 20
-12.0
 30
0.0
 11
5.5
 21
-2.625062946
 31
0.0
  0
MTEXT
  5
B21
330
1F
100
AcDbEntity
  8
SYSTEM_ANNOTATION
  6
CONTINUOUS
 62
     1
100
AcDbMText
 10
47.246944103
 20
4.507919076
 30
0.0
 40
1.238613333
 41
0.0
 71
     7
 72
     1
  1
\A1;10-1{\H0.70x;\S15#16;}
  7
ARIAL
 11
6.123031769111886E-17
 21
1.0
 31
0.0
  0
LINE
  5
B22
330
1F
100
AcDbEntity
  8
SYSTEM_ANNOTATION
  6
CONTINUOUS
 62
     1
100
AcDbLine
 10
47.4375
 20
-21.0
 30
0.0
 11
47.4375
 21
4.507919076
 31
0.0
  0
LINE
  5
B23
330
1F
100
AcDbEntity
  8
SYSTEM_ANNOTATION
  6
CONTINUOUS
 62
     1
100
AcDbLine
 10
47.4375
 20
10.9
 30
0.0
 11
47.4375
 21
10.9
 31
0.0
  0
LINE
  5
B24
330
1F
100
AcDbEntity
  8
SYSTEM_ANNOTATION
  6
CONTINUOUS
 62
     1
100
AcDbLine
 10
47.4375
 20
10.9
 30
0.0
 11
47.4375
 21
4.507919076
 31
0.0
  0
TEXT
  5
B25
330
1F
100
AcDbEntity
  8
SYSTEM_ANNOTATION
  6
CONTINUOUS
 62
     1
100
AcDbText
 10
1.144281447
 20
-19.930536068
 30
0.0
 40
1.238613333
  1
3
 50
90.0
 41
0.8
  7
ARIAL
100
AcDbText
  0
LINE
  5
B26
330
1F
100
AcDbEntity
  8
SYSTEM_ANNOTATION
  6
CONTINUOUS
 62
     1
100
AcDbLine
 10
7.25
 20
-21.0
 30
0.0
 11
1.620671191
 21
-21.0
 31
0.0
  0
LINE
  5
B27
330
1F
100
AcDbEntity
  8
SYSTEM_ANNOTATION
  6
CONTINUOUS
 62
     1
100
AcDbLine
 10
1.620671191
 20
-21.0
 30
0.0
 11
1.856891663
 21
-21.236220472
 31
0.0
  0
LINE
  5
B28
330
1F
100
AcDbEntity
  8
SYSTEM_ANNOTATION
  6
CONTINUOUS
 62
     1
100
AcDbLine
 10
1.856891663
 20
-21.236220472
 30
0.0
 11
1.384450718
 21
-20.763779528
 31
0.0
  0
LINE
  5
B29
330
1F
100
AcDbEntity
  8
SYSTEM_ANNOTATION
  6
CONTINUOUS
 62
     1
100
AcDbLine
 10
1.384450718
 20
-20.763779528
 30
0.0
 11
1.620671191
 21
-21.0
 31
0.0
  0
LINE
  5
B2A
330
1F
100
AcDbEntity
  8
SYSTEM_ANNOTATION
  6
CONTINUOUS
 62
     1
100
AcDbLine
 10
1.620671191
 20
-21.0
 30
0.0
 11
1.620671191
 21
-18.0
 31
0.0
  0
LINE
  5
B2B
330
1F
100
AcDbEntity
  8
SYSTEM_ANNOTATION
  6
CONTINUOUS
 62
     1
100
AcDbLine
 10
1.620671191
 20
-18.0
 30
0.0
 11
1.856891663
 21
-18.236220472
 31
0.0
  0
LINE
  5
B2C
330
1F
100
AcDbEntity
  8
SYSTEM_ANNOTATION
  6
CONTINUOUS
 62
     1
100
AcDbLine
 10
1.856891663
 20
-18.236220472
 30
0.0
 11
1.384450718
 21
-17.763779528
 31
0.0
  0
LINE
  5
B2D
330
1F
100
AcDbEntity
  8
SYSTEM_ANNOTATION
  6
CONTINUOUS
 62
     1
100
AcDbLine
 10
1.384450718
 20
-17.763779528
 30
0.0
 11
1.620671191
 21
-18.0
 31
0.0
  0
LINE
  5
B2E
330
1F
100
AcDbEntity
  8
SYSTEM_ANNOTATION
  6
CONTINUOUS
 62
     1
100
AcDbLine
 10
7.25
 20
-18.0
 30
0.0
 11
1.620671191
 21
-18.0
 31
0.0
  0
TEXT
  5
B2F
330
1F
100
AcDbEntity
  8
SYSTEM_ANNOTATION
  6
CONTINUOUS
 62
     1
100
AcDbText
 10
1.144281447
 20
-16.930536068
 30
0.0
 40
1.238613333
  1
3
 50
90.0
 41
0.8
  7
ARIAL
100
AcDbText
  0
LINE
  5
B30
330
1F
100
AcDbEntity
  8
SYSTEM_ANNOTATION
  6
CONTINUOUS
 62
     1
100
AcDbLine
 10
7.25
 20
-18.0
 30
0.0
 11
1.620671191
 21
-18.0
 31
0.0
  0
LINE
  5
B31
330
1F
100
AcDbEntity
  8
SYSTEM_ANNOTATION
  6
CONTINUOUS
 62
     1
100
AcDbLine
 10
1.620671191
 20
-18.0
 30
0.0
 11
1.856891663
 21
-18.236220472
 31
0.0
  0
LINE
  5
B32
330
1F
100
AcDbEntity
  8
SYSTEM_ANNOTATION
  6
CONTINUOUS
 62
     1
100
AcDbLine
 10
1.856891663
 20
-18.236220472
 30
0.0
 11
1.384450718
 21
-17.763779528
 31
0.0
  0
LINE
  5
B33
330
1F
100
AcDbEntity
  8
SYSTEM_ANNOTATION
  6
CONTINUOUS
 62
     1
100
AcDbLine
 10
1.384450718
 20
-17.763779528
 30
0.0
 11
1.620671191
 21
-18.0
 31
0.0
  0
LINE
  5
B34
330
1F
100
AcDbEntity
  8
SYSTEM_ANNOTATION
  6
CONTINUOUS
 62
     1
100
AcDbLine
 10
1.620671191
 20
-18.0
 30
0.0
 11
1.620671191
 21
-15.0
 31
0.0
  0
LINE
  5
B35
330
1F
100
AcDbEntity
  8
SYSTEM_ANNOTATION
  6
CONTINUOUS
 62
     1
100
AcDbLine
 10
1.620671191
 20
-15.0
 30
0.0
 11
1.856891663
 21
-15.236220472
 31
0.0
  0
LINE
  5
B36
330
1F
100
AcDbEntity
  8
SYSTEM_ANNOTATION
  6
CONTINUOUS
 62
     1
100
AcDbLine
 10
1.856891663
 20
-15.236220472
 30
0.0
 11
1.384450718
 21
-14.763779528
 31
0.0
  0
LINE
  5
B37
330
1F
100
AcDbEntity
  8
SYSTEM_ANNOTATION
  6
CONTINUOUS
 62
     1
100
AcDbLine
 10
1.384450718
 20
-14.763779528
 30
0.0
 11
1.620671191
 21
-15.0
 31
0.0
  0
LINE
  5
B38
330
1F
100
AcDbEntity
  8
SYSTEM_ANNOTATION
  6
CONTINUOUS
 62
     1
100
AcDbLine
 10
7.25
 20
-15.0
 30
0.0
 11
1.620671191
 21
-15.0
 31
0.0
  0
TEXT
  5
B39
330
1F
100
AcDbEntity
  8
SYSTEM_ANNOTATION
  6
CONTINUOUS
 62
     1
100
AcDbText
 10
1.144281447
 20
-13.930536068
 30
0.0
 40
1.238613333
  1
3
 50
90.0
 41
0.8
  7
ARIAL
100
AcDbText
  0
LINE
  5
B3A
330
1F
100
AcDbEntity
  8
SYSTEM_ANNOTATION
  6
CONTINUOUS
 62
     1
100
AcDbLine
 10
7.25
 20
-15.0
 30
0.0
 11
1.620671191
 21
-15.0
 31
0.0
  0
LINE
  5
B3B
330
1F
100
AcDbEntity
  8
SYSTEM_ANNOTATION
  6
CONTINUOUS
 62
     1
100
AcDbLine
 10
1.620671191
 20
-15.0
 30
0.0
 11
1.856891663
 21
-15.236220472
 31
0.0
  0
LINE
  5
B3C
330
1F
100
AcDbEntity
  8
SYSTEM_ANNOTATION
  6
CONTINUOUS
 62
     1
100
AcDbLine
 10
1.856891663
 20
-15.236220472
 30
0.0
 11
1.384450718
 21
-14.763779528
 31
0.0
  0
LINE
  5
B3D
330
1F
100
AcDbEntity
  8
SYSTEM_ANNOTATION
  6
CONTINUOUS
 62
     1
100
AcDbLine
 10
1.384450718
 20
-14.763779528
 30
0.0
 11
1.620671191
 21
-15.0
 31
0.0
  0
LINE
  5
B3E
330
1F
100
AcDbEntity
  8
SYSTEM_ANNOTATION
  6
CONTINUOUS
 62
     1
100
AcDbLine
 10
1.620671191
 20
-15.0
 30
0.0
 11
1.620671191
 21
-12.0
 31
0.0
  0
LINE
  5
B3F
330
1F
100
AcDbEntity
  8
SYSTEM_ANNOTATION
  6
CONTINUOUS
 62
     1
100
AcDbLine
 10
1.620671191
 20
-12.0
 30
0.0
 11
1.856891663
 21
-12.236220472
 31
0.0
  0
LINE
  5
B40
330
1F
100
AcDbEntity
  8
SYSTEM_ANNOTATION
  6
CONTINUOUS
 62
     1
100
AcDbLine
 10
1.856891663
 20
-12.236220472
 30
0.0
 11
1.384450718
 21
-11.763779528
 31
0.0
  0
LINE
  5
B41
330
1F
100
AcDbEntity
  8
SYSTEM_ANNOTATION
  6
CONTINUOUS
 62
     1
100
AcDbLine
 10
1.384450718
 20
-11.763779528
 30
0.0
 11
1.620671191
 21
-12.0
 31
0.0
  0
LINE
  5
B42
330
1F
100
AcDbEntity
  8
SYSTEM_ANNOTATION
  6
CONTINUOUS
 62
     1
100
AcDbLine
 10
7.25
 20
-12.0
 30
0.0
 11
1.620671191
 21
-12.0
 31
0.0
  0
TEXT
  5
B43
330
1F
100
AcDbEntity
  8
SYSTEM_ANNOTATION
  6
CONTINUOUS
 62
     1
100
AcDbText
 10
1.144281447
 20
-10.930536068
 30
0.0
 40
1.238613333
  1
3
 50
90.0
 41
0.8
  7
ARIAL
100
AcDbText
  0
LINE
  5
B44
330
1F
100
AcDbEntity
  8
SYSTEM_ANNOTATION
  6
CONTINUOUS
 62
     1
100
AcDbLine
 10
7.25
 20
-12.0
 30
0.0
 11
1.620671191
 21
-12.0
 31
0.0
  0
LINE
  5
B45
330
1F
100
AcDbEntity
  8
SYSTEM_ANNOTATION
  6
CONTINUOUS
 62
     1
100
AcDbLine
 10
1.620671191
 20
-12.0
 30
0.0
 11
1.856891663
 21
-12.236220472
 31
0.0
  0
LINE
  5
B46
330
1F
100
AcDbEntity
  8
SYSTEM_ANNOTATION
  6
CONTINUOUS
 62
     1
100
AcDbLine
 10
1.856891663
 20
-12.236220472
 30
0.0
 11
1.384450718
 21
-11.763779528
 31
0.0
  0
LINE
  5
B47
330
1F
100
AcDbEntity
  8
SYSTEM_ANNOTATION
  6
CONTINUOUS
 62
     1
100
AcDbLine
 10
1.384450718
 20
-11.763779528
 30
0.0
 11
1.620671191
 21
-12.0
 31
0.0
  0
LINE
  5
B48
330
1F
100
AcDbEntity
  8
SYSTEM_ANNOTATION
  6
CONTINUOUS
 62
     1
100
AcDbLine
 10
1.620671191
 20
-12.0
 30
0.0
 11
1.620671191
 21
-9.0
 31
0.0
  0
LINE
  5
B49
330
1F
100
AcDbEntity
  8
SYSTEM_ANNOTATION
  6
CONTINUOUS
 62
     1
100
AcDbLine
 10
1.620671191
 20
-9.0
 30
0.0
 11
1.856891663
 21
-9.236220472
 31
0.0
  0
LINE
  5
B4A
330
1F
100
AcDbEntity
  8
SYSTEM_ANNOTATION
  6
CONTINUOUS
 62
     1
100
AcDbLine
 10
1.856891663
 20
-9.236220472
 30
0.0
 11
1.384450718
 21
-8.763779528
 31
0.0
  0
LINE
  5
B4B
330
1F
100
AcDbEntity
  8
SYSTEM_ANNOTATION
  6
CONTINUOUS
 62
     1
100
AcDbLine
 10
1.384450718
 20
-8.763779528
 30
0.0
 11
1.620671191
 21
-9.0
 31
0.0
  0
LINE
  5
B4C
330
1F
100
AcDbEntity
  8
SYSTEM_ANNOTATION
  6
CONTINUOUS
 62
     1
100
AcDbLine
 10
5.0
 20
-9.0
 30
0.0
 11
1.620671191
 21
-9.0
 31
0.0
  0
TEXT
  5
B4D
330
1F
100
AcDbEntity
  8
SYSTEM_ANNOTATION
  6
CONTINUOUS
 62
     1
100
AcDbText
 10
56.880987335
 20
-10.930536068
 30
0.0
 40
1.238613333
  1
3
 50
90.0
 41
0.8
  7
ARIAL
100
AcDbText
  0
LINE
  5
B4E
330
1F
100
AcDbEntity
  8
SYSTEM_ANNOTATION
  6
CONTINUOUS
 62
     1
100
AcDbLine
 10
49.6875
 20
-9.0
 30
0.0
 11
57.357377079
 21
-9.0
 31
0.0
  0
LINE
  5
B4F
330
1F
100
AcDbEntity
  8
SYSTEM_ANNOTATION
  6
CONTINUOUS
 62
     1
100
AcDbLine
 10
57.357377079
 20
-9.0
 30
0.0
 11
57.121156606
 21
-8.763779528
 31
0.0
  0
LINE
  5
B50
330
1F
100
AcDbEntity
  8
SYSTEM_ANNOTATION
  6
CONTINUOUS
 62
     1
100
AcDbLine
 10
57.121156606
 20
-8.763779528
 30
0.0
 11
57.593597551
 21
-9.236220472
 31
0.0
  0
LINE
  5
B51
330
1F
100
AcDbEntity
  8
SYSTEM_ANNOTATION
  6
CONTINUOUS
 62
     1
100
AcDbLine
 10
57.593597551
 20
-9.236220472
 30
0.0
 11
57.357377079
 21
-9.0
 31
0.0
  0
LINE
  5
B52
330
1F
100
AcDbEntity
  8
SYSTEM_ANNOTATION
  6
CONTINUOUS
 62
     1
100
AcDbLine
 10
57.357377079
 20
-9.0
 30
0.0
 11
57.357377079
 21
-12.0
 31
0.0
  0
LINE
  5
B53
330
1F
100
AcDbEntity
  8
SYSTEM_ANNOTATION
  6
CONTINUOUS
 62
     1
100
AcDbLine
 10
57.357377079
 20
-12.0
 30
0.0
 11
57.121156606
 21
-11.763779528
 31
0.0
  0
LINE
  5
B54
330
1F
100
AcDbEntity
  8
SYSTEM_ANNOTATION
  6
CONTINUOUS
 62
     1
100
AcDbLine
 10
57.121156606
 20
-11.763779528
 30
0.0
 11
57.593597551
 21
-12.236220472
 31
0.0
  0
LINE
  5
B55
330
1F
100
AcDbEntity
  8
SYSTEM_ANNOTATION
  6
CONTINUOUS
 62
     1
100
AcDbLine
 10
57.593597551
 20
-12.236220472
 30
0.0
 11
57.357377079
 21
-12.0
 31
0.0
  0
LINE
  5
B56
330
1F
100
AcDbEntity
  8
SYSTEM_ANNOTATION
  6
CONTINUOUS
 62
     1
100
AcDbLine
 10
47.4375
 20
-12.0
 30
0.0
 11
57.357377079
 21
-12.0
 31
0.0
  0
TEXT
  5
B57
330
1F
100
AcDbEntity
  8
SYSTEM_ANNOTATION
  6
CONTINUOUS
 62
     1
100
AcDbText
 10
56.880987335
 20
-13.930536068
 30
0.0
 40
1.238613333
  1
3
 50
90.0
 41
0.8
  7
ARIAL
100
AcDbText
  0
LINE
  5
B58
330
1F
100
AcDbEntity
  8
SYSTEM_ANNOTATION
  6
CONTINUOUS
 62
     1
100
AcDbLine
 10
47.4375
 20
-12.0
 30
0.0
 11
57.357377079
 21
-12.0
 31
0.0
  0
LINE
  5
B59
330
1F
100
AcDbEntity
  8
SYSTEM_ANNOTATION
  6
CONTINUOUS
 62
     1
100
AcDbLine
 10
57.357377079
 20
-12.0
 30
0.0
 11
57.121156606
 21
-11.763779528
 31
0.0
  0
LINE
  5
B5A
330
1F
100
AcDbEntity
  8
SYSTEM_ANNOTATION
  6
CONTINUOUS
 62
     1
100
AcDbLine
 10
57.121156606
 20
-11.763779528
 30
0.0
 11
57.593597551
 21
-12.236220472
 31
0.0
  0
LINE
  5
B5B
330
1F
100
AcDbEntity
  8
SYSTEM_ANNOTATION
  6
CONTINUOUS
 62
     1
100
AcDbLine
 10
57.593597551
 20
-12.236220472
 30
0.0
 11
57.357377079
 21
-12.0
 31
0.0
  0
LINE
  5
B5C
330
1F
100
AcDbEntity
  8
SYSTEM_ANNOTATION
  6
CONTINUOUS
 62
     1
100
AcDbLine
 10
57.357377079
 20
-12.0
 30
0.0
 11
57.357377079
 21
-15.0
 31
0.0
  0
LINE
  5
B5D
330
1F
100
AcDbEntity
  8
SYSTEM_ANNOTATION
  6
CONTINUOUS
 62
     1
100
AcDbLine
 10
57.357377079
 20
-15.0
 30
0.0
 11
57.121156606
 21
-14.763779528
 31
0.0
  0
LINE
  5
B5E
330
1F
100
AcDbEntity
  8
SYSTEM_ANNOTATION
  6
CONTINUOUS
 62
     1
100
AcDbLine
 10
57.121156606
 20
-14.763779528
 30
0.0
 11
57.593597551
 21
-15.236220472
 31
0.0
  0
LINE
  5
B5F
330
1F
100
AcDbEntity
  8
SYSTEM_ANNOTATION
  6
CONTINUOUS
 62
     1
100
AcDbLine
 10
57.593597551
 20
-15.236220472
 30
0.0
 11
57.357377079
 21
-15.0
 31
0.0
  0
LINE
  5
B60
330
1F
100
AcDbEntity
  8
SYSTEM_ANNOTATION
  6
CONTINUOUS
 62
     1
100
AcDbLine
 10
47.4375
 20
-15.0
 30
0.0
 11
57.357377079
 21
-15.0
 31
0.0
  0
TEXT
  5
B61
330
1F
100
AcDbEntity
  8
SYSTEM_ANNOTATION
  6
CONTINUOUS
 62
     1
100
AcDbText
 10
56.880987335
 20
-16.930536068
 30
0.0
 40
1.238613333
  1
3
 50
90.0
 41
0.8
  7
ARIAL
100
AcDbText
  0
LINE
  5
B62
330
1F
100
AcDbEntity
  8
SYSTEM_ANNOTATION
  6
CONTINUOUS
 62
     1
100
AcDbLine
 10
47.4375
 20
-15.0
 30
0.0
 11
57.357377079
 21
-15.0
 31
0.0
  0
LINE
  5
B63
330
1F
100
AcDbEntity
  8
SYSTEM_ANNOTATION
  6
CONTINUOUS
 62
     1
100
AcDbLine
 10
57.357377079
 20
-15.0
 30
0.0
 11
57.121156606
 21
-14.763779528
 31
0.0
  0
LINE
  5
B64
330
1F
100
AcDbEntity
  8
SYSTEM_ANNOTATION
  6
CONTINUOUS
 62
     1
100
AcDbLine
 10
57.121156606
 20
-14.763779528
 30
0.0
 11
57.593597551
 21
-15.236220472
 31
0.0
  0
LINE
  5
B65
330
1F
100
AcDbEntity
  8
SYSTEM_ANNOTATION
  6
CONTINUOUS
 62
     1
100
AcDbLine
 10
57.593597551
 20
-15.236220472
 30
0.0
 11
57.357377079
 21
-15.0
 31
0.0
  0
LINE
  5
B66
330
1F
100
AcDbEntity
  8
SYSTEM_ANNOTATION
  6
CONTINUOUS
 62
     1
100
AcDbLine
 10
57.357377079
 20
-15.0
 30
0.0
 11
57.357377079
 21
-18.0
 31
0.0
  0
LINE
  5
B67
330
1F
100
AcDbEntity
  8
SYSTEM_ANNOTATION
  6
CONTINUOUS
 62
     1
100
AcDbLine
 10
57.357377079
 20
-18.0
 30
0.0
 11
57.121156606
 21
-17.763779528
 31
0.0
  0
LINE
  5
B68
330
1F
100
AcDbEntity
  8
SYSTEM_ANNOTATION
  6
CONTINUOUS
 62
     1
100
AcDbLine
 10
57.121156606
 20
-17.763779528
 30
0.0
 11
57.593597551
 21
-18.236220472
 31
0.0
  0
LINE
  5
B69
330
1F
100
AcDbEntity
  8
SYSTEM_ANNOTATION
  6
CONTINUOUS
 62
     1
100
AcDbLine
 10
57.593597551
 20
-18.236220472
 30
0.0
 11
57.357377079
 21
-18.0
 31
0.0
  0
LINE
  5
B6A
330
1F
100
AcDbEntity
  8
SYSTEM_ANNOTATION
  6
CONTINUOUS
 62
     1
100
AcDbLine
 10
47.4375
 20
-18.0
 30
0.0
 11
57.357377079
 21
-18.0
 31
0.0
  0
TEXT
  5
B6B
330
1F
100
AcDbEntity
  8
SYSTEM_ANNOTATION
  6
CONTINUOUS
 62
     1
100
AcDbText
 10
56.880987335
 20
-19.930536068
 30
0.0
 40
1.238613333
  1
3
 50
90.0
 41
0.8
  7
ARIAL
100
AcDbText
  0
LINE
  5
B6C
330
1F
100
AcDbEntity
  8
SYSTEM_ANNOTATION
  6
CONTINUOUS
 62
     1
100
AcDbLine
 10
47.4375
 20
-21.0
 30
0.0
 11
57.357377079
 21
-21.0
 31
0.0
  0
LINE
  5
B6D
330
1F
100
AcDbEntity
  8
SYSTEM_ANNOTATION
  6
CONTINUOUS
 62
     1
100
AcDbLine
 10
57.357377079
 20
-21.0
 30
0.0
 11
57.593597551
 21
-21.236220472
 31
0.0
  0
LINE
  5
B6E
330
1F
100
AcDbEntity
  8
SYSTEM_ANNOTATION
  6
CONTINUOUS
 62
     1
100
AcDbLine
 10
57.593597551
 20
-21.236220472
 30
0.0
 11
57.121156606
 21
-20.763779528
 31
0.0
  0
LINE
  5
B6F
330
1F
100
AcDbEntity
  8
SYSTEM_ANNOTATION
  6
CONTINUOUS
 62
     1
100
AcDbLine
 10
57.121156606
 20
-20.763779528
 30
0.0
 11
57.357377079
 21
-21.0
 31
0.0
  0
LINE
  5
B70
330
1F
100
AcDbEntity
  8
SYSTEM_ANNOTATION
  6
CONTINUOUS
 62
     1
100
AcDbLine
 10
57.357377079
 20
-21.0
 30
0.0
 11
57.357377079
 21
-18.0
 31
0.0
  0
LINE
  5
B71
330
1F
100
AcDbEntity
  8
SYSTEM_ANNOTATION
  6
CONTINUOUS
 62
     1
100
AcDbLine
 10
57.357377079
 20
-18.0
 30
0.0
 11
57.593597551
 21
-18.236220472
 31
0.0
  0
LINE
  5
B72
330
1F
100
AcDbEntity
  8
SYSTEM_ANNOTATION
  6
CONTINUOUS
 62
     1
100
AcDbLine
 10
57.593597551
 20
-18.236220472
 30
0.0
 11
57.121156606
 21
-17.763779528
 31
0.0
  0
LINE
  5
B73
330
1F
100
AcDbEntity
  8
SYSTEM_ANNOTATION
  6
CONTINUOUS
 62
     1
100
AcDbLine
 10
57.121156606
 20
-17.763779528
 30
0.0
 11
57.357377079
 21
-18.0
 31
0.0
  0
LINE
  5
B74
330
1F
100
AcDbEntity
  8
SYSTEM_ANNOTATION
  6
CONTINUOUS
 62
     1
100
AcDbLine
 10
47.4375
 20
-18.0
 30
0.0
 11
57.357377079
 21
-18.0
 31
0.0
  0
MTEXT
  5
B75
330
1F
100
AcDbEntity
  8
SYSTEM_ANNOTATION
  6
CONTINUOUS
 62
     1
100
AcDbMText
 10
8.216406921
 20
46.079128163
 30
0.0
 40
1.238613333
 41
0.0
 71
     7
 72
     1
  1
\A1;1-0{\H0.70x;\S1#2;}
  7
ARIAL
  0
LINE
  5
B76
330
1F
100
AcDbEntity
  8
SYSTEM_ANNOTATION
  6
CONTINUOUS
 62
     1
100
AcDbLine
 10
5.0
 20
28.838572266
 30
0.0
 11
5.0
 21
45.888572266
 31
0.0
  0
LINE
  5
B77
330
1F
100
AcDbEntity
  8
SYSTEM_ANNOTATION
  6
CONTINUOUS
 62
     1
100
AcDbLine
 10
5.0
 20
45.888572266
 30
0.0
 11
4.763779528
 21
45.652351793
 31
0.0
  0
LINE
  5
B78
330
1F
100
AcDbEntity
  8
SYSTEM_ANNOTATION
  6
CONTINUOUS
 62
     1
100
AcDbLine
 10
4.763779528
 20
45.652351793
 30
0.0
 11
5.236220472
 21
46.124792738
 31
0.0
  0
LINE
  5
B79
330
1F
100
AcDbEntity
  8
SYSTEM_ANNOTATION
  6
CONTINUOUS
 62
     1
100
AcDbLine
 10
5.236220472
 20
46.124792738
 30
0.0
 11
5.0
 21
45.888572266
 31
0.0
  0
LINE
  5
B7A
330
1F
100
AcDbEntity
  8
SYSTEM_ANNOTATION
  6
CONTINUOUS
 62
     1
100
AcDbLine
 10
5.0
 20
45.888572266
 30
0.0
 11
15.5
 21
45.888572266
 31
0.0
  0
LINE
  5
B7B
330
1F
100
AcDbEntity
  8
SYSTEM_ANNOTATION
  6
CONTINUOUS
 62
     1
100
AcDbLine
 10
15.5
 20
45.888572266
 30
0.0
 11
15.263779528
 21
45.652351793
 31
0.0
  0
LINE
  5
B7C
330
1F
100
AcDbEntity
  8
SYSTEM_ANNOTATION
  6
CONTINUOUS
 62
     1
100
AcDbLine
 10
15.263779528
 20
45.652351793
 30
0.0
 11
15.736220472
 21
46.124792738
 31
0.0
  0
LINE
  5
B7D
330
1F
100
AcDbEntity
  8
SYSTEM_ANNOTATION
  6
CONTINUOUS
 62
     1
100
AcDbLine
 10
15.736220472
 20
46.124792738
 30
0.0
 11
15.5
 21
45.888572266
 31
0.0
  0
LINE
  5
B7E
330
1F
100
AcDbEntity
  8
SYSTEM_ANNOTATION
  6
CONTINUOUS
 62
     1
100
AcDbLine
 10
15.5
 20
27.238572266
 30
0.0
 11
15.5
 21
35.799279712
 31
0.0
  0
LINE
  5
B7F
330
1F
100
AcDbEntity
  8
SYSTEM_ANNOTATION
  6
CONTINUOUS
 62
     1
100
AcDbLine
 10
15.5
 20
38.037008878
 30
0.0
 11
15.5
 21
45.888572266
 31
0.0
  0
MTEXT
  5
B80
330
1F
100
AcDbEntity
  8
SYSTEM_ANNOTATION
  6
CONTINUOUS
 62
     1
100
AcDbMText
 10
23.381701263
 20
46.079128163
 30
0.0
 40
1.238613333
 41
0.0
 71
     7
 72
     1
  1
\A1;7-8{\H0.70x;\S9#16;}
  7
ARIAL
  0
LINE
  5
B81
330
1F
100
AcDbEntity
  8
SYSTEM_ANNOTATION
  6
CONTINUOUS
 62
     1
100
AcDbLine
 10
15.5
 20
27.238572266
 30
0.0
 11
15.5
 21
35.799279712
 31
0.0
  0
LINE
  5
B82
330
1F
100
AcDbEntity
  8
SYSTEM_ANNOTATION
  6
CONTINUOUS
 62
     1
100
AcDbLine
 10
15.5
 20
38.037008878
 30
0.0
 11
15.5
 21
45.888572266
 31
0.0
  0
LINE
  5
B83
330
1F
100
AcDbEntity
  8
SYSTEM_ANNOTATION
  6
CONTINUOUS
 62
     1
100
AcDbLine
 10
15.5
 20
45.888572266
 30
0.0
 11
15.263779528
 21
45.652351793
 31
0.0
  0
LINE
  5
B84
330
1F
100
AcDbEntity
  8
SYSTEM_ANNOTATION
  6
CONTINUOUS
 62
     1
100
AcDbLine
 10
15.263779528
 20
45.652351793
 30
0.0
 11
15.736220472
 21
46.124792738
 31
0.0
  0
LINE
  5
B85
330
1F
100
AcDbEntity
  8
SYSTEM_ANNOTATION
  6
CONTINUOUS
 62
     1
100
AcDbLine
 10
15.736220472
 20
46.124792738
 30
0.0
 11
15.5
 21
45.888572266
 31
0.0
  0
LINE
  5
B86
330
1F
100
AcDbEntity
  8
SYSTEM_ANNOTATION
  6
CONTINUOUS
 62
     1
100
AcDbLine
 10
15.5
 20
45.888572266
 30
0.0
 11
36.0625
 21
45.888572266
 31
0.0
  0
LINE
  5
B87
330
1F
100
AcDbEntity
  8
SYSTEM_ANNOTATION
  6
CONTINUOUS
 62
     1
100
AcDbLine
 10
36.0625
 20
45.888572266
 30
0.0
 11
35.826279528
 21
45.652351793
 31
0.0
  0
LINE
  5
B88
330
1F
100
AcDbEntity
  8
SYSTEM_ANNOTATION
  6
CONTINUOUS
 62
     1
100
AcDbLine
 10
35.826279528
 20
45.652351793
 30
0.0
 11
36.298720472
 21
46.124792738
 31
0.0
  0
LINE
  5
B89
330
1F
100
AcDbEntity
  8
SYSTEM_ANNOTATION
  6
CONTINUOUS
 62
     1
100
AcDbLine
 10
36.298720472
 20
46.124792738
 30
0.0
 11
36.0625
 21
45.888572266
 31
0.0
  0
LINE
  5
B8A
330
1F
100
AcDbEntity
  8
SYSTEM_ANNOTATION
  6
CONTINUOUS
 62
     1
100
AcDbLine
 10
36.0625
 20
27.238572266
 30
0.0
 11
36.0625
 21
37.389474792
 31
0.0
  0
LINE
  5
B8B
330
1F
100
AcDbEntity
  8
SYSTEM_ANNOTATION
  6
CONTINUOUS
 62
     1
100
AcDbLine
 10
36.0625
 20
42.188572266
 30
0.0
 11
36.0625
 21
45.888572266
 31
0.0
  0
MTEXT
  5
B8C
330
1F
100
AcDbEntity
  8
SYSTEM_ANNOTATION
  6
CONTINUOUS
 62
     1
100
AcDbMText
 10
40.841406921
 20
46.079128163
 30
0.0
 40
1.238613333
 41
0.0
 71
     7
 72
     1
  1
\A1;1-7{\H0.70x;\S5#8;}
  7
ARIAL
  0
LINE
  5
B8D
330
1F
100
AcDbEntity
  8
SYSTEM_ANNOTATION
  6
CONTINUOUS
 62
     1
100
AcDbLine
 10
36.0625
 20
27.238572266
 30
0.0
 11
36.0625
 21
37.389474792
 31
0.0
  0
LINE
  5
B8E
330
1F
100
AcDbEntity
  8
SYSTEM_ANNOTATION
  6
CONTINUOUS
 62
     1
100
AcDbLine
 10
36.0625
 20
42.188572266
 30
0.0
 11
36.0625
 21
45.888572266
 31
0.0
  0
LINE
  5
B8F
330
1F
100
AcDbEntity
  8
SYSTEM_ANNOTATION
  6
CONTINUOUS
 62
     1
100
AcDbLine
 10
36.0625
 20
45.888572266
 30
0.0
 11
35.826279528
 21
45.652351793
 31
0.0
  0
LINE
  5
B90
330
1F
100
AcDbEntity
  8
SYSTEM_ANNOTATION
  6
CONTINUOUS
 62
     1
100
AcDbLine
 10
35.826279528
 20
45.652351793
 30
0.0
 11
36.298720472
 21
46.124792738
 31
0.0
  0
LINE
  5
B91
330
1F
100
AcDbEntity
  8
SYSTEM_ANNOTATION
  6
CONTINUOUS
 62
     1
100
AcDbLine
 10
36.298720472
 20
46.124792738
 30
0.0
 11
36.0625
 21
45.888572266
 31
0.0
  0
LINE
  5
B92
330
1F
100
AcDbEntity
  8
SYSTEM_ANNOTATION
  6
CONTINUOUS
 62
     1
100
AcDbLine
 10
36.0625
 20
45.888572266
 30
0.0
 11
49.6875
 21
45.888572266
 31
0.0
  0
LINE
  5
B93
330
1F
100
AcDbEntity
  8
SYSTEM_ANNOTATION
  6
CONTINUOUS
 62
     1
100
AcDbLine
 10
49.6875
 20
45.888572266
 30
0.0
 11
49.451279528
 21
45.652351793
 31
0.0
  0
LINE
  5
B94
330
1F
100
AcDbEntity
  8
SYSTEM_ANNOTATION
  6
CONTINUOUS
 62
     1
100
AcDbLine
 10
49.451279528
 20
45.652351793
 30
0.0
 11
49.923720472
 21
46.124792738
 31
0.0
  0
LINE
  5
B95
330
1F
100
AcDbEntity
  8
SYSTEM_ANNOTATION
  6
CONTINUOUS
 62
     1
100
AcDbLine
 10
49.923720472
 20
46.124792738
 30
0.0
 11
49.6875
 21
45.888572266
 31
0.0
  0
LINE
  5
B96
330
1F
100
AcDbEntity
  8
SYSTEM_ANNOTATION
  6
CONTINUOUS
 62
     1
100
AcDbLine
 10
49.6875
 20
28.838572266
 30
0.0
 11
49.6875
 21
45.888572266
 31
0.0
  0
TEXT
  5
B97
330
1F
100
AcDbEntity
  8
SYSTEM_ANNOTATION
  6
CONTINUOUS
 62
     1
100
AcDbText
 10
15.023610256
 20
35.799279712
 30
0.0
 40
1.238613333
  1
1-0
 50
90.0
 41
0.8
  7
ARIAL
100
AcDbText
  0
LINE
  5
B98
330
1F
100
AcDbEntity
  8
SYSTEM_ANNOTATION
  6
CONTINUOUS
 62
     1
100
AcDbLine
 10
15.5
 20
27.238572266
 30
0.0
 11
15.5
 21
35.799279712
 31
0.0
  0
LINE
  5
B99
330
1F
100
AcDbEntity
  8
SYSTEM_ANNOTATION
  6
CONTINUOUS
 62
     1
100
AcDbLine
 10
15.5
 20
38.037008878
 30
0.0
 11
15.5
 21
38.037008878
 31
0.0
  0
LINE
  5
B9A
330
1F
100
AcDbEntity
  8
SYSTEM_ANNOTATION
  6
CONTINUOUS
 62
     1
100
AcDbLine
 10
15.5
 20
38.037008878
 30
0.0
 11
15.5
 21
35.799279712
 31
0.0
  0
MTEXT
  5
B9B
330
1F
100
AcDbEntity
  8
SYSTEM_ANNOTATION
  6
CONTINUOUS
 62
     1
100
AcDbMText
 10
35.871944103
 20
37.389474792
 30
0.0
 40
1.238613333
 41
0.0
 71
     7
 72
     1
  1
\A1;8-8{\H0.70x;\S9#16;}
  7
ARIAL
 11
6.123031769111886E-17
 21
1.0
 31
0.0
  0
LINE
  5
B9C
330
1F
100
AcDbEntity
  8
SYSTEM_ANNOTATION
  6
CONTINUOUS
 62
     1
100
AcDbLine
 10
36.0625
 20
27.238572266
 30
0.0
 11
36.0625
 21
37.389474792
 31
0.0
  0
LINE
  5
B9D
330
1F
100
AcDbEntity
  8
SYSTEM_ANNOTATION
  6
CONTINUOUS
 62
     1
100
AcDbLine
 10
36.0625
 20
42.188572266
 30
0.0
 11
36.0625
 21
42.188572266
 31
0.0
  0
LINE
  5
B9E
330
1F
100
AcDbEntity
  8
SYSTEM_ANNOTATION
  6
CONTINUOUS
 62
     1
100
AcDbLine
 10
36.0625
 20
42.188572266
 30
0.0
 11
36.0625
 21
37.389474792
 31
0.0
  0
TEXT
  5
B9F
330
1F
100
AcDbEntity
  8
SYSTEM_ANNOTATION
  6
CONTINUOUS
 62
     1
100
AcDbText
 10
85.075023601
 20
22.237458621
 30
0.0
 40
1.238613333
  1
3
 50
90.0
 41
0.8
  7
ARIAL
100
AcDbText
  0
LINE
  5
BA0
330
1F
100
AcDbEntity
  8
SYSTEM_ANNOTATION
  6
CONTINUOUS
 62
     1
100
AcDbLine
 10
91.127415661
 20
21.167994688
 30
0.0
 11
85.551413344
 21
21.167994688
 31
0.0
  0
LINE
  5
BA1
330
1F
100
AcDbEntity
  8
SYSTEM_ANNOTATION
  6
CONTINUOUS
 62
     1
100
AcDbLine
 10
85.551413344
 20
21.167994688
 30
0.0
 11
85.787633817
 21
20.931774216
 31
0.0
  0
LINE
  5
BA2
330
1F
100
AcDbEntity
  8
SYSTEM_ANNOTATION
  6
CONTINUOUS
 62
     1
100
AcDbLine
 10
85.787633817
 20
20.931774216
 30
0.0
 11
85.315192872
 21
21.404215161
 31
0.0
  0
LINE
  5
BA3
330
1F
100
AcDbEntity
  8
SYSTEM_ANNOTATION
  6
CONTINUOUS
 62
     1
100
AcDbLine
 10
85.315192872
 20
21.404215161
 30
0.0
 11
85.551413344
 21
21.167994688
 31
0.0
  0
LINE
  5
BA4
330
1F
100
AcDbEntity
  8
SYSTEM_ANNOTATION
  6
CONTINUOUS
 62
     1
100
AcDbLine
 10
85.551413344
 20
21.167994688
 30
0.0
 11
85.551413344
 21
24.167994688
 31
0.0
  0
LINE
  5
BA5
330
1F
100
AcDbEntity
  8
SYSTEM_ANNOTATION
  6
CONTINUOUS
 62
     1
100
AcDbLine
 10
85.551413344
 20
24.167994688
 30
0.0
 11
85.787633817
 21
23.931774216
 31
0.0
  0
LINE
  5
BA6
330
1F
100
AcDbEntity
  8
SYSTEM_ANNOTATION
  6
CONTINUOUS
 62
     1
100
AcDbLine
 10
85.787633817
 20
23.931774216
 30
0.0
 11
85.315192872
 21
24.404215161
 31
0.0
  0
LINE
  5
BA7
330
1F
100
AcDbEntity
  8
SYSTEM_ANNOTATION
  6
CONTINUOUS
 62
     1
100
AcDbLine
 10
85.315192872
 20
24.404215161
 30
0.0
 11
85.551413344
 21
24.167994688
 31
0.0
  0
LINE
  5
BA8
330
1F
100
AcDbEntity
  8
SYSTEM_ANNOTATION
  6
CONTINUOUS
 62
     1
100
AcDbLine
 10
91.127415661
 20
24.167994688
 30
0.0
 11
85.551413344
 21
24.167994688
 31
0.0
  0
TEXT
  5
BA9
330
1F
100
AcDbEntity
  8
SYSTEM_ANNOTATION
  6
CONTINUOUS
 62
     1
100
AcDbText
 10
85.075023601
 20
25.237458621
 30
0.0
 40
1.238613333
  1
3
 50
90.0
 41
0.8
  7
ARIAL
100
AcDbText
  0
LINE
  5
BAA
330
1F
100
AcDbEntity
  8
SYSTEM_ANNOTATION
  6
CONTINUOUS
 62
     1
100
AcDbLine
 10
91.127415661
 20
24.167994688
 30
0.0
 11
85.551413344
 21
24.167994688
 31
0.0
  0
LINE
  5
BAB
330
1F
100
AcDbEntity
  8
SYSTEM_ANNOTATION
  6
CONTINUOUS
 62
     1
100
AcDbLine
 10
85.551413344
 20
24.167994688
 30
0.0
 11
85.787633817
 21
23.931774216
 31
0.0
  0
LINE
  5
BAC
330
1F
100
AcDbEntity
  8
SYSTEM_ANNOTATION
  6
CONTINUOUS
 62
     1
100
AcDbLine
 10
85.787633817
 20
23.931774216
 30
0.0
 11
85.315192872
 21
24.404215161
 31
0.0
  0
LINE
  5
BAD
330
1F
100
AcDbEntity
  8
SYSTEM_ANNOTATION
  6
CONTINUOUS
 62
     1
100
AcDbLine
 10
85.315192872
 20
24.404215161
 30
0.0
 11
85.551413344
 21
24.167994688
 31
0.0
  0
LINE
  5
BAE
330
1F
100
AcDbEntity
  8
SYSTEM_ANNOTATION
  6
CONTINUOUS
 62
     1
100
AcDbLine
 10
85.551413344
 20
24.167994688
 30
0.0
 11
85.551413344
 21
27.167994688
 31
0.0
  0
LINE
  5
BAF
330
1F
100
AcDbEntity
  8
SYSTEM_ANNOTATION
  6
CONTINUOUS
 62
     1
100
AcDbLine
 10
85.551413344
 20
27.167994688
 30
0.0
 11
85.787633817
 21
26.931774216
 31
0.0
  0
LINE
  5
BB0
330
1F
100
AcDbEntity
  8
SYSTEM_ANNOTATION
  6
CONTINUOUS
 62
     1
100
AcDbLine
 10
85.787633817
 20
26.931774216
 30
0.0
 11
85.315192872
 21
27.404215161
 31
0.0
  0
LINE
  5
BB1
330
1F
100
AcDbEntity
  8
SYSTEM_ANNOTATION
  6
CONTINUOUS
 62
     1
100
AcDbLine
 10
85.315192872
 20
27.404215161
 30
0.0
 11
85.551413344
 21
27.167994688
 31
0.0
  0
LINE
  5
BB2
330
1F
100
AcDbEntity
  8
SYSTEM_ANNOTATION
  6
CONTINUOUS
 62
     1
100
AcDbLine
 10
91.127415661
 20
27.167994688
 30
0.0
 11
85.551413344
 21
27.167994688
 31
0.0
  0
TEXT
  5
BB3
330
1F
100
AcDbEntity
  8
SYSTEM_ANNOTATION
  6
CONTINUOUS
 62
     1
100
AcDbText
 10
85.075023601
 20
28.237458621
 30
0.0
 40
1.238613333
  1
3
 50
90.0
 41
0.8
  7
ARIAL
100
AcDbText
  0
LINE
  5
BB4
330
1F
100
AcDbEntity
  8
SYSTEM_ANNOTATION
  6
CONTINUOUS
 62
     1
100
AcDbLine
 10
91.127415661
 20
27.167994688
 30
0.0
 11
85.551413344
 21
27.167994688
 31
0.0
  0
LINE
  5
BB5
330
1F
100
AcDbEntity
  8
SYSTEM_ANNOTATION
  6
CONTINUOUS
 62
     1
100
AcDbLine
 10
85.551413344
 20
27.167994688
 30
0.0
 11
85.787633817
 21
26.931774216
 31
0.0
  0
LINE
  5
BB6
330
1F
100
AcDbEntity
  8
SYSTEM_ANNOTATION
  6
CONTINUOUS
 62
     1
100
AcDbLine
 10
85.787633817
 20
26.931774216
 30
0.0
 11
85.315192872
 21
27.404215161
 31
0.0
  0
LINE
  5
BB7
330
1F
100
AcDbEntity
  8
SYSTEM_ANNOTATION
  6
CONTINUOUS
 62
     1
100
AcDbLine
 10
85.315192872
 20
27.404215161
 30
0.0
 11
85.551413344
 21
27.167994688
 31
0.0
  0
LINE
  5
BB8
330
1F
100
AcDbEntity
  8
SYSTEM_ANNOTATION
  6
CONTINUOUS
 62
     1
100
AcDbLine
 10
85.551413344
 20
27.167994688
 30
0.0
 11
85.551413344
 21
30.167994688
 31
0.0
  0
LINE
  5
BB9
330
1F
100
AcDbEntity
  8
SYSTEM_ANNOTATION
  6
CONTINUOUS
 62
     1
100
AcDbLine
 10
85.551413344
 20
30.167994688
 30
0.0
 11
85.787633817
 21
29.931774216
 31
0.0
  0
LINE
  5
BBA
330
1F
100
AcDbEntity
  8
SYSTEM_ANNOTATION
  6
CONTINUOUS
 62
     1
100
AcDbLine
 10
85.787633817
 20
29.931774216
 30
0.0
 11
85.315192872
 21
30.404215161
 31
0.0
  0
LINE
  5
BBB
330
1F
100
AcDbEntity
  8
SYSTEM_ANNOTATION
  6
CONTINUOUS
 62
     1
100
AcDbLine
 10
85.315192872
 20
30.404215161
 30
0.0
 11
85.551413344
 21
30.167994688
 31
0.0
  0
LINE
  5
BBC
330
1F
100
AcDbEntity
  8
SYSTEM_ANNOTATION
  6
CONTINUOUS
 62
     1
100
AcDbLine
 10
93.777415661
 20
30.167994688
 30
0.0
 11
85.551413344
 21
30.167994688
 31
0.0
  0
MTEXT
  5
BBD
330
1F
100
AcDbEntity
  8
SYSTEM_ANNOTATION
  6
CONTINUOUS
 62
     1
100
AcDbMText
 10
87.936886533
 20
41.661774071
 30
0.0
 40
1.238613333
 41
0.0
 71
     7
 72
     1
  1
\A1;2{\H0.70x;\S5#8;}
  7
ARIAL
  0
LINE
  5
BBE
330
1F
100
AcDbEntity
  8
SYSTEM_ANNOTATION
  6
CONTINUOUS
 62
     1
100
AcDbLine
 10
91.127415661
 20
21.167994688
 30
0.0
 11
91.127415661
 21
41.471218174
 31
0.0
  0
LINE
  5
BBF
330
1F
100
AcDbEntity
  8
SYSTEM_ANNOTATION
  6
CONTINUOUS
 62
     1
100
AcDbLine
 10
91.127415661
 20
41.471218174
 30
0.0
 11
87.936886533
 21
41.471218174
 31
0.0
  0
LINE
  5
BC0
330
1F
100
AcDbEntity
  8
SYSTEM_ANNOTATION
  6
CONTINUOUS
 62
     1
100
AcDbLine
 10
91.127415661
 20
41.471218174
 30
0.0
 11
90.891195188
 21
41.234997702
 31
0.0
  0
LINE
  5
BC1
330
1F
100
AcDbEntity
  8
SYSTEM_ANNOTATION
  6
CONTINUOUS
 62
     1
100
AcDbLine
 10
90.891195188
 20
41.234997702
 30
0.0
 11
91.363636133
 21
41.707438646
 31
0.0
  0
LINE
  5
BC2
330
1F
100
AcDbEntity
  8
SYSTEM_ANNOTATION
  6
CONTINUOUS
 62
     1
100
AcDbLine
 10
91.363636133
 20
41.707438646
 30
0.0
 11
91.127415661
 21
41.471218174
 31
0.0
  0
LINE
  5
BC3
330
1F
100
AcDbEntity
  8
SYSTEM_ANNOTATION
  6
CONTINUOUS
 62
     1
100
AcDbLine
 10
91.127415661
 20
41.471218174
 30
0.0
 11
93.777415661
 21
41.471218174
 31
0.0
  0
LINE
  5
BC4
330
1F
100
AcDbEntity
  8
SYSTEM_ANNOTATION
  6
CONTINUOUS
 62
     1
100
AcDbLine
 10
93.777415661
 20
41.471218174
 30
0.0
 11
93.541195188
 21
41.234997702
 31
0.0
  0
LINE
  5
BC5
330
1F
100
AcDbEntity
  8
SYSTEM_ANNOTATION
  6
CONTINUOUS
 62
     1
100
AcDbLine
 10
93.541195188
 20
41.234997702
 30
0.0
 11
94.013636133
 21
41.707438646
 31
0.0
  0
LINE
  5
BC6
330
1F
100
AcDbEntity
  8
SYSTEM_ANNOTATION
  6
CONTINUOUS
 62
     1
100
AcDbLine
 10
94.013636133
 20
41.707438646
 30
0.0
 11
93.777415661
 21
41.471218174
 31
0.0
  0
LINE
  5
BC7
330
1F
100
AcDbEntity
  8
SYSTEM_ANNOTATION
  6
CONTINUOUS
 62
     1
100
AcDbLine
 10
93.777415661
 20
30.167994688
 30
0.0
 11
93.777415661
 21
41.471218174
 31
0.0
  0
MTEXT
  5
BC8
330
1F
100
AcDbEntity
  8
SYSTEM_ANNOTATION
  6
CONTINUOUS
 62
     1
100
AcDbMText
 10
87.936886533
 20
37.392170666
 30
0.0
 40
1.238613333
 41
0.0
 71
     7
 72
     1
  1
\A1;2{\H0.70x;\S1#2;}
  7
ARIAL
  0
LINE
  5
BC9
330
1F
100
AcDbEntity
  8
SYSTEM_ANNOTATION
  6
CONTINUOUS
 62
     1
100
AcDbLine
 10
91.127415661
 20
21.167994688
 30
0.0
 11
91.127415661
 21
37.201614769
 31
0.0
  0
LINE
  5
BCA
330
1F
100
AcDbEntity
  8
SYSTEM_ANNOTATION
  6
CONTINUOUS
 62
     1
100
AcDbLine
 10
91.127415661
 20
37.201614769
 30
0.0
 11
87.936886533
 21
37.201614769
 31
0.0
  0
LINE
  5
BCB
330
1F
100
AcDbEntity
  8
SYSTEM_ANNOTATION
  6
CONTINUOUS
 62
     1
100
AcDbLine
 10
91.127415661
 20
37.201614769
 30
0.0
 11
90.891195188
 21
36.965394296
 31
0.0
  0
LINE
  5
BCC
330
1F
100
AcDbEntity
  8
SYSTEM_ANNOTATION
  6
CONTINUOUS
 62
     1
100
AcDbLine
 10
90.891195188
 20
36.965394296
 30
0.0
 11
91.363636133
 21
37.437835241
 31
0.0
  0
LINE
  5
BCD
330
1F
100
AcDbEntity
  8
SYSTEM_ANNOTATION
  6
CONTINUOUS
 62
     1
100
AcDbLine
 10
91.363636133
 20
37.437835241
 30
0.0
 11
91.127415661
 21
37.201614769
 31
0.0
  0
LINE
  5
BCE
330
1F
100
AcDbEntity
  8
SYSTEM_ANNOTATION
  6
CONTINUOUS
 62
     1
100
AcDbLine
 10
91.127415661
 20
37.201614769
 30
0.0
 11
93.627415661
 21
37.201614769
 31
0.0
  0
LINE
  5
BCF
330
1F
100
AcDbEntity
  8
SYSTEM_ANNOTATION
  6
CONTINUOUS
 62
     1
100
AcDbLine
 10
93.627415661
 20
37.201614769
 30
0.0
 11
93.391195188
 21
36.965394296
 31
0.0
  0
LINE
  5
BD0
330
1F
100
AcDbEntity
  8
SYSTEM_ANNOTATION
  6
CONTINUOUS
 62
     1
100
AcDbLine
 10
93.391195188
 20
36.965394296
 30
0.0
 11
93.863636133
 21
37.437835241
 31
0.0
  0
LINE
  5
BD1
330
1F
100
AcDbEntity
  8
SYSTEM_ANNOTATION
  6
CONTINUOUS
 62
     1
100
AcDbLine
 10
93.863636133
 20
37.437835241
 30
0.0
 11
93.627415661
 21
37.201614769
 31
0.0
  0
LINE
  5
BD2
330
1F
100
AcDbEntity
  8
SYSTEM_ANNOTATION
  6
CONTINUOUS
 62
     1
100
AcDbLine
 10
93.627415661
 20
28.917994688
 30
0.0
 11
93.627415661
 21
37.201614769
 31
0.0
  0
MTEXT
  5
BD3
330
1F
100
AcDbEntity
  8
SYSTEM_ANNOTATION
  6
CONTINUOUS
 62
     1
100
AcDbMText
 10
94.277415661
 20
37.392170666
 30
0.0
 40
1.238613333
 41
0.0
 71
     7
 72
     1
  1
\A1;{\H0.70x;\S1#8;}
  7
ARIAL
  0
LINE
  5
BD4
330
1F
100
AcDbEntity
  8
SYSTEM_ANNOTATION
  6
CONTINUOUS
 62
     1
100
AcDbLine
 10
93.777415661
 20
30.167994688
 30
0.0
 11
93.777415661
 21
36.138622643
 31
0.0
  0
LINE
  5
BD5
330
1F
100
AcDbEntity
  8
SYSTEM_ANNOTATION
  6
CONTINUOUS
 62
     1
100
AcDbLine
 10
93.777415661
 20
36.138622643
 30
0.0
 11
94.131746369
 21
36.492953352
 31
0.0
  0
LINE
  5
BD6
330
1F
100
AcDbEntity
  8
SYSTEM_ANNOTATION
  6
CONTINUOUS
 62
     1
100
AcDbLine
 10
94.131746369
 20
36.492953352
 30
0.0
 11
94.131746369
 21
37.201614769
 31
0.0
  0
LINE
  5
BD7
330
1F
100
AcDbEntity
  8
SYSTEM_ANNOTATION
  6
CONTINUOUS
 62
     1
100
AcDbLine
 10
94.131746369
 20
37.201614769
 30
0.0
 11
96.461203361
 21
37.201614769
 31
0.0
  0
LINE
  5
BD8
330
1F
100
AcDbEntity
  8
SYSTEM_ANNOTATION
  6
CONTINUOUS
 62
     1
100
AcDbLine
 10
94.131746369
 20
37.201614769
 30
0.0
 11
94.367966842
 21
37.437835241
 31
0.0
  0
LINE
  5
BD9
330
1F
100
AcDbEntity
  8
SYSTEM_ANNOTATION
  6
CONTINUOUS
 62
     1
100
AcDbLine
 10
94.367966842
 20
37.437835241
 30
0.0
 11
93.895525897
 21
36.965394296
 31
0.0
  0
LINE
  5
BDA
330
1F
100
AcDbEntity
  8
SYSTEM_ANNOTATION
  6
CONTINUOUS
 62
     1
100
AcDbLine
 10
93.895525897
 20
36.965394296
 30
0.0
 11
94.131746369
 21
37.201614769
 31
0.0
  0
LINE
  5
BDB
330
1F
100
AcDbEntity
  8
SYSTEM_ANNOTATION
  6
CONTINUOUS
 62
     1
100
AcDbLine
 10
94.131746369
 20
37.201614769
 30
0.0
 11
93.627415661
 21
37.201614769
 31
0.0
  0
LINE
  5
BDC
330
1F
100
AcDbEntity
  8
SYSTEM_ANNOTATION
  6
CONTINUOUS
 62
     1
100
AcDbLine
 10
93.627415661
 20
37.201614769
 30
0.0
 11
93.627415661
 21
37.201614769
 31
0.0
  0
LINE
  5
BDD
330
1F
100
AcDbEntity
  8
SYSTEM_ANNOTATION
  6
CONTINUOUS
 62
     1
100
AcDbLine
 10
93.627415661
 20
37.201614769
 30
0.0
 11
93.863636133
 21
37.437835241
 31
0.0
  0
LINE
  5
BDE
330
1F
100
AcDbEntity
  8
SYSTEM_ANNOTATION
  6
CONTINUOUS
 62
     1
100
AcDbLine
 10
93.863636133
 20
37.437835241
 30
0.0
 11
93.391195188
 21
36.965394296
 31
0.0
  0
LINE
  5
BDF
330
1F
100
AcDbEntity
  8
SYSTEM_ANNOTATION
  6
CONTINUOUS
 62
     1
100
AcDbLine
 10
93.391195188
 20
36.965394296
 30
0.0
 11
93.627415661
 21
37.201614769
 31
0.0
  0
LINE
  5
BE0
330
1F
100
AcDbEntity
  8
SYSTEM_ANNOTATION
  6
CONTINUOUS
 62
     1
100
AcDbLine
 10
93.627415661
 20
28.917994688
 30
0.0
 11
93.627415661
 21
37.201614769
 31
0.0
  0
TEXT
  5
BE1
330
1F
100
AcDbEntity
  8
SYSTEM_ANNOTATION
  6
CONTINUOUS
 62
     1
100
AcDbText
 10
103.682702636
 20
-18.134098773
 30
0.0
 40
1.238613333
  1
3
 50
90.0
 41
0.8
  7
ARIAL
100
AcDbText
  0
LINE
  5
BE2
330
1F
100
AcDbEntity
  8
SYSTEM_ANNOTATION
  6
CONTINUOUS
 62
     1
100
AcDbLine
 10
93.777415661
 20
-16.203562705
 30
0.0
 11
104.159092379
 21
-16.203562705
 31
0.0
  0
LINE
  5
BE3
330
1F
100
AcDbEntity
  8
SYSTEM_ANNOTATION
  6
CONTINUOUS
 62
     1
100
AcDbLine
 10
104.159092379
 20
-16.203562705
 30
0.0
 11
103.922871907
 21
-15.967342233
 31
0.0
  0
LINE
  5
BE4
330
1F
100
AcDbEntity
  8
SYSTEM_ANNOTATION
  6
CONTINUOUS
 62
     1
100
AcDbLine
 10
103.922871907
 20
-15.967342233
 30
0.0
 11
104.395312852
 21
-16.439783178
 31
0.0
  0
LINE
  5
BE5
330
1F
100
AcDbEntity
  8
SYSTEM_ANNOTATION
  6
CONTINUOUS
 62
     1
100
AcDbLine
 10
104.395312852
 20
-16.439783178
 30
0.0
 11
104.159092379
 21
-16.203562705
 31
0.0
  0
LINE
  5
BE6
330
1F
100
AcDbEntity
  8
SYSTEM_ANNOTATION
  6
CONTINUOUS
 62
     1
100
AcDbLine
 10
104.159092379
 20
-16.203562705
 30
0.0
 11
104.159092379
 21
-19.203562705
 31
0.0
  0
LINE
  5
BE7
330
1F
100
AcDbEntity
  8
SYSTEM_ANNOTATION
  6
CONTINUOUS
 62
     1
100
AcDbLine
 10
104.159092379
 20
-19.203562705
 30
0.0
 11
103.922871907
 21
-18.967342233
 31
0.0
  0
LINE
  5
BE8
330
1F
100
AcDbEntity
  8
SYSTEM_ANNOTATION
  6
CONTINUOUS
 62
     1
100
AcDbLine
 10
103.922871907
 20
-18.967342233
 30
0.0
 11
104.395312852
 21
-19.439783178
 31
0.0
  0
LINE
  5
BE9
330
1F
100
AcDbEntity
  8
SYSTEM_ANNOTATION
  6
CONTINUOUS
 62
     1
100
AcDbLine
 10
104.395312852
 20
-19.439783178
 30
0.0
 11
104.159092379
 21
-19.203562705
 31
0.0
  0
LINE
  5
BEA
330
1F
100
AcDbEntity
  8
SYSTEM_ANNOTATION
  6
CONTINUOUS
 62
     1
100
AcDbLine
 10
96.402415661
 20
-19.203562705
 30
0.0
 11
104.159092379
 21
-19.203562705
 31
0.0
  0
TEXT
  5
BEB
330
1F
100
AcDbEntity
  8
SYSTEM_ANNOTATION
  6
CONTINUOUS
 62
     1
100
AcDbText
 10
103.682702636
 20
-21.134098773
 30
0.0
 40
1.238613333
  1
3
 50
90.0
 41
0.8
  7
ARIAL
100
AcDbText
  0
LINE
  5
BEC
330
1F
100
AcDbEntity
  8
SYSTEM_ANNOTATION
  6
CONTINUOUS
 62
     1
100
AcDbLine
 10
96.402415661
 20
-19.203562705
 30
0.0
 11
104.159092379
 21
-19.203562705
 31
0.0
  0
LINE
  5
BED
330
1F
100
AcDbEntity
  8
SYSTEM_ANNOTATION
  6
CONTINUOUS
 62
     1
100
AcDbLine
 10
104.159092379
 20
-19.203562705
 30
0.0
 11
103.922871907
 21
-18.967342233
 31
0.0
  0
LINE
  5
BEE
330
1F
100
AcDbEntity
  8
SYSTEM_ANNOTATION
  6
CONTINUOUS
 62
     1
100
AcDbLine
 10
103.922871907
 20
-18.967342233
 30
0.0
 11
104.395312852
 21
-19.439783178
 31
0.0
  0
LINE
  5
BEF
330
1F
100
AcDbEntity
  8
SYSTEM_ANNOTATION
  6
CONTINUOUS
 62
     1
100
AcDbLine
 10
104.395312852
 20
-19.439783178
 30
0.0
 11
104.159092379
 21
-19.203562705
 31
0.0
  0
LINE
  5
BF0
330
1F
100
AcDbEntity
  8
SYSTEM_ANNOTATION
  6
CONTINUOUS
 62
     1
100
AcDbLine
 10
104.159092379
 20
-19.203562705
 30
0.0
 11
104.159092379
 21
-22.203562705
 31
0.0
  0
LINE
  5
BF1
330
1F
100
AcDbEntity
  8
SYSTEM_ANNOTATION
  6
CONTINUOUS
 62
     1
100
AcDbLine
 10
104.159092379
 20
-22.203562705
 30
0.0
 11
103.922871907
 21
-21.967342233
 31
0.0
  0
LINE
  5
BF2
330
1F
100
AcDbEntity
  8
SYSTEM_ANNOTATION
  6
CONTINUOUS
 62
     1
100
AcDbLine
 10
103.922871907
 20
-21.967342233
 30
0.0
 11
104.395312852
 21
-22.439783178
 31
0.0
  0
LINE
  5
BF3
330
1F
100
AcDbEntity
  8
SYSTEM_ANNOTATION
  6
CONTINUOUS
 62
     1
100
AcDbLine
 10
104.395312852
 20
-22.439783178
 30
0.0
 11
104.159092379
 21
-22.203562705
 31
0.0
  0
LINE
  5
BF4
330
1F
100
AcDbEntity
  8
SYSTEM_ANNOTATION
  6
CONTINUOUS
 62
     1
100
AcDbLine
 10
96.402415661
 20
-22.203562705
 30
0.0
 11
104.159092379
 21
-22.203562705
 31
0.0
  0
TEXT
  5
BF5
330
1F
100
AcDbEntity
  8
SYSTEM_ANNOTATION
  6
CONTINUOUS
 62
     1
100
AcDbText
 10
103.682702636
 20
-24.134098773
 30
0.0
 40
1.238613333
  1
3
 50
90.0
 41
0.8
  7
ARIAL
100
AcDbText
  0
LINE
  5
BF6
330
1F
100
AcDbEntity
  8
SYSTEM_ANNOTATION
  6
CONTINUOUS
 62
     1
100
AcDbLine
 10
96.402415661
 20
-22.203562705
 30
0.0
 11
104.159092379
 21
-22.203562705
 31
0.0
  0
LINE
  5
BF7
330
1F
100
AcDbEntity
  8
SYSTEM_ANNOTATION
  6
CONTINUOUS
 62
     1
100
AcDbLine
 10
104.159092379
 20
-22.203562705
 30
0.0
 11
103.922871907
 21
-21.967342233
 31
0.0
  0
LINE
  5
BF8
330
1F
100
AcDbEntity
  8
SYSTEM_ANNOTATION
  6
CONTINUOUS
 62
     1
100
AcDbLine
 10
103.922871907
 20
-21.967342233
 30
0.0
 11
104.395312852
 21
-22.439783178
 31
0.0
  0
LINE
  5
BF9
330
1F
100
AcDbEntity
  8
SYSTEM_ANNOTATION
  6
CONTINUOUS
 62
     1
100
AcDbLine
 10
104.395312852
 20
-22.439783178
 30
0.0
 11
104.159092379
 21
-22.203562705
 31
0.0
  0
LINE
  5
BFA
330
1F
100
AcDbEntity
  8
SYSTEM_ANNOTATION
  6
CONTINUOUS
 62
     1
100
AcDbLine
 10
104.159092379
 20
-22.203562705
 30
0.0
 11
104.159092379
 21
-25.203562705
 31
0.0
  0
LINE
  5
BFB
330
1F
100
AcDbEntity
  8
SYSTEM_ANNOTATION
  6
CONTINUOUS
 62
     1
100
AcDbLine
 10
104.159092379
 20
-25.203562705
 30
0.0
 11
103.922871907
 21
-24.967342233
 31
0.0
  0
LINE
  5
BFC
330
1F
100
AcDbEntity
  8
SYSTEM_ANNOTATION
  6
CONTINUOUS
 62
     1
100
AcDbLine
 10
103.922871907
 20
-24.967342233
 30
0.0
 11
104.395312852
 21
-25.439783178
 31
0.0
  0
LINE
  5
BFD
330
1F
100
AcDbEntity
  8
SYSTEM_ANNOTATION
  6
CONTINUOUS
 62
     1
100
AcDbLine
 10
104.395312852
 20
-25.439783178
 30
0.0
 11
104.159092379
 21
-25.203562705
 31
0.0
  0
LINE
  5
BFE
330
1F
100
AcDbEntity
  8
SYSTEM_ANNOTATION
  6
CONTINUOUS
 62
     1
100
AcDbLine
 10
96.402415661
 20
-25.203562705
 30
0.0
 11
104.159092379
 21
-25.203562705
 31
0.0
  0
TEXT
  5
BFF
330
1F
100
AcDbEntity
  8
SYSTEM_ANNOTATION
  6
CONTINUOUS
 62
     1
100
AcDbText
 10
103.682702636
 20
-27.134098773
 30
0.0
 40
1.238613333
  1
3
 50
90.0
 41
0.8
  7
ARIAL
100
AcDbText
  0
LINE
  5
C00
330
1F
100
AcDbEntity
  8
SYSTEM_ANNOTATION
  6
CONTINUOUS
 62
     1
100
AcDbLine
 10
96.402415661
 20
-25.203562705
 30
0.0
 11
104.159092379
 21
-25.203562705
 31
0.0
  0
LINE
  5
C01
330
1F
100
AcDbEntity
  8
SYSTEM_ANNOTATION
  6
CONTINUOUS
 62
     1
100
AcDbLine
 10
104.159092379
 20
-25.203562705
 30
0.0
 11
103.922871907
 21
-24.967342233
 31
0.0
  0
LINE
  5
C02
330
1F
100
AcDbEntity
  8
SYSTEM_ANNOTATION
  6
CONTINUOUS
 62
     1
100
AcDbLine
 10
103.922871907
 20
-24.967342233
 30
0.0
 11
104.395312852
 21
-25.439783178
 31
0.0
  0
LINE
  5
C03
330
1F
100
AcDbEntity
  8
SYSTEM_ANNOTATION
  6
CONTINUOUS
 62
     1
100
AcDbLine
 10
104.395312852
 20
-25.439783178
 30
0.0
 11
104.159092379
 21
-25.203562705
 31
0.0
  0
LINE
  5
C04
330
1F
100
AcDbEntity
  8
SYSTEM_ANNOTATION
  6
CONTINUOUS
 62
     1
100
AcDbLine
 10
104.159092379
 20
-25.203562705
 30
0.0
 11
104.159092379
 21
-28.203562705
 31
0.0
  0
LINE
  5
C05
330
1F
100
AcDbEntity
  8
SYSTEM_ANNOTATION
  6
CONTINUOUS
 62
     1
100
AcDbLine
 10
104.159092379
 20
-28.203562705
 30
0.0
 11
103.922871907
 21
-27.967342233
 31
0.0
  0
LINE
  5
C06
330
1F
100
AcDbEntity
  8
SYSTEM_ANNOTATION
  6
CONTINUOUS
 62
     1
100
AcDbLine
 10
103.922871907
 20
-27.967342233
 30
0.0
 11
104.395312852
 21
-28.439783178
 31
0.0
  0
LINE
  5
C07
330
1F
100
AcDbEntity
  8
SYSTEM_ANNOTATION
  6
CONTINUOUS
 62
     1
100
AcDbLine
 10
104.395312852
 20
-28.439783178
 30
0.0
 11
104.159092379
 21
-28.203562705
 31
0.0
  0
LINE
  5
C08
330
1F
100
AcDbEntity
  8
SYSTEM_ANNOTATION
  6
CONTINUOUS
 62
     1
100
AcDbLine
 10
96.402415661
 20
-28.203562705
 30
0.0
 11
104.159092379
 21
-28.203562705
 31
0.0
  0
TEXT
  5
C09
330
1F
100
AcDbEntity
  8
SYSTEM_ANNOTATION
  6
CONTINUOUS
 62
     1
100
AcDbText
 10
103.682702636
 20
-30.134098773
 30
0.0
 40
1.238613333
  1
3
 50
90.0
 41
0.8
  7
ARIAL
100
AcDbText
  0
LINE
  5
C0A
330
1F
100
AcDbEntity
  8
SYSTEM_ANNOTATION
  6
CONTINUOUS
 62
     1
100
AcDbLine
 10
96.402415661
 20
-28.203562705
 30
0.0
 11
104.159092379
 21
-28.203562705
 31
0.0
  0
LINE
  5
C0B
330
1F
100
AcDbEntity
  8
SYSTEM_ANNOTATION
  6
CONTINUOUS
 62
     1
100
AcDbLine
 10
104.159092379
 20
-28.203562705
 30
0.0
 11
103.922871907
 21
-27.967342233
 31
0.0
  0
LINE
  5
C0C
330
1F
100
AcDbEntity
  8
SYSTEM_ANNOTATION
  6
CONTINUOUS
 62
     1
100
AcDbLine
 10
103.922871907
 20
-27.967342233
 30
0.0
 11
104.395312852
 21
-28.439783178
 31
0.0
  0
LINE
  5
C0D
330
1F
100
AcDbEntity
  8
SYSTEM_ANNOTATION
  6
CONTINUOUS
 62
     1
100
AcDbLine
 10
104.395312852
 20
-28.439783178
 30
0.0
 11
104.159092379
 21
-28.203562705
 31
0.0
  0
LINE
  5
C0E
330
1F
100
AcDbEntity
  8
SYSTEM_ANNOTATION
  6
CONTINUOUS
 62
     1
100
AcDbLine
 10
104.159092379
 20
-28.203562705
 30
0.0
 11
104.159092379
 21
-31.203562705
 31
0.0
  0
LINE
  5
C0F
330
1F
100
AcDbEntity
  8
SYSTEM_ANNOTATION
  6
CONTINUOUS
 62
     1
100
AcDbLine
 10
104.159092379
 20
-31.203562705
 30
0.0
 11
103.922871907
 21
-30.967342233
 31
0.0
  0
LINE
  5
C10
330
1F
100
AcDbEntity
  8
SYSTEM_ANNOTATION
  6
CONTINUOUS
 62
     1
100
AcDbLine
 10
103.922871907
 20
-30.967342233
 30
0.0
 11
104.395312852
 21
-31.439783178
 31
0.0
  0
LINE
  5
C11
330
1F
100
AcDbEntity
  8
SYSTEM_ANNOTATION
  6
CONTINUOUS
 62
     1
100
AcDbLine
 10
104.395312852
 20
-31.439783178
 30
0.0
 11
104.159092379
 21
-31.203562705
 31
0.0
  0
LINE
  5
C12
330
1F
100
AcDbEntity
  8
SYSTEM_ANNOTATION
  6
CONTINUOUS
 62
     1
100
AcDbLine
 10
96.402415661
 20
-31.203562705
 30
0.0
 11
104.159092379
 21
-31.203562705
 31
0.0
  0
MTEXT
  5
C13
330
1F
100
AcDbEntity
  8
SYSTEM_ANNOTATION
  6
CONTINUOUS
 62
     1
100
AcDbMText
 10
90.62311357
 20
-3.224474783
 30
0.0
 40
1.238613333
 41
0.0
 71
     7
 72
     1
  1
\A1;2{\H0.70x;\S5#8;}
  7
ARIAL
  0
LINE
  5
C14
330
1F
100
AcDbEntity
  8
SYSTEM_ANNOTATION
  6
CONTINUOUS
 62
     1
100
AcDbLine
 10
93.777415661
 20
-16.203562705
 30
0.0
 11
93.777415661
 21
-3.415030681
 31
0.0
  0
LINE
  5
C15
330
1F
100
AcDbEntity
  8
SYSTEM_ANNOTATION
  6
CONTINUOUS
 62
     1
100
AcDbLine
 10
93.777415661
 20
-3.415030681
 30
0.0
 11
90.62311357
 21
-3.415030681
 31
0.0
  0
LINE
  5
C16
330
1F
100
AcDbEntity
  8
SYSTEM_ANNOTATION
  6
CONTINUOUS
 62
     1
100
AcDbLine
 10
93.777415661
 20
-3.415030681
 30
0.0
 11
93.541195188
 21
-3.651251153
 31
0.0
  0
LINE
  5
C17
330
1F
100
AcDbEntity
  8
SYSTEM_ANNOTATION
  6
CONTINUOUS
 62
     1
100
AcDbLine
 10
93.541195188
 20
-3.651251153
 30
0.0
 11
94.013636133
 21
-3.178810208
 31
0.0
  0
LINE
  5
C18
330
1F
100
AcDbEntity
  8
SYSTEM_ANNOTATION
  6
CONTINUOUS
 62
     1
100
AcDbLine
 10
94.013636133
 20
-3.178810208
 30
0.0
 11
93.777415661
 21
-3.415030681
 31
0.0
  0
LINE
  5
C19
330
1F
100
AcDbEntity
  8
SYSTEM_ANNOTATION
  6
CONTINUOUS
 62
     1
100
AcDbLine
 10
93.777415661
 20
-3.415030681
 30
0.0
 11
96.402415661
 21
-3.415030681
 31
0.0
  0
LINE
  5
C1A
330
1F
100
AcDbEntity
  8
SYSTEM_ANNOTATION
  6
CONTINUOUS
 62
     1
100
AcDbLine
 10
96.402415661
 20
-3.415030681
 30
0.0
 11
96.166195188
 21
-3.651251153
 31
0.0
  0
LINE
  5
C1B
330
1F
100
AcDbEntity
  8
SYSTEM_ANNOTATION
  6
CONTINUOUS
 62
     1
100
AcDbLine
 10
96.166195188
 20
-3.651251153
 30
0.0
 11
96.638636133
 21
-3.178810208
 31
0.0
  0
LINE
  5
C1C
330
1F
100
AcDbEntity
  8
SYSTEM_ANNOTATION
  6
CONTINUOUS
 62
     1
100
AcDbLine
 10
96.638636133
 20
-3.178810208
 30
0.0
 11
96.402415661
 21
-3.415030681
 31
0.0
  0
LINE
  5
C1D
330
1F
100
AcDbEntity
  8
SYSTEM_ANNOTATION
  6
CONTINUOUS
 62
     1
100
AcDbLine
 10
96.402415661
 20
-31.203562705
 30
0.0
 11
96.402415661
 21
-3.415030681
 31
0.0
  0
MTEXT
  5
C1E
330
1F
100
AcDbEntity
  8
SYSTEM_ANNOTATION
  6
CONTINUOUS
 62
     1
100
AcDbMText
 10
91.266823481
 20
-7.386745159
 30
0.0
 40
1.238613333
 41
0.0
 71
     7
 72
     1
  1
\A1;{\H0.70x;\S1#8;}
  7
ARIAL
  0
LINE
  5
C1F
330
1F
100
AcDbEntity
  8
SYSTEM_ANNOTATION
  6
CONTINUOUS
 62
     1
100
AcDbLine
 10
93.777415661
 20
-16.203562705
 30
0.0
 11
93.777415661
 21
-8.640293182
 31
0.0
  0
LINE
  5
C20
330
1F
100
AcDbEntity
  8
SYSTEM_ANNOTATION
  6
CONTINUOUS
 62
     1
100
AcDbLine
 10
93.777415661
 20
-8.640293182
 30
0.0
 11
93.423084952
 21
-8.285962474
 31
0.0
  0
LINE
  5
C21
330
1F
100
AcDbEntity
  8
SYSTEM_ANNOTATION
  6
CONTINUOUS
 62
     1
100
AcDbLine
 10
93.423084952
 20
-8.285962474
 30
0.0
 11
93.423084952
 21
-7.577301056
 31
0.0
  0
LINE
  5
C22
330
1F
100
AcDbEntity
  8
SYSTEM_ANNOTATION
  6
CONTINUOUS
 62
     1
100
AcDbLine
 10
93.423084952
 20
-7.577301056
 30
0.0
 11
90.912492772
 21
-7.577301056
 31
0.0
  0
LINE
  5
C23
330
1F
100
AcDbEntity
  8
SYSTEM_ANNOTATION
  6
CONTINUOUS
 62
     1
100
AcDbLine
 10
93.423084952
 20
-7.577301056
 30
0.0
 11
93.186864479
 21
-7.813521529
 31
0.0
  0
LINE
  5
C24
330
1F
100
AcDbEntity
  8
SYSTEM_ANNOTATION
  6
CONTINUOUS
 62
     1
100
AcDbLine
 10
93.186864479
 20
-7.813521529
 30
0.0
 11
93.659305424
 21
-7.341080584
 31
0.0
  0
LINE
  5
C25
330
1F
100
AcDbEntity
  8
SYSTEM_ANNOTATION
  6
CONTINUOUS
 62
     1
100
AcDbLine
 10
93.659305424
 20
-7.341080584
 30
0.0
 11
93.423084952
 21
-7.577301056
 31
0.0
  0
LINE
  5
C26
330
1F
100
AcDbEntity
  8
SYSTEM_ANNOTATION
  6
CONTINUOUS
 62
     1
100
AcDbLine
 10
93.423084952
 20
-7.577301056
 30
0.0
 11
93.927415661
 21
-7.577301056
 31
0.0
  0
LINE
  5
C27
330
1F
100
AcDbEntity
  8
SYSTEM_ANNOTATION
  6
CONTINUOUS
 62
     1
100
AcDbLine
 10
93.927415661
 20
-7.577301056
 30
0.0
 11
93.927415661
 21
-7.577301056
 31
0.0
  0
LINE
  5
C28
330
1F
100
AcDbEntity
  8
SYSTEM_ANNOTATION
  6
CONTINUOUS
 62
     1
100
AcDbLine
 10
93.927415661
 20
-7.577301056
 30
0.0
 11
93.691195188
 21
-7.813521529
 31
0.0
  0
LINE
  5
C29
330
1F
100
AcDbEntity
  8
SYSTEM_ANNOTATION
  6
CONTINUOUS
 62
     1
100
AcDbLine
 10
93.691195188
 20
-7.813521529
 30
0.0
 11
94.163636133
 21
-7.341080584
 31
0.0
  0
LINE
  5
C2A
330
1F
100
AcDbEntity
  8
SYSTEM_ANNOTATION
  6
CONTINUOUS
 62
     1
100
AcDbLine
 10
94.163636133
 20
-7.341080584
 30
0.0
 11
93.927415661
 21
-7.577301056
 31
0.0
  0
LINE
  5
C2B
330
1F
100
AcDbEntity
  8
SYSTEM_ANNOTATION
  6
CONTINUOUS
 62
     1
100
AcDbLine
 10
93.927415661
 20
-17.453562705
 30
0.0
 11
93.927415661
 21
-7.577301056
 31
0.0
  0
MTEXT
  5
C2C
330
1F
100
AcDbEntity
  8
SYSTEM_ANNOTATION
  6
CONTINUOUS
 62
     1
100
AcDbMText
 10
96.902415661
 20
-7.386745159
 30
0.0
 40
1.238613333
 41
0.0
 71
     7
 72
     1
  1
\A1;2{\H0.70x;\S1#2;}
  7
ARIAL
  0
LINE
  5
C2D
330
1F
100
AcDbEntity
  8
SYSTEM_ANNOTATION
  6
CONTINUOUS
 62
     1
100
AcDbLine
 10
96.402415661
 20
-31.203562705
 30
0.0
 11
96.402415661
 21
-7.577301056
 31
0.0
  0
LINE
  5
C2E
330
1F
100
AcDbEntity
  8
SYSTEM_ANNOTATION
  6
CONTINUOUS
 62
     1
100
AcDbLine
 10
96.402415661
 20
-7.577301056
 30
0.0
 11
99.592944788
 21
-7.577301056
 31
0.0
  0
LINE
  5
C2F
330
1F
100
AcDbEntity
  8
SYSTEM_ANNOTATION
  6
CONTINUOUS
 62
     1
100
AcDbLine
 10
96.402415661
 20
-7.577301056
 30
0.0
 11
96.638636133
 21
-7.341080584
 31
0.0
  0
LINE
  5
C30
330
1F
100
AcDbEntity
  8
SYSTEM_ANNOTATION
  6
CONTINUOUS
 62
     1
100
AcDbLine
 10
96.638636133
 20
-7.341080584
 30
0.0
 11
96.166195188
 21
-7.813521529
 31
0.0
  0
LINE
  5
C31
330
1F
100
AcDbEntity
  8
SYSTEM_ANNOTATION
  6
CONTINUOUS
 62
     1
100
AcDbLine
 10
96.166195188
 20
-7.813521529
 30
0.0
 11
96.402415661
 21
-7.577301056
 31
0.0
  0
LINE
  5
C32
330
1F
100
AcDbEntity
  8
SYSTEM_ANNOTATION
  6
CONTINUOUS
 62
     1
100
AcDbLine
 10
96.402415661
 20
-7.577301056
 30
0.0
 11
93.927415661
 21
-7.577301056
 31
0.0
  0
LINE
  5
C33
330
1F
100
AcDbEntity
  8
SYSTEM_ANNOTATION
  6
CONTINUOUS
 62
     1
100
AcDbLine
 10
93.927415661
 20
-7.577301056
 30
0.0
 11
94.163636133
 21
-7.341080584
 31
0.0
  0
LINE
  5
C34
330
1F
100
AcDbEntity
  8
SYSTEM_ANNOTATION
  6
CONTINUOUS
 62
     1
100
AcDbLine
 10
94.163636133
 20
-7.341080584
 30
0.0
 11
93.691195188
 21
-7.813521529
 31
0.0
  0
LINE
  5
C35
330
1F
100
AcDbEntity
  8
SYSTEM_ANNOTATION
  6
CONTINUOUS
 62
     1
100
AcDbLine
 10
93.691195188
 20
-7.813521529
 30
0.0
 11
93.927415661
 21
-7.577301056
 31
0.0
  0
LINE
  5
C36
330
1F
100
AcDbEntity
  8
SYSTEM_ANNOTATION
  6
CONTINUOUS
 62
     1
100
AcDbLine
 10
93.927415661
 20
-17.453562705
 30
0.0
 11
93.927415661
 21
-7.577301056
 31
0.0
  0
MTEXT
  5
C37
330
1F
100
AcDbEntity
  8
SYSTEM_ANNOTATION
  6
CONTINUOUS
 62
     1
100
AcDbMText
 10
1.796001043
 20
23.927146934
 30
0.0
 40
1.238613333
 41
0.0
 71
     7
 72
     1
  1
\A1;1{\H0.70x;\S1#2;}
  7
ARIAL
 11
6.123031769111886E-17
 21
1.0
 31
0.0
  0
LINE
  5
C38
330
1F
100
AcDbEntity
  8
SYSTEM_ANNOTATION
  6
CONTINUOUS
 62
     1
100
AcDbLine
 10
36.0625
 20
27.238572266
 30
0.0
 11
1.98655694
 21
27.238572266
 31
0.0
  0
LINE
  5
C39
330
1F
100
AcDbEntity
  8
SYSTEM_ANNOTATION
  6
CONTINUOUS
 62
     1
100
AcDbLine
 10
1.98655694
 20
27.238572266
 30
0.0
 11
1.98655694
 21
23.927146934
 31
0.0
  0
LINE
  5
C3A
330
1F
100
AcDbEntity
  8
SYSTEM_ANNOTATION
  6
CONTINUOUS
 62
     1
100
AcDbLine
 10
1.98655694
 20
27.238572266
 30
0.0
 11
2.222777413
 21
27.002351793
 31
0.0
  0
LINE
  5
C3B
330
1F
100
AcDbEntity
  8
SYSTEM_ANNOTATION
  6
CONTINUOUS
 62
     1
100
AcDbLine
 10
2.222777413
 20
27.002351793
 30
0.0
 11
1.750336468
 21
27.474792738
 31
0.0
  0
LINE
  5
C3C
330
1F
100
AcDbEntity
  8
SYSTEM_ANNOTATION
  6
CONTINUOUS
 62
     1
100
AcDbLine
 10
1.750336468
 20
27.474792738
 30
0.0
 11
1.98655694
 21
27.238572266
 31
0.0
  0
LINE
  5
C3D
330
1F
100
AcDbEntity
  8
SYSTEM_ANNOTATION
  6
CONTINUOUS
 62
     1
100
AcDbLine
 10
1.98655694
 20
27.238572266
 30
0.0
 11
1.98655694
 21
28.738572266
 31
0.0
  0
LINE
  5
C3E
330
1F
100
AcDbEntity
  8
SYSTEM_ANNOTATION
  6
CONTINUOUS
 62
     1
100
AcDbLine
 10
1.98655694
 20
28.738572266
 30
0.0
 11
1.98655694
 21
28.738572266
 31
0.0
  0
LINE
  5
C3F
330
1F
100
AcDbEntity
  8
SYSTEM_ANNOTATION
  6
CONTINUOUS
 62
     1
100
AcDbLine
 10
1.98655694
 20
28.738572266
 30
0.0
 11
2.222777413
 21
28.502351793
 31
0.0
  0
LINE
  5
C40
330
1F
100
AcDbEntity
  8
SYSTEM_ANNOTATION
  6
CONTINUOUS
 62
     1
100
AcDbLine
 10
2.222777413
 20
28.502351793
 30
0.0
 11
1.750336468
 21
28.974792738
 31
0.0
  0
LINE
  5
C41
330
1F
100
AcDbEntity
  8
SYSTEM_ANNOTATION
  6
CONTINUOUS
 62
     1
100
AcDbLine
 10
1.750336468
 20
28.974792738
 30
0.0
 11
1.98655694
 21
28.738572266
 31
0.0
  0
LINE
  5
C42
330
1F
100
AcDbEntity
  8
SYSTEM_ANNOTATION
  6
CONTINUOUS
 62
     1
100
AcDbLine
 10
15.5
 20
28.738572266
 30
0.0
 11
1.98655694
 21
28.738572266
 31
0.0
  0
MTEXT
  5
C43
330
1F
100
AcDbEntity
  8
SYSTEM_ANNOTATION
  6
CONTINUOUS
 62
     1
100
AcDbMText
 10
21.959444103
 20
35.384655212
 30
0.0
 40
1.238613333
 41
0.0
 71
     7
 72
     1
  1
\A1;4-4{\H0.70x;\S5#8;}
  7
ARIAL
 11
6.123031769111886E-17
 21
1.0
 31
0.0
  0
LINE
  5
C44
330
1F
100
AcDbEntity
  8
SYSTEM_ANNOTATION
  6
CONTINUOUS
 62
     1
100
AcDbLine
 10
22.15
 20
33.138572266
 30
0.0
 11
22.15
 21
35.384655212
 31
0.0
  0
LINE
  5
C45
330
1F
100
AcDbEntity
  8
SYSTEM_ANNOTATION
  6
CONTINUOUS
 62
     1
100
AcDbLine
 10
22.15
 20
39.451841371
 30
0.0
 11
22.15
 21
39.451841371
 31
0.0
  0
LINE
  5
C46
330
1F
100
AcDbEntity
  8
SYSTEM_ANNOTATION
  6
CONTINUOUS
 62
     1
100
AcDbLine
 10
22.15
 20
39.451841371
 30
0.0
 11
22.15
 21
35.384655212
 31
0.0
  0
MTEXT
  5
C47
330
1F
100
AcDbEntity
  8
SYSTEM_ANNOTATION
  6
CONTINUOUS
 62
     1
100
AcDbMText
 10
9.464029362
 20
50.667700429
 30
0.0
 40
1.238613333
 41
0.0
 71
     7
 72
     1
  1
\A1;(1-W18x35x10-3{\H0.70x;\S11#16;})  A992  10-4{\H0.70x;\S11#16;}  (P/P 10-10)
  7
ARIAL
  0
LINE
  5
C48
330
1F
100
AcDbEntity
  8
SYSTEM_ANNOTATION
  6
CONTINUOUS
 62
     1
100
AcDbLine
 10
5.0
 20
-9.0
 30
0.0
 11
5.0
 21
50.477144531
 31
0.0
  0
LINE
  5
C49
330
1F
100
AcDbEntity
  8
SYSTEM_ANNOTATION
  6
CONTINUOUS
 62
     1
100
AcDbLine
 10
5.0
 20
50.477144531
 30
0.0
 11
4.763779528
 21
50.240924059
 31
0.0
  0
LINE
  5
C4A
330
1F
100
AcDbEntity
  8
SYSTEM_ANNOTATION
  6
CONTINUOUS
 62
     1
100
AcDbLine
 10
4.763779528
 20
50.240924059
 30
0.0
 11
5.236220472
 21
50.713365004
 31
0.0
  0
LINE
  5
C4B
330
1F
100
AcDbEntity
  8
SYSTEM_ANNOTATION
  6
CONTINUOUS
 62
     1
100
AcDbLine
 10
5.236220472
 20
50.713365004
 30
0.0
 11
5.0
 21
50.477144531
 31
0.0
  0
LINE
  5
C4C
330
1F
100
AcDbEntity
  8
SYSTEM_ANNOTATION
  6
CONTINUOUS
 62
     1
100
AcDbLine
 10
5.0
 20
50.477144531
 30
0.0
 11
49.6875
 21
50.477144531
 31
0.0
  0
LINE
  5
C4D
330
1F
100
AcDbEntity
  8
SYSTEM_ANNOTATION
  6
CONTINUOUS
 62
     1
100
AcDbLine
 10
49.6875
 20
50.477144531
 30
0.0
 11
49.451279528
 21
50.240924059
 31
0.0
  0
LINE
  5
C4E
330
1F
100
AcDbEntity
  8
SYSTEM_ANNOTATION
  6
CONTINUOUS
 62
     1
100
AcDbLine
 10
49.451279528
 20
50.240924059
 30
0.0
 11
49.923720472
 21
50.713365004
 31
0.0
  0
LINE
  5
C4F
330
1F
100
AcDbEntity
  8
SYSTEM_ANNOTATION
  6
CONTINUOUS
 62
     1
100
AcDbLine
 10
49.923720472
 20
50.713365004
 30
0.0
 11
49.6875
 21
50.477144531
 31
0.0
  0
LINE
  5
C50
330
1F
100
AcDbEntity
  8
SYSTEM_ANNOTATION
  6
CONTINUOUS
 62
     1
100
AcDbLine
 10
49.6875
 20
-9.0
 30
0.0
 11
49.6875
 21
50.477144531
 31
0.0
  0
LINE
  5
C51
330
1F
100
AcDbEntity
  8
SYSTEM_ANNOTATION
  6
CONTINUOUS
 62
     1
100
AcDbLine
 10
88.727713646
 20
10.764811127
 30
0.0
 11
79.438113646
 21
10.764811127
 31
0.0
  0
LINE
  5
C52
330
1F
100
AcDbEntity
  8
SYSTEM_ANNOTATION
  6
CONTINUOUS
 62
     1
100
AcDbLine
 10
84.663513646
 20
10.764811127
 30
0.0
 11
84.663513646
 21
8.442411127
 31
0.0
  0
LINE
  5
C53
330
1F
100
AcDbEntity
  8
SYSTEM_ANNOTATION
  6
CONTINUOUS
 62
     1
100
AcDbLine
 10
84.663513646
 20
8.442411127
 30
0.0
 11
86.985913646
 21
10.764811127
 31
0.0
  0
LINE
  5
C54
330
1F
100
AcDbEntity
  8
SYSTEM_ANNOTATION
  6
CONTINUOUS
 62
     1
100
AcDbLine
 10
84.663513646
 20
10.764811127
 30
0.0
 11
84.663513646
 21
13.087211127
 31
0.0
  0
LINE
  5
C55
330
1F
100
AcDbEntity
  8
SYSTEM_ANNOTATION
  6
CONTINUOUS
 62
     1
100
AcDbLine
 10
84.663513646
 20
13.087211127
 30
0.0
 11
86.985913646
 21
10.764811127
 31
0.0
  0
MTEXT
  5
C56
330
1F
100
AcDbEntity
  8
SYSTEM_ANNOTATION
  6
CONTINUOUS
 62
     1
100
AcDbMText
 10
84.082913646
 20
10.723127025
 30
0.0
 40
1.238613333
 41
0.0
 71
     3
 72
     1
  1
\A1;{\H0.70x;\S1#4;}
  7
ARIAL
  0
MTEXT
  5
C57
330
1F
100
AcDbEntity
  8
SYSTEM_ANNOTATION
  6
CONTINUOUS
 62
     1
100
AcDbMText
 10
84.082913646
 20
11.477907025
 30
0.0
 40
1.238613333
 41
0.0
 71
     9
 72
     1
  1
\A1;{\H0.70x;\S1#4;}
  7
ARIAL
  0
LINE
  5
C58
330
1F
100
AcDbEntity
  8
SYSTEM_ANNOTATION
  6
CONTINUOUS
 62
     1
100
AcDbLine
 10
96.943886493
 20
-36.4963554
 30
0.0
 11
106.233486493
 21
-36.4963554
 31
0.0
  0
LINE
  5
C59
330
1F
100
AcDbEntity
  8
SYSTEM_ANNOTATION
  6
CONTINUOUS
 62
     1
100
AcDbLine
 10
102.169286493
 20
-36.4963554
 30
0.0
 11
102.169286493
 21
-38.8187554
 31
0.0
  0
LINE
  5
C5A
330
1F
100
AcDbEntity
  8
SYSTEM_ANNOTATION
  6
CONTINUOUS
 62
     1
100
AcDbLine
 10
102.169286493
 20
-38.8187554
 30
0.0
 11
104.491686493
 21
-36.4963554
 31
0.0
  0
LINE
  5
C5B
330
1F
100
AcDbEntity
  8
SYSTEM_ANNOTATION
  6
CONTINUOUS
 62
     1
100
AcDbLine
 10
102.169286493
 20
-36.4963554
 30
0.0
 11
102.169286493
 21
-34.1739554
 31
0.0
  0
LINE
  5
C5C
330
1F
100
AcDbEntity
  8
SYSTEM_ANNOTATION
  6
CONTINUOUS
 62
     1
100
AcDbLine
 10
102.169286493
 20
-34.1739554
 30
0.0
 11
104.491686493
 21
-36.4963554
 31
0.0
  0
MTEXT
  5
C5D
330
1F
100
AcDbEntity
  8
SYSTEM_ANNOTATION
  6
CONTINUOUS
 62
     1
100
AcDbMText
 10
101.588686493
 20
-36.538039503
 30
0.0
 40
1.238613333
 41
0.0
 71
     3
 72
     1
  1
\A1;{\H0.70x;\S1#4;}
  7
ARIAL
  0
MTEXT
  5
C5E
330
1F
100
AcDbEntity
  8
SYSTEM_ANNOTATION
  6
CONTINUOUS
 62
     1
100
AcDbMText
 10
101.588686493
 20
-35.783259503
 30
0.0
 40
1.238613333
 41
0.0
 71
     9
 72
     1
  1
\A1;{\H0.70x;\S1#4;}
  7
ARIAL
  0
MTEXT
  5
C5F
330
1F
100
AcDbEntity
  8
SYSTEM_ANNOTATION
  6
CONTINUOUS
 62
     1
100
AcDbMText
 10
-9.190555897
 20
-8.5
 30
0.0
 40
1.238613333
 41
0.0
 71
     7
 72
     1
  1
\A1;Wp EL 131-5{\H0.70x;\S3#4;}
  7
ARIAL
 11
6.123031769111886E-17
 21
1.0
 31
0.0
  0
TEXT
  5
C60
330
1F
100
AcDbEntity
  8
SYSTEM_ANNOTATION
  6
CONTINUOUS
 62
     3
100
AcDbText
 10
21.548952978
 20
-3.747215385
 30
0.0
 40
1.85792
  1
A
  7
ARIAL
100
AcDbText
  0
TEXT
  5
C61
330
1F
100
AcDbEntity
  8
SYSTEM_ANNOTATION
  6
CONTINUOUS
 62
     3
100
AcDbText
 10
21.548952978
 20
-34.007215385
 30
0.0
 40
1.85792
  1
A
  7
ARIAL
100
AcDbText
  0
TEXT
  5
C62
330
1F
100
AcDbEntity
  8
SYSTEM_ANNOTATION
  6
CONTINUOUS
 62
     3
100
AcDbText
 10
27.523660238
 20
-3.747215385
 30
0.0
 40
1.85792
  1
B
  7
ARIAL
100
AcDbText
  0
TEXT
  5
C63
330
1F
100
AcDbEntity
  8
SYSTEM_ANNOTATION
  6
CONTINUOUS
 62
     3
100
AcDbText
 10
27.523660238
 20
-34.007215385
 30
0.0
 40
1.85792
  1
B
  7
ARIAL
100
AcDbText
  0
TEXT
  5
C64
330
1F
100
AcDbEntity
  8
SYSTEM_ANNOTATION
  6
CONTINUOUS
 62
     1
100
AcDbText
 10
78.248731233
 20
15.947364804
 30
0.0
 40
1.238613333
  1
1-
 41
0.8
  7
ARIAL
100
AcDbText
  0
TEXT
  5
C65
330
1F
100
AcDbEntity
  8
SYSTEM_ANNOTATION
  6
CONTINUOUS
 62
     1
100
AcDbText
 10
79.625388264
 20
15.947364804
 30
0.0
 40
1.238613333
  1
SPC3-6_9
 41
0.8
  7
ARIAL
100
AcDbText
  0
TEXT
  5
C66
330
1F
100
AcDbEntity
  8
SYSTEM_ANNOTATION
  6
CONTINUOUS
 62
     1
100
AcDbText
 10
104.567771856
 20
-15.197843389
 30
0.0
 40
1.238613333
  1
1-
 41
0.8
  7
ARIAL
100
AcDbText
  0
TEXT
  5
C67
330
1F
100
AcDbEntity
  8
SYSTEM_ANNOTATION
  6
CONTINUOUS
 62
     1
100
AcDbText
 10
105.944428887
 20
-15.197843389
 30
0.0
 40
1.238613333
  1
SPC5-6_9
 41
0.8
  7
ARIAL
100
AcDbText
  0
MTEXT
  5
C68
330
1F
100
AcDbEntity
  8
SYSTEM_ANNOTATION
  6
CONTINUOUS
 62
     1
100
AcDbMText
 10
-8.888778554
 20
-19.605441961
 30
0.0
 40
1.238613333
 41
0.0
 71
     7
 72
     1
  1
\A1;5{\H0.70x;\S1#2;} C/C
  7
ARIAL
  0
MTEXT
  5
C69
330
1F
100
AcDbEntity
  8
SYSTEM_ANNOTATION
  6
CONTINUOUS
 62
     1
100
AcDbMText
 10
-10.223969557
 20
-16.866869696
 30
0.0
 40
1.238613333
 41
0.0
 71
     7
 72
     1
  1
\A1;2{\H0.70x;\S9#16;} GOL
  7
ARIAL
  0
TEXT
  5
C6A
330
1F
100
AcDbEntity
  8
SYSTEM_ANNOTATION
  6
CONTINUOUS
 62
     1
100
AcDbText
 10
-15.578568177
 20
-13.842463584
 30
0.0
 40
1.238613333
  1
1-
 41
0.8
  7
ARIAL
100
AcDbText
  0
TEXT
  5
C6B
330
1F
100
AcDbEntity
  8
SYSTEM_ANNOTATION
  6
CONTINUOUS
 62
     1
100
AcDbText
 10
-14.201911145
 20
-13.842463584
 30
0.0
 40
1.238613333
  1
SD4-3_9
 41
0.8
  7
ARIAL
100
AcDbText
  0
TEXT
  5
C6C
330
1F
100
AcDbEntity
  8
SYSTEM_ANNOTATION
  6
CONTINUOUS
 62
     1
100
AcDbText
 10
-8.091247343
 20
-13.842463584
 30
0.0
 40
1.238613333
  1
 NS/FS
 41
0.8
  7
ARIAL
100
AcDbText
  0
TEXT
  5
C6D
330
1F
100
AcDbEntity
  8
SYSTEM_ANNOTATION
  6
CONTINUOUS
 62
     3
100
AcDbText
 10
89.090281305
 20
-43.397936805
 30
0.0
 40
1.85792
  1
Section A-A
 41
0.8
  7
ARIAL
100
AcDbText
  0
TEXT
  5
C6E
330
1F
100
AcDbEntity
  8
SYSTEM_ANNOTATION
  6
CONTINUOUS
 62
     1
100
AcDbText
 10
92.983249664
 20
-46.358531677
 30
0.0
 40
1.238613333
  1
905B1
 41
0.8
  7
ARIAL
100
AcDbText
  0
TEXT
  5
C6F
330
1F
100
AcDbEntity
  8
SYSTEM_ANNOTATION
  6
CONTINUOUS
 62
     3
100
AcDbText
 10
87.645962145
 20
4.859045396
 30
0.0
 40
1.85792
  1
Section B-B
 41
0.8
  7
ARIAL
100
AcDbText
  0
TEXT
  5
C70
330
1F
100
AcDbEntity
  8
SYSTEM_ANNOTATION
  6
CONTINUOUS
 62
     1
100
AcDbText
 10
91.538930504
 20
1.898450524
 30
0.0
 40
1.238613333
  1
905B1
 41
0.8
  7
ARIAL
100
AcDbText
  0
TEXT
  5
C71
330
1F
100
AcDbEntity
  8
SYSTEM_ANNOTATION
  6
CONTINUOUS
 62
     1
100
AcDbText
 10
1.953347201
 20
50.882075813
 30
0.0
 40
1.052821333
  1
(-5)
 41
0.8
  7
ARIAL
100
AcDbText
  0
MTEXT
  5
C72
330
1F
100
AcDbEntity
  8
SYSTEM_ANNOTATION
  6
CONTINUOUS
 62
     1
100
AcDbMText
 10
50.6875
 20
50.639117044
 30
0.0
 40
1.052821333
 41
0.0
 71
     7
 72
     1
  1
\A1;(-{\H0.70x;\S5#16;})
  7
ARIAL
  0
TEXT
  5
C73
330
1F
100
AcDbEntity
  8
SYSTEM_ANNOTATION
  6
CONTINUOUS
 62
     3
100
AcDbText
 10
17.110911306
 20
-43.056361015
 30
0.0
 40
2.167573333
  1
ONE BEAM 905B1
 41
0.8
  7
ARIAL
 72
     1
 11
27.34375
 21
-43.056361015
 31
0.0
100
AcDbText
  0
TEXT
  5
C74
330
1F
100
AcDbEntity
  8
SYSTEM_ANNOTATION
  6
CONTINUOUS
 62
     1
100
AcDbText
 10
20.579227985
 20
-47.313653323
 30
0.0
 40
1.238613333
  1
W
 41
0.8
  7
ARIAL
100
AcDbText
  0
TEXT
  5
C75
330
1F
100
AcDbEntity
  8
SYSTEM_ANNOTATION
  6
CONTINUOUS
 62
     1
100
AcDbText
 10
21.094812881
 20
-50.513653323
 30
0.0
 40
1.238613333
  1
F
 41
0.8
  7
ARIAL
100
AcDbText
  0
TEXT
  5
C76
330
1F
100
AcDbEntity
  8
SYSTEM_ANNOTATION
  6
CONTINUOUS
 62
     1
100
AcDbText
 10
21.007874079
 20
-53.713653323
 30
0.0
 40
1.238613333
  1
K
 41
0.8
  7
ARIAL
100
AcDbText
  0
MTEXT
  5
C77
330
1F
100
AcDbEntity
  8
SYSTEM_ANNOTATION
  6
CONTINUOUS
 62
     1
100
AcDbMText
 10
23.04055585
 20
-47.599487169
 30
0.0
 40
1.238613333
 41
0.0
 71
     7
 72
     1
  1
\A1;17{\H0.70x;\S11#16;}x{\H0.70x;\S5#16;}
  7
ARIAL
  0
MTEXT
  5
C78
330
1F
100
AcDbEntity
  8
SYSTEM_ANNOTATION
  6
CONTINUOUS
 62
     1
100
AcDbMText
 10
23.04055585
 20
-50.799487169
 30
0.0
 40
1.238613333
 41
0.0
 71
     7
 72
     1
  1
\A1;6x{\H0.70x;\S7#16;}
  7
ARIAL
  0
MTEXT
  5
C79
330
1F
100
AcDbEntity
  8
SYSTEM_ANNOTATION
  6
CONTINUOUS
 62
     1
100
AcDbMText
 10
23.04055585
 20
-53.999487169
 30
0.0
 40
1.238613333
 41
0.0
 71
     7
 72
     1
  1
\A1;1{\H0.70x;\S1#8;}x{\H0.70x;\S7#8;}
  7
ARIAL
  0
MTEXT
  5
C7A
330
1F
100
AcDbEntity
  8
SYSTEM_ANNOTATION
  6
CONTINUOUS
 62
     1
100
AcDbMText
 10
9.898634701
 20
-61.910459435
 30
0.0
 40
1.238613333
 41
0.0
 71
     7
 72
     1
  1
\A1;  8-{\H0.70x;\S3#4;}Diax2 A325N
  7
ARIAL
  0
TEXT
  5
C7B
330
1F
100
AcDbEntity
  8
SYSTEM_ANNOTATION
  6
CONTINUOUS
 62
     1
100
AcDbText
 10
9.898634701
 20
-58.886053323
 30
0.0
 40
1.238613333
  1
SHOP BOLTS:
 41
0.8
  7
ARIAL
100
AcDbText
  0
MTEXT
  5
C7C
330
1F
100
AcDbEntity
  8
SYSTEM_ANNOTATION
  6
CONTINUOUS
 62
     1
100
AcDbMText
 10
102.266658206
 20
-10.709783322
 30
0.0
 40
1.238613333
 41
0.0
 71
     5
 72
     1
  1
\A1;{\H0.70x;\S13#16;}x1
  7
ARIAL
  0
LINE
  5
C7D
330
1F
100
AcDbEntity
  8
SYSTEM_ANNOTATION
  6
CONTINUOUS
 62
     1
100
AcDbLine
 10
98.402415661
 20
-10.90033922
 30
0.0
 11
99.802415661
 21
-12.30033922
 31
0.0
  0
LINE
  5
C7E
330
1F
100
AcDbEntity
  8
SYSTEM_ANNOTATION
  6
CONTINUOUS
 62
     1
100
AcDbLine
 10
99.802415661
 20
-12.30033922
 30
0.0
 11
104.730900752
 21
-12.30033922
 31
0.0
  0
LINE
  5
C7F
330
1F
100
AcDbEntity
  8
SYSTEM_ANNOTATION
  6
CONTINUOUS
 62
     1
100
AcDbLine
 10
104.730900752
 20
-12.30033922
 30
0.0
 11
106.130900752
 21
-10.90033922
 31
0.0
  0
LINE
  5
C80
330
1F
100
AcDbEntity
  8
SYSTEM_ANNOTATION
  6
CONTINUOUS
 62
     1
100
AcDbLine
 10
106.130900752
 20
-10.90033922
 30
0.0
 11
104.730900752
 21
-9.50033922
 31
0.0
  0
LINE
  5
C81
330
1F
100
AcDbEntity
  8
SYSTEM_ANNOTATION
  6
CONTINUOUS
 62
     1
100
AcDbLine
 10
104.730900752
 20
-9.50033922
 30
0.0
 11
99.802415661
 21
-9.50033922
 31
0.0
  0
LINE
  5
C82
330
1F
100
AcDbEntity
  8
SYSTEM_ANNOTATION
  6
CONTINUOUS
 62
     1
100
AcDbLine
 10
99.802415661
 20
-9.50033922
 30
0.0
 11
98.402415661
 21
-10.90033922
 31
0.0
  0
LINE
  5
C83
330
1F
100
AcDbEntity
  8
SYSTEM_ANNOTATION
  6
CONTINUOUS
 62
     1
100
AcDbLine
 10
100.466658206
 20
-13.10033922
 30
0.0
 11
99.866658206
 21
-12.90033922
 31
0.0
  0
LINE
  5
C84
330
1F
100
AcDbEntity
  8
SYSTEM_ANNOTATION
  6
CONTINUOUS
 62
     1
100
AcDbLine
 10
99.866658206
 20
-12.90033922
 30
0.0
 11
100.466658206
 21
-12.70033922
 31
0.0
  0
LINE
  5
C85
330
1F
100
AcDbEntity
  8
SYSTEM_ANNOTATION
  6
CONTINUOUS
 62
     1
100
AcDbLine
 10
99.866658206
 20
-12.90033922
 30
0.0
 11
104.666658206
 21
-12.90033922
 31
0.0
  0
LINE
  5
C86
330
1F
100
AcDbEntity
  8
SYSTEM_ANNOTATION
  6
CONTINUOUS
 62
     1
100
AcDbLine
 10
104.066658206
 20
-12.70033922
 30
0.0
 11
104.666658206
 21
-12.90033922
 31
0.0
  0
LINE
  5
C87
330
1F
100
AcDbEntity
  8
SYSTEM_ANNOTATION
  6
CONTINUOUS
 62
     1
100
AcDbLine
 10
104.666658206
 20
-12.90033922
 30
0.0
 11
104.066658206
 21
-13.10033922
 31
0.0
  0
MTEXT
  5
C88
330
1F
100
AcDbEntity
  8
SYSTEM_ANNOTATION
  6
CONTINUOUS
 62
     1
100
AcDbMText
 10
-5.611381739
 20
-22.905001355
 30
0.0
 40
1.238613333
 41
0.0
 71
     5
 72
     1
  1
\A1;{\H0.70x;\S13#16;}x1
  7
ARIAL
  0
LINE
  5
C89
330
1F
100
AcDbEntity
  8
SYSTEM_ANNOTATION
  6
CONTINUOUS
 62
     1
100
AcDbLine
 10
-9.475624285
 20
-23.095557253
 30
0.0
 11
-8.075624285
 21
-21.695557253
 31
0.0
  0
LINE
  5
C8A
330
1F
100
AcDbEntity
  8
SYSTEM_ANNOTATION
  6
CONTINUOUS
 62
     1
100
AcDbLine
 10
-8.075624285
 20
-21.695557253
 30
0.0
 11
-3.147139194
 21
-21.695557253
 31
0.0
  0
LINE
  5
C8B
330
1F
100
AcDbEntity
  8
SYSTEM_ANNOTATION
  6
CONTINUOUS
 62
     1
100
AcDbLine
 10
-3.147139194
 20
-21.695557253
 30
0.0
 11
-1.747139194
 21
-23.095557253
 31
0.0
  0
LINE
  5
C8C
330
1F
100
AcDbEntity
  8
SYSTEM_ANNOTATION
  6
CONTINUOUS
 62
     1
100
AcDbLine
 10
-1.747139194
 20
-23.095557253
 30
0.0
 11
-3.147139194
 21
-24.495557253
 31
0.0
  0
LINE
  5
C8D
330
1F
100
AcDbEntity
  8
SYSTEM_ANNOTATION
  6
CONTINUOUS
 62
     1
100
AcDbLine
 10
-3.147139194
 20
-24.495557253
 30
0.0
 11
-8.075624285
 21
-24.495557253
 31
0.0
  0
LINE
  5
C8E
330
1F
100
AcDbEntity
  8
SYSTEM_ANNOTATION
  6
CONTINUOUS
 62
     1
100
AcDbLine
 10
-8.075624285
 20
-24.495557253
 30
0.0
 11
-9.475624285
 21
-23.095557253
 31
0.0
  0
LINE
  5
C8F
330
1F
100
AcDbEntity
  8
SYSTEM_ANNOTATION
  6
CONTINUOUS
 62
     1
100
AcDbLine
 10
-7.411381739
 20
-24.895557253
 30
0.0
 11
-8.011381739
 21
-25.095557253
 31
0.0
  0
LINE
  5
C90
330
1F
100
AcDbEntity
  8
SYSTEM_ANNOTATION
  6
CONTINUOUS
 62
     1
100
AcDbLine
 10
-8.011381739
 20
-25.095557253
 30
0.0
 11
-7.411381739
 21
-25.295557253
 31
0.0
  0
LINE
  5
C91
330
1F
100
AcDbEntity
  8
SYSTEM_ANNOTATION
  6
CONTINUOUS
 62
     1
100
AcDbLine
 10
-8.011381739
 20
-25.095557253
 30
0.0
 11
-3.211381739
 21
-25.095557253
 31
0.0
  0
LINE
  5
C92
330
1F
100
AcDbEntity
  8
SYSTEM_ANNOTATION
  6
CONTINUOUS
 62
     1
100
AcDbLine
 10
-3.811381739
 20
-25.295557253
 30
0.0
 11
-3.211381739
 21
-25.095557253
 31
0.0
  0
LINE
  5
C93
330
1F
100
AcDbEntity
  8
SYSTEM_ANNOTATION
  6
CONTINUOUS
 62
     1
100
AcDbLine
 10
-3.211381739
 20
-25.095557253
 30
0.0
 11
-3.811381739
 21
-24.895557253
 31
0.0
  0
TEXT
  5
C94
330
1F
100
AcDbEntity
  8
SYSTEM_ANNOTATION
  6
CONTINUOUS
 62
     1
100
AcDbText
 10
-7.880764695
 20
-26.921237253
 30
0.0
 40
1.238613333
  1
IN OSL
 41
0.8
  7
ARIAL
 72
     1
 11
-5.611381739
 21
-25.68262392
 31
0.0
100
AcDbText
 73
     3
  0
LINE
  5
C95
330
1F
100
AcDbEntity
  8
SYSTEM_ANNOTATION
  6
SDS2_6
 62
     1
100
AcDbLine
 10
-3.0
 20
28.738572266
 30
0.0
 11
53.0
 21
28.738572266
 31
0.0
  0
LINE
  5
C96
330
1F
100
AcDbEntity
  8
SYSTEM_ANNOTATION
  6
CONTINUOUS
 62
     1
100
AcDbLine
 10
18.49
 20
32.628572266
 30
0.0
 11
19.81
 21
33.948572266
 31
0.0
  0
LINE
  5
C97
330
1F
100
AcDbEntity
  8
SYSTEM_ANNOTATION
  6
CONTINUOUS
 62
     1
100
AcDbLine
 10
18.49
 20
33.948572266
 30
0.0
 11
19.81
 21
32.628572266
 31
0.0
  0
LINE
  5
C98
330
1F
100
AcDbEntity
  8
SYSTEM_ANNOTATION
  6
CONTINUOUS
 62
     1
100
AcDbLine
 10
30.225
 20
23.528572266
 30
0.0
 11
31.545
 21
24.848572266
 31
0.0
  0
LINE
  5
C99
330
1F
100
AcDbEntity
  8
SYSTEM_ANNOTATION
  6
CONTINUOUS
 62
     1
100
AcDbLine
 10
30.225
 20
24.848572266
 30
0.0
 11
31.545
 21
23.528572266
 31
0.0
  0
LINE
  5
C9A
330
1F
100
AcDbEntity
  8
SYSTEM_ANNOTATION
  6
CONTINUOUS
 62
     1
100
AcDbLine
 10
5.0
 20
-9.0
 30
0.0
 11
0.0
 21
-9.0
 31
0.0
  0
LINE
  5
C9B
330
1F
100
AcDbEntity
  8
SYSTEM_ANNOTATION
  6
CONTINUOUS
 62
     1
100
AcDbLine
 10
0.0
 20
-9.0
 30
0.0
 11
-10.0
 21
-9.0
 31
0.0
  0
LINE
  5
C9C
330
1F
100
AcDbEntity
  8
SYSTEM_ANNOTATION
  6
CONTINUOUS
 62
     3
100
AcDbLine
 10
23.237092138
 20
-5.0
 30
0.0
 11
23.237092138
 21
-8.0
 31
0.0
  0
LINE
  5
C9D
330
1F
100
AcDbEntity
  8
SYSTEM_ANNOTATION
  6
CONTINUOUS
 62
     3
100
AcDbLine
 10
22.737092138
 20
-5.0
 30
0.0
 11
22.737092138
 21
-8.0
 31
0.0
  0
LINE
  5
C9E
330
1F
100
AcDbEntity
  8
SYSTEM_ANNOTATION
  6
CONTINUOUS
 62
     3
100
AcDbLine
 10
23.237092138
 20
-5.0
 30
0.0
 11
20.237092138
 21
-5.0
 31
0.0
  0
LINE
  5
C9F
330
1F
100
AcDbEntity
  8
SYSTEM_ANNOTATION
  6
CONTINUOUS
 62
     3
100
AcDbLine
 10
20.237092138
 20
-5.0
 30
0.0
 11
21.237092138
 21
-5.25
 31
0.0
  0
LINE
  5
CA0
330
1F
100
AcDbEntity
  8
SYSTEM_ANNOTATION
  6
CONTINUOUS
 62
     3
100
AcDbLine
 10
20.237092138
 20
-5.0
 30
0.0
 11
21.237092138
 21
-4.75
 31
0.0
  0
LINE
  5
CA1
330
1F
100
AcDbEntity
  8
SYSTEM_ANNOTATION
  6
CONTINUOUS
 62
     3
100
AcDbLine
 10
23.237092138
 20
-30.7
 30
0.0
 11
23.237092138
 21
-27.7
 31
0.0
  0
LINE
  5
CA2
330
1F
100
AcDbEntity
  8
SYSTEM_ANNOTATION
  6
CONTINUOUS
 62
     3
100
AcDbLine
 10
22.737092138
 20
-30.7
 30
0.0
 11
22.737092138
 21
-27.7
 31
0.0
  0
LINE
  5
CA3
330
1F
100
AcDbEntity
  8
SYSTEM_ANNOTATION
  6
CONTINUOUS
 62
     3
100
AcDbLine
 10
23.237092138
 20
-30.7
 30
0.0
 11
20.237092138
 21
-30.7
 31
0.0
  0
LINE
  5
CA4
330
1F
100
AcDbEntity
  8
SYSTEM_ANNOTATION
  6
CONTINUOUS
 62
     3
100
AcDbLine
 10
20.237092138
 20
-30.7
 30
0.0
 11
21.237092138
 21
-30.95
 31
0.0
  0
LINE
  5
CA5
330
1F
100
AcDbEntity
  8
SYSTEM_ANNOTATION
  6
CONTINUOUS
 62
     3
100
AcDbLine
 10
20.237092138
 20
-30.7
 30
0.0
 11
21.237092138
 21
-30.45
 31
0.0
  0
LINE
  5
CA6
330
1F
100
AcDbEntity
  8
SYSTEM_ANNOTATION
  6
CONTINUOUS
 62
     3
100
AcDbLine
 10
29.211799398
 20
-5.0
 30
0.0
 11
29.211799398
 21
-8.0
 31
0.0
  0
LINE
  5
CA7
330
1F
100
AcDbEntity
  8
SYSTEM_ANNOTATION
  6
CONTINUOUS
 62
     3
100
AcDbLine
 10
28.711799398
 20
-5.0
 30
0.0
 11
28.711799398
 21
-8.0
 31
0.0
  0
LINE
  5
CA8
330
1F
100
AcDbEntity
  8
SYSTEM_ANNOTATION
  6
CONTINUOUS
 62
     3
100
AcDbLine
 10
29.211799398
 20
-5.0
 30
0.0
 11
26.211799398
 21
-5.0
 31
0.0
  0
LINE
  5
CA9
330
1F
100
AcDbEntity
  8
SYSTEM_ANNOTATION
  6
CONTINUOUS
 62
     3
100
AcDbLine
 10
26.211799398
 20
-5.0
 30
0.0
 11
27.211799398
 21
-5.25
 31
0.0
  0
LINE
  5
CAA
330
1F
100
AcDbEntity
  8
SYSTEM_ANNOTATION
  6
CONTINUOUS
 62
     3
100
AcDbLine
 10
26.211799398
 20
-5.0
 30
0.0
 11
27.211799398
 21
-4.75
 31
0.0
  0
LINE
  5
CAB
330
1F
100
AcDbEntity
  8
SYSTEM_ANNOTATION
  6
CONTINUOUS
 62
     3
100
AcDbLine
 10
29.211799398
 20
-30.7
 30
0.0
 11
29.211799398
 21
-27.7
 31
0.0
  0
LINE
  5
CAC
330
1F
100
AcDbEntity
  8
SYSTEM_ANNOTATION
  6
CONTINUOUS
 62
     3
100
AcDbLine
 10
28.711799398
 20
-30.7
 30
0.0
 11
28.711799398
 21
-27.7
 31
0.0
  0
LINE
  5
CAD
330
1F
100
AcDbEntity
  8
SYSTEM_ANNOTATION
  6
CONTINUOUS
 62
     3
100
AcDbLine
 10
29.211799398
 20
-30.7
 30
0.0
 11
26.211799398
 21
-30.7
 31
0.0
  0
LINE
  5
CAE
330
1F
100
AcDbEntity
  8
SYSTEM_ANNOTATION
  6
CONTINUOUS
 62
     3
100
AcDbLine
 10
26.211799398
 20
-30.7
 30
0.0
 11
27.211799398
 21
-30.95
 31
0.0
  0
LINE
  5
CAF
330
1F
100
AcDbEntity
  8
SYSTEM_ANNOTATION
  6
CONTINUOUS
 62
     3
100
AcDbLine
 10
26.211799398
 20
-30.7
 30
0.0
 11
27.211799398
 21
-30.45
 31
0.0
  0
LINE
  5
CB0
330
1F
100
AcDbEntity
  8
SYSTEM_ANNOTATION
  6
CONTINUOUS
 62
     3
100
AcDbLine
 10
85.72173482
 20
-44.31252142
 30
0.0
 11
104.72173482
 21
-44.31252142
 31
0.0
  0
LINE
  5
CB1
330
1F
100
AcDbEntity
  8
SYSTEM_ANNOTATION
  6
CONTINUOUS
 62
     3
100
AcDbLine
 10
84.277415661
 20
3.94446078
 30
0.0
 11
103.277415661
 21
3.94446078
 31
0.0
  0
LINE
  5
CB2
330
1F
100
AcDbEntity
  8
SYSTEM_ANNOTATION
  6
CONTINUOUS
 62
     3
100
AcDbLine
 10
9.898634701
 20
-44.090043066
 30
0.0
 11
44.788865299
 21
-44.090043066
 31
0.0
  0
LINE
  5
CB3
330
1F
100
AcDbEntity
  8
SYSTEM_ANNOTATION
  6
CONTINUOUS
 62
     3
100
AcDbLine
 10
9.898634701
 20
-44.590043066
 30
0.0
 11
44.788865299
 21
-44.590043066
 31
0.0
  0
LINE
  5
CB4
330
1F
100
AcDbEntity
  8
SYSTEM_ANNOTATION
  6
CONTINUOUS
 62
     1
100
AcDbLine
 10
20.349891917
 20
-48.190043066
 30
0.0
 11
32.876280218
 21
-48.190043066
 31
0.0
  0
LINE
  5
CB5
330
1F
100
AcDbEntity
  8
SYSTEM_ANNOTATION
  6
CONTINUOUS
 62
     1
100
AcDbLine
 10
20.349891917
 20
-51.390043066
 30
0.0
 11
32.876280218
 21
-51.390043066
 31
0.0
  0
LINE
  5
CB6
330
1F
100
AcDbEntity
  8
SYSTEM_ANNOTATION
  6
CONTINUOUS
 62
     1
100
AcDbLine
 10
22.54055585
 20
-45.390043066
 30
0.0
 11
22.54055585
 21
-54.190043066
 31
0.0
  0
LINE
  5
CB7
330
1F
100
AcDbEntity
  8
SYSTEM_ANNOTATION
  6
CONTINUOUS
 62
     1
100
AcDbLine
 10
19.15
 20
33.288572266
 30
0.0
 11
22.15
 21
32.288572266
 31
0.0
  0
LINE
  5
CB8
330
1F
100
AcDbEntity
  8
SYSTEM_ANNOTATION
  6
CONTINUOUS
 62
     1
100
AcDbLine
 10
22.15
 20
32.288572266
 30
0.0
 11
22.15
 21
32.288572266
 31
0.0
  0
LINE
  5
CB9
330
1F
100
AcDbEntity
  8
SYSTEM_ANNOTATION
  6
CONTINUOUS
 62
     1
100
AcDbLine
 10
22.15
 20
32.288572266
 30
0.0
 11
21.309630937
 21
32.381946606
 31
0.0
  0
LINE
  5
CBA
330
1F
100
AcDbEntity
  8
SYSTEM_ANNOTATION
  6
CONTINUOUS
 62
     1
100
AcDbLine
 10
21.309630937
 20
32.381946606
 30
0.0
 11
21.421680145
 21
32.718094231
 31
0.0
  0
LINE
  5
CBB
330
1F
100
AcDbEntity
  8
SYSTEM_ANNOTATION
  6
CONTINUOUS
 62
     1
100
AcDbLine
 10
21.421680145
 20
32.718094231
 30
0.0
 11
22.15
 21
32.288572266
 31
0.0
  0
LINE
  5
CBC
330
1F
100
AcDbEntity
  8
SYSTEM_ANNOTATION
  6
CONTINUOUS
 62
     1
100
AcDbLine
 10
30.885
 20
24.188572266
 30
0.0
 11
27.885
 21
25.188572266
 31
0.0
  0
LINE
  5
CBD
330
1F
100
AcDbEntity
  8
SYSTEM_ANNOTATION
  6
CONTINUOUS
 62
     1
100
AcDbLine
 10
27.885
 20
25.188572266
 30
0.0
 11
27.885
 21
25.188572266
 31
0.0
  0
LINE
  5
CBE
330
1F
100
AcDbEntity
  8
SYSTEM_ANNOTATION
  6
CONTINUOUS
 62
     1
100
AcDbLine
 10
27.885
 20
25.188572266
 30
0.0
 11
28.725369063
 21
25.095197925
 31
0.0
  0
LINE
  5
CBF
330
1F
100
AcDbEntity
  8
SYSTEM_ANNOTATION
  6
CONTINUOUS
 62
     1
100
AcDbLine
 10
28.725369063
 20
25.095197925
 30
0.0
 11
28.613319855
 21
24.7590503
 31
0.0
  0
LINE
  5
CC0
330
1F
100
AcDbEntity
  8
SYSTEM_ANNOTATION
  6
CONTINUOUS
 62
     1
100
AcDbLine
 10
28.613319855
 20
24.7590503
 30
0.0
 11
27.885
 21
25.188572266
 31
0.0
  0
LINE
  5
CC1
330
1F
100
AcDbEntity
  8
SYSTEM_ANNOTATION
  6
CONTINUOUS
 62
     1
100
AcDbLine
 10
-9.0
 20
1.865800482
 30
0.0
 11
-9.0
 21
-9.0
 31
0.0
  0
LINE
  5
CC2
330
1F
100
AcDbEntity
  8
SYSTEM_ANNOTATION
  6
CONTINUOUS
 62
     1
100
AcDbLine
 10
-9.0
 20
-9.0
 30
0.0
 11
-9.0
 21
-9.0
 31
0.0
  0
LINE
  5
CC3
330
1F
100
AcDbEntity
  8
SYSTEM_ANNOTATION
  6
CONTINUOUS
 62
     1
100
AcDbLine
 10
-9.0
 20
-9.0
 30
0.0
 11
-9.177165354
 21
-8.173228346
 31
0.0
  0
LINE
  5
CC4
330
1F
100
AcDbEntity
  8
SYSTEM_ANNOTATION
  6
CONTINUOUS
 62
     1
100
AcDbLine
 10
-9.177165354
 20
-8.173228346
 30
0.0
 11
-8.822834646
 21
-8.173228346
 31
0.0
  0
LINE
  5
CC5
330
1F
100
AcDbEntity
  8
SYSTEM_ANNOTATION
  6
CONTINUOUS
 62
     1
100
AcDbLine
 10
-8.822834646
 20
-8.173228346
 30
0.0
 11
-9.0
 21
-9.0
 31
0.0
  0
LINE
  5
CC6
330
1F
100
AcDbEntity
  8
SYSTEM_ANNOTATION
  6
CONTINUOUS
 62
     1
100
AcDbLine
 10
98.402415661
 20
-10.90033922
 30
0.0
 11
96.402415661
 21
-10.90033922
 31
0.0
  0
LINE
  5
CC7
330
1F
100
AcDbEntity
  8
SYSTEM_ANNOTATION
  6
CONTINUOUS
 62
     1
100
AcDbLine
 10
96.402415661
 20
-10.90033922
 30
0.0
 11
96.402415661
 21
-10.90033922
 31
0.0
  0
LINE
  5
CC8
330
1F
100
AcDbEntity
  8
SYSTEM_ANNOTATION
  6
CONTINUOUS
 62
     1
100
AcDbLine
 10
96.402415661
 20
-10.90033922
 30
0.0
 11
97.229187314
 21
-10.723173865
 31
0.0
  0
LINE
  5
CC9
330
1F
100
AcDbEntity
  8
SYSTEM_ANNOTATION
  6
CONTINUOUS
 62
     1
100
AcDbLine
 10
97.229187314
 20
-10.723173865
 30
0.0
 11
97.229187314
 21
-11.077504574
 31
0.0
  0
LINE
  5
CCA
330
1F
100
AcDbEntity
  8
SYSTEM_ANNOTATION
  6
CONTINUOUS
 62
     1
100
AcDbLine
 10
97.229187314
 20
-11.077504574
 30
0.0
 11
96.402415661
 21
-10.90033922
 31
0.0
  0
LINE
  5
CCB
330
1F
100
AcDbEntity
  8
SYSTEM_ANNOTATION
  6
CONTINUOUS
 62
     1
100
AcDbLine
 10
5.5
 20
-6.16
 30
0.0
 11
5.5
 21
-4.84
 31
0.0
  0
LINE
  5
CCC
330
1F
100
AcDbEntity
  8
SYSTEM_ANNOTATION
  6
CONTINUOUS
 62
     1
100
AcDbLine
 10
6.16
 20
-5.5
 30
0.0
 11
4.84
 21
-5.5
 31
0.0
  0
CIRCLE
  5
CCD
330
1F
100
AcDbEntity
  8
SYSTEM_ANNOTATION
  6
CONTINUOUS
 62
     1
100
AcDbCircle
 10
5.5
 20
-5.5
 30
0.0
 40
0.55
  0
LINE
  5
CCE
330
1F
100
AcDbEntity
  8
SYSTEM_ANNOTATION
  6
CONTINUOUS
 62
     3
100
AcDbLine
 10
5.4
 20
-5.5
 30
0.0
 11
5.4
 21
-4.959167309
 31
0.0
  0
LINE
  5
CCF
330
1F
100
AcDbEntity
  8
SYSTEM_ANNOTATION
  6
CONTINUOUS
 62
     3
100
AcDbLine
 10
5.6
 20
-5.5
 30
0.0
 11
5.6
 21
-6.040832691
 31
0.0
  0
LINE
  5
CD0
330
1F
100
AcDbEntity
  8
SYSTEM_ANNOTATION
  6
CONTINUOUS
 62
     3
100
AcDbLine
 10
5.3
 20
-5.5
 30
0.0
 11
5.3
 21
-4.987652462
 31
0.0
  0
LINE
  5
CD1
330
1F
100
AcDbEntity
  8
SYSTEM_ANNOTATION
  6
CONTINUOUS
 62
     3
100
AcDbLine
 10
5.7
 20
-5.5
 30
0.0
 11
5.7
 21
-6.012347538
 31
0.0
  0
LINE
  5
CD2
330
1F
100
AcDbEntity
  8
SYSTEM_ANNOTATION
  6
CONTINUOUS
 62
     3
100
AcDbLine
 10
5.2
 20
-5.5
 30
0.0
 11
5.2
 21
-5.039022777
 31
0.0
  0
LINE
  5
CD3
330
1F
100
AcDbEntity
  8
SYSTEM_ANNOTATION
  6
CONTINUOUS
 62
     3
100
AcDbLine
 10
5.8
 20
-5.5
 30
0.0
 11
5.8
 21
-5.960977223
 31
0.0
  0
LINE
  5
CD4
330
1F
100
AcDbEntity
  8
SYSTEM_ANNOTATION
  6
CONTINUOUS
 62
     3
100
AcDbLine
 10
5.1
 20
-5.5
 30
0.0
 11
5.1
 21
-5.122508278
 31
0.0
  0
LINE
  5
CD5
330
1F
100
AcDbEntity
  8
SYSTEM_ANNOTATION
  6
CONTINUOUS
 62
     3
100
AcDbLine
 10
5.9
 20
-5.5
 30
0.0
 11
5.9
 21
-5.877491722
 31
0.0
  0
LINE
  5
CD6
330
1F
100
AcDbEntity
  8
SYSTEM_ANNOTATION
  6
CONTINUOUS
 62
     3
100
AcDbLine
 10
5.0
 20
-5.5
 30
0.0
 11
5.0
 21
-5.270871215
 31
0.0
  0
LINE
  5
CD7
330
1F
100
AcDbEntity
  8
SYSTEM_ANNOTATION
  6
CONTINUOUS
 62
     3
100
AcDbLine
 10
6.0
 20
-5.5
 30
0.0
 11
6.0
 21
-5.729128785
 31
0.0
  0
LINE
  5
CD8
330
1F
100
AcDbEntity
  8
SYSTEM_ANNOTATION
  6
CONTINUOUS
 62
     1
100
AcDbLine
 10
5.5
 20
-8.75
 30
0.0
 11
5.5
 21
-5.5
 31
0.0
  0
CIRCLE
  5
CD9
330
1F
100
AcDbEntity
  8
SYSTEM_ANNOTATION
  6
CONTINUOUS
 62
     1
100
AcDbCircle
 10
19.15
 20
33.288572266
 30
0.0
 40
0.55
  0
CIRCLE
  5
CDA
330
1F
100
AcDbEntity
  8
SYSTEM_ANNOTATION
  6
CONTINUOUS
 62
     1
100
AcDbCircle
 10
30.885
 20
24.188572266
 30
0.0
 40
0.55
  0
MTEXT
  5
CDB
330
1F
100
AcDbEntity
  8
USER_ANNOTATION
  6
CONTINUOUS
 62
     1
100
AcDbMText
 10
47.861209897
 20
-31.893224146
 30
0.0
 40
1.238613333
 41
0.0
 71
     8
 72
     1
  1
\A1;3{\H0.70x;\S1#2;}
  7
ARIAL
  0
LINE
  5
CDC
330
1F
100
AcDbEntity
  8
USER_ANNOTATION
  6
CONTINUOUS
 62
     1
100
AcDbLine
 10
46.1875
 20
-22.5
 30
0.0
 11
46.1875
 21
-32.083780044
 31
0.0
  0
LINE
  5
CDD
330
1F
100
AcDbEntity
  8
USER_ANNOTATION
  6
CONTINUOUS
 62
     1
100
AcDbLine
 10
46.1875
 20
-32.083780044
 30
0.0
 11
45.951279528
 21
-32.320000516
 31
0.0
  0
LINE
  5
CDE
330
1F
100
AcDbEntity
  8
USER_ANNOTATION
  6
CONTINUOUS
 62
     1
100
AcDbLine
 10
45.951279528
 20
-32.320000516
 30
0.0
 11
46.423720472
 21
-31.847559571
 31
0.0
  0
LINE
  5
CDF
330
1F
100
AcDbEntity
  8
USER_ANNOTATION
  6
CONTINUOUS
 62
     1
100
AcDbLine
 10
46.423720472
 20
-31.847559571
 30
0.0
 11
46.1875
 21
-32.083780044
 31
0.0
  0
LINE
  5
CE0
330
1F
100
AcDbEntity
  8
USER_ANNOTATION
  6
CONTINUOUS
 62
     1
100
AcDbLine
 10
46.1875
 20
-32.083780044
 30
0.0
 11
49.6875
 21
-32.083780044
 31
0.0
  0
LINE
  5
CE1
330
1F
100
AcDbEntity
  8
USER_ANNOTATION
  6
CONTINUOUS
 62
     1
100
AcDbLine
 10
49.6875
 20
-32.083780044
 30
0.0
 11
49.451279528
 21
-32.320000516
 31
0.0
  0
LINE
  5
CE2
330
1F
100
AcDbEntity
  8
USER_ANNOTATION
  6
CONTINUOUS
 62
     1
100
AcDbLine
 10
49.451279528
 20
-32.320000516
 30
0.0
 11
49.923720472
 21
-31.847559571
 31
0.0
  0
LINE
  5
CE3
330
1F
100
AcDbEntity
  8
USER_ANNOTATION
  6
CONTINUOUS
 62
     1
100
AcDbLine
 10
49.923720472
 20
-31.847559571
 30
0.0
 11
49.6875
 21
-32.083780044
 31
0.0
  0
LINE
  5
CE4
330
1F
100
AcDbEntity
  8
USER_ANNOTATION
  6
CONTINUOUS
 62
     1
100
AcDbLine
 10
49.6875
 20
-22.5
 30
0.0
 11
49.6875
 21
-32.083780044
 31
0.0
  0
MTEXT
  5
CE5
330
1F
100
AcDbEntity
  8
USER_ANNOTATION
  6
CONTINUOUS
 62
     1
100
AcDbMText
 10
27.26
 20
16.135325867
 30
0.0
 40
1.238613333
 41
0.0
 71
     9
 72
     1
  1
\A1;{\H0.70x;\S3#8;}
  7
ARIAL
  0
LINE
  5
CE6
330
1F
100
AcDbEntity
  8
USER_ANNOTATION
  6
CONTINUOUS
 62
     1
100
AcDbLine
 10
27.51
 20
24.338572266
 30
0.0
 11
27.51
 21
22.487373568
 31
0.0
  0
LINE
  5
CE7
330
1F
100
AcDbEntity
  8
USER_ANNOTATION
  6
CONTINUOUS
 62
     1
100
AcDbLine
 10
27.51
 20
19.388572266
 30
0.0
 11
27.51
 21
15.944769969
 31
0.0
  0
LINE
  5
CE8
330
1F
100
AcDbEntity
  8
USER_ANNOTATION
  6
CONTINUOUS
 62
     1
100
AcDbLine
 10
27.51
 20
15.944769969
 30
0.0
 11
25.430543008
 21
15.944769969
 31
0.0
  0
LINE
  5
CE9
330
1F
100
AcDbEntity
  8
USER_ANNOTATION
  6
CONTINUOUS
 62
     1
100
AcDbLine
 10
27.51
 20
15.944769969
 30
0.0
 11
27.273779528
 21
15.708549497
 31
0.0
  0
LINE
  5
CEA
330
1F
100
AcDbEntity
  8
USER_ANNOTATION
  6
CONTINUOUS
 62
     1
100
AcDbLine
 10
27.273779528
 20
15.708549497
 30
0.0
 11
27.746220472
 21
16.180990442
 31
0.0
  0
LINE
  5
CEB
330
1F
100
AcDbEntity
  8
USER_ANNOTATION
  6
CONTINUOUS
 62
     1
100
AcDbLine
 10
27.746220472
 20
16.180990442
 30
0.0
 11
27.51
 21
15.944769969
 31
0.0
  0
LINE
  5
CEC
330
1F
100
AcDbEntity
  8
USER_ANNOTATION
  6
CONTINUOUS
 62
     1
100
AcDbLine
 10
27.51
 20
15.944769969
 30
0.0
 11
27.885
 21
15.944769969
 31
0.0
  0
LINE
  5
CED
330
1F
100
AcDbEntity
  8
USER_ANNOTATION
  6
CONTINUOUS
 62
     1
100
AcDbLine
 10
27.885
 20
15.944769969
 30
0.0
 11
27.885
 21
15.944769969
 31
0.0
  0
LINE
  5
CEE
330
1F
100
AcDbEntity
  8
USER_ANNOTATION
  6
CONTINUOUS
 62
     1
100
AcDbLine
 10
27.885
 20
15.944769969
 30
0.0
 11
27.648779528
 21
15.708549497
 31
0.0
  0
LINE
  5
CEF
330
1F
100
AcDbEntity
  8
USER_ANNOTATION
  6
CONTINUOUS
 62
     1
100
AcDbLine
 10
27.648779528
 20
15.708549497
 30
0.0
 11
28.121220472
 21
16.180990442
 31
0.0
  0
LINE
  5
CF0
330
1F
100
AcDbEntity
  8
USER_ANNOTATION
  6
CONTINUOUS
 62
     1
100
AcDbLine
 10
28.121220472
 20
16.180990442
 30
0.0
 11
27.885
 21
15.944769969
 31
0.0
  0
LINE
  5
CF1
330
1F
100
AcDbEntity
  8
USER_ANNOTATION
  6
CONTINUOUS
 62
     1
100
AcDbLine
 10
27.885
 20
24.338572266
 30
0.0
 11
27.885
 21
15.944769969
 31
0.0
  0
MTEXT
  5
CF2
330
1F
100
AcDbEntity
  8
USER_ANNOTATION
  6
CONTINUOUS
 62
     1
100
AcDbMText
 10
20.993290789
 20
41.912863353
 30
0.0
 40
1.238613333
 41
0.0
 71
     9
 72
     1
  1
\A1;{\H0.70x;\S3#8;}
  7
ARIAL
  0
LINE
  5
CF3
330
1F
100
AcDbEntity
  8
USER_ANNOTATION
  6
CONTINUOUS
 62
     1
100
AcDbLine
 10
22.15
 20
33.138572266
 30
0.0
 11
22.15
 21
35.384655212
 31
0.0
  0
LINE
  5
CF4
330
1F
100
AcDbEntity
  8
USER_ANNOTATION
  6
CONTINUOUS
 62
     1
100
AcDbLine
 10
22.15
 20
39.451841371
 30
0.0
 11
22.15
 21
41.722307455
 31
0.0
  0
LINE
  5
CF5
330
1F
100
AcDbEntity
  8
USER_ANNOTATION
  6
CONTINUOUS
 62
     1
100
AcDbLine
 10
22.15
 20
41.722307455
 30
0.0
 11
19.163833797
 21
41.722307455
 31
0.0
  0
LINE
  5
CF6
330
1F
100
AcDbEntity
  8
USER_ANNOTATION
  6
CONTINUOUS
 62
     1
100
AcDbLine
 10
22.15
 20
41.722307455
 30
0.0
 11
21.913779528
 21
41.486086983
 31
0.0
  0
LINE
  5
CF7
330
1F
100
AcDbEntity
  8
USER_ANNOTATION
  6
CONTINUOUS
 62
     1
100
AcDbLine
 10
21.913779528
 20
41.486086983
 30
0.0
 11
22.386220472
 21
41.958527928
 31
0.0
  0
LINE
  5
CF8
330
1F
100
AcDbEntity
  8
USER_ANNOTATION
  6
CONTINUOUS
 62
     1
100
AcDbLine
 10
22.386220472
 20
41.958527928
 30
0.0
 11
22.15
 21
41.722307455
 31
0.0
  0
LINE
  5
CF9
330
1F
100
AcDbEntity
  8
USER_ANNOTATION
  6
CONTINUOUS
 62
     1
100
AcDbLine
 10
22.15
 20
41.722307455
 30
0.0
 11
22.525
 21
41.722307455
 31
0.0
  0
LINE
  5
CFA
330
1F
100
AcDbEntity
  8
USER_ANNOTATION
  6
CONTINUOUS
 62
     1
100
AcDbLine
 10
22.525
 20
41.722307455
 30
0.0
 11
22.525
 21
41.722307455
 31
0.0
  0
LINE
  5
CFB
330
1F
100
AcDbEntity
  8
USER_ANNOTATION
  6
CONTINUOUS
 62
     1
100
AcDbLine
 10
22.525
 20
41.722307455
 30
0.0
 11
22.288779528
 21
41.486086983
 31
0.0
  0
LINE
  5
CFC
330
1F
100
AcDbEntity
  8
USER_ANNOTATION
  6
CONTINUOUS
 62
     1
100
AcDbLine
 10
22.288779528
 20
41.486086983
 30
0.0
 11
22.761220472
 21
41.958527928
 31
0.0
  0
LINE
  5
CFD
330
1F
100
AcDbEntity
  8
USER_ANNOTATION
  6
CONTINUOUS
 62
     1
100
AcDbLine
 10
22.761220472
 20
41.958527928
 30
0.0
 11
22.525
 21
41.722307455
 31
0.0
  0
LINE
  5
CFE
330
1F
100
AcDbEntity
  8
USER_ANNOTATION
  6
CONTINUOUS
 62
     1
100
AcDbLine
 10
22.525
 20
33.138572266
 30
0.0
 11
22.525
 21
41.722307455
 31
0.0
  0
MTEXT
  5
CFF
330
1F
100
AcDbEntity
  8
USER_ANNOTATION
  6
CONTINUOUS
 62
     1
100
AcDbMText
 10
6.75
 20
-31.398306884
 30
0.0
 40
1.238613333
 41
0.0
 71
     8
 72
     1
  1
\A1;3{\H0.70x;\S1#2;}
  7
ARIAL
  0
LINE
  5
D00
330
1F
100
AcDbEntity
  8
USER_ANNOTATION
  6
CONTINUOUS
 62
     1
100
AcDbLine
 10
5.0
 20
-22.5
 30
0.0
 11
5.0
 21
-31.588862781
 31
0.0
  0
LINE
  5
D01
330
1F
100
AcDbEntity
  8
USER_ANNOTATION
  6
CONTINUOUS
 62
     1
100
AcDbLine
 10
5.0
 20
-31.588862781
 30
0.0
 11
4.763779528
 21
-31.825083254
 31
0.0
  0
LINE
  5
D02
330
1F
100
AcDbEntity
  8
USER_ANNOTATION
  6
CONTINUOUS
 62
     1
100
AcDbLine
 10
4.763779528
 20
-31.825083254
 30
0.0
 11
5.236220472
 21
-31.352642309
 31
0.0
  0
LINE
  5
D03
330
1F
100
AcDbEntity
  8
USER_ANNOTATION
  6
CONTINUOUS
 62
     1
100
AcDbLine
 10
5.236220472
 20
-31.352642309
 30
0.0
 11
5.0
 21
-31.588862781
 31
0.0
  0
LINE
  5
D04
330
1F
100
AcDbEntity
  8
USER_ANNOTATION
  6
CONTINUOUS
 62
     1
100
AcDbLine
 10
5.0
 20
-31.588862781
 30
0.0
 11
8.5
 21
-31.588862781
 31
0.0
  0
LINE
  5
D05
330
1F
100
AcDbEntity
  8
USER_ANNOTATION
  6
CONTINUOUS
 62
     1
100
AcDbLine
 10
8.5
 20
-31.588862781
 30
0.0
 11
8.263779528
 21
-31.825083254
 31
0.0
  0
LINE
  5
D06
330
1F
100
AcDbEntity
  8
USER_ANNOTATION
  6
CONTINUOUS
 62
     1
100
AcDbLine
 10
8.263779528
 20
-31.825083254
 30
0.0
 11
8.736220472
 21
-31.352642309
 31
0.0
  0
LINE
  5
D07
330
1F
100
AcDbEntity
  8
USER_ANNOTATION
  6
CONTINUOUS
 62
     1
100
AcDbLine
 10
8.736220472
 20
-31.352642309
 30
0.0
 11
8.5
 21
-31.588862781
 31
0.0
  0
LINE
  5
D08
330
1F
100
AcDbEntity
  8
USER_ANNOTATION
  6
CONTINUOUS
 62
     1
100
AcDbLine
 10
8.5
 20
-22.5
 30
0.0
 11
8.5
 21
-31.588862781
 31
0.0
  0
MTEXT
  5
D09
330
1F
100
AcDbEntity
  8
USER_ANNOTATION
  6
CONTINUOUS
 62
     1
100
AcDbMText
 10
46.230923839
 20
0.553844849
 30
0.0
 40
1.238613333
 41
0.0
 71
     9
 72
     1
  1
\A1;1{\H0.70x;\S3#4;}
  7
ARIAL
  0
LINE
  5
D0A
330
1F
100
AcDbEntity
  8
USER_ANNOTATION
  6
CONTINUOUS
 62
     1
100
AcDbLine
 10
47.4375
 20
-21.0
 30
0.0
 11
47.4375
 21
0.363288952
 31
0.0
  0
LINE
  5
D0B
330
1F
100
AcDbEntity
  8
USER_ANNOTATION
  6
CONTINUOUS
 62
     1
100
AcDbLine
 10
47.4375
 20
0.363288952
 30
0.0
 11
43.540394712
 21
0.363288952
 31
0.0
  0
LINE
  5
D0C
330
1F
100
AcDbEntity
  8
USER_ANNOTATION
  6
CONTINUOUS
 62
     1
100
AcDbLine
 10
47.4375
 20
0.363288952
 30
0.0
 11
47.201279528
 21
0.12706848
 31
0.0
  0
LINE
  5
D0D
330
1F
100
AcDbEntity
  8
USER_ANNOTATION
  6
CONTINUOUS
 62
     1
100
AcDbLine
 10
47.201279528
 20
0.12706848
 30
0.0
 11
47.673720472
 21
0.599509424
 31
0.0
  0
LINE
  5
D0E
330
1F
100
AcDbEntity
  8
USER_ANNOTATION
  6
CONTINUOUS
 62
     1
100
AcDbLine
 10
47.673720472
 20
0.599509424
 30
0.0
 11
47.4375
 21
0.363288952
 31
0.0
  0
LINE
  5
D0F
330
1F
100
AcDbEntity
  8
USER_ANNOTATION
  6
CONTINUOUS
 62
     1
100
AcDbLine
 10
47.4375
 20
0.363288952
 30
0.0
 11
49.1875
 21
0.363288952
 31
0.0
  0
LINE
  5
D10
330
1F
100
AcDbEntity
  8
USER_ANNOTATION
  6
CONTINUOUS
 62
     1
100
AcDbLine
 10
49.1875
 20
0.363288952
 30
0.0
 11
49.1875
 21
0.363288952
 31
0.0
  0
LINE
  5
D11
330
1F
100
AcDbEntity
  8
USER_ANNOTATION
  6
CONTINUOUS
 62
     1
100
AcDbLine
 10
49.1875
 20
0.363288952
 30
0.0
 11
48.951279528
 21
0.12706848
 31
0.0
  0
LINE
  5
D12
330
1F
100
AcDbEntity
  8
USER_ANNOTATION
  6
CONTINUOUS
 62
     1
100
AcDbLine
 10
48.951279528
 20
0.12706848
 30
0.0
 11
49.423720472
 21
0.599509424
 31
0.0
  0
LINE
  5
D13
330
1F
100
AcDbEntity
  8
USER_ANNOTATION
  6
CONTINUOUS
 62
     1
100
AcDbLine
 10
49.423720472
 20
0.599509424
 30
0.0
 11
49.1875
 21
0.363288952
 31
0.0
  0
LINE
  5
D14
330
1F
100
AcDbEntity
  8
USER_ANNOTATION
  6
CONTINUOUS
 62
     1
100
AcDbLine
 10
49.1875
 20
-10.0
 30
0.0
 11
49.1875
 21
0.363288952
 31
0.0
  0
MTEXT
  5
D15
330
1F
100
AcDbEntity
  8
USER_ANNOTATION
  6
CONTINUOUS
 62
     1
100
AcDbMText
 10
49.9375
 20
0.553844849
 30
0.0
 40
1.238613333
 41
0.0
 71
     7
 72
     1
  1
\A1;{\H0.70x;\S1#2;}
  7
ARIAL
  0
LINE
  5
D16
330
1F
100
AcDbEntity
  8
USER_ANNOTATION
  6
CONTINUOUS
 62
     1
100
AcDbLine
 10
49.6875
 20
-10.5
 30
0.0
 11
49.6875
 21
0.363288952
 31
0.0
  0
LINE
  5
D17
330
1F
100
AcDbEntity
  8
USER_ANNOTATION
  6
CONTINUOUS
 62
     1
100
AcDbLine
 10
49.6875
 20
0.363288952
 30
0.0
 11
51.766956992
 21
0.363288952
 31
0.0
  0
LINE
  5
D18
330
1F
100
AcDbEntity
  8
USER_ANNOTATION
  6
CONTINUOUS
 62
     1
100
AcDbLine
 10
49.6875
 20
0.363288952
 30
0.0
 11
49.923720472
 21
0.599509424
 31
0.0
  0
LINE
  5
D19
330
1F
100
AcDbEntity
  8
USER_ANNOTATION
  6
CONTINUOUS
 62
     1
100
AcDbLine
 10
49.923720472
 20
0.599509424
 30
0.0
 11
49.451279528
 21
0.12706848
 31
0.0
  0
LINE
  5
D1A
330
1F
100
AcDbEntity
  8
USER_ANNOTATION
  6
CONTINUOUS
 62
     1
100
AcDbLine
 10
49.451279528
 20
0.12706848
 30
0.0
 11
49.6875
 21
0.363288952
 31
0.0
  0
LINE
  5
D1B
330
1F
100
AcDbEntity
  8
USER_ANNOTATION
  6
CONTINUOUS
 62
     1
100
AcDbLine
 10
49.6875
 20
0.363288952
 30
0.0
 11
49.1875
 21
0.363288952
 31
0.0
  0
LINE
  5
D1C
330
1F
100
AcDbEntity
  8
USER_ANNOTATION
  6
CONTINUOUS
 62
     1
100
AcDbLine
 10
49.1875
 20
0.363288952
 30
0.0
 11
49.1875
 21
0.363288952
 31
0.0
  0
LINE
  5
D1D
330
1F
100
AcDbEntity
  8
USER_ANNOTATION
  6
CONTINUOUS
 62
     1
100
AcDbLine
 10
49.1875
 20
0.363288952
 30
0.0
 11
49.423720472
 21
0.599509424
 31
0.0
  0
LINE
  5
D1E
330
1F
100
AcDbEntity
  8
USER_ANNOTATION
  6
CONTINUOUS
 62
     1
100
AcDbLine
 10
49.423720472
 20
0.599509424
 30
0.0
 11
48.951279528
 21
0.12706848
 31
0.0
  0
LINE
  5
D1F
330
1F
100
AcDbEntity
  8
USER_ANNOTATION
  6
CONTINUOUS
 62
     1
100
AcDbLine
 10
48.951279528
 20
0.12706848
 30
0.0
 11
49.1875
 21
0.363288952
 31
0.0
  0
LINE
  5
D20
330
1F
100
AcDbEntity
  8
USER_ANNOTATION
  6
CONTINUOUS
 62
     1
100
AcDbLine
 10
49.1875
 20
-10.0
 30
0.0
 11
49.1875
 21
0.363288952
 31
0.0
  0
MTEXT
  5
D21
330
1F
100
AcDbEntity
  8
USER_ANNOTATION
  6
CONTINUOUS
 62
     1
100
AcDbMText
 10
65.310731318
 20
-21.849377103
 30
0.0
 40
1.238613333
 41
0.0
 71
     5
 72
     1
  1
\A1;{\H0.70x;\S13#16;}x1
  7
ARIAL
  0
LINE
  5
D22
330
1F
100
AcDbEntity
  8
USER_ANNOTATION
  6
CONTINUOUS
 62
     1
100
AcDbLine
 10
61.446488773
 20
-22.039933
 30
0.0
 11
62.846488773
 21
-20.639933
 31
0.0
  0
LINE
  5
D23
330
1F
100
AcDbEntity
  8
USER_ANNOTATION
  6
CONTINUOUS
 62
     1
100
AcDbLine
 10
62.846488773
 20
-20.639933
 30
0.0
 11
67.774973864
 21
-20.639933
 31
0.0
  0
LINE
  5
D24
330
1F
100
AcDbEntity
  8
USER_ANNOTATION
  6
CONTINUOUS
 62
     1
100
AcDbLine
 10
67.774973864
 20
-20.639933
 30
0.0
 11
69.174973864
 21
-22.039933
 31
0.0
  0
LINE
  5
D25
330
1F
100
AcDbEntity
  8
USER_ANNOTATION
  6
CONTINUOUS
 62
     1
100
AcDbLine
 10
69.174973864
 20
-22.039933
 30
0.0
 11
67.774973864
 21
-23.439933
 31
0.0
  0
LINE
  5
D26
330
1F
100
AcDbEntity
  8
USER_ANNOTATION
  6
CONTINUOUS
 62
     1
100
AcDbLine
 10
67.774973864
 20
-23.439933
 30
0.0
 11
62.846488773
 21
-23.439933
 31
0.0
  0
LINE
  5
D27
330
1F
100
AcDbEntity
  8
USER_ANNOTATION
  6
CONTINUOUS
 62
     1
100
AcDbLine
 10
62.846488773
 20
-23.439933
 30
0.0
 11
61.446488773
 21
-22.039933
 31
0.0
  0
LINE
  5
D28
330
1F
100
AcDbEntity
  8
USER_ANNOTATION
  6
CONTINUOUS
 62
     1
100
AcDbLine
 10
63.510731318
 20
-23.839933
 30
0.0
 11
62.910731318
 21
-24.039933
 31
0.0
  0
LINE
  5
D29
330
1F
100
AcDbEntity
  8
USER_ANNOTATION
  6
CONTINUOUS
 62
     1
100
AcDbLine
 10
62.910731318
 20
-24.039933
 30
0.0
 11
63.510731318
 21
-24.239933
 31
0.0
  0
LINE
  5
D2A
330
1F
100
AcDbEntity
  8
USER_ANNOTATION
  6
CONTINUOUS
 62
     1
100
AcDbLine
 10
62.910731318
 20
-24.039933
 30
0.0
 11
67.710731318
 21
-24.039933
 31
0.0
  0
LINE
  5
D2B
330
1F
100
AcDbEntity
  8
USER_ANNOTATION
  6
CONTINUOUS
 62
     1
100
AcDbLine
 10
67.110731318
 20
-24.239933
 30
0.0
 11
67.710731318
 21
-24.039933
 31
0.0
  0
LINE
  5
D2C
330
1F
100
AcDbEntity
  8
USER_ANNOTATION
  6
CONTINUOUS
 62
     1
100
AcDbLine
 10
67.710731318
 20
-24.039933
 30
0.0
 11
67.110731318
 21
-23.839933
 31
0.0
  0
TEXT
  5
D2D
330
1F
100
AcDbEntity
  8
USER_ANNOTATION
  6
CONTINUOUS
 62
     1
100
AcDbText
 10
63.041348362
 20
-25.865613
 30
0.0
 40
1.238613333
  1
IN OSL
 41
0.8
  7
ARIAL
 72
     1
 11
65.310731318
 21
-24.626999667
 31
0.0
100
AcDbText
 73
     3
  0
LINE
  5
D2E
330
1F
100
AcDbEntity
  8
USER_ANNOTATION
  6
CONTINUOUS
 62
     1
100
AcDbLine
 10
96.943886493
 20
-36.4963554
 30
0.0
 11
93.927415661
 21
-25.575182458
 31
0.0
  0
LINE
  5
D2F
330
1F
100
AcDbEntity
  8
USER_ANNOTATION
  6
CONTINUOUS
 62
     1
100
AcDbLine
 10
93.927415661
 20
-25.575182458
 30
0.0
 11
93.927415661
 21
-25.575182458
 31
0.0
  0
LINE
  5
D30
330
1F
100
AcDbEntity
  8
USER_ANNOTATION
  6
CONTINUOUS
 62
     1
100
AcDbLine
 10
93.927415661
 20
-25.575182458
 30
0.0
 11
94.318302496
 21
-26.324946695
 31
0.0
  0
LINE
  5
D31
330
1F
100
AcDbEntity
  8
USER_ANNOTATION
  6
CONTINUOUS
 62
     1
100
AcDbLine
 10
94.318302496
 20
-26.324946695
 30
0.0
 11
93.976760257
 21
-26.419282002
 31
0.0
  0
LINE
  5
D32
330
1F
100
AcDbEntity
  8
USER_ANNOTATION
  6
CONTINUOUS
 62
     1
100
AcDbLine
 10
93.976760257
 20
-26.419282002
 30
0.0
 11
93.927415661
 21
-25.575182458
 31
0.0
  0
LINE
  5
D33
330
1F
100
AcDbEntity
  8
USER_ANNOTATION
  6
CONTINUOUS
 62
     1
100
AcDbLine
 10
88.727713646
 20
10.764811127
 30
0.0
 11
93.627415661
 21
22.930721532
 31
0.0
  0
LINE
  5
D34
330
1F
100
AcDbEntity
  8
USER_ANNOTATION
  6
CONTINUOUS
 62
     1
100
AcDbLine
 10
93.627415661
 20
22.930721532
 30
0.0
 11
93.627415661
 21
22.930721532
 31
0.0
  0
LINE
  5
D35
330
1F
100
AcDbEntity
  8
USER_ANNOTATION
  6
CONTINUOUS
 62
     1
100
AcDbLine
 10
93.627415661
 20
22.930721532
 30
0.0
 11
93.482887715
 21
22.097624537
 31
0.0
  0
LINE
  5
D36
330
1F
100
AcDbEntity
  8
USER_ANNOTATION
  6
CONTINUOUS
 62
     1
100
AcDbLine
 10
93.482887715
 20
22.097624537
 30
0.0
 11
93.1542114
 21
22.229995724
 31
0.0
  0
LINE
  5
D37
330
1F
100
AcDbEntity
  8
USER_ANNOTATION
  6
CONTINUOUS
 62
     1
100
AcDbLine
 10
93.1542114
 20
22.229995724
 30
0.0
 11
93.627415661
 21
22.930721532
 31
0.0
  0
TEXT
  5
D38
330
1F
100
AcDbEntity
  8
USER_ADJUSTED
  6
CONTINUOUS
 62
     1
100
AcDbText
 10
27.033610256
 20
19.388572266
 30
0.0
 40
1.238613333
  1
4-10
 50
90.0
 41
0.8
  7
ARIAL
100
AcDbText
  0
LINE
  5
D39
330
1F
100
AcDbEntity
  8
USER_ADJUSTED
  6
CONTINUOUS
 62
     1
100
AcDbLine
 10
27.51
 20
19.388572266
 30
0.0
 11
27.51
 21
19.388572266
 31
0.0
  0
LINE
  5
D3A
330
1F
100
AcDbEntity
  8
USER_ADJUSTED
  6
CONTINUOUS
 62
     1
100
AcDbLine
 10
27.51
 20
22.487373568
 30
0.0
 11
27.51
 21
24.338572266
 31
0.0
  0
LINE
  5
D3B
330
1F
100
AcDbEntity
  8
USER_ADJUSTED
  6
CONTINUOUS
 62
     1
100
AcDbLine
 10
27.51
 20
19.388572266
 30
0.0
 11
27.51
 21
22.487373568
 31
0.0
  0
MTEXT
  5
D3C
330
1F
100
AcDbEntity
  8
USER_ADJUSTED
  6
CONTINUOUS
 62
     1
100
AcDbMText
 10
59.166846009
 20
-17.468689833
 30
0.0
 40
1.238613333
 41
0.0
 71
     7
 72
     1
  1
\A1;5{\H0.70x;\S1#2;} C/C
  7
ARIAL
  0
MTEXT
  5
D3D
330
1F
100
AcDbEntity
  8
USER_ADJUSTED
  6
CONTINUOUS
 62
     1
100
AcDbMText
 10
59.166846009
 20
-14.730117567
 30
0.0
 40
1.238613333
 41
0.0
 71
     7
 72
     1
  1
\A1;2{\H0.70x;\S9#16;} GOL
  7
ARIAL
  0
TEXT
  5
D3E
330
1F
100
AcDbEntity
  8
USER_ADJUSTED
  6
CONTINUOUS
 62
     1
100
AcDbText
 10
59.166846009
 20
-11.705711456
 30
0.0
 40
1.238613333
  1
1-
 41
0.8
  7
ARIAL
100
AcDbText
  0
TEXT
  5
D3F
330
1F
100
AcDbEntity
  8
USER_ADJUSTED
  6
CONTINUOUS
 62
     1
100
AcDbText
 10
60.54350304
 20
-11.705711456
 30
0.0
 40
1.238613333
  1
SD4-3_9
 41
0.8
  7
ARIAL
100
AcDbText
  0
TEXT
  5
D40
330
1F
100
AcDbEntity
  8
USER_ADJUSTED
  6
CONTINUOUS
 62
     1
100
AcDbText
 10
66.654166842
 20
-11.705711456
 30
0.0
 40
1.238613333
  1
 NS/FS
 41
0.8
  7
ARIAL
100
AcDbText
  0
MTEXT
  5
D41
330
1F
100
AcDbEntity
  8
USER_ADJUSTED
  6
CONTINUOUS
 62
     1
100
AcDbMText
 10
85.263173115
 20
33.786114686
 30
0.0
 40
1.238613333
 41
0.0
 71
     5
 72
     1
  1
\A1;{\H0.70x;\S13#16;}x1
  7
ARIAL
  0
LINE
  5
D42
330
1F
100
AcDbEntity
  8
USER_ADJUSTED
  6
CONTINUOUS
 62
     1
100
AcDbLine
 10
89.127415661
 20
33.595558789
 30
0.0
 11
87.727415661
 21
34.995558789
 31
0.0
  0
LINE
  5
D43
330
1F
100
AcDbEntity
  8
USER_ADJUSTED
  6
CONTINUOUS
 62
     1
100
AcDbLine
 10
87.727415661
 20
34.995558789
 30
0.0
 11
82.798930569
 21
34.995558789
 31
0.0
  0
LINE
  5
D44
330
1F
100
AcDbEntity
  8
USER_ADJUSTED
  6
CONTINUOUS
 62
     1
100
AcDbLine
 10
82.798930569
 20
34.995558789
 30
0.0
 11
81.398930569
 21
33.595558789
 31
0.0
  0
LINE
  5
D45
330
1F
100
AcDbEntity
  8
USER_ADJUSTED
  6
CONTINUOUS
 62
     1
100
AcDbLine
 10
81.398930569
 20
33.595558789
 30
0.0
 11
82.798930569
 21
32.195558789
 31
0.0
  0
LINE
  5
D46
330
1F
100
AcDbEntity
  8
USER_ADJUSTED
  6
CONTINUOUS
 62
     1
100
AcDbLine
 10
82.798930569
 20
32.195558789
 30
0.0
 11
87.727415661
 21
32.195558789
 31
0.0
  0
LINE
  5
D47
330
1F
100
AcDbEntity
  8
USER_ADJUSTED
  6
CONTINUOUS
 62
     1
100
AcDbLine
 10
87.727415661
 20
32.195558789
 30
0.0
 11
89.127415661
 21
33.595558789
 31
0.0
  0
LINE
  5
D48
330
1F
100
AcDbEntity
  8
USER_ADJUSTED
  6
CONTINUOUS
 62
     1
100
AcDbLine
 10
87.063173115
 20
31.795558789
 30
0.0
 11
87.663173115
 21
31.595558789
 31
0.0
  0
LINE
  5
D49
330
1F
100
AcDbEntity
  8
USER_ADJUSTED
  6
CONTINUOUS
 62
     1
100
AcDbLine
 10
87.663173115
 20
31.595558789
 30
0.0
 11
87.063173115
 21
31.395558789
 31
0.0
  0
LINE
  5
D4A
330
1F
100
AcDbEntity
  8
USER_ADJUSTED
  6
CONTINUOUS
 62
     1
100
AcDbLine
 10
87.663173115
 20
31.595558789
 30
0.0
 11
82.863173115
 21
31.595558789
 31
0.0
  0
LINE
  5
D4B
330
1F
100
AcDbEntity
  8
USER_ADJUSTED
  6
CONTINUOUS
 62
     1
100
AcDbLine
 10
83.463173115
 20
31.395558789
 30
0.0
 11
82.863173115
 21
31.595558789
 31
0.0
  0
LINE
  5
D4C
330
1F
100
AcDbEntity
  8
USER_ADJUSTED
  6
CONTINUOUS
 62
     1
100
AcDbLine
 10
82.863173115
 20
31.595558789
 30
0.0
 11
83.463173115
 21
31.795558789
 31
0.0
  0
LINE
  5
D4D
330
1F
100
AcDbEntity
  8
USER_ADJUSTED
  6
CONTINUOUS
 62
     1
100
AcDbLine
 10
89.127415661
 20
33.595558789
 30
0.0
 11
91.127415661
 21
33.595558789
 31
0.0
  0
LINE
  5
D4E
330
1F
100
AcDbEntity
  8
USER_ADJUSTED
  6
CONTINUOUS
 62
     1
100
AcDbLine
 10
91.127415661
 20
33.595558789
 30
0.0
 11
91.127415661
 21
33.595558789
 31
0.0
  0
LINE
  5
D4F
330
1F
100
AcDbEntity
  8
USER_ADJUSTED
  6
CONTINUOUS
 62
     1
100
AcDbLine
 10
91.127415661
 20
33.595558789
 30
0.0
 11
90.300644007
 21
33.418393434
 31
0.0
  0
LINE
  5
D50
330
1F
100
AcDbEntity
  8
USER_ADJUSTED
  6
CONTINUOUS
 62
     1
100
AcDbLine
 10
90.300644007
 20
33.418393434
 30
0.0
 11
90.300644007
 21
33.772724143
 31
0.0
  0
LINE
  5
D51
330
1F
100
AcDbEntity
  8
USER_ADJUSTED
  6
CONTINUOUS
 62
     1
100
AcDbLine
 10
90.300644007
 20
33.772724143
 30
0.0
 11
91.127415661
 21
33.595558789
 31
0.0
  0
ARC
  5
D52
330
1F
100
AcDbEntity
  8
USER_ADJUSTED
  6
CONTINUOUS
 62
     1
100
AcDbCircle
 10
83.81787913
 20
22.45767908
 30
0.0
 40
6.593380900326324
100
AcDbArc
 50
299.042932981
 51
344.042932981
  0
LINE
  5
D53
330
1F
100
AcDbEntity
  8
USER_ADJUSTED
  6
CONTINUOUS
 62
     1
100
AcDbLine
 10
90.15720366
 20
20.645046688
 30
0.0
 11
90.15720366
 21
20.645046688
 31
0.0
  0
LINE
  5
D54
330
1F
100
AcDbEntity
  8
USER_ADJUSTED
  6
CONTINUOUS
 62
     1
100
AcDbLine
 10
90.15720366
 20
20.645046688
 30
0.0
 11
90.047468419
 21
19.806657097
 31
0.0
  0
LINE
  5
D55
330
1F
100
AcDbEntity
  8
USER_ADJUSTED
  6
CONTINUOUS
 62
     1
100
AcDbLine
 10
90.047468419
 20
19.806657097
 30
0.0
 11
89.713568462
 21
19.925236477
 31
0.0
  0
LINE
  5
D56
330
1F
100
AcDbEntity
  8
USER_ADJUSTED
  6
CONTINUOUS
 62
     1
100
AcDbLine
 10
89.713568462
 20
19.925236477
 30
0.0
 11
90.15720366
 21
20.645046688
 31
0.0
  0
ARC
  5
D57
330
1F
100
AcDbEntity
  8
USER_ADJUSTED
  6
CONTINUOUS
 62
     1
100
AcDbCircle
 10
105.810265351
 20
-25.917066672
 30
0.0
 40
11.3268639878368
100
AcDbArc
 50
94.983941149
 51
139.983941149
  0
LINE
  5
D58
330
1F
100
AcDbEntity
  8
USER_ADJUSTED
  6
CONTINUOUS
 62
     1
100
AcDbLine
 10
97.135425128
 20
-18.633867176
 30
0.0
 11
97.135425128
 21
-18.633867176
 31
0.0
  0
LINE
  5
D59
330
1F
100
AcDbEntity
  8
USER_ADJUSTED
  6
CONTINUOUS
 62
     1
100
AcDbLine
 10
97.135425128
 20
-18.633867176
 30
0.0
 11
97.558359474
 21
-17.901702256
 31
0.0
  0
LINE
  5
D5A
330
1F
100
AcDbEntity
  8
USER_ADJUSTED
  6
CONTINUOUS
 62
     1
100
AcDbLine
 10
97.558359474
 20
-17.901702256
 30
0.0
 11
97.821232815
 21
-18.139289835
 31
0.0
  0
LINE
  5
D5B
330
1F
100
AcDbEntity
  8
USER_ADJUSTED
  6
CONTINUOUS
 62
     1
100
AcDbLine
 10
97.821232815
 20
-18.139289835
 30
0.0
 11
97.135425128
 21
-18.633867176
 31
0.0
  0
ENDSEC
  0
SECTION
  2
OBJECTS
  0
DICTIONARY
  5
C
330
0
100
AcDbDictionary
  3
ACAD_GROUP
350
D
  3
ACAD_IMAGE_DICT
350
6A
  3
ACAD_LAYOUT
350
1A
  3
ACAD_MATERIAL
350
43
  3
ACAD_MLEADERSTYLE
350
5B
  3
ACAD_MLINESTYLE
350
17
  3
ACAD_PLOTSETTINGS
350
19
  3
ACAD_SCALELIST
350
47
  3
ACAD_VISUALSTYLE
350
2A
  3
ACDBHEADERROUNDTRIPXREC
350
D5C
  3
ACDBVARIABLEDICTIONARY
350
D7D
  3
DWGPROPS
350
D84
  0
DICTIONARY
  5
D85
330
8
100
AcDbDictionary
280
     1
  3
ACAD_XREC_ROUNDTRIP
360
D86
  0
DICTIONARY
  5
D
102
{ACAD_REACTORS
330
C
102
}
330
C
100
AcDbDictionary
  0
DICTIONARY
  5
6A
102
{ACAD_REACTORS
330
C
102
}
330
C
100
AcDbDictionary
  0
DICTIONARY
  5
1A
102
{ACAD_REACTORS
330
C
102
}
330
C
100
AcDbDictionary
  0
DICTIONARY
  5
43
102
{ACAD_REACTORS
330
C
102
}
330
C
100
AcDbDictionary
  3
BYBLOCK
350
45
  3
BYLAYER
350
44
  3
GLOBAL
350
46
  0
DICTIONARY
  5
5B
102
{ACAD_REACTORS
330
C
102
}
330
C
100
AcDbDictionary
  3
STANDARD
350
5C
  0
DICTIONARY
  5
17
102
{ACAD_REACTORS
330
C
102
}
330
C
100
AcDbDictionary
  3
STANDARD
350
18
  0
DICTIONARY
  5
19
102
{ACAD_REACTORS
330
C
102
}
330
C
100
AcDbDictionary
  0
DICTIONARY
  5
47
102
{ACAD_REACTORS
330
C
102
}
330
C
100
AcDbDictionary
  3
A0
350
48
  3
A1
350
49
  3
A2
350
4A
  3
A3
350
4B
  3
A4
350
4C
  3
A5
350
4D
  3
A6
350
4E
  3
A7
350
4F
  3
A8
350
50
  3
A9
350
51
  3
B1
350
52
  3
B2
350
53
  3
B3
350
54
  3
B4
350
55
  3
B5
350
56
  3
B6
350
57
  3
B7
350
58
  0
DICTIONARY
  5
2A
102
{ACAD_REACTORS
330
C
102
}
330
C
100
AcDbDictionary
  3
2DWIREFRAME
350
2F
  3
BASIC
350
32
  3
BRIGHTEN
350
36
  3
COLORCHANGE
350
3A
  3
CONCEPTUAL
350
34
  3
DIM
350
35
  3
EDGECOLOROFF
350
3D
  3
FACEPATTERN
350
39
  3
FLAT
350
2B
  3
FLATWITHEDGES
350
2C
  3
GOURAUD
350
2D
  3
GOURAUDWITHEDGES
350
2E
  3
HIDDEN
350
31
  3
JITTEROFF
350
3B
  3
LINEPATTERN
350
38
  3
OVERHANGOFF
350
3C
  3
REALISTIC
350
33
  3
SHADED
350
42
  3
SHADED_WITH_EDGES
350
41
  3
SHADES_OF_GRAY
350
3E
  3
SKETCHY
350
3F
  3
THICKEN
350
37
  3
WIREFRAME
350
30
  3
X-RAY
350
40
  0
DICTIONARY
  5
D5C
102
{ACAD_REACTORS
330
C
102
}
330
C
100
AcDbDictionary
  3
CEPSNID
350
D66
  3
CEPSNTYPE
350
D65
  3
DIMSTYLEDATA
350
D7C
  3
FINGERPRINTGUID
350
D67
  3
HYPERLINKBASE
350
D5F
  3
INSUNITS
350
D64
  3
LAYOUTDICT
350
D61
  3
LWETCUNION
350
D63
  3
PLOTSETDICT
350
D62
  3
PSVPSCALE
350
D69
  3
PUCSBASE
350
D6C
  3
PUCSORGBACK
350
D72
  3
PUCSORGBOTTOM
350
D6E
  3
PUCSORGFRONT
350
D71
  3
PUCSORGLEFT
350
D6F
  3
PUCSORGRIGHT
350
D70
  3
PUCSORGTOP
350
D6D
  3
PUCSORTHOREF
350
D6A
  3
PUCSORTHOVIEW
350
D6B
  3
STYLESHEET
350
D60
  3
TSTACKALIGN
350
D5D
  3
TSTACKSIZE
350
D5E
  3
UCSBASE
350
D75
  3
UCSORGBACK
350
D7B
  3
UCSORGBOTTOM
350
D77
  3
UCSORGFRONT
350
D7A
  3
UCSORGLEFT
350
D78
  3
UCSORGRIGHT
350
D79
  3
UCSORGTOP
350
D76
  3
UCSORTHOREF
350
D73
  3
UCSORTHOVIEW
350
D74
  3
VERSIONGUID
350
D68
  0
DICTIONARY
  5
D7D
102
{ACAD_REACTORS
330
C
102
}
330
C
100
AcDbDictionary
  3
CANNOSCALE
350
D87
  3
CMLEADERSTYLE
350
D7F
  3
CTABLESTYLE
350
D7E
  3
DIMASSOC
350
D82
  3
HIDETEXT
350
D83
  3
MSLTSCALE
350
D88
  0
XRECORD
  5
D84
102
{ACAD_REACTORS
330
C
102
}
330
C
100
AcDbXrecord
  1
DWGPROPS COOKIE
  2

  3

  4

  6

  7

  8
subashragul.ts
  9

300
=
301
=
302
=
303
=
304
=
305
=
306
=
307
=
308
=
309
=
 40
0.0
 41
2461306.200595081
 42
2461306.200595729
  1

 90
        0
  0
XRECORD
  5
D86
102
{ACAD_REACTORS
330
D85
102
}
330
D85
100
AcDbXrecord
102
VTR_0.000_0.000_1.000_1.000_VISUALSTYLE
340
2F
102
VTR_0.000_0.000_1.000_1.000_GRIDDISPLAY
 70
     3
102
VTR_0.000_0.000_1.000_1.000_GRIDMAJOR
 70
     5
102
VTR_0.000_0.000_1.000_1.000_DEFAULTLIGHTING
280
     1
102
VTR_0.000_0.000_1.000_1.000_DEFAULTLIGHTINGTYPE
 70
     1
102
VTR_0.000_0.000_1.000_1.000_BRIGHTNESS
141
0.0
102
VTR_0.000_0.000_1.000_1.000_CONTRAST
142
0.0
  0
MATERIAL
  5
45
102
{ACAD_REACTORS
330
43
102
}
102
{ACAD_XDICTIONARY
360
D8B
102
}
330
43
100
AcDbMaterial
  1
BYBLOCK
  0
MATERIAL
  5
44
102
{ACAD_REACTORS
330
43
102
}
102
{ACAD_XDICTIONARY
360
D89
102
}
330
43
100
AcDbMaterial
  1
BYLAYER
  0
MATERIAL
  5
46
102
{ACAD_REACTORS
330
43
102
}
102
{ACAD_XDICTIONARY
360
D8D
102
}
330
43
100
AcDbMaterial
  1
GLOBAL
  0
ACAD_PROXY_OBJECT
  5
5C
102
{ACAD_REACTORS
330
5B
102
}
330
5B
100
AcDbProxyObject
 90
      499
 91
      505
 93
      610
310
40901902A4063FBFFFFFE056BD1B81E855B9FC0AD7A3703D0AD73F4214DD185B99185C9900AD7A3703D0AC73F90141901A02B5E8DC0F42B1CFC02B5E8DC0F42B1CFE5764000000000000300FC0
340
14
340
0
340
11
340
0
 94
        0
1001
ACAD_MLEADERVER
1070
     2
  0
MLINESTYLE
  5
18
102
{ACAD_REACTORS
330
17
102
}
330
17
100
AcDbMlineStyle
  2
Standard
 70
     0
  3

 62
   256
 51
90.0
 52
90.0
 71
     2
 49
0.5
 62
   256
  6
BYLAYER
 49
-0.5
 62
   256
  6
BYLAYER
  0
ACAD_PROXY_OBJECT
  5
48
102
{ACAD_REACTORS
330
47
102
}
330
47
100
AcDbProxyObject
 90
      499
 91
      503
 93
       41
310
903313A31580
  0
ACAD_PROXY_OBJECT
  5
49
102
{ACAD_REACTORS
330
47
102
}
330
47
100
AcDbProxyObject
 90
      499
 91
      503
 93
      257
310
90E312F31323822203D2031272D3022000000000000200FC000000000000284000
  0
ACAD_PROXY_OBJECT
  5
4A
102
{ACAD_REACTORS
330
47
102
}
330
47
100
AcDbProxyObject
 90
      499
 91
      503
 93
      249
310
90D312F363422203D2031272D3022000000000000240FC000000000000284000
  0
ACAD_PROXY_OBJECT
  5
4B
102
{ACAD_REACTORS
330
47
102
}
330
47
100
AcDbProxyObject
 90
      499
 91
      503
 93
      249
310
90D312F333222203D2031272D3022000000000000280FC000000000000284000
  0
ACAD_PROXY_OBJECT
  5
4C
102
{ACAD_REACTORS
330
47
102
}
330
47
100
AcDbProxyObject
 90
      499
 91
      503
 93
      249
310
90D312F313622203D2031272D30220000000000002C0FC000000000000284000
  0
ACAD_PROXY_OBJECT
  5
4D
102
{ACAD_REACTORS
330
47
102
}
330
47
100
AcDbProxyObject
 90
      499
 91
      503
 93
      249
310
90D332F333222203D2031272D30220000000000002E0FC000000000000284000
  0
ACAD_PROXY_OBJECT
  5
4E
102
{ACAD_REACTORS
330
47
102
}
330
47
100
AcDbProxyObject
 90
      499
 91
      503
 93
      241
310
90C312F3822203D2031272D3022000000000000300FC000000000000284000
  0
ACAD_PROXY_OBJECT
  5
4F
102
{ACAD_REACTORS
330
47
102
}
330
47
100
AcDbProxyObject
 90
      499
 91
      503
 93
      249
310
90D332F313622203D2031272D3022000000000000320FC000000000000284000
  0
ACAD_PROXY_OBJECT
  5
50
102
{ACAD_REACTORS
330
47
102
}
330
47
100
AcDbProxyObject
 90
      499
 91
      503
 93
      241
310
90C312F3422203D2031272D3022000000000000340FC000000000000284000
  0
ACAD_PROXY_OBJECT
  5
51
102
{ACAD_REACTORS
330
47
102
}
330
47
100
AcDbProxyObject
 90
      499
 91
      503
 93
      241
310
90C332F3822203D2031272D3022000000000000360FC000000000000284000
  0
ACAD_PROXY_OBJECT
  5
52
102
{ACAD_REACTORS
330
47
102
}
330
47
100
AcDbProxyObject
 90
      499
 91
      503
 93
      241
310
90C312F3222203D2031272D3022000000000000380FC000000000000284000
  0
ACAD_PROXY_OBJECT
  5
53
102
{ACAD_REACTORS
330
47
102
}
330
47
100
AcDbProxyObject
 90
      499
 91
      503
 93
      241
310
90C332F3422203D2031272D30220000000000003A0FC000000000000284000
  0
ACAD_PROXY_OBJECT
  5
54
102
{ACAD_REACTORS
330
47
102
}
330
47
100
AcDbProxyObject
 90
      499
 91
      503
 93
      161
310
90A3122203D2031272D30224000000000000284000
  0
ACAD_PROXY_OBJECT
  5
55
102
{ACAD_REACTORS
330
47
102
}
330
47
100
AcDbProxyObject
 90
      499
 91
      503
 93
      257
310
90E312D312F3222203D2031272D30220000000000003E0FC000000000000284000
  0
ACAD_PROXY_OBJECT
  5
56
102
{ACAD_REACTORS
330
47
102
}
330
47
100
AcDbProxyObject
 90
      499
 91
      503
 93
      225
310
90A3322203D2031272D302200000000000002100000000000000284000
  0
ACAD_PROXY_OBJECT
  5
57
102
{ACAD_REACTORS
330
47
102
}
330
47
100
AcDbProxyObject
 90
      499
 91
      503
 93
      225
310
90A3622203D2031272D302200000000000006100000000000000284000
  0
ACAD_PROXY_OBJECT
  5
58
102
{ACAD_REACTORS
330
47
102
}
330
47
100
AcDbProxyObject
 90
      499
 91
      503
 93
      249
310
90D31272D3022203D2031272D30220000000000000A100000000000000284000
  0
ACAD_PROXY_OBJECT
  5
2F
102
{ACAD_REACTORS
330
2A
102
}
330
2A
100
AcDbProxyObject
 90
      499
 91
      501
 93
      436
310
42CC9915DA5C99599C985B595049028333333333333E33F0000000000000F90107901411070040501600405405064090741402480A0340
1001
ACAD
1000
AcDbSavedByObjectVersion
1070
     0
  0
ACAD_PROXY_OBJECT
  5
32
102
{ACAD_REACTORS
330
2A
102
}
330
2A
100
AcDbProxyObject
 90
      499
 91
      501
 93
      388
310
4150985CDA58D07406404333333333333E33F0000000000000F90107A41107004050150841D405064090741402480A0350
1001
ACAD
1000
AcDbSavedByObjectVersion
1070
     0
  0
ACAD_PROXY_OBJECT
  5
36
102
{ACAD_REACTORS
330
2A
102
}
330
2A
100
AcDbProxyObject
 90
      499
 91
      501
 93
      428
310
42109C9A59DA1D195B90C409028333333333333E33F0000000000000F9010790141107004050150841D405064090741402480A029950
1001
ACAD
1000
AcDbSavedByObjectVersion
1070
     0
  0
ACAD_PROXY_OBJECT
  5
3A
102
{ACAD_REACTORS
330
2A
102
}
330
2A
100
AcDbProxyObject
 90
      499
 91
      501
 93
      452
310
42D0DBDB1BDC90DA185B99D95104090240C333333333333E33F0000000000000F90108901411070040501508421405064090741402480A0350
1001
ACAD
1000
AcDbSavedByObjectVersion
1070
     0
  0
ACAD_PROXY_OBJECT
  5
34
102
{ACAD_REACTORS
330
2A
102
}
330
2A
100
AcDbProxyObject
 90
      499
 91
      501
 93
      500
310
4290DBDB98D95C1D1D585B10940D028333333333333E33F0000000000000F90107902409070040501000000000018199010841D405064090740C02480A0340
1001
ACAD
1000
AcDbSavedByObjectVersion
1070
     0
  0
ACAD_PROXY_OBJECT
  5
35
102
{ACAD_REACTORS
330
2A
102
}
330
2A
100
AcDbProxyObject
 90
      499
 91
      501
 93
      412
310
40D11A5B50B409028333333333333E33F0000000000000F9010790141107004050150841D405064090741402480A02677FFFFFD0
1001
ACAD
1000
AcDbSavedByObjectVersion
1070
     0
  0
ACAD_PROXY_OBJECT
  5
3D
102
{ACAD_REACTORS
330
2A
102
}
330
2A
100
AcDbProxyObject
 90
      499
 91
      501
 93
      452
310
43115919D950DBDB1BDC93D999916409028333333333333E33F0000000000000F9010790141107004050150841D405064090741402480A0350
1001
ACAD
1000
AcDbSavedByObjectVersion
1070
     0
  0
ACAD_PROXY_OBJECT
  5
39
102
{ACAD_REACTORS
330
2A
102
}
330
2A
100
AcDbProxyObject
 90
      499
 91
      501
 93
      444
310
42D19858D95C185D1D195C9B90F409028333333333333E33F0000000000000F9010790141107004050150841D405064090741402480A0350
1001
ACAD
1000
AcDbSavedByObjectVersion
1070
     0
  0
ACAD_PROXY_OBJECT
  5
2B
102
{ACAD_REACTORS
330
2A
102
}
330
2A
100
AcDbProxyObject
 90
      499
 91
      501
 93
      380
310
41119B185D240901404333333333333E33F0000000000000F9010740A907004050150841D405064090741402480A1B50
1001
ACAD
1000
AcDbSavedByObjectVersion
1070
     0
  0
ACAD_PROXY_OBJECT
  5
2C
102
{ACAD_REACTORS
330
2A
102
}
330
2A
100
AcDbProxyObject
 90
      499
 91
      501
 93
      468
310
43519B185D15DA5D1A115919D95CD0140901404333333333333E33F0000000000000F90107409019070040501600405405064090741402480A1B50
1001
ACAD
1000
AcDbSavedByObjectVersion
1070
     0
  0
ACAD_PROXY_OBJECT
  5
2D
102
{ACAD_REACTORS
330
2A
102
}
330
2A
100
AcDbProxyObject
 90
      499
 91
      501
 93
      404
310
41D1DBDD5C985D5910240902404333333333333E33F0000000000000F9010740A9070040501641D405064090741402480A1B50
1001
ACAD
1000
AcDbSavedByObjectVersion
1070
     0
  0
ACAD_PROXY_OBJECT
  5
2E
102
{ACAD_REACTORS
330
2A
102
}
330
2A
100
AcDbProxyObject
 90
      499
 91
      501
 93
      492
310
4411DBDD5C985D5915DA5D1A115919D95CD0340902404333333333333E33F0000000000000F90107409019070040501600405405064090741402480A1B50
1001
ACAD
1000
AcDbSavedByObjectVersion
1070
     0
  0
ACAD_PROXY_OBJECT
  5
31
102
{ACAD_REACTORS
330
2A
102
}
330
2A
100
AcDbProxyObject
 90
      499
 91
      501
 93
      476
310
41921A5919195B90640502408333333333333E33F0000000000000F901079024090700405020000000000001110200405405064090740C02480A0340
1001
ACAD
1000
AcDbSavedByObjectVersion
1070
     0
  0
ACAD_PROXY_OBJECT
  5
3B
102
{ACAD_REACTORS
330
2A
102
}
330
2A
100
AcDbProxyObject
 90
      499
 91
      501
 93
      428
310
42529A5D1D195C93D999914409028333333333333E33F0000000000000F9010790141107004050150A41D405064090741402480A0350
1001
ACAD
1000
AcDbSavedByObjectVersion
1070
     0
  0
ACAD_PROXY_OBJECT
  5
38
102
{ACAD_REACTORS
330
2A
102
}
330
2A
100
AcDbProxyObject
 90
      499
 91
      501
 93
      444
310
42D31A5B995C185D1D195C9B90E409028333333333333E33F0000000000000F9010790141107004050750841D405064090741402483A0350
1001
ACAD
1000
AcDbSavedByObjectVersion
1070
     0
  0
ACAD_PROXY_OBJECT
  5
3C
102
{ACAD_REACTORS
330
2A
102
}
330
2A
100
AcDbProxyObject
 90
      499
 91
      501
 93
      444
310
42D3DD995C9A185B99D3D999915409028333333333333E33F0000000000000F9010790141107004050150941D405064090741402480A0350
1001
ACAD
1000
AcDbSavedByObjectVersion
1070
     0
  0
ACAD_PROXY_OBJECT
  5
33
102
{ACAD_REACTORS
330
2A
102
}
330
2A
100
AcDbProxyObject
 90
      499
 91
      501
 93
      428
310
425499585B1A5CDD1A58D08409038333333333333E33F0000000000000F9010740A907004050150800405405064090740C02480A1B40
1001
ACAD
1000
AcDbSavedByObjectVersion
1070
     0
  0
ACAD_PROXY_OBJECT
  5
42
102
{ACAD_REACTORS
330
2A
102
}
330
2A
100
AcDbProxyObject
 90
      499
 91
      501
 93
      420
310
4194DA1859195911B40902404333333333333E33F0000000000000F9010740A41107004050150800405405064090840C02480A0B40
1001
ACAD
1000
AcDbSavedByObjectVersion
1070
     0
  0
ACAD_PROXY_OBJECT
  5
41
102
{ACAD_REACTORS
330
2A
102
}
330
2A
100
AcDbProxyObject
 90
      499
 91
      501
 93
      516
310
4454DA18591959081DDA5D1A08195919D95CD1A40902404333333333333E33F0000000000000F901074090142907004050250800405405064090740C02480A0B40
1001
ACAD
1000
AcDbSavedByObjectVersion
1070
     0
  0
ACAD_PROXY_OBJECT
  5
3E
102
{ACAD_REACTORS
330
2A
102
}
330
2A
100
AcDbProxyObject
 90
      499
 91
      501
 93
      532
310
4394DA1859195CC81BD98811DC985E5174090240C333333333333E33F0000000000000F901079024090741D01000000000000111010841D405064090740C02480A0340
1001
ACAD
1000
AcDbSavedByObjectVersion
1070
     0
  0
ACAD_PROXY_OBJECT
  5
3F
102
{ACAD_REACTORS
330
2A
102
}
330
2A
100
AcDbProxyObject
 90
      499
 91
      501
 93
      476
310
41D4DAD95D18DA1E51840502408333333333333E33F0000000000000F901079024090741D01000000000000111010B41D405064090741802480A0340
1001
ACAD
1000
AcDbSavedByObjectVersion
1070
     0
  0
ACAD_PROXY_OBJECT
  5
37
102
{ACAD_REACTORS
330
2A
102
}
330
2A
100
AcDbProxyObject
 90
      499
 91
      501
 93
      412
310
41D51A1A58DAD95B90D409028333333333333E33F0000000000000F9010790141107004050150C41D405064090741402480A0350
1001
ACAD
1000
AcDbSavedByObjectVersion
1070
     0
  0
ACAD_PROXY_OBJECT
  5
30
102
{ACAD_REACTORS
330
2A
102
}
330
2A
100
AcDbProxyObject
 90
      499
 91
      501
 93
      420
310
4255DA5C99599C985B595059028333333333333E33F0000000000000F90107901411070040501600405405064090740C02480A0340
1001
ACAD
1000
AcDbSavedByObjectVersion
1070
     0
  0
ACAD_PROXY_OBJECT
  5
40
102
{ACAD_REACTORS
330
2A
102
}
330
2A
100
AcDbProxyObject
 90
      499
 91
      501
 93
      404
310
41560B54985E51940902404000000000000E03F0000000000000F9010740501907004050150841D405064090740C02480A1B40
1001
ACAD
1000
AcDbSavedByObjectVersion
1070
     0
  0
XRECORD
  5
D66
102
{ACAD_REACTORS
330
D5C
102
}
330
D5C
100
AcDbXrecord
340
0
  0
XRECORD
  5
D65
102
{ACAD_REACTORS
330
D5C
102
}
330
D5C
100
AcDbXrecord
 90
        0
  0
XRECORD
  5
D7C
102
{ACAD_REACTORS
330
D5C
102
}
330
D5C
100
AcDbXrecord
1000
DSTYLE
1002
{
1070
   276
 70
     1
1070
   277
 70
     4
1070
   340
340
11
1002
}
  0
XRECORD
  5
D67
102
{ACAD_REACTORS
330
D5C
102
}
330
D5C
100
AcDbXrecord
  1
{66b43163-7931-7478-3436-786161306163}
  0
XRECORD
  5
D5F
102
{ACAD_REACTORS
330
D5C
102
}
330
D5C
100
AcDbXrecord
  1

  0
XRECORD
  5
D64
102
{ACAD_REACTORS
330
D5C
102
}
330
D5C
100
AcDbXrecord
 90
        1
  0
XRECORD
  5
D61
102
{ACAD_REACTORS
330
D5C
102
}
330
D5C
100
AcDbXrecord
340
1A
  0
XRECORD
  5
D63
102
{ACAD_REACTORS
330
D5C
102
}
330
D5C
100
AcDbXrecord
 90
    10781
  0
XRECORD
  5
D62
102
{ACAD_REACTORS
330
D5C
102
}
330
D5C
100
AcDbXrecord
340
19
  0
XRECORD
  5
D69
102
{ACAD_REACTORS
330
D5C
102
}
330
D5C
100
AcDbXrecord
 40
0.0
  0
XRECORD
  5
D6C
102
{ACAD_REACTORS
330
D5C
102
}
330
D5C
100
AcDbXrecord
340
0
  0
XRECORD
  5
D72
102
{ACAD_REACTORS
330
D5C
102
}
330
D5C
100
AcDbXrecord
 10
0.0
 20
0.0
 30
0.0
  0
XRECORD
  5
D6E
102
{ACAD_REACTORS
330
D5C
102
}
330
D5C
100
AcDbXrecord
 10
0.0
 20
0.0
 30
0.0
  0
XRECORD
  5
D71
102
{ACAD_REACTORS
330
D5C
102
}
330
D5C
100
AcDbXrecord
 10
0.0
 20
0.0
 30
0.0
  0
XRECORD
  5
D6F
102
{ACAD_REACTORS
330
D5C
102
}
330
D5C
100
AcDbXrecord
 10
0.0
 20
0.0
 30
0.0
  0
XRECORD
  5
D70
102
{ACAD_REACTORS
330
D5C
102
}
330
D5C
100
AcDbXrecord
 10
0.0
 20
0.0
 30
0.0
  0
XRECORD
  5
D6D
102
{ACAD_REACTORS
330
D5C
102
}
330
D5C
100
AcDbXrecord
 10
0.0
 20
0.0
 30
0.0
  0
XRECORD
  5
D6A
102
{ACAD_REACTORS
330
D5C
102
}
330
D5C
100
AcDbXrecord
340
0
  0
XRECORD
  5
D6B
102
{ACAD_REACTORS
330
D5C
102
}
330
D5C
100
AcDbXrecord
 70
     0
  0
XRECORD
  5
D60
102
{ACAD_REACTORS
330
D5C
102
}
330
D5C
100
AcDbXrecord
  1

  0
XRECORD
  5
D5D
102
{ACAD_REACTORS
330
D5C
102
}
330
D5C
100
AcDbXrecord
 90
        1
  0
XRECORD
  5
D5E
102
{ACAD_REACTORS
330
D5C
102
}
330
D5C
100
AcDbXrecord
 90
       70
  0
XRECORD
  5
D75
102
{ACAD_REACTORS
330
D5C
102
}
330
D5C
100
AcDbXrecord
340
0
  0
XRECORD
  5
D7B
102
{ACAD_REACTORS
330
D5C
102
}
330
D5C
100
AcDbXrecord
 10
0.0
 20
0.0
 30
0.0
  0
XRECORD
  5
D77
102
{ACAD_REACTORS
330
D5C
102
}
330
D5C
100
AcDbXrecord
 10
0.0
 20
0.0
 30
0.0
  0
XRECORD
  5
D7A
102
{ACAD_REACTORS
330
D5C
102
}
330
D5C
100
AcDbXrecord
 10
0.0
 20
0.0
 30
0.0
  0
XRECORD
  5
D78
102
{ACAD_REACTORS
330
D5C
102
}
330
D5C
100
AcDbXrecord
 10
0.0
 20
0.0
 30
0.0
  0
XRECORD
  5
D79
102
{ACAD_REACTORS
330
D5C
102
}
330
D5C
100
AcDbXrecord
 10
0.0
 20
0.0
 30
0.0
  0
XRECORD
  5
D76
102
{ACAD_REACTORS
330
D5C
102
}
330
D5C
100
AcDbXrecord
 10
0.0
 20
0.0
 30
0.0
  0
XRECORD
  5
D73
102
{ACAD_REACTORS
330
D5C
102
}
330
D5C
100
AcDbXrecord
340
0
  0
XRECORD
  5
D74
102
{ACAD_REACTORS
330
D5C
102
}
330
D5C
100
AcDbXrecord
 70
     0
  0
XRECORD
  5
D68
102
{ACAD_REACTORS
330
D5C
102
}
330
D5C
100
AcDbXrecord
  1
{FAEB1C32-E019-11D5-929B-00C0DF256EC4}
  0
DICTIONARYVAR
  5
D87
102
{ACAD_REACTORS
330
D7D
102
}
330
D7D
100
DictionaryVariables
280
     0
  1
1:1
  0
DICTIONARYVAR
  5
D7F
102
{ACAD_REACTORS
330
D7D
102
}
330
D7D
100
DictionaryVariables
280
     0
  1
Standard
  0
DICTIONARYVAR
  5
D7E
102
{ACAD_REACTORS
330
D7D
102
}
330
D7D
100
DictionaryVariables
280
     0
  1
Standard
  0
DICTIONARYVAR
  5
D82
102
{ACAD_REACTORS
330
D7D
102
}
330
D7D
100
DictionaryVariables
280
     0
  1
2
  0
DICTIONARYVAR
  5
D83
102
{ACAD_REACTORS
330
D7D
102
}
330
D7D
100
DictionaryVariables
280
     0
  1
1
  0
DICTIONARYVAR
  5
D88
102
{ACAD_REACTORS
330
D7D
102
}
330
D7D
100
DictionaryVariables
280
     0
  1
1
  0
DICTIONARY
  5
D8B
330
45
100
AcDbDictionary
280
     1
  3
ACAD_XREC_ROUNDTRIP
360
D8C
  0
DICTIONARY
  5
D89
330
44
100
AcDbDictionary
280
     1
  3
ACAD_XREC_ROUNDTRIP
360
D8A
  0
DICTIONARY
  5
D8D
330
46
100
AcDbDictionary
280
     1
  3
ACAD_XREC_ROUNDTRIP
360
D8E
  0
XRECORD
  5
D8C
102
{ACAD_REACTORS
330
D8B
102
}
330
D8B
100
AcDbXrecord
102
MATERIAL
148
0.0
149
0.0
149
0.0
 93
        0
 94
      127
282
     0
 72
     1
 77
     1
171
     1
175
     1
179
     1
273
     0
  0
XRECORD
  5
D8A
102
{ACAD_REACTORS
330
D89
102
}
330
D89
100
AcDbXrecord
102
MATERIAL
148
0.0
149
0.0
149
0.0
 93
        0
 94
      127
282
     0
 72
     1
 77
     1
171
     1
175
     1
179
     1
273
     0
  0
XRECORD
  5
D8E
102
{ACAD_REACTORS
330
D8D
102
}
330
D8D
100
AcDbXrecord
102
MATERIAL
148
0.0
149
0.0
149
0.0
 93
        0
 94
      127
282
     0
 72
     1
 77
     1
171
     1
175
     1
179
     1
273
     0
  0
ENDSEC
  0
EOF
